,FOLDER,IN FILE,CLIP LENGTH,CHANNEL,OFFSET,DURATION,SAMPLE RATE,MANUAL ID,CONFIDENCE
0,./kaggletest/abhori1/,XC424819.ogg,69.09385487528344,0,0.0,5.0,44100,bird,1.0
1,./kaggletest/abhori1/,XC424819.ogg,69.09385487528344,0,5.0,5.0,44100,bird,1.0
2,./kaggletest/abhori1/,XC424819.ogg,69.09385487528344,0,10.0,5.0,44100,bird,1.0
3,./kaggletest/abhori1/,XC424819.ogg,69.09385487528344,0,15.0,5.0,44100,bird,1.0
4,./kaggletest/abhori1/,XC424819.ogg,69.09385487528344,0,20.0,5.0,44100,bird,1.0
5,./kaggletest/abhori1/,XC424819.ogg,69.09385487528344,0,25.0,5.0,44100,bird,1.0
6,./kaggletest/abhori1/,XC424819.ogg,69.09385487528344,0,30.0,5.0,44100,bird,1.0
7,./kaggletest/abhori1/,XC424819.ogg,69.09385487528344,0,35.0,5.0,44100,bird,1.0
8,./kaggletest/abhori1/,XC424819.ogg,69.09385487528344,0,40.0,5.0,44100,bird,1.0
9,./kaggletest/abhori1/,XC424819.ogg,69.09385487528344,0,45.0,5.0,44100,bird,1.0
10,./kaggletest/abhori1/,XC424819.ogg,69.09385487528344,0,50.0,5.0,44100,bird,1.0
11,./kaggletest/abhori1/,XC424819.ogg,69.09385487528344,0,55.0,5.0,44100,bird,1.0
12,./kaggletest/abhori1/,XC424819.ogg,69.09385487528344,0,60.0,5.0,44100,bird,1.0
13,./kaggletest/abhori1/,XC623062.ogg,45.24399092970521,0,0.0,5.0,44100,bird,1.0
14,./kaggletest/abhori1/,XC623062.ogg,45.24399092970521,0,5.0,5.0,44100,bird,1.0
15,./kaggletest/abhori1/,XC623062.ogg,45.24399092970521,0,10.0,5.0,44100,bird,1.0
16,./kaggletest/abhori1/,XC623062.ogg,45.24399092970521,0,15.0,5.0,44100,bird,1.0
17,./kaggletest/abhori1/,XC623062.ogg,45.24399092970521,0,20.0,5.0,44100,bird,1.0
18,./kaggletest/abhori1/,XC623062.ogg,45.24399092970521,0,25.0,5.0,44100,bird,1.0
19,./kaggletest/abhori1/,XC623062.ogg,45.24399092970521,0,30.0,5.0,44100,bird,1.0
20,./kaggletest/abhori1/,XC623062.ogg,45.24399092970521,0,35.0,5.0,44100,bird,1.0
21,./kaggletest/abhori1/,XC623062.ogg,45.24399092970521,0,40.0,5.0,44100,bird,1.0
22,./kaggletest/abhori1/,XC138433.ogg,24.973061224489797,0,0.0,5.0,44100,bird,1.0
23,./kaggletest/abhori1/,XC138433.ogg,24.973061224489797,0,5.0,5.0,44100,bird,1.0
24,./kaggletest/abhori1/,XC138433.ogg,24.973061224489797,0,10.0,5.0,44100,bird,1.0
25,./kaggletest/abhori1/,XC138433.ogg,24.973061224489797,0,15.0,5.0,44100,bird,1.0
26,./kaggletest/abhori1/,XC201222.ogg,38.68732426303855,0,0.0,5.0,44100,bird,1.0
27,./kaggletest/abhori1/,XC201222.ogg,38.68732426303855,0,5.0,5.0,44100,bird,1.0
28,./kaggletest/abhori1/,XC201222.ogg,38.68732426303855,0,10.0,5.0,44100,bird,1.0
29,./kaggletest/abhori1/,XC201222.ogg,38.68732426303855,0,15.0,5.0,44100,bird,1.0
30,./kaggletest/abhori1/,XC201222.ogg,38.68732426303855,0,20.0,5.0,44100,bird,1.0
31,./kaggletest/abhori1/,XC201222.ogg,38.68732426303855,0,25.0,5.0,44100,bird,1.0
32,./kaggletest/abhori1/,XC201222.ogg,38.68732426303855,0,30.0,5.0,44100,bird,1.0
33,./kaggletest/abhori1/,XC462078.ogg,12.016303854875284,0,0.0,5.0,44100,bird,1.0
34,./kaggletest/abhori1/,XC611614.ogg,161.07102040816326,0,0.0,5.0,44100,bird,1.0
35,./kaggletest/abhori1/,XC611614.ogg,161.07102040816326,0,5.0,5.0,44100,bird,1.0
36,./kaggletest/abhori1/,XC611614.ogg,161.07102040816326,0,10.0,5.0,44100,bird,1.0
37,./kaggletest/abhori1/,XC611614.ogg,161.07102040816326,0,15.0,5.0,44100,bird,1.0
38,./kaggletest/abhori1/,XC611614.ogg,161.07102040816326,0,20.0,5.0,44100,bird,1.0
39,./kaggletest/abhori1/,XC611614.ogg,161.07102040816326,0,25.0,5.0,44100,bird,1.0
40,./kaggletest/abhori1/,XC611614.ogg,161.07102040816326,0,30.0,5.0,44100,bird,1.0
41,./kaggletest/abhori1/,XC611614.ogg,161.07102040816326,0,35.0,5.0,44100,bird,1.0
42,./kaggletest/abhori1/,XC611614.ogg,161.07102040816326,0,40.0,5.0,44100,bird,1.0
43,./kaggletest/abhori1/,XC611614.ogg,161.07102040816326,0,45.0,5.0,44100,bird,1.0
44,./kaggletest/abhori1/,XC611614.ogg,161.07102040816326,0,50.0,5.0,44100,bird,1.0
45,./kaggletest/abhori1/,XC611614.ogg,161.07102040816326,0,55.0,5.0,44100,bird,1.0
46,./kaggletest/abhori1/,XC611614.ogg,161.07102040816326,0,60.0,5.0,44100,bird,1.0
47,./kaggletest/abhori1/,XC611614.ogg,161.07102040816326,0,65.0,5.0,44100,bird,1.0
48,./kaggletest/abhori1/,XC611614.ogg,161.07102040816326,0,70.0,5.0,44100,bird,1.0
49,./kaggletest/abhori1/,XC611614.ogg,161.07102040816326,0,75.0,5.0,44100,bird,1.0
50,./kaggletest/abhori1/,XC611614.ogg,161.07102040816326,0,80.0,5.0,44100,bird,1.0
51,./kaggletest/abhori1/,XC611614.ogg,161.07102040816326,0,85.0,5.0,44100,bird,1.0
52,./kaggletest/abhori1/,XC611614.ogg,161.07102040816326,0,90.0,5.0,44100,bird,1.0
53,./kaggletest/abhori1/,XC611614.ogg,161.07102040816326,0,95.0,5.0,44100,bird,1.0
54,./kaggletest/abhori1/,XC611614.ogg,161.07102040816326,0,100.0,5.0,44100,bird,1.0
55,./kaggletest/abhori1/,XC611614.ogg,161.07102040816326,0,105.0,5.0,44100,bird,1.0
56,./kaggletest/abhori1/,XC611614.ogg,161.07102040816326,0,110.0,5.0,44100,bird,1.0
57,./kaggletest/abhori1/,XC611614.ogg,161.07102040816326,0,115.0,5.0,44100,bird,1.0
58,./kaggletest/abhori1/,XC611614.ogg,161.07102040816326,0,120.0,5.0,44100,bird,1.0
59,./kaggletest/abhori1/,XC611614.ogg,161.07102040816326,0,125.0,5.0,44100,bird,1.0
60,./kaggletest/abhori1/,XC611614.ogg,161.07102040816326,0,130.0,5.0,44100,bird,1.0
61,./kaggletest/abhori1/,XC611614.ogg,161.07102040816326,0,135.0,5.0,44100,bird,1.0
62,./kaggletest/abhori1/,XC611614.ogg,161.07102040816326,0,140.0,5.0,44100,bird,1.0
63,./kaggletest/abhori1/,XC611614.ogg,161.07102040816326,0,145.0,5.0,44100,bird,1.0
64,./kaggletest/abhori1/,XC611614.ogg,161.07102040816326,0,150.0,5.0,44100,bird,1.0
65,./kaggletest/abhori1/,XC611614.ogg,161.07102040816326,0,155.0,5.0,44100,bird,1.0
66,./kaggletest/abhori1/,XC132733.ogg,23.092244897959183,0,0.0,5.0,44100,bird,1.0
67,./kaggletest/abhori1/,XC132733.ogg,23.092244897959183,0,5.0,5.0,44100,bird,1.0
68,./kaggletest/abhori1/,XC132733.ogg,23.092244897959183,0,10.0,5.0,44100,bird,1.0
69,./kaggletest/abhori1/,XC132733.ogg,23.092244897959183,0,15.0,5.0,44100,bird,1.0
70,./kaggletest/abhori1/,XC442426.ogg,13.348548752834468,0,0.0,5.0,44100,bird,1.0
71,./kaggletest/abhori1/,XC442426.ogg,13.348548752834468,0,5.0,5.0,44100,bird,1.0
72,./kaggletest/abhori1/,XC206017.ogg,37.773061224489794,0,0.0,5.0,44100,bird,1.0
73,./kaggletest/abhori1/,XC206017.ogg,37.773061224489794,0,5.0,5.0,44100,bird,1.0
74,./kaggletest/abhori1/,XC206017.ogg,37.773061224489794,0,10.0,5.0,44100,bird,1.0
75,./kaggletest/abhori1/,XC206017.ogg,37.773061224489794,0,15.0,5.0,44100,bird,1.0
76,./kaggletest/abhori1/,XC206017.ogg,37.773061224489794,0,20.0,5.0,44100,bird,1.0
77,./kaggletest/abhori1/,XC206017.ogg,37.773061224489794,0,25.0,5.0,44100,bird,1.0
78,./kaggletest/abhori1/,XC206017.ogg,37.773061224489794,0,30.0,5.0,44100,bird,1.0
79,./kaggletest/abhori1/,XC444137.ogg,28.73467120181406,0,0.0,5.0,44100,bird,1.0
80,./kaggletest/abhori1/,XC444137.ogg,28.73467120181406,0,5.0,5.0,44100,bird,1.0
81,./kaggletest/abhori1/,XC444137.ogg,28.73467120181406,0,10.0,5.0,44100,bird,1.0
82,./kaggletest/abhori1/,XC444137.ogg,28.73467120181406,0,15.0,5.0,44100,bird,1.0
83,./kaggletest/abhori1/,XC444137.ogg,28.73467120181406,0,20.0,5.0,44100,bird,1.0
84,./kaggletest/abhori1/,XC409989.ogg,38.03399092970522,0,0.0,5.0,44100,bird,1.0
85,./kaggletest/abhori1/,XC409989.ogg,38.03399092970522,0,5.0,5.0,44100,bird,1.0
86,./kaggletest/abhori1/,XC409989.ogg,38.03399092970522,0,10.0,5.0,44100,bird,1.0
87,./kaggletest/abhori1/,XC409989.ogg,38.03399092970522,0,15.0,5.0,44100,bird,1.0
88,./kaggletest/abhori1/,XC409989.ogg,38.03399092970522,0,20.0,5.0,44100,bird,1.0
89,./kaggletest/abhori1/,XC409989.ogg,38.03399092970522,0,25.0,5.0,44100,bird,1.0
90,./kaggletest/abhori1/,XC409989.ogg,38.03399092970522,0,30.0,5.0,44100,bird,1.0
91,./kaggletest/abhori1/,XC412167.ogg,44.46,0,0.0,5.0,44100,bird,1.0
92,./kaggletest/abhori1/,XC412167.ogg,44.46,0,5.0,5.0,44100,bird,1.0
93,./kaggletest/abhori1/,XC412167.ogg,44.46,0,10.0,5.0,44100,bird,1.0
94,./kaggletest/abhori1/,XC412167.ogg,44.46,0,15.0,5.0,44100,bird,1.0
95,./kaggletest/abhori1/,XC412167.ogg,44.46,0,20.0,5.0,44100,bird,1.0
96,./kaggletest/abhori1/,XC412167.ogg,44.46,0,25.0,5.0,44100,bird,1.0
97,./kaggletest/abhori1/,XC412167.ogg,44.46,0,30.0,5.0,44100,bird,1.0
98,./kaggletest/abhori1/,XC412167.ogg,44.46,0,35.0,5.0,44100,bird,1.0
99,./kaggletest/abhori1/,XC127317.ogg,44.24399092970521,0,0.0,5.0,44100,bird,1.0
100,./kaggletest/abhori1/,XC127317.ogg,44.24399092970521,0,10.0,5.0,44100,bird,1.0
101,./kaggletest/abhori1/,XC127317.ogg,44.24399092970521,0,20.0,5.0,44100,bird,1.0
102,./kaggletest/abhori1/,XC127317.ogg,44.24399092970521,0,25.0,5.0,44100,bird,1.0
103,./kaggletest/abhori1/,XC356234.ogg,60.02936507936508,0,0.0,5.0,44100,bird,1.0
104,./kaggletest/abhori1/,XC356234.ogg,60.02936507936508,0,5.0,5.0,44100,bird,1.0
105,./kaggletest/abhori1/,XC356234.ogg,60.02936507936508,0,10.0,5.0,44100,bird,1.0
106,./kaggletest/abhori1/,XC356234.ogg,60.02936507936508,0,15.0,5.0,44100,bird,1.0
107,./kaggletest/abhori1/,XC356234.ogg,60.02936507936508,0,20.0,5.0,44100,bird,1.0
108,./kaggletest/abhori1/,XC356234.ogg,60.02936507936508,0,25.0,5.0,44100,bird,1.0
109,./kaggletest/abhori1/,XC356234.ogg,60.02936507936508,0,30.0,5.0,44100,bird,1.0
110,./kaggletest/abhori1/,XC356234.ogg,60.02936507936508,0,35.0,5.0,44100,bird,1.0
111,./kaggletest/abhori1/,XC356234.ogg,60.02936507936508,0,40.0,5.0,44100,bird,1.0
112,./kaggletest/abhori1/,XC356234.ogg,60.02936507936508,0,45.0,5.0,44100,bird,1.0
113,./kaggletest/abhori1/,XC356234.ogg,60.02936507936508,0,50.0,5.0,44100,bird,1.0
114,./kaggletest/abhori1/,XC356234.ogg,60.02936507936508,0,55.0,5.0,44100,bird,1.0
115,./kaggletest/abhori1/,XC153690.ogg,57.417142857142856,0,0.0,5.0,44100,bird,1.0
116,./kaggletest/abhori1/,XC153690.ogg,57.417142857142856,0,5.0,5.0,44100,bird,1.0
117,./kaggletest/abhori1/,XC153690.ogg,57.417142857142856,0,10.0,5.0,44100,bird,1.0
118,./kaggletest/abhori1/,XC153690.ogg,57.417142857142856,0,15.0,5.0,44100,bird,1.0
119,./kaggletest/abhori1/,XC153690.ogg,57.417142857142856,0,20.0,5.0,44100,bird,1.0
120,./kaggletest/abhori1/,XC153690.ogg,57.417142857142856,0,25.0,5.0,44100,bird,1.0
121,./kaggletest/abhori1/,XC153690.ogg,57.417142857142856,0,30.0,5.0,44100,bird,1.0
122,./kaggletest/abhori1/,XC153690.ogg,57.417142857142856,0,35.0,5.0,44100,bird,1.0
123,./kaggletest/abhori1/,XC153690.ogg,57.417142857142856,0,40.0,5.0,44100,bird,1.0
124,./kaggletest/abhori1/,XC153690.ogg,57.417142857142856,0,45.0,5.0,44100,bird,1.0
125,./kaggletest/abhori1/,XC153690.ogg,57.417142857142856,0,50.0,5.0,44100,bird,1.0
126,./kaggletest/abhori1/,XC323330.ogg,67.89598639455782,0,0.0,5.0,44100,bird,1.0
127,./kaggletest/abhori1/,XC323330.ogg,67.89598639455782,0,5.0,5.0,44100,bird,1.0
128,./kaggletest/abhori1/,XC323330.ogg,67.89598639455782,0,20.0,5.0,44100,bird,1.0
129,./kaggletest/abhori1/,XC323330.ogg,67.89598639455782,0,25.0,5.0,44100,bird,1.0
130,./kaggletest/abhori1/,XC323330.ogg,67.89598639455782,0,35.0,5.0,44100,bird,1.0
131,./kaggletest/abhori1/,XC323330.ogg,67.89598639455782,0,50.0,5.0,44100,bird,1.0
132,./kaggletest/abhori1/,XC323330.ogg,67.89598639455782,0,60.0,5.0,44100,bird,1.0
133,./kaggletest/abhori1/,XC294766.ogg,45.322426303854876,0,0.0,5.0,44100,bird,1.0
134,./kaggletest/abhori1/,XC294766.ogg,45.322426303854876,0,5.0,5.0,44100,bird,1.0
135,./kaggletest/abhori1/,XC294766.ogg,45.322426303854876,0,15.0,5.0,44100,bird,1.0
136,./kaggletest/abhori1/,XC294766.ogg,45.322426303854876,0,20.0,5.0,44100,bird,1.0
137,./kaggletest/abhori1/,XC294766.ogg,45.322426303854876,0,25.0,5.0,44100,bird,1.0
138,./kaggletest/abhori1/,XC294766.ogg,45.322426303854876,0,30.0,5.0,44100,bird,1.0
139,./kaggletest/abhori1/,XC294766.ogg,45.322426303854876,0,35.0,5.0,44100,bird,1.0
140,./kaggletest/abhori1/,XC294766.ogg,45.322426303854876,0,40.0,5.0,44100,bird,1.0
141,./kaggletest/abhori1/,XC153687.ogg,35.474263038548756,0,0.0,5.0,44100,bird,1.0
142,./kaggletest/abhori1/,XC153687.ogg,35.474263038548756,0,5.0,5.0,44100,bird,1.0
143,./kaggletest/abhori1/,XC153687.ogg,35.474263038548756,0,10.0,5.0,44100,bird,1.0
144,./kaggletest/abhori1/,XC153687.ogg,35.474263038548756,0,15.0,5.0,44100,bird,1.0
145,./kaggletest/abhori1/,XC153687.ogg,35.474263038548756,0,20.0,5.0,44100,bird,1.0
146,./kaggletest/abhori1/,XC153687.ogg,35.474263038548756,0,25.0,5.0,44100,bird,1.0
147,./kaggletest/abhori1/,XC153687.ogg,35.474263038548756,0,30.0,5.0,44100,bird,1.0
148,./kaggletest/abhori1/,XC540578.ogg,35.97598639455782,0,0.0,5.0,44100,bird,1.0
149,./kaggletest/abhori1/,XC540578.ogg,35.97598639455782,0,5.0,5.0,44100,bird,1.0
150,./kaggletest/abhori1/,XC540578.ogg,35.97598639455782,0,10.0,5.0,44100,bird,1.0
151,./kaggletest/abhori1/,XC540578.ogg,35.97598639455782,0,15.0,5.0,44100,bird,1.0
152,./kaggletest/abhori1/,XC540578.ogg,35.97598639455782,0,20.0,5.0,44100,bird,1.0
153,./kaggletest/abhori1/,XC540578.ogg,35.97598639455782,0,25.0,5.0,44100,bird,1.0
154,./kaggletest/abhori1/,XC540578.ogg,35.97598639455782,0,30.0,5.0,44100,bird,1.0
155,./kaggletest/abhori1/,XC120251.ogg,65.93306122448979,0,0.0,5.0,44100,bird,1.0
156,./kaggletest/abhori1/,XC120251.ogg,65.93306122448979,0,5.0,5.0,44100,bird,1.0
157,./kaggletest/abhori1/,XC120251.ogg,65.93306122448979,0,10.0,5.0,44100,bird,1.0
158,./kaggletest/abhori1/,XC120251.ogg,65.93306122448979,0,15.0,5.0,44100,bird,1.0
159,./kaggletest/abhori1/,XC120251.ogg,65.93306122448979,0,20.0,5.0,44100,bird,1.0
160,./kaggletest/abhori1/,XC120251.ogg,65.93306122448979,0,25.0,5.0,44100,bird,1.0
161,./kaggletest/abhori1/,XC120251.ogg,65.93306122448979,0,30.0,5.0,44100,bird,1.0
162,./kaggletest/abhori1/,XC120251.ogg,65.93306122448979,0,35.0,5.0,44100,bird,1.0
163,./kaggletest/abhori1/,XC120251.ogg,65.93306122448979,0,40.0,5.0,44100,bird,1.0
164,./kaggletest/abhori1/,XC120251.ogg,65.93306122448979,0,45.0,5.0,44100,bird,1.0
165,./kaggletest/abhori1/,XC120251.ogg,65.93306122448979,0,50.0,5.0,44100,bird,1.0
166,./kaggletest/abhori1/,XC120251.ogg,65.93306122448979,0,55.0,5.0,44100,bird,1.0
167,./kaggletest/abhori1/,XC120251.ogg,65.93306122448979,0,60.0,5.0,44100,bird,1.0
168,./kaggletest/abhori1/,XC120250.ogg,38.00814058956916,0,0.0,5.0,44100,bird,1.0
169,./kaggletest/abhori1/,XC120250.ogg,38.00814058956916,0,5.0,5.0,44100,bird,1.0
170,./kaggletest/abhori1/,XC120250.ogg,38.00814058956916,0,15.0,5.0,44100,bird,1.0
171,./kaggletest/abhori1/,XC452592.ogg,27.335986394557825,0,0.0,5.0,44100,bird,1.0
172,./kaggletest/abhori1/,XC452592.ogg,27.335986394557825,0,5.0,5.0,44100,bird,1.0
173,./kaggletest/abhori1/,XC452592.ogg,27.335986394557825,0,10.0,5.0,44100,bird,1.0
174,./kaggletest/abhori1/,XC452592.ogg,27.335986394557825,0,15.0,5.0,44100,bird,1.0
175,./kaggletest/abhori1/,XC186252.ogg,61.08,0,0.0,5.0,44100,bird,1.0
176,./kaggletest/abhori1/,XC186252.ogg,61.08,0,5.0,5.0,44100,bird,1.0
177,./kaggletest/abhori1/,XC186252.ogg,61.08,0,10.0,5.0,44100,bird,1.0
178,./kaggletest/abhori1/,XC186252.ogg,61.08,0,15.0,5.0,44100,bird,1.0
179,./kaggletest/abhori1/,XC186252.ogg,61.08,0,20.0,5.0,44100,bird,1.0
180,./kaggletest/abhori1/,XC186252.ogg,61.08,0,25.0,5.0,44100,bird,1.0
181,./kaggletest/abhori1/,XC186252.ogg,61.08,0,30.0,5.0,44100,bird,1.0
182,./kaggletest/abhori1/,XC186252.ogg,61.08,0,35.0,5.0,44100,bird,1.0
183,./kaggletest/abhori1/,XC186252.ogg,61.08,0,40.0,5.0,44100,bird,1.0
184,./kaggletest/abhori1/,XC186252.ogg,61.08,0,45.0,5.0,44100,bird,1.0
185,./kaggletest/abhori1/,XC186252.ogg,61.08,0,50.0,5.0,44100,bird,1.0
186,./kaggletest/abhori1/,XC186252.ogg,61.08,0,55.0,5.0,44100,bird,1.0
187,./kaggletest/abhori1/,XC399447.ogg,122.69714285714285,0,0.0,5.0,44100,bird,1.0
188,./kaggletest/abhori1/,XC399447.ogg,122.69714285714285,0,5.0,5.0,44100,bird,1.0
189,./kaggletest/abhori1/,XC399447.ogg,122.69714285714285,0,10.0,5.0,44100,bird,1.0
190,./kaggletest/abhori1/,XC399447.ogg,122.69714285714285,0,15.0,5.0,44100,bird,1.0
191,./kaggletest/abhori1/,XC399447.ogg,122.69714285714285,0,20.0,5.0,44100,bird,1.0
192,./kaggletest/abhori1/,XC399447.ogg,122.69714285714285,0,25.0,5.0,44100,bird,1.0
193,./kaggletest/abhori1/,XC399447.ogg,122.69714285714285,0,30.0,5.0,44100,bird,1.0
194,./kaggletest/abhori1/,XC399447.ogg,122.69714285714285,0,35.0,5.0,44100,bird,1.0
195,./kaggletest/abhori1/,XC399447.ogg,122.69714285714285,0,40.0,5.0,44100,bird,1.0
196,./kaggletest/abhori1/,XC399447.ogg,122.69714285714285,0,45.0,5.0,44100,bird,1.0
197,./kaggletest/abhori1/,XC399447.ogg,122.69714285714285,0,50.0,5.0,44100,bird,1.0
198,./kaggletest/abhori1/,XC399447.ogg,122.69714285714285,0,55.0,5.0,44100,bird,1.0
199,./kaggletest/abhori1/,XC399447.ogg,122.69714285714285,0,60.0,5.0,44100,bird,1.0
200,./kaggletest/abhori1/,XC399447.ogg,122.69714285714285,0,65.0,5.0,44100,bird,1.0
201,./kaggletest/abhori1/,XC399447.ogg,122.69714285714285,0,70.0,5.0,44100,bird,1.0
202,./kaggletest/abhori1/,XC399447.ogg,122.69714285714285,0,75.0,5.0,44100,bird,1.0
203,./kaggletest/abhori1/,XC399447.ogg,122.69714285714285,0,80.0,5.0,44100,bird,1.0
204,./kaggletest/abhori1/,XC399447.ogg,122.69714285714285,0,85.0,5.0,44100,bird,1.0
205,./kaggletest/abhori1/,XC399447.ogg,122.69714285714285,0,90.0,5.0,44100,bird,1.0
206,./kaggletest/abhori1/,XC399447.ogg,122.69714285714285,0,95.0,5.0,44100,bird,1.0
207,./kaggletest/abhori1/,XC399447.ogg,122.69714285714285,0,100.0,5.0,44100,bird,1.0
208,./kaggletest/abhori1/,XC399447.ogg,122.69714285714285,0,105.0,5.0,44100,bird,1.0
209,./kaggletest/abhori1/,XC399447.ogg,122.69714285714285,0,110.0,5.0,44100,bird,1.0
210,./kaggletest/abhori1/,XC399447.ogg,122.69714285714285,0,115.0,5.0,44100,bird,1.0
211,./kaggletest/abhori1/,XC247348.ogg,34.82120181405896,0,0.0,5.0,44100,bird,1.0
212,./kaggletest/abhori1/,XC247348.ogg,34.82120181405896,0,10.0,5.0,44100,bird,1.0
213,./kaggletest/abhori1/,XC247348.ogg,34.82120181405896,0,15.0,5.0,44100,bird,1.0
214,./kaggletest/abhori1/,XC247348.ogg,34.82120181405896,0,20.0,5.0,44100,bird,1.0
215,./kaggletest/abhori1/,XC247348.ogg,34.82120181405896,0,25.0,5.0,44100,bird,1.0
216,./kaggletest/abhori1/,XC634810.ogg,53.25598639455782,0,0.0,5.0,44100,bird,1.0
217,./kaggletest/abhori1/,XC634810.ogg,53.25598639455782,0,5.0,5.0,44100,bird,1.0
218,./kaggletest/abhori1/,XC634810.ogg,53.25598639455782,0,10.0,5.0,44100,bird,1.0
219,./kaggletest/abhori1/,XC634810.ogg,53.25598639455782,0,15.0,5.0,44100,bird,1.0
220,./kaggletest/abhori1/,XC634810.ogg,53.25598639455782,0,20.0,5.0,44100,bird,1.0
221,./kaggletest/abhori1/,XC634810.ogg,53.25598639455782,0,25.0,5.0,44100,bird,1.0
222,./kaggletest/abhori1/,XC634810.ogg,53.25598639455782,0,30.0,5.0,44100,bird,1.0
223,./kaggletest/abhori1/,XC634810.ogg,53.25598639455782,0,40.0,5.0,44100,bird,1.0
224,./kaggletest/abhori1/,XC634810.ogg,53.25598639455782,0,45.0,5.0,44100,bird,1.0
225,./kaggletest/abhori1/,XC268630.ogg,32.68798185941043,0,0.0,5.0,44100,bird,1.0
226,./kaggletest/abhori1/,XC268630.ogg,32.68798185941043,0,5.0,5.0,44100,bird,1.0
227,./kaggletest/abhori1/,XC268630.ogg,32.68798185941043,0,10.0,5.0,44100,bird,1.0
228,./kaggletest/abhori1/,XC268630.ogg,32.68798185941043,0,15.0,5.0,44100,bird,1.0
229,./kaggletest/abhori1/,XC268630.ogg,32.68798185941043,0,20.0,5.0,44100,bird,1.0
230,./kaggletest/abhori1/,XC268630.ogg,32.68798185941043,0,25.0,5.0,44100,bird,1.0
231,./kaggletest/abhori1/,XC728785.ogg,24.868548752834467,0,0.0,5.0,44100,bird,1.0
232,./kaggletest/abhori1/,XC728785.ogg,24.868548752834467,0,5.0,5.0,44100,bird,1.0
233,./kaggletest/abhori1/,XC728785.ogg,24.868548752834467,0,10.0,5.0,44100,bird,1.0
234,./kaggletest/abhori1/,XC728785.ogg,24.868548752834467,0,15.0,5.0,44100,bird,1.0
235,./kaggletest/abhori1/,XC536488.ogg,24.555079365079365,0,0.0,5.0,44100,bird,1.0
236,./kaggletest/abhori1/,XC536488.ogg,24.555079365079365,0,5.0,5.0,44100,bird,1.0
237,./kaggletest/abhori1/,XC536488.ogg,24.555079365079365,0,10.0,5.0,44100,bird,1.0
238,./kaggletest/abhori1/,XC536488.ogg,24.555079365079365,0,15.0,5.0,44100,bird,1.0
239,./kaggletest/abhori1/,XC377499.ogg,18.80814058956916,0,0.0,5.0,44100,bird,1.0
240,./kaggletest/abhori1/,XC377499.ogg,18.80814058956916,0,5.0,5.0,44100,bird,1.0
241,./kaggletest/abhori1/,XC377499.ogg,18.80814058956916,0,10.0,5.0,44100,bird,1.0
242,./kaggletest/abhori1/,XC205393.ogg,27.29795918367347,0,0.0,5.0,44100,bird,1.0
243,./kaggletest/abhori1/,XC205393.ogg,27.29795918367347,0,5.0,5.0,44100,bird,1.0
244,./kaggletest/abhori1/,XC205393.ogg,27.29795918367347,0,10.0,5.0,44100,bird,1.0
245,./kaggletest/abhori1/,XC205393.ogg,27.29795918367347,0,15.0,5.0,44100,bird,1.0
246,./kaggletest/abhori1/,XC205393.ogg,27.29795918367347,0,20.0,5.0,44100,bird,1.0
247,./kaggletest/abhori1/,XC354453.ogg,39.94120181405896,0,0.0,5.0,44100,bird,1.0
248,./kaggletest/abhori1/,XC354453.ogg,39.94120181405896,0,5.0,5.0,44100,bird,1.0
249,./kaggletest/abhori1/,XC354453.ogg,39.94120181405896,0,10.0,5.0,44100,bird,1.0
250,./kaggletest/abhori1/,XC354453.ogg,39.94120181405896,0,15.0,5.0,44100,bird,1.0
251,./kaggletest/abhori1/,XC354453.ogg,39.94120181405896,0,20.0,5.0,44100,bird,1.0
252,./kaggletest/abhori1/,XC354453.ogg,39.94120181405896,0,25.0,5.0,44100,bird,1.0
253,./kaggletest/abhori1/,XC354453.ogg,39.94120181405896,0,30.0,5.0,44100,bird,1.0
254,./kaggletest/abhori1/,XC641917.ogg,139.3109977324263,0,0.0,5.0,44100,bird,1.0
255,./kaggletest/abhori1/,XC641917.ogg,139.3109977324263,0,5.0,5.0,44100,bird,1.0
256,./kaggletest/abhori1/,XC641917.ogg,139.3109977324263,0,10.0,5.0,44100,bird,1.0
257,./kaggletest/abhori1/,XC641917.ogg,139.3109977324263,0,15.0,5.0,44100,bird,1.0
258,./kaggletest/abhori1/,XC641917.ogg,139.3109977324263,0,20.0,5.0,44100,bird,1.0
259,./kaggletest/abhori1/,XC641917.ogg,139.3109977324263,0,25.0,5.0,44100,bird,1.0
260,./kaggletest/abhori1/,XC641917.ogg,139.3109977324263,0,30.0,5.0,44100,bird,1.0
261,./kaggletest/abhori1/,XC641917.ogg,139.3109977324263,0,35.0,5.0,44100,bird,1.0
262,./kaggletest/abhori1/,XC641917.ogg,139.3109977324263,0,40.0,5.0,44100,bird,1.0
263,./kaggletest/abhori1/,XC641917.ogg,139.3109977324263,0,45.0,5.0,44100,bird,1.0
264,./kaggletest/abhori1/,XC641917.ogg,139.3109977324263,0,50.0,5.0,44100,bird,1.0
265,./kaggletest/abhori1/,XC641917.ogg,139.3109977324263,0,55.0,5.0,44100,bird,1.0
266,./kaggletest/abhori1/,XC641917.ogg,139.3109977324263,0,60.0,5.0,44100,bird,1.0
267,./kaggletest/abhori1/,XC641917.ogg,139.3109977324263,0,65.0,5.0,44100,bird,1.0
268,./kaggletest/abhori1/,XC641917.ogg,139.3109977324263,0,70.0,5.0,44100,bird,1.0
269,./kaggletest/abhori1/,XC641917.ogg,139.3109977324263,0,75.0,5.0,44100,bird,1.0
270,./kaggletest/abhori1/,XC641917.ogg,139.3109977324263,0,80.0,5.0,44100,bird,1.0
271,./kaggletest/abhori1/,XC641917.ogg,139.3109977324263,0,85.0,5.0,44100,bird,1.0
272,./kaggletest/abhori1/,XC641917.ogg,139.3109977324263,0,90.0,5.0,44100,bird,1.0
273,./kaggletest/abhori1/,XC641917.ogg,139.3109977324263,0,95.0,5.0,44100,bird,1.0
274,./kaggletest/abhori1/,XC641917.ogg,139.3109977324263,0,100.0,5.0,44100,bird,1.0
275,./kaggletest/abhori1/,XC641917.ogg,139.3109977324263,0,105.0,5.0,44100,bird,1.0
276,./kaggletest/abhori1/,XC641917.ogg,139.3109977324263,0,110.0,5.0,44100,bird,1.0
277,./kaggletest/abhori1/,XC641917.ogg,139.3109977324263,0,115.0,5.0,44100,bird,1.0
278,./kaggletest/abhori1/,XC641917.ogg,139.3109977324263,0,120.0,5.0,44100,bird,1.0
279,./kaggletest/abhori1/,XC641917.ogg,139.3109977324263,0,125.0,5.0,44100,bird,1.0
280,./kaggletest/abhori1/,XC641917.ogg,139.3109977324263,0,130.0,5.0,44100,bird,1.0
281,./kaggletest/abhori1/,XC240626.ogg,36.57142857142857,0,0.0,5.0,44100,bird,1.0
282,./kaggletest/abhori1/,XC240626.ogg,36.57142857142857,0,5.0,5.0,44100,bird,1.0
283,./kaggletest/abhori1/,XC240626.ogg,36.57142857142857,0,10.0,5.0,44100,bird,1.0
284,./kaggletest/abhori1/,XC240626.ogg,36.57142857142857,0,15.0,5.0,44100,bird,1.0
285,./kaggletest/abhori1/,XC240626.ogg,36.57142857142857,0,20.0,5.0,44100,bird,1.0
286,./kaggletest/abhori1/,XC240626.ogg,36.57142857142857,0,25.0,5.0,44100,bird,1.0
287,./kaggletest/abhori1/,XC240626.ogg,36.57142857142857,0,30.0,5.0,44100,bird,1.0
288,./kaggletest/abhori1/,XC410289.ogg,30.72,0,0.0,5.0,44100,bird,1.0
289,./kaggletest/abhori1/,XC410289.ogg,30.72,0,5.0,5.0,44100,bird,1.0
290,./kaggletest/abhori1/,XC410289.ogg,30.72,0,10.0,5.0,44100,bird,1.0
291,./kaggletest/abhori1/,XC410289.ogg,30.72,0,15.0,5.0,44100,bird,1.0
292,./kaggletest/abhori1/,XC410289.ogg,30.72,0,20.0,5.0,44100,bird,1.0
293,./kaggletest/abhori1/,XC410289.ogg,30.72,0,25.0,5.0,44100,bird,1.0
294,./kaggletest/abhori1/,XC728792.ogg,91.55918367346939,0,0.0,5.0,44100,bird,1.0
295,./kaggletest/abhori1/,XC728792.ogg,91.55918367346939,0,5.0,5.0,44100,bird,1.0
296,./kaggletest/abhori1/,XC728792.ogg,91.55918367346939,0,10.0,5.0,44100,bird,1.0
297,./kaggletest/abhori1/,XC728792.ogg,91.55918367346939,0,15.0,5.0,44100,bird,1.0
298,./kaggletest/abhori1/,XC728792.ogg,91.55918367346939,0,20.0,5.0,44100,bird,1.0
299,./kaggletest/abhori1/,XC728792.ogg,91.55918367346939,0,25.0,5.0,44100,bird,1.0
300,./kaggletest/abhori1/,XC728792.ogg,91.55918367346939,0,30.0,5.0,44100,bird,1.0
301,./kaggletest/abhori1/,XC728792.ogg,91.55918367346939,0,35.0,5.0,44100,bird,1.0
302,./kaggletest/abhori1/,XC728792.ogg,91.55918367346939,0,40.0,5.0,44100,bird,1.0
303,./kaggletest/abhori1/,XC728792.ogg,91.55918367346939,0,45.0,5.0,44100,bird,1.0
304,./kaggletest/abhori1/,XC728792.ogg,91.55918367346939,0,50.0,5.0,44100,bird,1.0
305,./kaggletest/abhori1/,XC728792.ogg,91.55918367346939,0,55.0,5.0,44100,bird,1.0
306,./kaggletest/abhori1/,XC728792.ogg,91.55918367346939,0,60.0,5.0,44100,bird,1.0
307,./kaggletest/abhori1/,XC728792.ogg,91.55918367346939,0,65.0,5.0,44100,bird,1.0
308,./kaggletest/abhori1/,XC728792.ogg,91.55918367346939,0,70.0,5.0,44100,bird,1.0
309,./kaggletest/abhori1/,XC728792.ogg,91.55918367346939,0,75.0,5.0,44100,bird,1.0
310,./kaggletest/abhori1/,XC728792.ogg,91.55918367346939,0,80.0,5.0,44100,bird,1.0
311,./kaggletest/abhori1/,XC728792.ogg,91.55918367346939,0,85.0,5.0,44100,bird,1.0
312,./kaggletest/abhori1/,XC348440.ogg,10.475079365079365,0,0.0,5.0,44100,bird,1.0
313,./kaggletest/abhori1/,XC348440.ogg,10.475079365079365,0,5.0,5.0,44100,bird,1.0
314,./kaggletest/abhori1/,XC546582.ogg,18.24,0,0.0,5.0,44100,bird,1.0
315,./kaggletest/abhori1/,XC546582.ogg,18.24,0,5.0,5.0,44100,bird,1.0
316,./kaggletest/abhori1/,XC546582.ogg,18.24,0,10.0,5.0,44100,bird,1.0
317,./kaggletest/abhori1/,XC200798.ogg,62.111995464852605,0,0.0,5.0,44100,bird,1.0
318,./kaggletest/abhori1/,XC200798.ogg,62.111995464852605,0,5.0,5.0,44100,bird,1.0
319,./kaggletest/abhori1/,XC200798.ogg,62.111995464852605,0,10.0,5.0,44100,bird,1.0
320,./kaggletest/abhori1/,XC200798.ogg,62.111995464852605,0,15.0,5.0,44100,bird,1.0
321,./kaggletest/abhori1/,XC200798.ogg,62.111995464852605,0,20.0,5.0,44100,bird,1.0
322,./kaggletest/abhori1/,XC200798.ogg,62.111995464852605,0,25.0,5.0,44100,bird,1.0
323,./kaggletest/abhori1/,XC200798.ogg,62.111995464852605,0,30.0,5.0,44100,bird,1.0
324,./kaggletest/abhori1/,XC200798.ogg,62.111995464852605,0,35.0,5.0,44100,bird,1.0
325,./kaggletest/abhori1/,XC200798.ogg,62.111995464852605,0,40.0,5.0,44100,bird,1.0
326,./kaggletest/abhori1/,XC200798.ogg,62.111995464852605,0,45.0,5.0,44100,bird,1.0
327,./kaggletest/abhori1/,XC200798.ogg,62.111995464852605,0,50.0,5.0,44100,bird,1.0
328,./kaggletest/abhori1/,XC200798.ogg,62.111995464852605,0,55.0,5.0,44100,bird,1.0
329,./kaggletest/abhori1/,XC437435.ogg,36.57142857142857,0,0.0,5.0,44100,bird,1.0
330,./kaggletest/abhori1/,XC437435.ogg,36.57142857142857,0,5.0,5.0,44100,bird,1.0
331,./kaggletest/abhori1/,XC437435.ogg,36.57142857142857,0,10.0,5.0,44100,bird,1.0
332,./kaggletest/abhori1/,XC437435.ogg,36.57142857142857,0,15.0,5.0,44100,bird,1.0
333,./kaggletest/abhori1/,XC437435.ogg,36.57142857142857,0,20.0,5.0,44100,bird,1.0
334,./kaggletest/abhori1/,XC437435.ogg,36.57142857142857,0,25.0,5.0,44100,bird,1.0
335,./kaggletest/abhori1/,XC437435.ogg,36.57142857142857,0,30.0,5.0,44100,bird,1.0
336,./kaggletest/abhori1/,XC389190.ogg,40.04571428571428,0,0.0,5.0,44100,bird,1.0
337,./kaggletest/abhori1/,XC389190.ogg,40.04571428571428,0,5.0,5.0,44100,bird,1.0
338,./kaggletest/abhori1/,XC389190.ogg,40.04571428571428,0,10.0,5.0,44100,bird,1.0
339,./kaggletest/abhori1/,XC389190.ogg,40.04571428571428,0,15.0,5.0,44100,bird,1.0
340,./kaggletest/abhori1/,XC389190.ogg,40.04571428571428,0,20.0,5.0,44100,bird,1.0
341,./kaggletest/abhori1/,XC389190.ogg,40.04571428571428,0,25.0,5.0,44100,bird,1.0
342,./kaggletest/abhori1/,XC389190.ogg,40.04571428571428,0,30.0,5.0,44100,bird,1.0
343,./kaggletest/abhori1/,XC389190.ogg,40.04571428571428,0,35.0,5.0,44100,bird,1.0
344,./kaggletest/abhori1/,XC393447.ogg,22.775986394557822,0,0.0,5.0,44100,bird,1.0
345,./kaggletest/abhori1/,XC393447.ogg,22.775986394557822,0,5.0,5.0,44100,bird,1.0
346,./kaggletest/abhori1/,XC393447.ogg,22.775986394557822,0,10.0,5.0,44100,bird,1.0
347,./kaggletest/abhori1/,XC393447.ogg,22.775986394557822,0,15.0,5.0,44100,bird,1.0
348,./kaggletest/abhori1/,XC396271.ogg,26.04408163265306,0,0.0,5.0,44100,bird,1.0
349,./kaggletest/abhori1/,XC396271.ogg,26.04408163265306,0,5.0,5.0,44100,bird,1.0
350,./kaggletest/abhori1/,XC396271.ogg,26.04408163265306,0,10.0,5.0,44100,bird,1.0
351,./kaggletest/abhori1/,XC396271.ogg,26.04408163265306,0,15.0,5.0,44100,bird,1.0
352,./kaggletest/abhori1/,XC396271.ogg,26.04408163265306,0,20.0,5.0,44100,bird,1.0
353,./kaggletest/abhori1/,XC398466.ogg,57.91299319727891,0,0.0,5.0,44100,bird,1.0
354,./kaggletest/abhori1/,XC398466.ogg,57.91299319727891,0,5.0,5.0,44100,bird,1.0
355,./kaggletest/abhori1/,XC398466.ogg,57.91299319727891,0,10.0,5.0,44100,bird,1.0
356,./kaggletest/abhori1/,XC398466.ogg,57.91299319727891,0,15.0,5.0,44100,bird,1.0
357,./kaggletest/abhori1/,XC398466.ogg,57.91299319727891,0,20.0,5.0,44100,bird,1.0
358,./kaggletest/abhori1/,XC398466.ogg,57.91299319727891,0,25.0,5.0,44100,bird,1.0
359,./kaggletest/abhori1/,XC398466.ogg,57.91299319727891,0,30.0,5.0,44100,bird,1.0
360,./kaggletest/abhori1/,XC398466.ogg,57.91299319727891,0,35.0,5.0,44100,bird,1.0
361,./kaggletest/abhori1/,XC398466.ogg,57.91299319727891,0,40.0,5.0,44100,bird,1.0
362,./kaggletest/abhori1/,XC398466.ogg,57.91299319727891,0,45.0,5.0,44100,bird,1.0
363,./kaggletest/abhori1/,XC398466.ogg,57.91299319727891,0,50.0,5.0,44100,bird,1.0
364,./kaggletest/abhori1/,XC410449.ogg,36.28408163265306,0,0.0,5.0,44100,bird,1.0
365,./kaggletest/abhori1/,XC410449.ogg,36.28408163265306,0,5.0,5.0,44100,bird,1.0
366,./kaggletest/abhori1/,XC410449.ogg,36.28408163265306,0,10.0,5.0,44100,bird,1.0
367,./kaggletest/abhori1/,XC410449.ogg,36.28408163265306,0,15.0,5.0,44100,bird,1.0
368,./kaggletest/abhori1/,XC410449.ogg,36.28408163265306,0,20.0,5.0,44100,bird,1.0
369,./kaggletest/abhori1/,XC410449.ogg,36.28408163265306,0,25.0,5.0,44100,bird,1.0
370,./kaggletest/abhori1/,XC410449.ogg,36.28408163265306,0,30.0,5.0,44100,bird,1.0
371,./kaggletest/abhori1/,XC428883.ogg,29.492244897959182,0,0.0,5.0,44100,bird,1.0
372,./kaggletest/abhori1/,XC428883.ogg,29.492244897959182,0,5.0,5.0,44100,bird,1.0
373,./kaggletest/abhori1/,XC428883.ogg,29.492244897959182,0,10.0,5.0,44100,bird,1.0
374,./kaggletest/abhori1/,XC428883.ogg,29.492244897959182,0,15.0,5.0,44100,bird,1.0
375,./kaggletest/abhori1/,XC428883.ogg,29.492244897959182,0,20.0,5.0,44100,bird,1.0
376,./kaggletest/abhori1/,XC398894.ogg,29.282993197278913,0,0.0,5.0,44100,bird,1.0
377,./kaggletest/abhori1/,XC398894.ogg,29.282993197278913,0,5.0,5.0,44100,bird,1.0
378,./kaggletest/abhori1/,XC398894.ogg,29.282993197278913,0,10.0,5.0,44100,bird,1.0
379,./kaggletest/abhori1/,XC398894.ogg,29.282993197278913,0,15.0,5.0,44100,bird,1.0
380,./kaggletest/abhori1/,XC398894.ogg,29.282993197278913,0,20.0,5.0,44100,bird,1.0
381,./kaggletest/abhori1/,XC316920.ogg,36.24,0,0.0,5.0,44100,bird,1.0
382,./kaggletest/abhori1/,XC316920.ogg,36.24,0,5.0,5.0,44100,bird,1.0
383,./kaggletest/abhori1/,XC316920.ogg,36.24,0,10.0,5.0,44100,bird,1.0
384,./kaggletest/abhori1/,XC316920.ogg,36.24,0,15.0,5.0,44100,bird,1.0
385,./kaggletest/abhori1/,XC316920.ogg,36.24,0,20.0,5.0,44100,bird,1.0
386,./kaggletest/abhori1/,XC316920.ogg,36.24,0,25.0,5.0,44100,bird,1.0
387,./kaggletest/abhori1/,XC316920.ogg,36.24,0,30.0,5.0,44100,bird,1.0
388,./kaggletest/abhori1/,XC750200.ogg,30.511020408163265,0,0.0,5.0,44100,bird,1.0
389,./kaggletest/abhori1/,XC750200.ogg,30.511020408163265,0,10.0,5.0,44100,bird,1.0
390,./kaggletest/abhori1/,XC750200.ogg,30.511020408163265,0,15.0,5.0,44100,bird,1.0
391,./kaggletest/abhori1/,XC750200.ogg,30.511020408163265,0,20.0,5.0,44100,bird,1.0
392,./kaggletest/abhori1/,XC750200.ogg,30.511020408163265,0,25.0,5.0,44100,bird,1.0
393,./kaggletest/abhori1/,XC607403.ogg,16.991995464852607,0,0.0,5.0,44100,bird,1.0
394,./kaggletest/abhori1/,XC607403.ogg,16.991995464852607,0,5.0,5.0,44100,bird,1.0
395,./kaggletest/abhori1/,XC607403.ogg,16.991995464852607,0,10.0,5.0,44100,bird,1.0
396,./kaggletest/abhori1/,XC428882.ogg,66.48160997732427,0,0.0,5.0,44100,bird,1.0
397,./kaggletest/abhori1/,XC428882.ogg,66.48160997732427,0,5.0,5.0,44100,bird,1.0
398,./kaggletest/abhori1/,XC428882.ogg,66.48160997732427,0,10.0,5.0,44100,bird,1.0
399,./kaggletest/abhori1/,XC428882.ogg,66.48160997732427,0,15.0,5.0,44100,bird,1.0
400,./kaggletest/abhori1/,XC428882.ogg,66.48160997732427,0,20.0,5.0,44100,bird,1.0
401,./kaggletest/abhori1/,XC428882.ogg,66.48160997732427,0,25.0,5.0,44100,bird,1.0
402,./kaggletest/abhori1/,XC428882.ogg,66.48160997732427,0,30.0,5.0,44100,bird,1.0
403,./kaggletest/abhori1/,XC428882.ogg,66.48160997732427,0,35.0,5.0,44100,bird,1.0
404,./kaggletest/abhori1/,XC428882.ogg,66.48160997732427,0,40.0,5.0,44100,bird,1.0
405,./kaggletest/abhori1/,XC428882.ogg,66.48160997732427,0,45.0,5.0,44100,bird,1.0
406,./kaggletest/abhori1/,XC428882.ogg,66.48160997732427,0,50.0,5.0,44100,bird,1.0
407,./kaggletest/abhori1/,XC428882.ogg,66.48160997732427,0,55.0,5.0,44100,bird,1.0
408,./kaggletest/abhori1/,XC428882.ogg,66.48160997732427,0,60.0,5.0,44100,bird,1.0
409,./kaggletest/abhori1/,XC368179.ogg,121.70448979591836,0,0.0,5.0,44100,bird,1.0
410,./kaggletest/abhori1/,XC368179.ogg,121.70448979591836,0,5.0,5.0,44100,bird,1.0
411,./kaggletest/abhori1/,XC368179.ogg,121.70448979591836,0,10.0,5.0,44100,bird,1.0
412,./kaggletest/abhori1/,XC368179.ogg,121.70448979591836,0,15.0,5.0,44100,bird,1.0
413,./kaggletest/abhori1/,XC368179.ogg,121.70448979591836,0,20.0,5.0,44100,bird,1.0
414,./kaggletest/abhori1/,XC368179.ogg,121.70448979591836,0,25.0,5.0,44100,bird,1.0
415,./kaggletest/abhori1/,XC368179.ogg,121.70448979591836,0,30.0,5.0,44100,bird,1.0
416,./kaggletest/abhori1/,XC368179.ogg,121.70448979591836,0,35.0,5.0,44100,bird,1.0
417,./kaggletest/abhori1/,XC368179.ogg,121.70448979591836,0,40.0,5.0,44100,bird,1.0
418,./kaggletest/abhori1/,XC368179.ogg,121.70448979591836,0,45.0,5.0,44100,bird,1.0
419,./kaggletest/abhori1/,XC368179.ogg,121.70448979591836,0,50.0,5.0,44100,bird,1.0
420,./kaggletest/abhori1/,XC368179.ogg,121.70448979591836,0,55.0,5.0,44100,bird,1.0
421,./kaggletest/abhori1/,XC368179.ogg,121.70448979591836,0,60.0,5.0,44100,bird,1.0
422,./kaggletest/abhori1/,XC368179.ogg,121.70448979591836,0,65.0,5.0,44100,bird,1.0
423,./kaggletest/abhori1/,XC368179.ogg,121.70448979591836,0,70.0,5.0,44100,bird,1.0
424,./kaggletest/abhori1/,XC368179.ogg,121.70448979591836,0,75.0,5.0,44100,bird,1.0
425,./kaggletest/abhori1/,XC368179.ogg,121.70448979591836,0,80.0,5.0,44100,bird,1.0
426,./kaggletest/abhori1/,XC368179.ogg,121.70448979591836,0,85.0,5.0,44100,bird,1.0
427,./kaggletest/abhori1/,XC368179.ogg,121.70448979591836,0,90.0,5.0,44100,bird,1.0
428,./kaggletest/abhori1/,XC368179.ogg,121.70448979591836,0,95.0,5.0,44100,bird,1.0
429,./kaggletest/abhori1/,XC368179.ogg,121.70448979591836,0,100.0,5.0,44100,bird,1.0
430,./kaggletest/abhori1/,XC368179.ogg,121.70448979591836,0,105.0,5.0,44100,bird,1.0
431,./kaggletest/abhori1/,XC368179.ogg,121.70448979591836,0,110.0,5.0,44100,bird,1.0
432,./kaggletest/abhori1/,XC368179.ogg,121.70448979591836,0,115.0,5.0,44100,bird,1.0
433,./kaggletest/abhori1/,XC683139.ogg,32.0,0,0.0,5.0,44100,bird,1.0
434,./kaggletest/abhori1/,XC683139.ogg,32.0,0,5.0,5.0,44100,bird,1.0
435,./kaggletest/abhori1/,XC683139.ogg,32.0,0,10.0,5.0,44100,bird,1.0
436,./kaggletest/abhori1/,XC683139.ogg,32.0,0,15.0,5.0,44100,bird,1.0
437,./kaggletest/abhori1/,XC683139.ogg,32.0,0,20.0,5.0,44100,bird,1.0
438,./kaggletest/abhori1/,XC683139.ogg,32.0,0,25.0,5.0,44100,bird,1.0
439,./kaggletest/abhori1/,XC755794.ogg,28.76079365079365,0,0.0,5.0,44100,bird,1.0
440,./kaggletest/abhori1/,XC755794.ogg,28.76079365079365,0,5.0,5.0,44100,bird,1.0
441,./kaggletest/abhori1/,XC755794.ogg,28.76079365079365,0,10.0,5.0,44100,bird,1.0
442,./kaggletest/abhori1/,XC755794.ogg,28.76079365079365,0,15.0,5.0,44100,bird,1.0
443,./kaggletest/abhori1/,XC755794.ogg,28.76079365079365,0,20.0,5.0,44100,bird,1.0
444,./kaggletest/abhori1/,XC649551.ogg,41.874263038548754,0,0.0,5.0,44100,bird,1.0
445,./kaggletest/abhori1/,XC649551.ogg,41.874263038548754,0,5.0,5.0,44100,bird,1.0
446,./kaggletest/abhori1/,XC649551.ogg,41.874263038548754,0,10.0,5.0,44100,bird,1.0
447,./kaggletest/abhori1/,XC649551.ogg,41.874263038548754,0,15.0,5.0,44100,bird,1.0
448,./kaggletest/abhori1/,XC649551.ogg,41.874263038548754,0,20.0,5.0,44100,bird,1.0
449,./kaggletest/abhori1/,XC649551.ogg,41.874263038548754,0,25.0,5.0,44100,bird,1.0
450,./kaggletest/abhori1/,XC649551.ogg,41.874263038548754,0,30.0,5.0,44100,bird,1.0
451,./kaggletest/abhori1/,XC649551.ogg,41.874263038548754,0,35.0,5.0,44100,bird,1.0
452,./kaggletest/abhori1/,XC511033.ogg,21.602993197278913,0,0.0,5.0,44100,bird,1.0
453,./kaggletest/abhori1/,XC511033.ogg,21.602993197278913,0,5.0,5.0,44100,bird,1.0
454,./kaggletest/abhori1/,XC511033.ogg,21.602993197278913,0,10.0,5.0,44100,bird,1.0
455,./kaggletest/abhori1/,XC511033.ogg,21.602993197278913,0,15.0,5.0,44100,bird,1.0
456,./kaggletest/abhori1/,XC200588.ogg,53.65548752834467,0,0.0,5.0,44100,bird,1.0
457,./kaggletest/abhori1/,XC200588.ogg,53.65548752834467,0,5.0,5.0,44100,bird,1.0
458,./kaggletest/abhori1/,XC200588.ogg,53.65548752834467,0,10.0,5.0,44100,bird,1.0
459,./kaggletest/abhori1/,XC200588.ogg,53.65548752834467,0,15.0,5.0,44100,bird,1.0
460,./kaggletest/abhori1/,XC200588.ogg,53.65548752834467,0,20.0,5.0,44100,bird,1.0
461,./kaggletest/abhori1/,XC200588.ogg,53.65548752834467,0,25.0,5.0,44100,bird,1.0
462,./kaggletest/abhori1/,XC200588.ogg,53.65548752834467,0,30.0,5.0,44100,bird,1.0
463,./kaggletest/abhori1/,XC200588.ogg,53.65548752834467,0,35.0,5.0,44100,bird,1.0
464,./kaggletest/abhori1/,XC200588.ogg,53.65548752834467,0,40.0,5.0,44100,bird,1.0
465,./kaggletest/abhori1/,XC200588.ogg,53.65548752834467,0,45.0,5.0,44100,bird,1.0
466,./kaggletest/abhori1/,XC728781.ogg,70.87020408163265,0,0.0,5.0,44100,bird,1.0
467,./kaggletest/abhori1/,XC728781.ogg,70.87020408163265,0,5.0,5.0,44100,bird,1.0
468,./kaggletest/abhori1/,XC728781.ogg,70.87020408163265,0,10.0,5.0,44100,bird,1.0
469,./kaggletest/abhori1/,XC728781.ogg,70.87020408163265,0,15.0,5.0,44100,bird,1.0
470,./kaggletest/abhori1/,XC728781.ogg,70.87020408163265,0,20.0,5.0,44100,bird,1.0
471,./kaggletest/abhori1/,XC728781.ogg,70.87020408163265,0,25.0,5.0,44100,bird,1.0
472,./kaggletest/abhori1/,XC728781.ogg,70.87020408163265,0,30.0,5.0,44100,bird,1.0
473,./kaggletest/abhori1/,XC728781.ogg,70.87020408163265,0,35.0,5.0,44100,bird,1.0
474,./kaggletest/abhori1/,XC728781.ogg,70.87020408163265,0,40.0,5.0,44100,bird,1.0
475,./kaggletest/abhori1/,XC728781.ogg,70.87020408163265,0,45.0,5.0,44100,bird,1.0
476,./kaggletest/abhori1/,XC728781.ogg,70.87020408163265,0,50.0,5.0,44100,bird,1.0
477,./kaggletest/abhori1/,XC728781.ogg,70.87020408163265,0,55.0,5.0,44100,bird,1.0
478,./kaggletest/abhori1/,XC728781.ogg,70.87020408163265,0,60.0,5.0,44100,bird,1.0
479,./kaggletest/abhori1/,XC728781.ogg,70.87020408163265,0,65.0,5.0,44100,bird,1.0
480,./kaggletest/abhori1/,XC389623.ogg,113.88,0,0.0,5.0,44100,bird,1.0
481,./kaggletest/abhori1/,XC389623.ogg,113.88,0,5.0,5.0,44100,bird,1.0
482,./kaggletest/abhori1/,XC389623.ogg,113.88,0,10.0,5.0,44100,bird,1.0
483,./kaggletest/abhori1/,XC389623.ogg,113.88,0,15.0,5.0,44100,bird,1.0
484,./kaggletest/abhori1/,XC389623.ogg,113.88,0,20.0,5.0,44100,bird,1.0
485,./kaggletest/abhori1/,XC389623.ogg,113.88,0,25.0,5.0,44100,bird,1.0
486,./kaggletest/abhori1/,XC389623.ogg,113.88,0,30.0,5.0,44100,bird,1.0
487,./kaggletest/abhori1/,XC389623.ogg,113.88,0,35.0,5.0,44100,bird,1.0
488,./kaggletest/abhori1/,XC389623.ogg,113.88,0,40.0,5.0,44100,bird,1.0
489,./kaggletest/abhori1/,XC389623.ogg,113.88,0,45.0,5.0,44100,bird,1.0
490,./kaggletest/abhori1/,XC389623.ogg,113.88,0,55.0,5.0,44100,bird,1.0
491,./kaggletest/abhori1/,XC389623.ogg,113.88,0,60.0,5.0,44100,bird,1.0
492,./kaggletest/abhori1/,XC389623.ogg,113.88,0,65.0,5.0,44100,bird,1.0
493,./kaggletest/abhori1/,XC389623.ogg,113.88,0,70.0,5.0,44100,bird,1.0
494,./kaggletest/abhori1/,XC389623.ogg,113.88,0,75.0,5.0,44100,bird,1.0
495,./kaggletest/abhori1/,XC389623.ogg,113.88,0,80.0,5.0,44100,bird,1.0
496,./kaggletest/abhori1/,XC389623.ogg,113.88,0,85.0,5.0,44100,bird,1.0
497,./kaggletest/abhori1/,XC389623.ogg,113.88,0,90.0,5.0,44100,bird,1.0
498,./kaggletest/abhori1/,XC389623.ogg,113.88,0,95.0,5.0,44100,bird,1.0
499,./kaggletest/abhori1/,XC389623.ogg,113.88,0,100.0,5.0,44100,bird,1.0
500,./kaggletest/abhori1/,XC389623.ogg,113.88,0,105.0,5.0,44100,bird,1.0
501,./kaggletest/abhori1/,XC492716.ogg,27.66299319727891,0,0.0,5.0,44100,bird,1.0
502,./kaggletest/abhori1/,XC492716.ogg,27.66299319727891,0,5.0,5.0,44100,bird,1.0
503,./kaggletest/abhori1/,XC492716.ogg,27.66299319727891,0,10.0,5.0,44100,bird,1.0
504,./kaggletest/abhori1/,XC492716.ogg,27.66299319727891,0,15.0,5.0,44100,bird,1.0
505,./kaggletest/abhori1/,XC492716.ogg,27.66299319727891,0,20.0,5.0,44100,bird,1.0
506,./kaggletest/abhori1/,XC200793.ogg,21.48,0,0.0,5.0,44100,bird,1.0
507,./kaggletest/abhori1/,XC200793.ogg,21.48,0,5.0,5.0,44100,bird,1.0
508,./kaggletest/abhori1/,XC200793.ogg,21.48,0,10.0,5.0,44100,bird,1.0
509,./kaggletest/abhori1/,XC200793.ogg,21.48,0,15.0,5.0,44100,bird,1.0
510,./kaggletest/abhori1/,XC196761.ogg,11.572244897959184,0,0.0,5.0,44100,bird,1.0
511,./kaggletest/abhori1/,XC196761.ogg,11.572244897959184,0,5.0,5.0,44100,bird,1.0
512,./kaggletest/abhori1/,XC361351.ogg,43.859591836734694,0,0.0,5.0,44100,bird,1.0
513,./kaggletest/abhori1/,XC361351.ogg,43.859591836734694,0,5.0,5.0,44100,bird,1.0
514,./kaggletest/abhori1/,XC361351.ogg,43.859591836734694,0,10.0,5.0,44100,bird,1.0
515,./kaggletest/abhori1/,XC361351.ogg,43.859591836734694,0,15.0,5.0,44100,bird,1.0
516,./kaggletest/abhori1/,XC361351.ogg,43.859591836734694,0,20.0,5.0,44100,bird,1.0
517,./kaggletest/abhori1/,XC361351.ogg,43.859591836734694,0,25.0,5.0,44100,bird,1.0
518,./kaggletest/abhori1/,XC361351.ogg,43.859591836734694,0,30.0,5.0,44100,bird,1.0
519,./kaggletest/abhori1/,XC361351.ogg,43.859591836734694,0,35.0,5.0,44100,bird,1.0
520,./kaggletest/abhori1/,XC393448.ogg,18.07199546485261,0,0.0,5.0,44100,bird,1.0
521,./kaggletest/abhori1/,XC393448.ogg,18.07199546485261,0,5.0,5.0,44100,bird,1.0
522,./kaggletest/abhori1/,XC393448.ogg,18.07199546485261,0,10.0,5.0,44100,bird,1.0
523,./kaggletest/abhori1/,XC255209.ogg,45.55755102040816,0,0.0,5.0,44100,bird,1.0
524,./kaggletest/abhori1/,XC255209.ogg,45.55755102040816,0,5.0,5.0,44100,bird,1.0
525,./kaggletest/abhori1/,XC255209.ogg,45.55755102040816,0,10.0,5.0,44100,bird,1.0
526,./kaggletest/abhori1/,XC255209.ogg,45.55755102040816,0,15.0,5.0,44100,bird,1.0
527,./kaggletest/abhori1/,XC255209.ogg,45.55755102040816,0,20.0,5.0,44100,bird,1.0
528,./kaggletest/abhori1/,XC255209.ogg,45.55755102040816,0,25.0,5.0,44100,bird,1.0
529,./kaggletest/abhori1/,XC255209.ogg,45.55755102040816,0,30.0,5.0,44100,bird,1.0
530,./kaggletest/abhori1/,XC255209.ogg,45.55755102040816,0,35.0,5.0,44100,bird,1.0
531,./kaggletest/abhori1/,XC255209.ogg,45.55755102040816,0,40.0,5.0,44100,bird,1.0
532,./kaggletest/abhori1/,XC459522.ogg,21.49877551020408,0,0.0,5.0,44100,bird,1.0
533,./kaggletest/abhori1/,XC459522.ogg,21.49877551020408,0,5.0,5.0,44100,bird,1.0
534,./kaggletest/abhori1/,XC459522.ogg,21.49877551020408,0,10.0,5.0,44100,bird,1.0
535,./kaggletest/abhori1/,XC473731.ogg,49.031836734693876,0,0.0,5.0,44100,bird,1.0
536,./kaggletest/abhori1/,XC473731.ogg,49.031836734693876,0,5.0,5.0,44100,bird,1.0
537,./kaggletest/abhori1/,XC473731.ogg,49.031836734693876,0,10.0,5.0,44100,bird,1.0
538,./kaggletest/abhori1/,XC473731.ogg,49.031836734693876,0,15.0,5.0,44100,bird,1.0
539,./kaggletest/abhori1/,XC473731.ogg,49.031836734693876,0,20.0,5.0,44100,bird,1.0
540,./kaggletest/abhori1/,XC473731.ogg,49.031836734693876,0,25.0,5.0,44100,bird,1.0
541,./kaggletest/abhori1/,XC473731.ogg,49.031836734693876,0,30.0,5.0,44100,bird,1.0
542,./kaggletest/abhori1/,XC473731.ogg,49.031836734693876,0,40.0,5.0,44100,bird,1.0
543,./kaggletest/abhori1/,XC393449.ogg,17.97598639455782,0,5.0,5.0,44100,bird,1.0
544,./kaggletest/abhori1/,XC393449.ogg,17.97598639455782,0,10.0,5.0,44100,bird,1.0
545,./kaggletest/abhori1/,XC196760.ogg,7.157551020408163,0,0.0,5.0,44100,bird,1.0
546,./kaggletest/abhori1/,XC602953.ogg,153.96571428571428,0,0.0,5.0,44100,bird,1.0
547,./kaggletest/abhori1/,XC602953.ogg,153.96571428571428,0,5.0,5.0,44100,bird,1.0
548,./kaggletest/abhori1/,XC602953.ogg,153.96571428571428,0,10.0,5.0,44100,bird,1.0
549,./kaggletest/abhori1/,XC602953.ogg,153.96571428571428,0,15.0,5.0,44100,bird,1.0
550,./kaggletest/abhori1/,XC602953.ogg,153.96571428571428,0,20.0,5.0,44100,bird,1.0
551,./kaggletest/abhori1/,XC602953.ogg,153.96571428571428,0,25.0,5.0,44100,bird,1.0
552,./kaggletest/abhori1/,XC602953.ogg,153.96571428571428,0,30.0,5.0,44100,bird,1.0
553,./kaggletest/abhori1/,XC602953.ogg,153.96571428571428,0,35.0,5.0,44100,bird,1.0
554,./kaggletest/abhori1/,XC602953.ogg,153.96571428571428,0,40.0,5.0,44100,bird,1.0
555,./kaggletest/abhori1/,XC602953.ogg,153.96571428571428,0,45.0,5.0,44100,bird,1.0
556,./kaggletest/abhori1/,XC602953.ogg,153.96571428571428,0,50.0,5.0,44100,bird,1.0
557,./kaggletest/abhori1/,XC602953.ogg,153.96571428571428,0,55.0,5.0,44100,bird,1.0
558,./kaggletest/abhori1/,XC602953.ogg,153.96571428571428,0,60.0,5.0,44100,bird,1.0
559,./kaggletest/abhori1/,XC602953.ogg,153.96571428571428,0,65.0,5.0,44100,bird,1.0
560,./kaggletest/abhori1/,XC602953.ogg,153.96571428571428,0,70.0,5.0,44100,bird,1.0
561,./kaggletest/abhori1/,XC602953.ogg,153.96571428571428,0,75.0,5.0,44100,bird,1.0
562,./kaggletest/abhori1/,XC602953.ogg,153.96571428571428,0,80.0,5.0,44100,bird,1.0
563,./kaggletest/abhori1/,XC602953.ogg,153.96571428571428,0,85.0,5.0,44100,bird,1.0
564,./kaggletest/abhori1/,XC602953.ogg,153.96571428571428,0,90.0,5.0,44100,bird,1.0
565,./kaggletest/abhori1/,XC602953.ogg,153.96571428571428,0,95.0,5.0,44100,bird,1.0
566,./kaggletest/abhori1/,XC602953.ogg,153.96571428571428,0,100.0,5.0,44100,bird,1.0
567,./kaggletest/abhori1/,XC602953.ogg,153.96571428571428,0,105.0,5.0,44100,bird,1.0
568,./kaggletest/abhori1/,XC602953.ogg,153.96571428571428,0,110.0,5.0,44100,bird,1.0
569,./kaggletest/abhori1/,XC602953.ogg,153.96571428571428,0,115.0,5.0,44100,bird,1.0
570,./kaggletest/abhori1/,XC602953.ogg,153.96571428571428,0,120.0,5.0,44100,bird,1.0
571,./kaggletest/abhori1/,XC602953.ogg,153.96571428571428,0,125.0,5.0,44100,bird,1.0
572,./kaggletest/abhori1/,XC602953.ogg,153.96571428571428,0,130.0,5.0,44100,bird,1.0
573,./kaggletest/abhori1/,XC602953.ogg,153.96571428571428,0,135.0,5.0,44100,bird,1.0
574,./kaggletest/abhori1/,XC602953.ogg,153.96571428571428,0,140.0,5.0,44100,bird,1.0
575,./kaggletest/abhori1/,XC602953.ogg,153.96571428571428,0,145.0,5.0,44100,bird,1.0
576,./kaggletest/abhori1/,XC513159.ogg,148.6319954648526,0,0.0,5.0,44100,bird,1.0
577,./kaggletest/abhori1/,XC513159.ogg,148.6319954648526,0,5.0,5.0,44100,bird,1.0
578,./kaggletest/abhori1/,XC513159.ogg,148.6319954648526,0,10.0,5.0,44100,bird,1.0
579,./kaggletest/abhori1/,XC513159.ogg,148.6319954648526,0,15.0,5.0,44100,bird,1.0
580,./kaggletest/abhori1/,XC513159.ogg,148.6319954648526,0,20.0,5.0,44100,bird,1.0
581,./kaggletest/abhori1/,XC513159.ogg,148.6319954648526,0,25.0,5.0,44100,bird,1.0
582,./kaggletest/abhori1/,XC513159.ogg,148.6319954648526,0,30.0,5.0,44100,bird,1.0
583,./kaggletest/abhori1/,XC513159.ogg,148.6319954648526,0,35.0,5.0,44100,bird,1.0
584,./kaggletest/abhori1/,XC513159.ogg,148.6319954648526,0,40.0,5.0,44100,bird,1.0
585,./kaggletest/abhori1/,XC513159.ogg,148.6319954648526,0,45.0,5.0,44100,bird,1.0
586,./kaggletest/abhori1/,XC513159.ogg,148.6319954648526,0,50.0,5.0,44100,bird,1.0
587,./kaggletest/abhori1/,XC513159.ogg,148.6319954648526,0,55.0,5.0,44100,bird,1.0
588,./kaggletest/abhori1/,XC513159.ogg,148.6319954648526,0,60.0,5.0,44100,bird,1.0
589,./kaggletest/abhori1/,XC513159.ogg,148.6319954648526,0,65.0,5.0,44100,bird,1.0
590,./kaggletest/abhori1/,XC513159.ogg,148.6319954648526,0,70.0,5.0,44100,bird,1.0
591,./kaggletest/abhori1/,XC513159.ogg,148.6319954648526,0,75.0,5.0,44100,bird,1.0
592,./kaggletest/abhori1/,XC513159.ogg,148.6319954648526,0,80.0,5.0,44100,bird,1.0
593,./kaggletest/abhori1/,XC513159.ogg,148.6319954648526,0,85.0,5.0,44100,bird,1.0
594,./kaggletest/abhori1/,XC513159.ogg,148.6319954648526,0,90.0,5.0,44100,bird,1.0
595,./kaggletest/abhori1/,XC513159.ogg,148.6319954648526,0,95.0,5.0,44100,bird,1.0
596,./kaggletest/abhori1/,XC513159.ogg,148.6319954648526,0,100.0,5.0,44100,bird,1.0
597,./kaggletest/abhori1/,XC513159.ogg,148.6319954648526,0,105.0,5.0,44100,bird,1.0
598,./kaggletest/abhori1/,XC513159.ogg,148.6319954648526,0,110.0,5.0,44100,bird,1.0
599,./kaggletest/abhori1/,XC513159.ogg,148.6319954648526,0,115.0,5.0,44100,bird,1.0
600,./kaggletest/abhori1/,XC513159.ogg,148.6319954648526,0,120.0,5.0,44100,bird,1.0
601,./kaggletest/abhori1/,XC513159.ogg,148.6319954648526,0,125.0,5.0,44100,bird,1.0
602,./kaggletest/abhori1/,XC513159.ogg,148.6319954648526,0,130.0,5.0,44100,bird,1.0
603,./kaggletest/abhori1/,XC513159.ogg,148.6319954648526,0,135.0,5.0,44100,bird,1.0
604,./kaggletest/abhori1/,XC513159.ogg,148.6319954648526,0,140.0,5.0,44100,bird,1.0
605,./kaggletest/abhori1/,XC247347.ogg,22.857142857142858,0,0.0,5.0,44100,bird,1.0
606,./kaggletest/abhori1/,XC247347.ogg,22.857142857142858,0,5.0,5.0,44100,bird,1.0
607,./kaggletest/abhori1/,XC247347.ogg,22.857142857142858,0,10.0,5.0,44100,bird,1.0
608,./kaggletest/abhori1/,XC247347.ogg,22.857142857142858,0,15.0,5.0,44100,bird,1.0
609,./kaggletest/abhori1/,XC247353.ogg,26.90612244897959,0,0.0,5.0,44100,bird,1.0
610,./kaggletest/abhori1/,XC247353.ogg,26.90612244897959,0,5.0,5.0,44100,bird,1.0
611,./kaggletest/abhori1/,XC247353.ogg,26.90612244897959,0,10.0,5.0,44100,bird,1.0
612,./kaggletest/abhori1/,XC247353.ogg,26.90612244897959,0,15.0,5.0,44100,bird,1.0
613,./kaggletest/abhori1/,XC247353.ogg,26.90612244897959,0,20.0,5.0,44100,bird,1.0
614,./kaggletest/abhori1/,XC413571.ogg,13.270204081632652,0,0.0,5.0,44100,bird,1.0
615,./kaggletest/abhori1/,XC413571.ogg,13.270204081632652,0,5.0,5.0,44100,bird,1.0
616,./kaggletest/abhori1/,XC748240.ogg,9.863990929705215,0,0.0,5.0,44100,bird,1.0
617,./kaggletest/abhori1/,XC431061.ogg,97.48895691609977,0,0.0,5.0,44100,bird,1.0
618,./kaggletest/abhori1/,XC431061.ogg,97.48895691609977,0,5.0,5.0,44100,bird,1.0
619,./kaggletest/abhori1/,XC431061.ogg,97.48895691609977,0,10.0,5.0,44100,bird,1.0
620,./kaggletest/abhori1/,XC431061.ogg,97.48895691609977,0,15.0,5.0,44100,bird,1.0
621,./kaggletest/abhori1/,XC431061.ogg,97.48895691609977,0,20.0,5.0,44100,bird,1.0
622,./kaggletest/abhori1/,XC431061.ogg,97.48895691609977,0,25.0,5.0,44100,bird,1.0
623,./kaggletest/abhori1/,XC431061.ogg,97.48895691609977,0,30.0,5.0,44100,bird,1.0
624,./kaggletest/abhori1/,XC431061.ogg,97.48895691609977,0,35.0,5.0,44100,bird,1.0
625,./kaggletest/abhori1/,XC431061.ogg,97.48895691609977,0,40.0,5.0,44100,bird,1.0
626,./kaggletest/abhori1/,XC431061.ogg,97.48895691609977,0,45.0,5.0,44100,bird,1.0
627,./kaggletest/abhori1/,XC431061.ogg,97.48895691609977,0,50.0,5.0,44100,bird,1.0
628,./kaggletest/abhori1/,XC431061.ogg,97.48895691609977,0,55.0,5.0,44100,bird,1.0
629,./kaggletest/abhori1/,XC431061.ogg,97.48895691609977,0,60.0,5.0,44100,bird,1.0
630,./kaggletest/abhori1/,XC431061.ogg,97.48895691609977,0,65.0,5.0,44100,bird,1.0
631,./kaggletest/abhori1/,XC431061.ogg,97.48895691609977,0,70.0,5.0,44100,bird,1.0
632,./kaggletest/abhori1/,XC431061.ogg,97.48895691609977,0,75.0,5.0,44100,bird,1.0
633,./kaggletest/abhori1/,XC431061.ogg,97.48895691609977,0,80.0,5.0,44100,bird,1.0
634,./kaggletest/abhori1/,XC431061.ogg,97.48895691609977,0,85.0,5.0,44100,bird,1.0
635,./kaggletest/abhori1/,XC431061.ogg,97.48895691609977,0,90.0,5.0,44100,bird,1.0
636,./kaggletest/abhori1/,XC288640.ogg,74.57959183673469,0,5.0,5.0,44100,bird,1.0
637,./kaggletest/abhori1/,XC288640.ogg,74.57959183673469,0,10.0,5.0,44100,bird,1.0
638,./kaggletest/abhori1/,XC288640.ogg,74.57959183673469,0,15.0,5.0,44100,bird,1.0
639,./kaggletest/abhori1/,XC288640.ogg,74.57959183673469,0,20.0,5.0,44100,bird,1.0
640,./kaggletest/abhori1/,XC288640.ogg,74.57959183673469,0,25.0,5.0,44100,bird,1.0
641,./kaggletest/abhori1/,XC288640.ogg,74.57959183673469,0,30.0,5.0,44100,bird,1.0
642,./kaggletest/abhori1/,XC288640.ogg,74.57959183673469,0,35.0,5.0,44100,bird,1.0
643,./kaggletest/abhori1/,XC288640.ogg,74.57959183673469,0,40.0,5.0,44100,bird,1.0
644,./kaggletest/abhori1/,XC288640.ogg,74.57959183673469,0,45.0,5.0,44100,bird,1.0
645,./kaggletest/abhori1/,XC288640.ogg,74.57959183673469,0,50.0,5.0,44100,bird,1.0
646,./kaggletest/abhori1/,XC288640.ogg,74.57959183673469,0,60.0,5.0,44100,bird,1.0
647,./kaggletest/abhori1/,XC541155.ogg,20.243990929705216,0,0.0,5.0,44100,bird,1.0
648,./kaggletest/abhori1/,XC541155.ogg,20.243990929705216,0,5.0,5.0,44100,bird,1.0
649,./kaggletest/abhori1/,XC541155.ogg,20.243990929705216,0,10.0,5.0,44100,bird,1.0
650,./kaggletest/abhori1/,XC541155.ogg,20.243990929705216,0,15.0,5.0,44100,bird,1.0
651,./kaggletest/abhori1/,XC667117.ogg,22.150997732426305,0,0.0,5.0,44100,bird,1.0
652,./kaggletest/abhori1/,XC667117.ogg,22.150997732426305,0,5.0,5.0,44100,bird,1.0
653,./kaggletest/abhori1/,XC667117.ogg,22.150997732426305,0,10.0,5.0,44100,bird,1.0
654,./kaggletest/abhori1/,XC667117.ogg,22.150997732426305,0,15.0,5.0,44100,bird,1.0
655,./kaggletest/abhori1/,XC748241.ogg,72.36,0,0.0,5.0,44100,bird,1.0
656,./kaggletest/abhori1/,XC748241.ogg,72.36,0,15.0,5.0,44100,bird,1.0
657,./kaggletest/abhori1/,XC748241.ogg,72.36,0,20.0,5.0,44100,bird,1.0
658,./kaggletest/abhori1/,XC748241.ogg,72.36,0,30.0,5.0,44100,bird,1.0
659,./kaggletest/abhori1/,XC748241.ogg,72.36,0,35.0,5.0,44100,bird,1.0
660,./kaggletest/abhori1/,XC748241.ogg,72.36,0,45.0,5.0,44100,bird,1.0
661,./kaggletest/abhori1/,XC748241.ogg,72.36,0,55.0,5.0,44100,bird,1.0
662,./kaggletest/abhori1/,XC748241.ogg,72.36,0,65.0,5.0,44100,bird,1.0
663,./kaggletest/abhori1/,XC247350.ogg,14.628548752834467,0,0.0,5.0,44100,bird,1.0
664,./kaggletest/abhori1/,XC247350.ogg,14.628548752834467,0,5.0,5.0,44100,bird,1.0
665,./kaggletest/abhori1/,XC750395.ogg,13.50530612244898,0,0.0,5.0,44100,bird,1.0
666,./kaggletest/abhori1/,XC750395.ogg,13.50530612244898,0,5.0,5.0,44100,bird,1.0
667,./kaggletest/abhori1/,XC649808.ogg,36.51897959183673,0,0.0,5.0,44100,bird,1.0
668,./kaggletest/abhori1/,XC649808.ogg,36.51897959183673,0,5.0,5.0,44100,bird,1.0
669,./kaggletest/abhori1/,XC649808.ogg,36.51897959183673,0,10.0,5.0,44100,bird,1.0
670,./kaggletest/abhori1/,XC649808.ogg,36.51897959183673,0,15.0,5.0,44100,bird,1.0
671,./kaggletest/abhori1/,XC649808.ogg,36.51897959183673,0,20.0,5.0,44100,bird,1.0
672,./kaggletest/abhori1/,XC649808.ogg,36.51897959183673,0,25.0,5.0,44100,bird,1.0
673,./kaggletest/abhori1/,XC649808.ogg,36.51897959183673,0,30.0,5.0,44100,bird,1.0
674,./kaggletest/abhori1/,XC195537.ogg,26.17467120181406,0,0.0,5.0,44100,bird,1.0
675,./kaggletest/abhori1/,XC195537.ogg,26.17467120181406,0,5.0,5.0,44100,bird,1.0
676,./kaggletest/abhori1/,XC195537.ogg,26.17467120181406,0,10.0,5.0,44100,bird,1.0
677,./kaggletest/abhori1/,XC195537.ogg,26.17467120181406,0,15.0,5.0,44100,bird,1.0
678,./kaggletest/abhori1/,XC195537.ogg,26.17467120181406,0,20.0,5.0,44100,bird,1.0
679,./kaggletest/abhori1/,XC329476.ogg,20.66283446712018,0,0.0,5.0,44100,bird,1.0
680,./kaggletest/abhori1/,XC329476.ogg,20.66283446712018,0,5.0,5.0,44100,bird,1.0
681,./kaggletest/abhori1/,XC329476.ogg,20.66283446712018,0,10.0,5.0,44100,bird,1.0
682,./kaggletest/abhori1/,XC329476.ogg,20.66283446712018,0,15.0,5.0,44100,bird,1.0
683,./kaggletest/abhori1/,XC466067.ogg,24.86795918367347,0,5.0,5.0,44100,bird,1.0
684,./kaggletest/abhori1/,XC466067.ogg,24.86795918367347,0,10.0,5.0,44100,bird,1.0
685,./kaggletest/abhori1/,XC466067.ogg,24.86795918367347,0,15.0,5.0,44100,bird,1.0
686,./kaggletest/abhori1/,XC607151.ogg,11.903990929705216,0,0.0,5.0,44100,bird,1.0
687,./kaggletest/abhori1/,XC607151.ogg,11.903990929705216,0,5.0,5.0,44100,bird,1.0
688,./kaggletest/abhori1/,XC541157.ogg,22.07299319727891,0,0.0,5.0,44100,bird,1.0
689,./kaggletest/abhori1/,XC541157.ogg,22.07299319727891,0,5.0,5.0,44100,bird,1.0
690,./kaggletest/abhori1/,XC541157.ogg,22.07299319727891,0,10.0,5.0,44100,bird,1.0
691,./kaggletest/abhori1/,XC541157.ogg,22.07299319727891,0,15.0,5.0,44100,bird,1.0
692,./kaggletest/abhori1/,XC200797.ogg,50.903990929705216,0,0.0,5.0,44100,bird,1.0
693,./kaggletest/abhori1/,XC200797.ogg,50.903990929705216,0,5.0,5.0,44100,bird,1.0
694,./kaggletest/abhori1/,XC200797.ogg,50.903990929705216,0,10.0,5.0,44100,bird,1.0
695,./kaggletest/abhori1/,XC200797.ogg,50.903990929705216,0,15.0,5.0,44100,bird,1.0
696,./kaggletest/abhori1/,XC200797.ogg,50.903990929705216,0,20.0,5.0,44100,bird,1.0
697,./kaggletest/abhori1/,XC200797.ogg,50.903990929705216,0,25.0,5.0,44100,bird,1.0
698,./kaggletest/abhori1/,XC200797.ogg,50.903990929705216,0,30.0,5.0,44100,bird,1.0
699,./kaggletest/abhori1/,XC200797.ogg,50.903990929705216,0,35.0,5.0,44100,bird,1.0
700,./kaggletest/abhori1/,XC200797.ogg,50.903990929705216,0,40.0,5.0,44100,bird,1.0
701,./kaggletest/abhori1/,XC748256.ogg,101.28,0,0.0,5.0,44100,bird,1.0
702,./kaggletest/abhori1/,XC748256.ogg,101.28,0,10.0,5.0,44100,bird,1.0
703,./kaggletest/abhori1/,XC748256.ogg,101.28,0,15.0,5.0,44100,bird,1.0
704,./kaggletest/abhori1/,XC748256.ogg,101.28,0,25.0,5.0,44100,bird,1.0
705,./kaggletest/abhori1/,XC748256.ogg,101.28,0,35.0,5.0,44100,bird,1.0
706,./kaggletest/abhori1/,XC748256.ogg,101.28,0,40.0,5.0,44100,bird,1.0
707,./kaggletest/abhori1/,XC748256.ogg,101.28,0,50.0,5.0,44100,bird,1.0
708,./kaggletest/abhori1/,XC748256.ogg,101.28,0,55.0,5.0,44100,bird,1.0
709,./kaggletest/abhori1/,XC748256.ogg,101.28,0,65.0,5.0,44100,bird,1.0
710,./kaggletest/abhori1/,XC748256.ogg,101.28,0,70.0,5.0,44100,bird,1.0
711,./kaggletest/abhori1/,XC748256.ogg,101.28,0,75.0,5.0,44100,bird,1.0
712,./kaggletest/abhori1/,XC748256.ogg,101.28,0,80.0,5.0,44100,bird,1.0
713,./kaggletest/abhori1/,XC748256.ogg,101.28,0,85.0,5.0,44100,bird,1.0
714,./kaggletest/abhori1/,XC748256.ogg,101.28,0,90.0,5.0,44100,bird,1.0
715,./kaggletest/abhori1/,XC649809.ogg,42.89299319727891,0,0.0,5.0,44100,bird,1.0
716,./kaggletest/abhori1/,XC649809.ogg,42.89299319727891,0,5.0,5.0,44100,bird,1.0
717,./kaggletest/abhori1/,XC649809.ogg,42.89299319727891,0,10.0,5.0,44100,bird,1.0
718,./kaggletest/abhori1/,XC649809.ogg,42.89299319727891,0,15.0,5.0,44100,bird,1.0
719,./kaggletest/abhori1/,XC649809.ogg,42.89299319727891,0,20.0,5.0,44100,bird,1.0
720,./kaggletest/abhori1/,XC649809.ogg,42.89299319727891,0,25.0,5.0,44100,bird,1.0
721,./kaggletest/abhori1/,XC649809.ogg,42.89299319727891,0,30.0,5.0,44100,bird,1.0
722,./kaggletest/abhori1/,XC247351.ogg,14.837551020408164,0,0.0,5.0,44100,bird,1.0
723,./kaggletest/abhori1/,XC247351.ogg,14.837551020408164,0,5.0,5.0,44100,bird,1.0
724,./kaggletest/abhori1/,XC568398.ogg,17.65877551020408,0,0.0,5.0,44100,bird,1.0
725,./kaggletest/abhori1/,XC568398.ogg,17.65877551020408,0,10.0,5.0,44100,bird,1.0
726,./kaggletest/abhori1/,XC188925.ogg,20.140385487528345,0,0.0,5.0,44100,bird,1.0
727,./kaggletest/abhori1/,XC188925.ogg,20.140385487528345,0,5.0,5.0,44100,bird,1.0
728,./kaggletest/abhori1/,XC188925.ogg,20.140385487528345,0,10.0,5.0,44100,bird,1.0
729,./kaggletest/abhori1/,XC188925.ogg,20.140385487528345,0,15.0,5.0,44100,bird,1.0
730,./kaggletest/abhori1/,XC424186.ogg,41.874263038548754,0,0.0,5.0,44100,bird,1.0
731,./kaggletest/abhori1/,XC424186.ogg,41.874263038548754,0,5.0,5.0,44100,bird,1.0
732,./kaggletest/abhori1/,XC424186.ogg,41.874263038548754,0,10.0,5.0,44100,bird,1.0
733,./kaggletest/abhori1/,XC424186.ogg,41.874263038548754,0,15.0,5.0,44100,bird,1.0
734,./kaggletest/abhori1/,XC424186.ogg,41.874263038548754,0,20.0,5.0,44100,bird,1.0
735,./kaggletest/abhori1/,XC424186.ogg,41.874263038548754,0,25.0,5.0,44100,bird,1.0
736,./kaggletest/abhori1/,XC424186.ogg,41.874263038548754,0,30.0,5.0,44100,bird,1.0
737,./kaggletest/abhori1/,XC424186.ogg,41.874263038548754,0,35.0,5.0,44100,bird,1.0
738,./kaggletest/abhori1/,XC489199.ogg,48.69598639455782,0,0.0,5.0,44100,bird,1.0
739,./kaggletest/abhori1/,XC489199.ogg,48.69598639455782,0,5.0,5.0,44100,bird,1.0
740,./kaggletest/abhori1/,XC489199.ogg,48.69598639455782,0,10.0,5.0,44100,bird,1.0
741,./kaggletest/abhori1/,XC489199.ogg,48.69598639455782,0,15.0,5.0,44100,bird,1.0
742,./kaggletest/abhori1/,XC489199.ogg,48.69598639455782,0,20.0,5.0,44100,bird,1.0
743,./kaggletest/abhori1/,XC489199.ogg,48.69598639455782,0,25.0,5.0,44100,bird,1.0
744,./kaggletest/abhori1/,XC489199.ogg,48.69598639455782,0,30.0,5.0,44100,bird,1.0
745,./kaggletest/abhori1/,XC489199.ogg,48.69598639455782,0,35.0,5.0,44100,bird,1.0
746,./kaggletest/abhori1/,XC489199.ogg,48.69598639455782,0,40.0,5.0,44100,bird,1.0
747,./kaggletest/abhori1/,XC533571.ogg,59.14099773242631,0,0.0,5.0,44100,bird,1.0
748,./kaggletest/abhori1/,XC533571.ogg,59.14099773242631,0,5.0,5.0,44100,bird,1.0
749,./kaggletest/abhori1/,XC533571.ogg,59.14099773242631,0,10.0,5.0,44100,bird,1.0
750,./kaggletest/abhori1/,XC533571.ogg,59.14099773242631,0,15.0,5.0,44100,bird,1.0
751,./kaggletest/abhori1/,XC533571.ogg,59.14099773242631,0,20.0,5.0,44100,bird,1.0
752,./kaggletest/abhori1/,XC533571.ogg,59.14099773242631,0,25.0,5.0,44100,bird,1.0
753,./kaggletest/abhori1/,XC533571.ogg,59.14099773242631,0,30.0,5.0,44100,bird,1.0
754,./kaggletest/abhori1/,XC533571.ogg,59.14099773242631,0,35.0,5.0,44100,bird,1.0
755,./kaggletest/abhori1/,XC533571.ogg,59.14099773242631,0,40.0,5.0,44100,bird,1.0
756,./kaggletest/abhori1/,XC533571.ogg,59.14099773242631,0,45.0,5.0,44100,bird,1.0
757,./kaggletest/abhori1/,XC533571.ogg,59.14099773242631,0,50.0,5.0,44100,bird,1.0
758,./kaggletest/abhori1/,XC640719.ogg,36.44,0,0.0,5.0,44100,bird,1.0
759,./kaggletest/abhori1/,XC640719.ogg,36.44,0,5.0,5.0,44100,bird,1.0
760,./kaggletest/abhori1/,XC640719.ogg,36.44,0,10.0,5.0,44100,bird,1.0
761,./kaggletest/abhori1/,XC640719.ogg,36.44,0,15.0,5.0,44100,bird,1.0
762,./kaggletest/abhori1/,XC640719.ogg,36.44,0,20.0,5.0,44100,bird,1.0
763,./kaggletest/abhori1/,XC640719.ogg,36.44,0,25.0,5.0,44100,bird,1.0
764,./kaggletest/abhori1/,XC640719.ogg,36.44,0,30.0,5.0,44100,bird,1.0
765,./kaggletest/abhori1/,XC640718.ogg,92.99498866213152,0,0.0,5.0,44100,bird,1.0
766,./kaggletest/abhori1/,XC640718.ogg,92.99498866213152,0,5.0,5.0,44100,bird,1.0
767,./kaggletest/abhori1/,XC640718.ogg,92.99498866213152,0,10.0,5.0,44100,bird,1.0
768,./kaggletest/abhori1/,XC640718.ogg,92.99498866213152,0,15.0,5.0,44100,bird,1.0
769,./kaggletest/abhori1/,XC640718.ogg,92.99498866213152,0,20.0,5.0,44100,bird,1.0
770,./kaggletest/abhori1/,XC640718.ogg,92.99498866213152,0,25.0,5.0,44100,bird,1.0
771,./kaggletest/abhori1/,XC640718.ogg,92.99498866213152,0,30.0,5.0,44100,bird,1.0
772,./kaggletest/abhori1/,XC640718.ogg,92.99498866213152,0,35.0,5.0,44100,bird,1.0
773,./kaggletest/abhori1/,XC640718.ogg,92.99498866213152,0,40.0,5.0,44100,bird,1.0
774,./kaggletest/abhori1/,XC640718.ogg,92.99498866213152,0,45.0,5.0,44100,bird,1.0
775,./kaggletest/abhori1/,XC640718.ogg,92.99498866213152,0,50.0,5.0,44100,bird,1.0
776,./kaggletest/abhori1/,XC640718.ogg,92.99498866213152,0,55.0,5.0,44100,bird,1.0
777,./kaggletest/abhori1/,XC640718.ogg,92.99498866213152,0,60.0,5.0,44100,bird,1.0
778,./kaggletest/abhori1/,XC640718.ogg,92.99498866213152,0,65.0,5.0,44100,bird,1.0
779,./kaggletest/abhori1/,XC640718.ogg,92.99498866213152,0,70.0,5.0,44100,bird,1.0
780,./kaggletest/abhori1/,XC640718.ogg,92.99498866213152,0,75.0,5.0,44100,bird,1.0
781,./kaggletest/abhori1/,XC640718.ogg,92.99498866213152,0,80.0,5.0,44100,bird,1.0
782,./kaggletest/abhori1/,XC640718.ogg,92.99498866213152,0,85.0,5.0,44100,bird,1.0
783,./kaggletest/abhori1/,XC459540.ogg,17.422993197278913,0,0.0,5.0,44100,bird,1.0
784,./kaggletest/abhori1/,XC459540.ogg,17.422993197278913,0,5.0,5.0,44100,bird,1.0
785,./kaggletest/abhori1/,XC459540.ogg,17.422993197278913,0,10.0,5.0,44100,bird,1.0
786,./kaggletest/abhori1/,XC430723.ogg,25.128979591836735,0,0.0,5.0,44100,bird,1.0
787,./kaggletest/abhori1/,XC430723.ogg,25.128979591836735,0,5.0,5.0,44100,bird,1.0
788,./kaggletest/abhori1/,XC430723.ogg,25.128979591836735,0,10.0,5.0,44100,bird,1.0
789,./kaggletest/abhori1/,XC430723.ogg,25.128979591836735,0,15.0,5.0,44100,bird,1.0
790,./kaggletest/abhori1/,XC430723.ogg,25.128979591836735,0,20.0,5.0,44100,bird,1.0
791,./kaggletest/abhori1/,XC585198.ogg,30.04798185941043,0,0.0,5.0,44100,bird,1.0
792,./kaggletest/abhori1/,XC585198.ogg,30.04798185941043,0,5.0,5.0,44100,bird,1.0
793,./kaggletest/abhori1/,XC585198.ogg,30.04798185941043,0,10.0,5.0,44100,bird,1.0
794,./kaggletest/abhori1/,XC585198.ogg,30.04798185941043,0,15.0,5.0,44100,bird,1.0
795,./kaggletest/abhori1/,XC585198.ogg,30.04798185941043,0,20.0,5.0,44100,bird,1.0
796,./kaggletest/abhori1/,XC585198.ogg,30.04798185941043,0,25.0,5.0,44100,bird,1.0
797,./kaggletest/abhori1/,XC467135.ogg,15.098775510204081,0,0.0,5.0,44100,bird,1.0
798,./kaggletest/abhori1/,XC467135.ogg,15.098775510204081,0,5.0,5.0,44100,bird,1.0
799,./kaggletest/abhori1/,XC467135.ogg,15.098775510204081,0,10.0,5.0,44100,bird,1.0
800,./kaggletest/abhori1/,XC153688.ogg,62.56324263038549,0,0.0,5.0,44100,bird,1.0
801,./kaggletest/abhori1/,XC153688.ogg,62.56324263038549,0,5.0,5.0,44100,bird,1.0
802,./kaggletest/abhori1/,XC153688.ogg,62.56324263038549,0,10.0,5.0,44100,bird,1.0
803,./kaggletest/abhori1/,XC153688.ogg,62.56324263038549,0,15.0,5.0,44100,bird,1.0
804,./kaggletest/abhori1/,XC153688.ogg,62.56324263038549,0,20.0,5.0,44100,bird,1.0
805,./kaggletest/abhori1/,XC153688.ogg,62.56324263038549,0,25.0,5.0,44100,bird,1.0
806,./kaggletest/abhori1/,XC153688.ogg,62.56324263038549,0,30.0,5.0,44100,bird,1.0
807,./kaggletest/abhori1/,XC153688.ogg,62.56324263038549,0,35.0,5.0,44100,bird,1.0
808,./kaggletest/abhori1/,XC153688.ogg,62.56324263038549,0,40.0,5.0,44100,bird,1.0
809,./kaggletest/abhori1/,XC153688.ogg,62.56324263038549,0,45.0,5.0,44100,bird,1.0
810,./kaggletest/abhori1/,XC153688.ogg,62.56324263038549,0,50.0,5.0,44100,bird,1.0
811,./kaggletest/abhori1/,XC153688.ogg,62.56324263038549,0,55.0,5.0,44100,bird,1.0
812,./kaggletest/abhori1/,XC307329.ogg,49.583990929705216,0,0.0,5.0,44100,bird,1.0
813,./kaggletest/abhori1/,XC307329.ogg,49.583990929705216,0,5.0,5.0,44100,bird,1.0
814,./kaggletest/abhori1/,XC307329.ogg,49.583990929705216,0,10.0,5.0,44100,bird,1.0
815,./kaggletest/abhori1/,XC307329.ogg,49.583990929705216,0,15.0,5.0,44100,bird,1.0
816,./kaggletest/abhori1/,XC307329.ogg,49.583990929705216,0,20.0,5.0,44100,bird,1.0
817,./kaggletest/abhori1/,XC307329.ogg,49.583990929705216,0,30.0,5.0,44100,bird,1.0
818,./kaggletest/abhori1/,XC307329.ogg,49.583990929705216,0,35.0,5.0,44100,bird,1.0
819,./kaggletest/abhori1/,XC307329.ogg,49.583990929705216,0,40.0,5.0,44100,bird,1.0
820,./kaggletest/abhori1/,XC623054.ogg,22.72598639455782,0,0.0,5.0,44100,bird,1.0
821,./kaggletest/abhori1/,XC623054.ogg,22.72598639455782,0,5.0,5.0,44100,bird,1.0
822,./kaggletest/abhori1/,XC623054.ogg,22.72598639455782,0,10.0,5.0,44100,bird,1.0
823,./kaggletest/abhori1/,XC623054.ogg,22.72598639455782,0,15.0,5.0,44100,bird,1.0
824,./kaggletest/abhori1/,XC547998.ogg,25.8,0,0.0,5.0,44100,bird,1.0
825,./kaggletest/abhori1/,XC547998.ogg,25.8,0,5.0,5.0,44100,bird,1.0
826,./kaggletest/abhori1/,XC547998.ogg,25.8,0,10.0,5.0,44100,bird,1.0
827,./kaggletest/abhori1/,XC547998.ogg,25.8,0,15.0,5.0,44100,bird,1.0
828,./kaggletest/abhori1/,XC547998.ogg,25.8,0,20.0,5.0,44100,bird,1.0
829,./kaggletest/abhori1/,XC331499.ogg,58.723242630385485,0,0.0,5.0,44100,bird,1.0
830,./kaggletest/abhori1/,XC331499.ogg,58.723242630385485,0,5.0,5.0,44100,bird,1.0
831,./kaggletest/abhori1/,XC331499.ogg,58.723242630385485,0,10.0,5.0,44100,bird,1.0
832,./kaggletest/abhori1/,XC331499.ogg,58.723242630385485,0,15.0,5.0,44100,bird,1.0
833,./kaggletest/abhori1/,XC331499.ogg,58.723242630385485,0,20.0,5.0,44100,bird,1.0
834,./kaggletest/abhori1/,XC331499.ogg,58.723242630385485,0,25.0,5.0,44100,bird,1.0
835,./kaggletest/abhori1/,XC331499.ogg,58.723242630385485,0,30.0,5.0,44100,bird,1.0
836,./kaggletest/abhori1/,XC331499.ogg,58.723242630385485,0,35.0,5.0,44100,bird,1.0
837,./kaggletest/abhori1/,XC331499.ogg,58.723242630385485,0,40.0,5.0,44100,bird,1.0
838,./kaggletest/abhori1/,XC331499.ogg,58.723242630385485,0,45.0,5.0,44100,bird,1.0
839,./kaggletest/abhori1/,XC331499.ogg,58.723242630385485,0,50.0,5.0,44100,bird,1.0
840,./kaggletest/abhori1/,XC364300.ogg,44.06399092970521,0,0.0,5.0,44100,bird,1.0
841,./kaggletest/abhori1/,XC364300.ogg,44.06399092970521,0,5.0,5.0,44100,bird,1.0
842,./kaggletest/abhori1/,XC364300.ogg,44.06399092970521,0,10.0,5.0,44100,bird,1.0
843,./kaggletest/abhori1/,XC364300.ogg,44.06399092970521,0,15.0,5.0,44100,bird,1.0
844,./kaggletest/abhori1/,XC364300.ogg,44.06399092970521,0,20.0,5.0,44100,bird,1.0
845,./kaggletest/abhori1/,XC364300.ogg,44.06399092970521,0,25.0,5.0,44100,bird,1.0
846,./kaggletest/abhori1/,XC364300.ogg,44.06399092970521,0,30.0,5.0,44100,bird,1.0
847,./kaggletest/abhori1/,XC364300.ogg,44.06399092970521,0,35.0,5.0,44100,bird,1.0
848,./kaggletest/abhori1/,XC239946.ogg,15.986916099773243,0,0.0,5.0,44100,bird,1.0
849,./kaggletest/abhori1/,XC239946.ogg,15.986916099773243,0,5.0,5.0,44100,bird,1.0
850,./kaggletest/abhori1/,XC467136.ogg,28.05548752834467,0,0.0,5.0,44100,bird,1.0
851,./kaggletest/abhori1/,XC467136.ogg,28.05548752834467,0,5.0,5.0,44100,bird,1.0
852,./kaggletest/abhori1/,XC467136.ogg,28.05548752834467,0,10.0,5.0,44100,bird,1.0
853,./kaggletest/abhori1/,XC467136.ogg,28.05548752834467,0,15.0,5.0,44100,bird,1.0
854,./kaggletest/abhori1/,XC467136.ogg,28.05548752834467,0,20.0,5.0,44100,bird,1.0
855,./kaggletest/abhori1/,XC153689.ogg,58.906122448979595,0,0.0,5.0,44100,bird,1.0
856,./kaggletest/abhori1/,XC153689.ogg,58.906122448979595,0,5.0,5.0,44100,bird,1.0
857,./kaggletest/abhori1/,XC153689.ogg,58.906122448979595,0,10.0,5.0,44100,bird,1.0
858,./kaggletest/abhori1/,XC153689.ogg,58.906122448979595,0,15.0,5.0,44100,bird,1.0
859,./kaggletest/abhori1/,XC153689.ogg,58.906122448979595,0,20.0,5.0,44100,bird,1.0
860,./kaggletest/abhori1/,XC153689.ogg,58.906122448979595,0,25.0,5.0,44100,bird,1.0
861,./kaggletest/abhori1/,XC153689.ogg,58.906122448979595,0,30.0,5.0,44100,bird,1.0
862,./kaggletest/abhori1/,XC153689.ogg,58.906122448979595,0,35.0,5.0,44100,bird,1.0
863,./kaggletest/abhori1/,XC153689.ogg,58.906122448979595,0,40.0,5.0,44100,bird,1.0
864,./kaggletest/abhori1/,XC153689.ogg,58.906122448979595,0,45.0,5.0,44100,bird,1.0
865,./kaggletest/abhori1/,XC153689.ogg,58.906122448979595,0,50.0,5.0,44100,bird,1.0
866,./kaggletest/abhori1/,XC595798.ogg,12.302993197278912,0,0.0,5.0,44100,bird,1.0
867,./kaggletest/abhori1/,XC595798.ogg,12.302993197278912,0,5.0,5.0,44100,bird,1.0
868,./kaggletest/abhori1/,XC444314.ogg,68.9632426303855,0,0.0,5.0,44100,bird,1.0
869,./kaggletest/abhori1/,XC444314.ogg,68.9632426303855,0,5.0,5.0,44100,bird,1.0
870,./kaggletest/abhori1/,XC444314.ogg,68.9632426303855,0,10.0,5.0,44100,bird,1.0
871,./kaggletest/abhori1/,XC444314.ogg,68.9632426303855,0,15.0,5.0,44100,bird,1.0
872,./kaggletest/abhori1/,XC444314.ogg,68.9632426303855,0,25.0,5.0,44100,bird,1.0
873,./kaggletest/abhori1/,XC444314.ogg,68.9632426303855,0,30.0,5.0,44100,bird,1.0
874,./kaggletest/abhori1/,XC444314.ogg,68.9632426303855,0,35.0,5.0,44100,bird,1.0
875,./kaggletest/abhori1/,XC444314.ogg,68.9632426303855,0,40.0,5.0,44100,bird,1.0
876,./kaggletest/abhori1/,XC444314.ogg,68.9632426303855,0,45.0,5.0,44100,bird,1.0
877,./kaggletest/abhori1/,XC444314.ogg,68.9632426303855,0,50.0,5.0,44100,bird,1.0
878,./kaggletest/abhori1/,XC444314.ogg,68.9632426303855,0,55.0,5.0,44100,bird,1.0
879,./kaggletest/abhori1/,XC444314.ogg,68.9632426303855,0,60.0,5.0,44100,bird,1.0
880,./kaggletest/abhori1/,XC502782.ogg,5.537959183673469,0,0.0,5.0,44100,bird,1.0
881,./kaggletest/abhori1/,XC531229.ogg,23.09199546485261,0,0.0,5.0,44100,bird,1.0
882,./kaggletest/abhori1/,XC531229.ogg,23.09199546485261,0,5.0,5.0,44100,bird,1.0
883,./kaggletest/abhori1/,XC531229.ogg,23.09199546485261,0,10.0,5.0,44100,bird,1.0
884,./kaggletest/abhori1/,XC531229.ogg,23.09199546485261,0,15.0,5.0,44100,bird,1.0
885,./kaggletest/abhori1/,XC128202.ogg,32.33959183673469,0,0.0,5.0,44100,bird,1.0
886,./kaggletest/abhori1/,XC128202.ogg,32.33959183673469,0,5.0,5.0,44100,bird,1.0
887,./kaggletest/abhori1/,XC128202.ogg,32.33959183673469,0,10.0,5.0,44100,bird,1.0
888,./kaggletest/abhori1/,XC128202.ogg,32.33959183673469,0,15.0,5.0,44100,bird,1.0
889,./kaggletest/abhori1/,XC128202.ogg,32.33959183673469,0,20.0,5.0,44100,bird,1.0
890,./kaggletest/abhori1/,XC128202.ogg,32.33959183673469,0,25.0,5.0,44100,bird,1.0
891,./kaggletest/abhori1/,XC601811.ogg,7.8959863945578235,0,0.0,5.0,44100,bird,1.0
892,./kaggletest/abhori1/,XC737347.ogg,217.91344671201813,0,0.0,5.0,44100,bird,1.0
893,./kaggletest/abhori1/,XC737347.ogg,217.91344671201813,0,5.0,5.0,44100,bird,1.0
894,./kaggletest/abhori1/,XC737347.ogg,217.91344671201813,0,10.0,5.0,44100,bird,1.0
895,./kaggletest/abhori1/,XC737347.ogg,217.91344671201813,0,15.0,5.0,44100,bird,1.0
896,./kaggletest/abhori1/,XC737347.ogg,217.91344671201813,0,20.0,5.0,44100,bird,1.0
897,./kaggletest/abhori1/,XC737347.ogg,217.91344671201813,0,25.0,5.0,44100,bird,1.0
898,./kaggletest/abhori1/,XC737347.ogg,217.91344671201813,0,30.0,5.0,44100,bird,1.0
899,./kaggletest/abhori1/,XC737347.ogg,217.91344671201813,0,35.0,5.0,44100,bird,1.0
900,./kaggletest/abhori1/,XC737347.ogg,217.91344671201813,0,40.0,5.0,44100,bird,1.0
901,./kaggletest/abhori1/,XC737347.ogg,217.91344671201813,0,45.0,5.0,44100,bird,1.0
902,./kaggletest/abhori1/,XC737347.ogg,217.91344671201813,0,50.0,5.0,44100,bird,1.0
903,./kaggletest/abhori1/,XC737347.ogg,217.91344671201813,0,55.0,5.0,44100,bird,1.0
904,./kaggletest/abhori1/,XC737347.ogg,217.91344671201813,0,60.0,5.0,44100,bird,1.0
905,./kaggletest/abhori1/,XC737347.ogg,217.91344671201813,0,65.0,5.0,44100,bird,1.0
906,./kaggletest/abhori1/,XC737347.ogg,217.91344671201813,0,70.0,5.0,44100,bird,1.0
907,./kaggletest/abhori1/,XC737347.ogg,217.91344671201813,0,75.0,5.0,44100,bird,1.0
908,./kaggletest/abhori1/,XC737347.ogg,217.91344671201813,0,80.0,5.0,44100,bird,1.0
909,./kaggletest/abhori1/,XC737347.ogg,217.91344671201813,0,85.0,5.0,44100,bird,1.0
910,./kaggletest/abhori1/,XC737347.ogg,217.91344671201813,0,90.0,5.0,44100,bird,1.0
911,./kaggletest/abhori1/,XC737347.ogg,217.91344671201813,0,95.0,5.0,44100,bird,1.0
912,./kaggletest/abhori1/,XC737347.ogg,217.91344671201813,0,100.0,5.0,44100,bird,1.0
913,./kaggletest/abhori1/,XC737347.ogg,217.91344671201813,0,105.0,5.0,44100,bird,1.0
914,./kaggletest/abhori1/,XC737347.ogg,217.91344671201813,0,110.0,5.0,44100,bird,1.0
915,./kaggletest/abhori1/,XC737347.ogg,217.91344671201813,0,115.0,5.0,44100,bird,1.0
916,./kaggletest/abhori1/,XC737347.ogg,217.91344671201813,0,120.0,5.0,44100,bird,1.0
917,./kaggletest/abhori1/,XC737347.ogg,217.91344671201813,0,125.0,5.0,44100,bird,1.0
918,./kaggletest/abhori1/,XC737347.ogg,217.91344671201813,0,130.0,5.0,44100,bird,1.0
919,./kaggletest/abhori1/,XC737347.ogg,217.91344671201813,0,135.0,5.0,44100,bird,1.0
920,./kaggletest/abhori1/,XC737347.ogg,217.91344671201813,0,140.0,5.0,44100,bird,1.0
921,./kaggletest/abhori1/,XC737347.ogg,217.91344671201813,0,145.0,5.0,44100,bird,1.0
922,./kaggletest/abhori1/,XC737347.ogg,217.91344671201813,0,150.0,5.0,44100,bird,1.0
923,./kaggletest/abhori1/,XC737347.ogg,217.91344671201813,0,155.0,5.0,44100,bird,1.0
924,./kaggletest/abhori1/,XC737347.ogg,217.91344671201813,0,160.0,5.0,44100,bird,1.0
925,./kaggletest/abhori1/,XC737347.ogg,217.91344671201813,0,165.0,5.0,44100,bird,1.0
926,./kaggletest/abhori1/,XC737347.ogg,217.91344671201813,0,170.0,5.0,44100,bird,1.0
927,./kaggletest/abhori1/,XC737347.ogg,217.91344671201813,0,175.0,5.0,44100,bird,1.0
928,./kaggletest/abhori1/,XC737347.ogg,217.91344671201813,0,180.0,5.0,44100,bird,1.0
929,./kaggletest/abhori1/,XC737347.ogg,217.91344671201813,0,185.0,5.0,44100,bird,1.0
930,./kaggletest/abhori1/,XC737347.ogg,217.91344671201813,0,190.0,5.0,44100,bird,1.0
931,./kaggletest/abhori1/,XC737347.ogg,217.91344671201813,0,195.0,5.0,44100,bird,1.0
932,./kaggletest/abhori1/,XC737347.ogg,217.91344671201813,0,200.0,5.0,44100,bird,1.0
933,./kaggletest/abhori1/,XC737347.ogg,217.91344671201813,0,205.0,5.0,44100,bird,1.0
934,./kaggletest/abhori1/,XC737347.ogg,217.91344671201813,0,210.0,5.0,44100,bird,1.0
935,./kaggletest/abhori1/,XC332545.ogg,39.053061224489795,0,0.0,5.0,44100,bird,1.0
936,./kaggletest/abhori1/,XC332545.ogg,39.053061224489795,0,5.0,5.0,44100,bird,1.0
937,./kaggletest/abhori1/,XC332545.ogg,39.053061224489795,0,10.0,5.0,44100,bird,1.0
938,./kaggletest/abhori1/,XC332545.ogg,39.053061224489795,0,15.0,5.0,44100,bird,1.0
939,./kaggletest/abhori1/,XC332545.ogg,39.053061224489795,0,20.0,5.0,44100,bird,1.0
940,./kaggletest/abhori1/,XC332545.ogg,39.053061224489795,0,25.0,5.0,44100,bird,1.0
941,./kaggletest/abhori1/,XC332545.ogg,39.053061224489795,0,30.0,5.0,44100,bird,1.0
942,./kaggletest/abhori1/,XC462061.ogg,118.07344671201814,0,0.0,5.0,44100,bird,1.0
943,./kaggletest/abhori1/,XC462061.ogg,118.07344671201814,0,5.0,5.0,44100,bird,1.0
944,./kaggletest/abhori1/,XC462061.ogg,118.07344671201814,0,10.0,5.0,44100,bird,1.0
945,./kaggletest/abhori1/,XC462061.ogg,118.07344671201814,0,15.0,5.0,44100,bird,1.0
946,./kaggletest/abhori1/,XC462061.ogg,118.07344671201814,0,20.0,5.0,44100,bird,1.0
947,./kaggletest/abhori1/,XC462061.ogg,118.07344671201814,0,25.0,5.0,44100,bird,1.0
948,./kaggletest/abhori1/,XC462061.ogg,118.07344671201814,0,30.0,5.0,44100,bird,1.0
949,./kaggletest/abhori1/,XC462061.ogg,118.07344671201814,0,35.0,5.0,44100,bird,1.0
950,./kaggletest/abhori1/,XC462061.ogg,118.07344671201814,0,40.0,5.0,44100,bird,1.0
951,./kaggletest/abhori1/,XC462061.ogg,118.07344671201814,0,45.0,5.0,44100,bird,1.0
952,./kaggletest/abhori1/,XC462061.ogg,118.07344671201814,0,50.0,5.0,44100,bird,1.0
953,./kaggletest/abhori1/,XC462061.ogg,118.07344671201814,0,55.0,5.0,44100,bird,1.0
954,./kaggletest/abhori1/,XC462061.ogg,118.07344671201814,0,60.0,5.0,44100,bird,1.0
955,./kaggletest/abhori1/,XC462061.ogg,118.07344671201814,0,65.0,5.0,44100,bird,1.0
956,./kaggletest/abhori1/,XC462061.ogg,118.07344671201814,0,70.0,5.0,44100,bird,1.0
957,./kaggletest/abhori1/,XC462061.ogg,118.07344671201814,0,75.0,5.0,44100,bird,1.0
958,./kaggletest/abhori1/,XC462061.ogg,118.07344671201814,0,80.0,5.0,44100,bird,1.0
959,./kaggletest/abhori1/,XC462061.ogg,118.07344671201814,0,85.0,5.0,44100,bird,1.0
960,./kaggletest/abhori1/,XC462061.ogg,118.07344671201814,0,90.0,5.0,44100,bird,1.0
961,./kaggletest/abhori1/,XC462061.ogg,118.07344671201814,0,95.0,5.0,44100,bird,1.0
962,./kaggletest/abhori1/,XC462061.ogg,118.07344671201814,0,100.0,5.0,44100,bird,1.0
963,./kaggletest/abhori1/,XC462061.ogg,118.07344671201814,0,105.0,5.0,44100,bird,1.0
964,./kaggletest/abhori1/,XC462061.ogg,118.07344671201814,0,110.0,5.0,44100,bird,1.0
965,./kaggletest/abhori1/,XC489189.ogg,69.6,0,0.0,5.0,44100,bird,1.0
966,./kaggletest/abhori1/,XC489189.ogg,69.6,0,5.0,5.0,44100,bird,1.0
967,./kaggletest/abhori1/,XC489189.ogg,69.6,0,10.0,5.0,44100,bird,1.0
968,./kaggletest/abhori1/,XC489189.ogg,69.6,0,15.0,5.0,44100,bird,1.0
969,./kaggletest/abhori1/,XC489189.ogg,69.6,0,20.0,5.0,44100,bird,1.0
970,./kaggletest/abhori1/,XC489189.ogg,69.6,0,25.0,5.0,44100,bird,1.0
971,./kaggletest/abhori1/,XC489189.ogg,69.6,0,30.0,5.0,44100,bird,1.0
972,./kaggletest/abhori1/,XC489189.ogg,69.6,0,35.0,5.0,44100,bird,1.0
973,./kaggletest/abhori1/,XC489189.ogg,69.6,0,40.0,5.0,44100,bird,1.0
974,./kaggletest/abhori1/,XC489189.ogg,69.6,0,45.0,5.0,44100,bird,1.0
975,./kaggletest/abhori1/,XC489189.ogg,69.6,0,50.0,5.0,44100,bird,1.0
976,./kaggletest/abhori1/,XC489189.ogg,69.6,0,55.0,5.0,44100,bird,1.0
977,./kaggletest/abhori1/,XC489189.ogg,69.6,0,60.0,5.0,44100,bird,1.0
978,./kaggletest/abhori1/,XC398787.ogg,145.31918367346938,0,0.0,5.0,44100,bird,1.0
979,./kaggletest/abhori1/,XC398787.ogg,145.31918367346938,0,5.0,5.0,44100,bird,1.0
980,./kaggletest/abhori1/,XC398787.ogg,145.31918367346938,0,10.0,5.0,44100,bird,1.0
981,./kaggletest/abhori1/,XC398787.ogg,145.31918367346938,0,15.0,5.0,44100,bird,1.0
982,./kaggletest/abhori1/,XC398787.ogg,145.31918367346938,0,20.0,5.0,44100,bird,1.0
983,./kaggletest/abhori1/,XC398787.ogg,145.31918367346938,0,25.0,5.0,44100,bird,1.0
984,./kaggletest/abhori1/,XC398787.ogg,145.31918367346938,0,30.0,5.0,44100,bird,1.0
985,./kaggletest/abhori1/,XC398787.ogg,145.31918367346938,0,35.0,5.0,44100,bird,1.0
986,./kaggletest/abhori1/,XC398787.ogg,145.31918367346938,0,40.0,5.0,44100,bird,1.0
987,./kaggletest/abhori1/,XC398787.ogg,145.31918367346938,0,45.0,5.0,44100,bird,1.0
988,./kaggletest/abhori1/,XC398787.ogg,145.31918367346938,0,50.0,5.0,44100,bird,1.0
989,./kaggletest/abhori1/,XC398787.ogg,145.31918367346938,0,55.0,5.0,44100,bird,1.0
990,./kaggletest/abhori1/,XC398787.ogg,145.31918367346938,0,60.0,5.0,44100,bird,1.0
991,./kaggletest/abhori1/,XC398787.ogg,145.31918367346938,0,65.0,5.0,44100,bird,1.0
992,./kaggletest/abhori1/,XC398787.ogg,145.31918367346938,0,70.0,5.0,44100,bird,1.0
993,./kaggletest/abhori1/,XC398787.ogg,145.31918367346938,0,75.0,5.0,44100,bird,1.0
994,./kaggletest/abhori1/,XC398787.ogg,145.31918367346938,0,80.0,5.0,44100,bird,1.0
995,./kaggletest/abhori1/,XC398787.ogg,145.31918367346938,0,85.0,5.0,44100,bird,1.0
996,./kaggletest/abhori1/,XC398787.ogg,145.31918367346938,0,90.0,5.0,44100,bird,1.0
997,./kaggletest/abhori1/,XC398787.ogg,145.31918367346938,0,95.0,5.0,44100,bird,1.0
998,./kaggletest/abhori1/,XC398787.ogg,145.31918367346938,0,100.0,5.0,44100,bird,1.0
999,./kaggletest/abhori1/,XC398787.ogg,145.31918367346938,0,105.0,5.0,44100,bird,1.0
1000,./kaggletest/abhori1/,XC398787.ogg,145.31918367346938,0,110.0,5.0,44100,bird,1.0
1001,./kaggletest/abhori1/,XC398787.ogg,145.31918367346938,0,115.0,5.0,44100,bird,1.0
1002,./kaggletest/abhori1/,XC398787.ogg,145.31918367346938,0,120.0,5.0,44100,bird,1.0
1003,./kaggletest/abhori1/,XC398787.ogg,145.31918367346938,0,125.0,5.0,44100,bird,1.0
1004,./kaggletest/abhori1/,XC398787.ogg,145.31918367346938,0,130.0,5.0,44100,bird,1.0
1005,./kaggletest/abhori1/,XC398787.ogg,145.31918367346938,0,135.0,5.0,44100,bird,1.0
1006,./kaggletest/abhori1/,XC398787.ogg,145.31918367346938,0,140.0,5.0,44100,bird,1.0
1007,./kaggletest/abhori1/,XC127318.ogg,18.143990929705215,0,0.0,5.0,44100,bird,1.0
1008,./kaggletest/abhori1/,XC127318.ogg,18.143990929705215,0,5.0,5.0,44100,bird,1.0
1009,./kaggletest/abhori1/,XC127318.ogg,18.143990929705215,0,10.0,5.0,44100,bird,1.0
