,FOLDER,IN FILE,CLIP LENGTH,CHANNEL,OFFSET,DURATION,SAMPLE RATE,MANUAL ID,CONFIDENCE
0,./kaggletest/afbfly1/,XC316010.ogg,51.226122448979595,0,0.0,5.0,44100,bird,1.0
1,./kaggletest/afbfly1/,XC316010.ogg,51.226122448979595,0,5.0,5.0,44100,bird,1.0
2,./kaggletest/afbfly1/,XC316010.ogg,51.226122448979595,0,10.0,5.0,44100,bird,1.0
3,./kaggletest/afbfly1/,XC316010.ogg,51.226122448979595,0,15.0,5.0,44100,bird,1.0
4,./kaggletest/afbfly1/,XC316010.ogg,51.226122448979595,0,20.0,5.0,44100,bird,1.0
5,./kaggletest/afbfly1/,XC316010.ogg,51.226122448979595,0,25.0,5.0,44100,bird,1.0
6,./kaggletest/afbfly1/,XC316010.ogg,51.226122448979595,0,30.0,5.0,44100,bird,1.0
7,./kaggletest/afbfly1/,XC316010.ogg,51.226122448979595,0,35.0,5.0,44100,bird,1.0
8,./kaggletest/afbfly1/,XC316010.ogg,51.226122448979595,0,40.0,5.0,44100,bird,1.0
9,./kaggletest/afbfly1/,XC316010.ogg,51.226122448979595,0,45.0,5.0,44100,bird,1.0
10,./kaggletest/afbfly1/,XC206826.ogg,78.36732426303855,0,0.0,5.0,44100,bird,1.0
11,./kaggletest/afbfly1/,XC206826.ogg,78.36732426303855,0,10.0,5.0,44100,bird,1.0
12,./kaggletest/afbfly1/,XC206826.ogg,78.36732426303855,0,60.0,5.0,44100,bird,1.0
13,./kaggletest/afbfly1/,XC206826.ogg,78.36732426303855,0,65.0,5.0,44100,bird,1.0
14,./kaggletest/afbfly1/,XC718068.ogg,21.863990929705217,0,10.0,5.0,44100,bird,1.0
15,./kaggletest/afbfly1/,XC301282.ogg,22.93548752834467,0,0.0,5.0,44100,bird,1.0
16,./kaggletest/afbfly1/,XC301282.ogg,22.93548752834467,0,5.0,5.0,44100,bird,1.0
17,./kaggletest/afbfly1/,XC301282.ogg,22.93548752834467,0,10.0,5.0,44100,bird,1.0
18,./kaggletest/afbfly1/,XC301282.ogg,22.93548752834467,0,15.0,5.0,44100,bird,1.0
19,./kaggletest/afbfly1/,XC296098.ogg,55.10399092970521,0,0.0,5.0,44100,bird,1.0
20,./kaggletest/afbfly1/,XC296098.ogg,55.10399092970521,0,5.0,5.0,44100,bird,1.0
21,./kaggletest/afbfly1/,XC296098.ogg,55.10399092970521,0,15.0,5.0,44100,bird,1.0
22,./kaggletest/afbfly1/,XC296098.ogg,55.10399092970521,0,20.0,5.0,44100,bird,1.0
23,./kaggletest/afbfly1/,XC296098.ogg,55.10399092970521,0,25.0,5.0,44100,bird,1.0
24,./kaggletest/afbfly1/,XC296098.ogg,55.10399092970521,0,30.0,5.0,44100,bird,1.0
25,./kaggletest/afbfly1/,XC296098.ogg,55.10399092970521,0,35.0,5.0,44100,bird,1.0
26,./kaggletest/afbfly1/,XC296098.ogg,55.10399092970521,0,40.0,5.0,44100,bird,1.0
27,./kaggletest/afbfly1/,XC296098.ogg,55.10399092970521,0,50.0,5.0,44100,bird,1.0
28,./kaggletest/afbfly1/,XC360444.ogg,6.008140589569161,0,0.0,5.0,44100,bird,1.0
29,./kaggletest/afbfly1/,XC405127.ogg,53.42,0,0.0,5.0,44100,bird,1.0
30,./kaggletest/afbfly1/,XC405127.ogg,53.42,0,5.0,5.0,44100,bird,1.0
31,./kaggletest/afbfly1/,XC405127.ogg,53.42,0,10.0,5.0,44100,bird,1.0
32,./kaggletest/afbfly1/,XC405127.ogg,53.42,0,15.0,5.0,44100,bird,1.0
33,./kaggletest/afbfly1/,XC405127.ogg,53.42,0,20.0,5.0,44100,bird,1.0
34,./kaggletest/afbfly1/,XC405127.ogg,53.42,0,25.0,5.0,44100,bird,1.0
35,./kaggletest/afbfly1/,XC405127.ogg,53.42,0,30.0,5.0,44100,bird,1.0
36,./kaggletest/afbfly1/,XC405127.ogg,53.42,0,35.0,5.0,44100,bird,1.0
37,./kaggletest/afbfly1/,XC405127.ogg,53.42,0,40.0,5.0,44100,bird,1.0
38,./kaggletest/afbfly1/,XC405127.ogg,53.42,0,45.0,5.0,44100,bird,1.0
39,./kaggletest/afbfly1/,XC608068.ogg,26.59265306122449,0,0.0,5.0,44100,bird,1.0
40,./kaggletest/afbfly1/,XC608068.ogg,26.59265306122449,0,5.0,5.0,44100,bird,1.0
41,./kaggletest/afbfly1/,XC608068.ogg,26.59265306122449,0,10.0,5.0,44100,bird,1.0
42,./kaggletest/afbfly1/,XC608068.ogg,26.59265306122449,0,15.0,5.0,44100,bird,1.0
43,./kaggletest/afbfly1/,XC608068.ogg,26.59265306122449,0,20.0,5.0,44100,bird,1.0
44,./kaggletest/afbfly1/,XC207017.ogg,35.082426303854874,0,0.0,5.0,44100,bird,1.0
45,./kaggletest/afbfly1/,XC207017.ogg,35.082426303854874,0,5.0,5.0,44100,bird,1.0
46,./kaggletest/afbfly1/,XC207017.ogg,35.082426303854874,0,10.0,5.0,44100,bird,1.0
47,./kaggletest/afbfly1/,XC207017.ogg,35.082426303854874,0,15.0,5.0,44100,bird,1.0
48,./kaggletest/afbfly1/,XC207017.ogg,35.082426303854874,0,25.0,5.0,44100,bird,1.0
49,./kaggletest/afbfly1/,XC207017.ogg,35.082426303854874,0,30.0,5.0,44100,bird,1.0
50,./kaggletest/afbfly1/,XC405128.ogg,12.12,0,0.0,5.0,44100,bird,1.0
51,./kaggletest/afbfly1/,XC405128.ogg,12.12,0,5.0,5.0,44100,bird,1.0
52,./kaggletest/afbfly1/,XC530141.wav,5.0,0,0.0,5.0,44100,bird,1.0
53,./kaggletest/afbfly1/,XC530142.ogg,40.38530612244898,0,0.0,5.0,44100,bird,1.0
54,./kaggletest/afbfly1/,XC530142.ogg,40.38530612244898,0,5.0,5.0,44100,bird,1.0
55,./kaggletest/afbfly1/,XC530142.ogg,40.38530612244898,0,10.0,5.0,44100,bird,1.0
56,./kaggletest/afbfly1/,XC530142.ogg,40.38530612244898,0,30.0,5.0,44100,bird,1.0
57,./kaggletest/afbfly1/,XC530142.ogg,40.38530612244898,0,35.0,5.0,44100,bird,1.0
58,./kaggletest/afbfly1/,XC432526.ogg,65.35836734693878,0,5.0,5.0,44100,bird,1.0
59,./kaggletest/afbfly1/,XC432526.ogg,65.35836734693878,0,10.0,5.0,44100,bird,1.0
60,./kaggletest/afbfly1/,XC432526.ogg,65.35836734693878,0,15.0,5.0,44100,bird,1.0
61,./kaggletest/afbfly1/,XC432526.ogg,65.35836734693878,0,20.0,5.0,44100,bird,1.0
62,./kaggletest/afbfly1/,XC432526.ogg,65.35836734693878,0,25.0,5.0,44100,bird,1.0
63,./kaggletest/afbfly1/,XC432526.ogg,65.35836734693878,0,30.0,5.0,44100,bird,1.0
64,./kaggletest/afbfly1/,XC432526.ogg,65.35836734693878,0,35.0,5.0,44100,bird,1.0
65,./kaggletest/afbfly1/,XC432526.ogg,65.35836734693878,0,40.0,5.0,44100,bird,1.0
66,./kaggletest/afbfly1/,XC432526.ogg,65.35836734693878,0,45.0,5.0,44100,bird,1.0
67,./kaggletest/afbfly1/,XC432526.ogg,65.35836734693878,0,50.0,5.0,44100,bird,1.0
68,./kaggletest/afbfly1/,XC432526.ogg,65.35836734693878,0,55.0,5.0,44100,bird,1.0
69,./kaggletest/afbfly1/,XC432526.ogg,65.35836734693878,0,60.0,5.0,44100,bird,1.0
70,./kaggletest/afbfly1/,XC530245.ogg,50.37598639455782,0,0.0,5.0,44100,bird,1.0
71,./kaggletest/afbfly1/,XC530245.ogg,50.37598639455782,0,5.0,5.0,44100,bird,1.0
72,./kaggletest/afbfly1/,XC530245.ogg,50.37598639455782,0,10.0,5.0,44100,bird,1.0
73,./kaggletest/afbfly1/,XC530245.ogg,50.37598639455782,0,15.0,5.0,44100,bird,1.0
74,./kaggletest/afbfly1/,XC530245.ogg,50.37598639455782,0,20.0,5.0,44100,bird,1.0
75,./kaggletest/afbfly1/,XC530245.ogg,50.37598639455782,0,25.0,5.0,44100,bird,1.0
76,./kaggletest/afbfly1/,XC530245.ogg,50.37598639455782,0,30.0,5.0,44100,bird,1.0
77,./kaggletest/afbfly1/,XC530245.ogg,50.37598639455782,0,35.0,5.0,44100,bird,1.0
78,./kaggletest/afbfly1/,XC530245.ogg,50.37598639455782,0,40.0,5.0,44100,bird,1.0
79,./kaggletest/afbfly1/,XC530245.ogg,50.37598639455782,0,45.0,5.0,44100,bird,1.0
80,./kaggletest/afbfly1/,XC530244.ogg,42.24,0,0.0,5.0,44100,bird,1.0
81,./kaggletest/afbfly1/,XC530244.ogg,42.24,0,5.0,5.0,44100,bird,1.0
82,./kaggletest/afbfly1/,XC530244.ogg,42.24,0,10.0,5.0,44100,bird,1.0
83,./kaggletest/afbfly1/,XC530244.ogg,42.24,0,15.0,5.0,44100,bird,1.0
84,./kaggletest/afbfly1/,XC530244.ogg,42.24,0,20.0,5.0,44100,bird,1.0
85,./kaggletest/afbfly1/,XC530244.ogg,42.24,0,25.0,5.0,44100,bird,1.0
86,./kaggletest/afbfly1/,XC530244.ogg,42.24,0,30.0,5.0,44100,bird,1.0
87,./kaggletest/afbfly1/,XC530244.ogg,42.24,0,35.0,5.0,44100,bird,1.0
88,./kaggletest/afbfly1/,XC710698.ogg,44.982834467120185,0,0.0,5.0,44100,bird,1.0
89,./kaggletest/afbfly1/,XC710698.ogg,44.982834467120185,0,5.0,5.0,44100,bird,1.0
90,./kaggletest/afbfly1/,XC710698.ogg,44.982834467120185,0,10.0,5.0,44100,bird,1.0
91,./kaggletest/afbfly1/,XC710698.ogg,44.982834467120185,0,15.0,5.0,44100,bird,1.0
92,./kaggletest/afbfly1/,XC710698.ogg,44.982834467120185,0,20.0,5.0,44100,bird,1.0
93,./kaggletest/afbfly1/,XC710698.ogg,44.982834467120185,0,25.0,5.0,44100,bird,1.0
94,./kaggletest/afbfly1/,XC530243.ogg,6.815986394557823,0,0.0,5.0,44100,bird,1.0
