,FOLDER,IN FILE,CLIP LENGTH,CHANNEL,OFFSET,DURATION,SAMPLE RATE,MANUAL ID,CONFIDENCE
0,./kaggletest/afecuc1/,XC397446.ogg,16.195895691609977,0,0.0,5.0,44100,bird,1.0
1,./kaggletest/afecuc1/,XC397446.ogg,16.195895691609977,0,5.0,5.0,44100,bird,1.0
2,./kaggletest/afecuc1/,XC397446.ogg,16.195895691609977,0,10.0,5.0,44100,bird,1.0
3,./kaggletest/afecuc1/,XC233904.ogg,18.75589569160998,0,0.0,5.0,44100,bird,1.0
4,./kaggletest/afecuc1/,XC233904.ogg,18.75589569160998,0,5.0,5.0,44100,bird,1.0
5,./kaggletest/afecuc1/,XC233904.ogg,18.75589569160998,0,10.0,5.0,44100,bird,1.0
6,./kaggletest/afecuc1/,XC336129.ogg,25.18201814058957,0,0.0,5.0,44100,bird,1.0
7,./kaggletest/afecuc1/,XC336129.ogg,25.18201814058957,0,5.0,5.0,44100,bird,1.0
8,./kaggletest/afecuc1/,XC336129.ogg,25.18201814058957,0,10.0,5.0,44100,bird,1.0
9,./kaggletest/afecuc1/,XC336129.ogg,25.18201814058957,0,15.0,5.0,44100,bird,1.0
10,./kaggletest/afecuc1/,XC336129.ogg,25.18201814058957,0,20.0,5.0,44100,bird,1.0
11,./kaggletest/afecuc1/,XC595802.ogg,21.053990929705215,0,0.0,5.0,44100,bird,1.0
12,./kaggletest/afecuc1/,XC595802.ogg,21.053990929705215,0,5.0,5.0,44100,bird,1.0
13,./kaggletest/afecuc1/,XC595802.ogg,21.053990929705215,0,10.0,5.0,44100,bird,1.0
14,./kaggletest/afecuc1/,XC595802.ogg,21.053990929705215,0,15.0,5.0,44100,bird,1.0
15,./kaggletest/afecuc1/,XC233905.ogg,15.67344671201814,0,0.0,5.0,44100,bird,1.0
16,./kaggletest/afecuc1/,XC233905.ogg,15.67344671201814,0,5.0,5.0,44100,bird,1.0
17,./kaggletest/afecuc1/,XC233905.ogg,15.67344671201814,0,10.0,5.0,44100,bird,1.0
18,./kaggletest/afecuc1/,XC690136.ogg,75.0,0,0.0,5.0,44100,bird,1.0
19,./kaggletest/afecuc1/,XC690136.ogg,75.0,0,5.0,5.0,44100,bird,1.0
20,./kaggletest/afecuc1/,XC690136.ogg,75.0,0,10.0,5.0,44100,bird,1.0
21,./kaggletest/afecuc1/,XC690136.ogg,75.0,0,15.0,5.0,44100,bird,1.0
22,./kaggletest/afecuc1/,XC690136.ogg,75.0,0,20.0,5.0,44100,bird,1.0
23,./kaggletest/afecuc1/,XC690136.ogg,75.0,0,25.0,5.0,44100,bird,1.0
24,./kaggletest/afecuc1/,XC690136.ogg,75.0,0,30.0,5.0,44100,bird,1.0
25,./kaggletest/afecuc1/,XC690136.ogg,75.0,0,35.0,5.0,44100,bird,1.0
26,./kaggletest/afecuc1/,XC690136.ogg,75.0,0,40.0,5.0,44100,bird,1.0
27,./kaggletest/afecuc1/,XC690136.ogg,75.0,0,50.0,5.0,44100,bird,1.0
28,./kaggletest/afecuc1/,XC690136.ogg,75.0,0,55.0,5.0,44100,bird,1.0
29,./kaggletest/afecuc1/,XC690136.ogg,75.0,0,60.0,5.0,44100,bird,1.0
30,./kaggletest/afecuc1/,XC690136.ogg,75.0,0,65.0,5.0,44100,bird,1.0
31,./kaggletest/afecuc1/,XC690136.ogg,75.0,0,70.0,5.0,44100,bird,1.0
32,./kaggletest/afecuc1/,XC700647.ogg,56.16324263038549,0,0.0,5.0,44100,bird,1.0
33,./kaggletest/afecuc1/,XC700647.ogg,56.16324263038549,0,5.0,5.0,44100,bird,1.0
34,./kaggletest/afecuc1/,XC700647.ogg,56.16324263038549,0,10.0,5.0,44100,bird,1.0
35,./kaggletest/afecuc1/,XC700647.ogg,56.16324263038549,0,15.0,5.0,44100,bird,1.0
36,./kaggletest/afecuc1/,XC700647.ogg,56.16324263038549,0,20.0,5.0,44100,bird,1.0
37,./kaggletest/afecuc1/,XC700647.ogg,56.16324263038549,0,25.0,5.0,44100,bird,1.0
38,./kaggletest/afecuc1/,XC700647.ogg,56.16324263038549,0,30.0,5.0,44100,bird,1.0
39,./kaggletest/afecuc1/,XC700647.ogg,56.16324263038549,0,35.0,5.0,44100,bird,1.0
40,./kaggletest/afecuc1/,XC700647.ogg,56.16324263038549,0,45.0,5.0,44100,bird,1.0
41,./kaggletest/afecuc1/,XC700647.ogg,56.16324263038549,0,50.0,5.0,44100,bird,1.0
42,./kaggletest/afecuc1/,XC389041.ogg,52.244897959183675,0,0.0,5.0,44100,bird,1.0
43,./kaggletest/afecuc1/,XC389041.ogg,52.244897959183675,0,5.0,5.0,44100,bird,1.0
44,./kaggletest/afecuc1/,XC389041.ogg,52.244897959183675,0,10.0,5.0,44100,bird,1.0
45,./kaggletest/afecuc1/,XC389041.ogg,52.244897959183675,0,15.0,5.0,44100,bird,1.0
46,./kaggletest/afecuc1/,XC389041.ogg,52.244897959183675,0,20.0,5.0,44100,bird,1.0
47,./kaggletest/afecuc1/,XC389041.ogg,52.244897959183675,0,25.0,5.0,44100,bird,1.0
48,./kaggletest/afecuc1/,XC389041.ogg,52.244897959183675,0,30.0,5.0,44100,bird,1.0
49,./kaggletest/afecuc1/,XC389041.ogg,52.244897959183675,0,35.0,5.0,44100,bird,1.0
50,./kaggletest/afecuc1/,XC389041.ogg,52.244897959183675,0,40.0,5.0,44100,bird,1.0
51,./kaggletest/afecuc1/,XC389041.ogg,52.244897959183675,0,45.0,5.0,44100,bird,1.0
52,./kaggletest/afecuc1/,XC347513.ogg,7.706122448979592,0,0.0,5.0,44100,bird,1.0
53,./kaggletest/afecuc1/,XC709886.ogg,6.947981859410431,0,0.0,5.0,44100,bird,1.0
54,./kaggletest/afecuc1/,XC233906.ogg,6.791836734693877,0,0.0,5.0,44100,bird,1.0
55,./kaggletest/afecuc1/,XC118454.ogg,31.42530612244898,0,5.0,5.0,44100,bird,1.0
56,./kaggletest/afecuc1/,XC118454.ogg,31.42530612244898,0,10.0,5.0,44100,bird,1.0
57,./kaggletest/afecuc1/,XC118454.ogg,31.42530612244898,0,15.0,5.0,44100,bird,1.0
58,./kaggletest/afecuc1/,XC118454.ogg,31.42530612244898,0,20.0,5.0,44100,bird,1.0
59,./kaggletest/afecuc1/,XC118454.ogg,31.42530612244898,0,25.0,5.0,44100,bird,1.0
60,./kaggletest/afecuc1/,XC205693.ogg,31.216303854875285,0,0.0,5.0,44100,bird,1.0
61,./kaggletest/afecuc1/,XC205693.ogg,31.216303854875285,0,5.0,5.0,44100,bird,1.0
62,./kaggletest/afecuc1/,XC205693.ogg,31.216303854875285,0,10.0,5.0,44100,bird,1.0
63,./kaggletest/afecuc1/,XC205693.ogg,31.216303854875285,0,15.0,5.0,44100,bird,1.0
64,./kaggletest/afecuc1/,XC205693.ogg,31.216303854875285,0,20.0,5.0,44100,bird,1.0
65,./kaggletest/afecuc1/,XC205693.ogg,31.216303854875285,0,25.0,5.0,44100,bird,1.0
66,./kaggletest/afecuc1/,XC679785.ogg,86.20798185941042,0,0.0,5.0,44100,bird,1.0
67,./kaggletest/afecuc1/,XC679785.ogg,86.20798185941042,0,5.0,5.0,44100,bird,1.0
68,./kaggletest/afecuc1/,XC679785.ogg,86.20798185941042,0,10.0,5.0,44100,bird,1.0
69,./kaggletest/afecuc1/,XC679785.ogg,86.20798185941042,0,15.0,5.0,44100,bird,1.0
70,./kaggletest/afecuc1/,XC679785.ogg,86.20798185941042,0,20.0,5.0,44100,bird,1.0
71,./kaggletest/afecuc1/,XC679785.ogg,86.20798185941042,0,25.0,5.0,44100,bird,1.0
72,./kaggletest/afecuc1/,XC679785.ogg,86.20798185941042,0,30.0,5.0,44100,bird,1.0
73,./kaggletest/afecuc1/,XC679785.ogg,86.20798185941042,0,35.0,5.0,44100,bird,1.0
74,./kaggletest/afecuc1/,XC679785.ogg,86.20798185941042,0,40.0,5.0,44100,bird,1.0
75,./kaggletest/afecuc1/,XC679785.ogg,86.20798185941042,0,45.0,5.0,44100,bird,1.0
76,./kaggletest/afecuc1/,XC679785.ogg,86.20798185941042,0,50.0,5.0,44100,bird,1.0
77,./kaggletest/afecuc1/,XC679785.ogg,86.20798185941042,0,55.0,5.0,44100,bird,1.0
78,./kaggletest/afecuc1/,XC679785.ogg,86.20798185941042,0,60.0,5.0,44100,bird,1.0
79,./kaggletest/afecuc1/,XC679785.ogg,86.20798185941042,0,65.0,5.0,44100,bird,1.0
80,./kaggletest/afecuc1/,XC679785.ogg,86.20798185941042,0,70.0,5.0,44100,bird,1.0
81,./kaggletest/afecuc1/,XC679785.ogg,86.20798185941042,0,75.0,5.0,44100,bird,1.0
82,./kaggletest/afecuc1/,XC679785.ogg,86.20798185941042,0,80.0,5.0,44100,bird,1.0
83,./kaggletest/afecuc1/,XC401269.ogg,36.57598639455782,0,0.0,5.0,44100,bird,1.0
84,./kaggletest/afecuc1/,XC401269.ogg,36.57598639455782,0,5.0,5.0,44100,bird,1.0
85,./kaggletest/afecuc1/,XC401269.ogg,36.57598639455782,0,10.0,5.0,44100,bird,1.0
86,./kaggletest/afecuc1/,XC401269.ogg,36.57598639455782,0,15.0,5.0,44100,bird,1.0
87,./kaggletest/afecuc1/,XC401269.ogg,36.57598639455782,0,20.0,5.0,44100,bird,1.0
88,./kaggletest/afecuc1/,XC401269.ogg,36.57598639455782,0,25.0,5.0,44100,bird,1.0
89,./kaggletest/afecuc1/,XC401269.ogg,36.57598639455782,0,30.0,5.0,44100,bird,1.0
90,./kaggletest/afecuc1/,XC591478.ogg,214.83102040816325,0,0.0,5.0,44100,bird,1.0
91,./kaggletest/afecuc1/,XC591478.ogg,214.83102040816325,0,5.0,5.0,44100,bird,1.0
92,./kaggletest/afecuc1/,XC591478.ogg,214.83102040816325,0,10.0,5.0,44100,bird,1.0
93,./kaggletest/afecuc1/,XC591478.ogg,214.83102040816325,0,15.0,5.0,44100,bird,1.0
94,./kaggletest/afecuc1/,XC591478.ogg,214.83102040816325,0,20.0,5.0,44100,bird,1.0
95,./kaggletest/afecuc1/,XC591478.ogg,214.83102040816325,0,25.0,5.0,44100,bird,1.0
96,./kaggletest/afecuc1/,XC591478.ogg,214.83102040816325,0,30.0,5.0,44100,bird,1.0
97,./kaggletest/afecuc1/,XC591478.ogg,214.83102040816325,0,35.0,5.0,44100,bird,1.0
98,./kaggletest/afecuc1/,XC591478.ogg,214.83102040816325,0,40.0,5.0,44100,bird,1.0
99,./kaggletest/afecuc1/,XC591478.ogg,214.83102040816325,0,45.0,5.0,44100,bird,1.0
100,./kaggletest/afecuc1/,XC591478.ogg,214.83102040816325,0,50.0,5.0,44100,bird,1.0
101,./kaggletest/afecuc1/,XC591478.ogg,214.83102040816325,0,55.0,5.0,44100,bird,1.0
102,./kaggletest/afecuc1/,XC591478.ogg,214.83102040816325,0,60.0,5.0,44100,bird,1.0
103,./kaggletest/afecuc1/,XC591478.ogg,214.83102040816325,0,65.0,5.0,44100,bird,1.0
104,./kaggletest/afecuc1/,XC591478.ogg,214.83102040816325,0,70.0,5.0,44100,bird,1.0
105,./kaggletest/afecuc1/,XC591478.ogg,214.83102040816325,0,75.0,5.0,44100,bird,1.0
106,./kaggletest/afecuc1/,XC591478.ogg,214.83102040816325,0,80.0,5.0,44100,bird,1.0
107,./kaggletest/afecuc1/,XC591478.ogg,214.83102040816325,0,85.0,5.0,44100,bird,1.0
108,./kaggletest/afecuc1/,XC591478.ogg,214.83102040816325,0,90.0,5.0,44100,bird,1.0
109,./kaggletest/afecuc1/,XC591478.ogg,214.83102040816325,0,95.0,5.0,44100,bird,1.0
110,./kaggletest/afecuc1/,XC591478.ogg,214.83102040816325,0,100.0,5.0,44100,bird,1.0
111,./kaggletest/afecuc1/,XC591478.ogg,214.83102040816325,0,105.0,5.0,44100,bird,1.0
112,./kaggletest/afecuc1/,XC591478.ogg,214.83102040816325,0,110.0,5.0,44100,bird,1.0
113,./kaggletest/afecuc1/,XC591478.ogg,214.83102040816325,0,115.0,5.0,44100,bird,1.0
114,./kaggletest/afecuc1/,XC591478.ogg,214.83102040816325,0,120.0,5.0,44100,bird,1.0
115,./kaggletest/afecuc1/,XC591478.ogg,214.83102040816325,0,125.0,5.0,44100,bird,1.0
116,./kaggletest/afecuc1/,XC591478.ogg,214.83102040816325,0,130.0,5.0,44100,bird,1.0
117,./kaggletest/afecuc1/,XC591478.ogg,214.83102040816325,0,135.0,5.0,44100,bird,1.0
118,./kaggletest/afecuc1/,XC591478.ogg,214.83102040816325,0,140.0,5.0,44100,bird,1.0
119,./kaggletest/afecuc1/,XC591478.ogg,214.83102040816325,0,145.0,5.0,44100,bird,1.0
120,./kaggletest/afecuc1/,XC591478.ogg,214.83102040816325,0,150.0,5.0,44100,bird,1.0
121,./kaggletest/afecuc1/,XC591478.ogg,214.83102040816325,0,155.0,5.0,44100,bird,1.0
122,./kaggletest/afecuc1/,XC591478.ogg,214.83102040816325,0,160.0,5.0,44100,bird,1.0
123,./kaggletest/afecuc1/,XC591478.ogg,214.83102040816325,0,165.0,5.0,44100,bird,1.0
124,./kaggletest/afecuc1/,XC591478.ogg,214.83102040816325,0,170.0,5.0,44100,bird,1.0
125,./kaggletest/afecuc1/,XC591478.ogg,214.83102040816325,0,175.0,5.0,44100,bird,1.0
126,./kaggletest/afecuc1/,XC591478.ogg,214.83102040816325,0,180.0,5.0,44100,bird,1.0
127,./kaggletest/afecuc1/,XC591478.ogg,214.83102040816325,0,190.0,5.0,44100,bird,1.0
128,./kaggletest/afecuc1/,XC591478.ogg,214.83102040816325,0,195.0,5.0,44100,bird,1.0
129,./kaggletest/afecuc1/,XC591478.ogg,214.83102040816325,0,200.0,5.0,44100,bird,1.0
130,./kaggletest/afecuc1/,XC591478.ogg,214.83102040816325,0,205.0,5.0,44100,bird,1.0
131,./kaggletest/afecuc1/,XC413122.ogg,58.8009977324263,0,0.0,5.0,44100,bird,1.0
132,./kaggletest/afecuc1/,XC413122.ogg,58.8009977324263,0,5.0,5.0,44100,bird,1.0
133,./kaggletest/afecuc1/,XC413122.ogg,58.8009977324263,0,10.0,5.0,44100,bird,1.0
134,./kaggletest/afecuc1/,XC413122.ogg,58.8009977324263,0,15.0,5.0,44100,bird,1.0
135,./kaggletest/afecuc1/,XC413122.ogg,58.8009977324263,0,20.0,5.0,44100,bird,1.0
136,./kaggletest/afecuc1/,XC413122.ogg,58.8009977324263,0,25.0,5.0,44100,bird,1.0
137,./kaggletest/afecuc1/,XC413122.ogg,58.8009977324263,0,30.0,5.0,44100,bird,1.0
138,./kaggletest/afecuc1/,XC413122.ogg,58.8009977324263,0,35.0,5.0,44100,bird,1.0
139,./kaggletest/afecuc1/,XC413122.ogg,58.8009977324263,0,40.0,5.0,44100,bird,1.0
140,./kaggletest/afecuc1/,XC413122.ogg,58.8009977324263,0,45.0,5.0,44100,bird,1.0
141,./kaggletest/afecuc1/,XC413122.ogg,58.8009977324263,0,50.0,5.0,44100,bird,1.0
142,./kaggletest/afecuc1/,XC138030.ogg,44.32977324263039,0,0.0,5.0,44100,bird,1.0
143,./kaggletest/afecuc1/,XC138030.ogg,44.32977324263039,0,5.0,5.0,44100,bird,1.0
144,./kaggletest/afecuc1/,XC138030.ogg,44.32977324263039,0,10.0,5.0,44100,bird,1.0
145,./kaggletest/afecuc1/,XC138030.ogg,44.32977324263039,0,15.0,5.0,44100,bird,1.0
146,./kaggletest/afecuc1/,XC138030.ogg,44.32977324263039,0,20.0,5.0,44100,bird,1.0
147,./kaggletest/afecuc1/,XC138030.ogg,44.32977324263039,0,25.0,5.0,44100,bird,1.0
148,./kaggletest/afecuc1/,XC138030.ogg,44.32977324263039,0,30.0,5.0,44100,bird,1.0
149,./kaggletest/afecuc1/,XC138030.ogg,44.32977324263039,0,35.0,5.0,44100,bird,1.0
150,./kaggletest/afecuc1/,XC138032.ogg,22.02120181405896,0,0.0,5.0,44100,bird,1.0
151,./kaggletest/afecuc1/,XC138032.ogg,22.02120181405896,0,5.0,5.0,44100,bird,1.0
152,./kaggletest/afecuc1/,XC138032.ogg,22.02120181405896,0,10.0,5.0,44100,bird,1.0
153,./kaggletest/afecuc1/,XC138032.ogg,22.02120181405896,0,15.0,5.0,44100,bird,1.0
154,./kaggletest/afecuc1/,XC608584.ogg,18.598979591836734,0,0.0,5.0,44100,bird,1.0
155,./kaggletest/afecuc1/,XC608584.ogg,18.598979591836734,0,5.0,5.0,44100,bird,1.0
156,./kaggletest/afecuc1/,XC608584.ogg,18.598979591836734,0,10.0,5.0,44100,bird,1.0
157,./kaggletest/afecuc1/,XC179668.ogg,40.646530612244895,0,0.0,5.0,44100,bird,1.0
158,./kaggletest/afecuc1/,XC179668.ogg,40.646530612244895,0,5.0,5.0,44100,bird,1.0
159,./kaggletest/afecuc1/,XC179668.ogg,40.646530612244895,0,10.0,5.0,44100,bird,1.0
160,./kaggletest/afecuc1/,XC179668.ogg,40.646530612244895,0,15.0,5.0,44100,bird,1.0
161,./kaggletest/afecuc1/,XC179668.ogg,40.646530612244895,0,20.0,5.0,44100,bird,1.0
162,./kaggletest/afecuc1/,XC179668.ogg,40.646530612244895,0,25.0,5.0,44100,bird,1.0
163,./kaggletest/afecuc1/,XC179668.ogg,40.646530612244895,0,30.0,5.0,44100,bird,1.0
164,./kaggletest/afecuc1/,XC179668.ogg,40.646530612244895,0,35.0,5.0,44100,bird,1.0
165,./kaggletest/afecuc1/,XC283230.ogg,25.73061224489796,0,0.0,5.0,44100,bird,1.0
166,./kaggletest/afecuc1/,XC283230.ogg,25.73061224489796,0,5.0,5.0,44100,bird,1.0
167,./kaggletest/afecuc1/,XC283230.ogg,25.73061224489796,0,20.0,5.0,44100,bird,1.0
168,./kaggletest/afecuc1/,XC316015.ogg,14.863673469387756,0,0.0,5.0,44100,bird,1.0
169,./kaggletest/afecuc1/,XC316015.ogg,14.863673469387756,0,5.0,5.0,44100,bird,1.0
170,./kaggletest/afecuc1/,XC138027.ogg,66.74283446712018,0,0.0,5.0,44100,bird,1.0
171,./kaggletest/afecuc1/,XC138027.ogg,66.74283446712018,0,5.0,5.0,44100,bird,1.0
172,./kaggletest/afecuc1/,XC138027.ogg,66.74283446712018,0,10.0,5.0,44100,bird,1.0
173,./kaggletest/afecuc1/,XC138027.ogg,66.74283446712018,0,15.0,5.0,44100,bird,1.0
174,./kaggletest/afecuc1/,XC138027.ogg,66.74283446712018,0,20.0,5.0,44100,bird,1.0
175,./kaggletest/afecuc1/,XC138027.ogg,66.74283446712018,0,25.0,5.0,44100,bird,1.0
176,./kaggletest/afecuc1/,XC138027.ogg,66.74283446712018,0,30.0,5.0,44100,bird,1.0
177,./kaggletest/afecuc1/,XC138027.ogg,66.74283446712018,0,35.0,5.0,44100,bird,1.0
178,./kaggletest/afecuc1/,XC138027.ogg,66.74283446712018,0,40.0,5.0,44100,bird,1.0
179,./kaggletest/afecuc1/,XC138027.ogg,66.74283446712018,0,45.0,5.0,44100,bird,1.0
180,./kaggletest/afecuc1/,XC138027.ogg,66.74283446712018,0,50.0,5.0,44100,bird,1.0
181,./kaggletest/afecuc1/,XC138027.ogg,66.74283446712018,0,55.0,5.0,44100,bird,1.0
182,./kaggletest/afecuc1/,XC138027.ogg,66.74283446712018,0,60.0,5.0,44100,bird,1.0
183,./kaggletest/afecuc1/,XC516111.ogg,10.031995464852608,0,0.0,5.0,44100,bird,1.0
184,./kaggletest/afecuc1/,XC516111.ogg,10.031995464852608,0,5.0,5.0,44100,bird,1.0
185,./kaggletest/afecuc1/,XC289343.ogg,14.027732426303855,0,0.0,5.0,44100,bird,1.0
186,./kaggletest/afecuc1/,XC289343.ogg,14.027732426303855,0,5.0,5.0,44100,bird,1.0
187,./kaggletest/afecuc1/,XC164104.ogg,31.775986394557822,0,0.0,5.0,44100,bird,1.0
188,./kaggletest/afecuc1/,XC164104.ogg,31.775986394557822,0,5.0,5.0,44100,bird,1.0
189,./kaggletest/afecuc1/,XC164104.ogg,31.775986394557822,0,10.0,5.0,44100,bird,1.0
190,./kaggletest/afecuc1/,XC164104.ogg,31.775986394557822,0,15.0,5.0,44100,bird,1.0
191,./kaggletest/afecuc1/,XC164104.ogg,31.775986394557822,0,20.0,5.0,44100,bird,1.0
192,./kaggletest/afecuc1/,XC164104.ogg,31.775986394557822,0,25.0,5.0,44100,bird,1.0
193,./kaggletest/afecuc1/,XC504215.ogg,33.02727891156463,0,5.0,5.0,44100,bird,1.0
194,./kaggletest/afecuc1/,XC504215.ogg,33.02727891156463,0,10.0,5.0,44100,bird,1.0
195,./kaggletest/afecuc1/,XC504215.ogg,33.02727891156463,0,20.0,5.0,44100,bird,1.0
196,./kaggletest/afecuc1/,XC289342.ogg,22.700385487528344,0,0.0,5.0,44100,bird,1.0
197,./kaggletest/afecuc1/,XC289342.ogg,22.700385487528344,0,5.0,5.0,44100,bird,1.0
198,./kaggletest/afecuc1/,XC289342.ogg,22.700385487528344,0,10.0,5.0,44100,bird,1.0
199,./kaggletest/afecuc1/,XC289342.ogg,22.700385487528344,0,15.0,5.0,44100,bird,1.0
200,./kaggletest/afecuc1/,XC295582.ogg,13.609773242630386,0,0.0,5.0,44100,bird,1.0
201,./kaggletest/afecuc1/,XC295582.ogg,13.609773242630386,0,5.0,5.0,44100,bird,1.0
202,./kaggletest/afecuc1/,XC514164.ogg,18.729773242630387,0,0.0,5.0,44100,bird,1.0
203,./kaggletest/afecuc1/,XC514164.ogg,18.729773242630387,0,5.0,5.0,44100,bird,1.0
204,./kaggletest/afecuc1/,XC514164.ogg,18.729773242630387,0,10.0,5.0,44100,bird,1.0
205,./kaggletest/afecuc1/,XC621416.ogg,54.04798185941043,0,0.0,5.0,44100,bird,1.0
206,./kaggletest/afecuc1/,XC621416.ogg,54.04798185941043,0,5.0,5.0,44100,bird,1.0
207,./kaggletest/afecuc1/,XC621416.ogg,54.04798185941043,0,10.0,5.0,44100,bird,1.0
208,./kaggletest/afecuc1/,XC621416.ogg,54.04798185941043,0,15.0,5.0,44100,bird,1.0
209,./kaggletest/afecuc1/,XC621416.ogg,54.04798185941043,0,20.0,5.0,44100,bird,1.0
210,./kaggletest/afecuc1/,XC621416.ogg,54.04798185941043,0,25.0,5.0,44100,bird,1.0
211,./kaggletest/afecuc1/,XC621416.ogg,54.04798185941043,0,30.0,5.0,44100,bird,1.0
212,./kaggletest/afecuc1/,XC621416.ogg,54.04798185941043,0,35.0,5.0,44100,bird,1.0
213,./kaggletest/afecuc1/,XC621416.ogg,54.04798185941043,0,40.0,5.0,44100,bird,1.0
214,./kaggletest/afecuc1/,XC621416.ogg,54.04798185941043,0,45.0,5.0,44100,bird,1.0
215,./kaggletest/afecuc1/,XC205582.ogg,14.132244897959184,0,0.0,5.0,44100,bird,1.0
216,./kaggletest/afecuc1/,XC205582.ogg,14.132244897959184,0,5.0,5.0,44100,bird,1.0
217,./kaggletest/afecuc1/,XC514165.ogg,16.274263038548753,0,0.0,5.0,44100,bird,1.0
218,./kaggletest/afecuc1/,XC514165.ogg,16.274263038548753,0,5.0,5.0,44100,bird,1.0
219,./kaggletest/afecuc1/,XC514165.ogg,16.274263038548753,0,10.0,5.0,44100,bird,1.0
220,./kaggletest/afecuc1/,XC200575.ogg,25.965714285714284,0,0.0,5.0,44100,bird,1.0
221,./kaggletest/afecuc1/,XC200575.ogg,25.965714285714284,0,5.0,5.0,44100,bird,1.0
222,./kaggletest/afecuc1/,XC200575.ogg,25.965714285714284,0,10.0,5.0,44100,bird,1.0
223,./kaggletest/afecuc1/,XC200575.ogg,25.965714285714284,0,15.0,5.0,44100,bird,1.0
224,./kaggletest/afecuc1/,XC200575.ogg,25.965714285714284,0,20.0,5.0,44100,bird,1.0
225,./kaggletest/afecuc1/,XC115261.ogg,51.77467120181406,0,0.0,5.0,44100,bird,1.0
226,./kaggletest/afecuc1/,XC115261.ogg,51.77467120181406,0,5.0,5.0,44100,bird,1.0
227,./kaggletest/afecuc1/,XC115261.ogg,51.77467120181406,0,10.0,5.0,44100,bird,1.0
228,./kaggletest/afecuc1/,XC115261.ogg,51.77467120181406,0,15.0,5.0,44100,bird,1.0
229,./kaggletest/afecuc1/,XC115261.ogg,51.77467120181406,0,20.0,5.0,44100,bird,1.0
230,./kaggletest/afecuc1/,XC115261.ogg,51.77467120181406,0,25.0,5.0,44100,bird,1.0
231,./kaggletest/afecuc1/,XC115261.ogg,51.77467120181406,0,30.0,5.0,44100,bird,1.0
232,./kaggletest/afecuc1/,XC115261.ogg,51.77467120181406,0,35.0,5.0,44100,bird,1.0
233,./kaggletest/afecuc1/,XC115261.ogg,51.77467120181406,0,40.0,5.0,44100,bird,1.0
234,./kaggletest/afecuc1/,XC115261.ogg,51.77467120181406,0,45.0,5.0,44100,bird,1.0
235,./kaggletest/afecuc1/,XC539541.ogg,20.951995464852608,0,0.0,5.0,44100,bird,1.0
236,./kaggletest/afecuc1/,XC539541.ogg,20.951995464852608,0,5.0,5.0,44100,bird,1.0
237,./kaggletest/afecuc1/,XC539541.ogg,20.951995464852608,0,10.0,5.0,44100,bird,1.0
238,./kaggletest/afecuc1/,XC539541.ogg,20.951995464852608,0,15.0,5.0,44100,bird,1.0
239,./kaggletest/afecuc1/,XC621765.ogg,90.36,0,0.0,5.0,44100,bird,1.0
240,./kaggletest/afecuc1/,XC621765.ogg,90.36,0,5.0,5.0,44100,bird,1.0
241,./kaggletest/afecuc1/,XC621765.ogg,90.36,0,10.0,5.0,44100,bird,1.0
242,./kaggletest/afecuc1/,XC621765.ogg,90.36,0,15.0,5.0,44100,bird,1.0
243,./kaggletest/afecuc1/,XC621765.ogg,90.36,0,20.0,5.0,44100,bird,1.0
244,./kaggletest/afecuc1/,XC621765.ogg,90.36,0,25.0,5.0,44100,bird,1.0
245,./kaggletest/afecuc1/,XC621765.ogg,90.36,0,30.0,5.0,44100,bird,1.0
246,./kaggletest/afecuc1/,XC621765.ogg,90.36,0,35.0,5.0,44100,bird,1.0
247,./kaggletest/afecuc1/,XC621765.ogg,90.36,0,40.0,5.0,44100,bird,1.0
248,./kaggletest/afecuc1/,XC621765.ogg,90.36,0,45.0,5.0,44100,bird,1.0
249,./kaggletest/afecuc1/,XC621765.ogg,90.36,0,50.0,5.0,44100,bird,1.0
250,./kaggletest/afecuc1/,XC621765.ogg,90.36,0,55.0,5.0,44100,bird,1.0
251,./kaggletest/afecuc1/,XC621765.ogg,90.36,0,60.0,5.0,44100,bird,1.0
252,./kaggletest/afecuc1/,XC621765.ogg,90.36,0,65.0,5.0,44100,bird,1.0
253,./kaggletest/afecuc1/,XC621765.ogg,90.36,0,70.0,5.0,44100,bird,1.0
254,./kaggletest/afecuc1/,XC621765.ogg,90.36,0,75.0,5.0,44100,bird,1.0
255,./kaggletest/afecuc1/,XC621765.ogg,90.36,0,80.0,5.0,44100,bird,1.0
256,./kaggletest/afecuc1/,XC621765.ogg,90.36,0,85.0,5.0,44100,bird,1.0
257,./kaggletest/afecuc1/,XC514216.ogg,33.149365079365076,0,0.0,5.0,44100,bird,1.0
258,./kaggletest/afecuc1/,XC514216.ogg,33.149365079365076,0,5.0,5.0,44100,bird,1.0
259,./kaggletest/afecuc1/,XC514216.ogg,33.149365079365076,0,15.0,5.0,44100,bird,1.0
260,./kaggletest/afecuc1/,XC514216.ogg,33.149365079365076,0,20.0,5.0,44100,bird,1.0
261,./kaggletest/afecuc1/,XC514216.ogg,33.149365079365076,0,25.0,5.0,44100,bird,1.0
262,./kaggletest/afecuc1/,XC486574.ogg,39.68,0,0.0,5.0,44100,bird,1.0
263,./kaggletest/afecuc1/,XC486574.ogg,39.68,0,5.0,5.0,44100,bird,1.0
264,./kaggletest/afecuc1/,XC486574.ogg,39.68,0,10.0,5.0,44100,bird,1.0
265,./kaggletest/afecuc1/,XC486574.ogg,39.68,0,15.0,5.0,44100,bird,1.0
266,./kaggletest/afecuc1/,XC486574.ogg,39.68,0,20.0,5.0,44100,bird,1.0
267,./kaggletest/afecuc1/,XC486574.ogg,39.68,0,25.0,5.0,44100,bird,1.0
268,./kaggletest/afecuc1/,XC486574.ogg,39.68,0,30.0,5.0,44100,bird,1.0
269,./kaggletest/afecuc1/,XC285391.ogg,70.29548752834467,0,0.0,5.0,44100,bird,1.0
270,./kaggletest/afecuc1/,XC285391.ogg,70.29548752834467,0,5.0,5.0,44100,bird,1.0
271,./kaggletest/afecuc1/,XC285391.ogg,70.29548752834467,0,10.0,5.0,44100,bird,1.0
272,./kaggletest/afecuc1/,XC285391.ogg,70.29548752834467,0,15.0,5.0,44100,bird,1.0
273,./kaggletest/afecuc1/,XC285391.ogg,70.29548752834467,0,20.0,5.0,44100,bird,1.0
274,./kaggletest/afecuc1/,XC285391.ogg,70.29548752834467,0,25.0,5.0,44100,bird,1.0
275,./kaggletest/afecuc1/,XC285391.ogg,70.29548752834467,0,30.0,5.0,44100,bird,1.0
276,./kaggletest/afecuc1/,XC285391.ogg,70.29548752834467,0,35.0,5.0,44100,bird,1.0
277,./kaggletest/afecuc1/,XC285391.ogg,70.29548752834467,0,40.0,5.0,44100,bird,1.0
278,./kaggletest/afecuc1/,XC285391.ogg,70.29548752834467,0,45.0,5.0,44100,bird,1.0
279,./kaggletest/afecuc1/,XC285391.ogg,70.29548752834467,0,50.0,5.0,44100,bird,1.0
280,./kaggletest/afecuc1/,XC285391.ogg,70.29548752834467,0,55.0,5.0,44100,bird,1.0
281,./kaggletest/afecuc1/,XC285391.ogg,70.29548752834467,0,60.0,5.0,44100,bird,1.0
282,./kaggletest/afecuc1/,XC285391.ogg,70.29548752834467,0,65.0,5.0,44100,bird,1.0
283,./kaggletest/afecuc1/,XC359007.ogg,8.568140589569161,0,0.0,5.0,44100,bird,1.0
284,./kaggletest/afecuc1/,XC115262.ogg,35.18691609977324,0,0.0,5.0,44100,bird,1.0
285,./kaggletest/afecuc1/,XC115262.ogg,35.18691609977324,0,5.0,5.0,44100,bird,1.0
286,./kaggletest/afecuc1/,XC115262.ogg,35.18691609977324,0,10.0,5.0,44100,bird,1.0
287,./kaggletest/afecuc1/,XC115262.ogg,35.18691609977324,0,15.0,5.0,44100,bird,1.0
288,./kaggletest/afecuc1/,XC115262.ogg,35.18691609977324,0,25.0,5.0,44100,bird,1.0
289,./kaggletest/afecuc1/,XC115262.ogg,35.18691609977324,0,30.0,5.0,44100,bird,1.0
290,./kaggletest/afecuc1/,XC404370.ogg,28.70798185941043,0,0.0,5.0,44100,bird,1.0
291,./kaggletest/afecuc1/,XC404370.ogg,28.70798185941043,0,5.0,5.0,44100,bird,1.0
292,./kaggletest/afecuc1/,XC404370.ogg,28.70798185941043,0,10.0,5.0,44100,bird,1.0
293,./kaggletest/afecuc1/,XC404370.ogg,28.70798185941043,0,15.0,5.0,44100,bird,1.0
294,./kaggletest/afecuc1/,XC404370.ogg,28.70798185941043,0,20.0,5.0,44100,bird,1.0
295,./kaggletest/afecuc1/,XC522379.ogg,13.714263038548753,0,0.0,5.0,44100,bird,1.0
296,./kaggletest/afecuc1/,XC522379.ogg,13.714263038548753,0,5.0,5.0,44100,bird,1.0
297,./kaggletest/afecuc1/,XC399950.ogg,69.43344671201814,0,0.0,5.0,44100,bird,1.0
298,./kaggletest/afecuc1/,XC399950.ogg,69.43344671201814,0,5.0,5.0,44100,bird,1.0
299,./kaggletest/afecuc1/,XC399950.ogg,69.43344671201814,0,10.0,5.0,44100,bird,1.0
300,./kaggletest/afecuc1/,XC399950.ogg,69.43344671201814,0,15.0,5.0,44100,bird,1.0
301,./kaggletest/afecuc1/,XC399950.ogg,69.43344671201814,0,20.0,5.0,44100,bird,1.0
302,./kaggletest/afecuc1/,XC399950.ogg,69.43344671201814,0,25.0,5.0,44100,bird,1.0
303,./kaggletest/afecuc1/,XC399950.ogg,69.43344671201814,0,30.0,5.0,44100,bird,1.0
304,./kaggletest/afecuc1/,XC399950.ogg,69.43344671201814,0,35.0,5.0,44100,bird,1.0
305,./kaggletest/afecuc1/,XC399950.ogg,69.43344671201814,0,40.0,5.0,44100,bird,1.0
306,./kaggletest/afecuc1/,XC399950.ogg,69.43344671201814,0,45.0,5.0,44100,bird,1.0
307,./kaggletest/afecuc1/,XC399950.ogg,69.43344671201814,0,50.0,5.0,44100,bird,1.0
308,./kaggletest/afecuc1/,XC399950.ogg,69.43344671201814,0,55.0,5.0,44100,bird,1.0
309,./kaggletest/afecuc1/,XC399950.ogg,69.43344671201814,0,60.0,5.0,44100,bird,1.0
310,./kaggletest/afecuc1/,XC399979.ogg,83.09548752834468,0,0.0,5.0,44100,bird,1.0
311,./kaggletest/afecuc1/,XC399979.ogg,83.09548752834468,0,5.0,5.0,44100,bird,1.0
312,./kaggletest/afecuc1/,XC399979.ogg,83.09548752834468,0,10.0,5.0,44100,bird,1.0
313,./kaggletest/afecuc1/,XC399979.ogg,83.09548752834468,0,15.0,5.0,44100,bird,1.0
314,./kaggletest/afecuc1/,XC399979.ogg,83.09548752834468,0,20.0,5.0,44100,bird,1.0
315,./kaggletest/afecuc1/,XC399979.ogg,83.09548752834468,0,25.0,5.0,44100,bird,1.0
316,./kaggletest/afecuc1/,XC399979.ogg,83.09548752834468,0,30.0,5.0,44100,bird,1.0
317,./kaggletest/afecuc1/,XC399979.ogg,83.09548752834468,0,35.0,5.0,44100,bird,1.0
318,./kaggletest/afecuc1/,XC399979.ogg,83.09548752834468,0,40.0,5.0,44100,bird,1.0
319,./kaggletest/afecuc1/,XC399979.ogg,83.09548752834468,0,45.0,5.0,44100,bird,1.0
320,./kaggletest/afecuc1/,XC399979.ogg,83.09548752834468,0,50.0,5.0,44100,bird,1.0
321,./kaggletest/afecuc1/,XC399979.ogg,83.09548752834468,0,55.0,5.0,44100,bird,1.0
322,./kaggletest/afecuc1/,XC399979.ogg,83.09548752834468,0,60.0,5.0,44100,bird,1.0
323,./kaggletest/afecuc1/,XC399979.ogg,83.09548752834468,0,65.0,5.0,44100,bird,1.0
324,./kaggletest/afecuc1/,XC399979.ogg,83.09548752834468,0,70.0,5.0,44100,bird,1.0
325,./kaggletest/afecuc1/,XC399979.ogg,83.09548752834468,0,75.0,5.0,44100,bird,1.0
326,./kaggletest/afecuc1/,XC288123.ogg,23.76,0,0.0,5.0,44100,bird,1.0
327,./kaggletest/afecuc1/,XC288123.ogg,23.76,0,5.0,5.0,44100,bird,1.0
328,./kaggletest/afecuc1/,XC288123.ogg,23.76,0,10.0,5.0,44100,bird,1.0
329,./kaggletest/afecuc1/,XC288123.ogg,23.76,0,15.0,5.0,44100,bird,1.0
330,./kaggletest/afecuc1/,XC302964.ogg,52.535986394557824,0,0.0,5.0,44100,bird,1.0
331,./kaggletest/afecuc1/,XC302964.ogg,52.535986394557824,0,5.0,5.0,44100,bird,1.0
332,./kaggletest/afecuc1/,XC302964.ogg,52.535986394557824,0,10.0,5.0,44100,bird,1.0
333,./kaggletest/afecuc1/,XC302964.ogg,52.535986394557824,0,15.0,5.0,44100,bird,1.0
334,./kaggletest/afecuc1/,XC302964.ogg,52.535986394557824,0,20.0,5.0,44100,bird,1.0
335,./kaggletest/afecuc1/,XC302964.ogg,52.535986394557824,0,25.0,5.0,44100,bird,1.0
336,./kaggletest/afecuc1/,XC302964.ogg,52.535986394557824,0,30.0,5.0,44100,bird,1.0
337,./kaggletest/afecuc1/,XC302964.ogg,52.535986394557824,0,35.0,5.0,44100,bird,1.0
338,./kaggletest/afecuc1/,XC302964.ogg,52.535986394557824,0,40.0,5.0,44100,bird,1.0
339,./kaggletest/afecuc1/,XC302964.ogg,52.535986394557824,0,45.0,5.0,44100,bird,1.0
340,./kaggletest/afecuc1/,XC288081.ogg,68.04,0,0.0,5.0,44100,bird,1.0
341,./kaggletest/afecuc1/,XC288081.ogg,68.04,0,5.0,5.0,44100,bird,1.0
342,./kaggletest/afecuc1/,XC288081.ogg,68.04,0,10.0,5.0,44100,bird,1.0
343,./kaggletest/afecuc1/,XC288081.ogg,68.04,0,15.0,5.0,44100,bird,1.0
344,./kaggletest/afecuc1/,XC288081.ogg,68.04,0,20.0,5.0,44100,bird,1.0
345,./kaggletest/afecuc1/,XC288081.ogg,68.04,0,25.0,5.0,44100,bird,1.0
346,./kaggletest/afecuc1/,XC288081.ogg,68.04,0,30.0,5.0,44100,bird,1.0
347,./kaggletest/afecuc1/,XC288081.ogg,68.04,0,35.0,5.0,44100,bird,1.0
348,./kaggletest/afecuc1/,XC288081.ogg,68.04,0,40.0,5.0,44100,bird,1.0
349,./kaggletest/afecuc1/,XC288081.ogg,68.04,0,45.0,5.0,44100,bird,1.0
350,./kaggletest/afecuc1/,XC288081.ogg,68.04,0,50.0,5.0,44100,bird,1.0
351,./kaggletest/afecuc1/,XC288081.ogg,68.04,0,55.0,5.0,44100,bird,1.0
352,./kaggletest/afecuc1/,XC288081.ogg,68.04,0,60.0,5.0,44100,bird,1.0
353,./kaggletest/afecuc1/,XC498546.ogg,39.24,0,5.0,5.0,44100,bird,1.0
354,./kaggletest/afecuc1/,XC498546.ogg,39.24,0,15.0,5.0,44100,bird,1.0
355,./kaggletest/afecuc1/,XC498546.ogg,39.24,0,20.0,5.0,44100,bird,1.0
356,./kaggletest/afecuc1/,XC498546.ogg,39.24,0,25.0,5.0,44100,bird,1.0
357,./kaggletest/afecuc1/,XC498546.ogg,39.24,0,30.0,5.0,44100,bird,1.0
358,./kaggletest/afecuc1/,XC690366.ogg,33.76798185941043,0,0.0,5.0,44100,bird,1.0
359,./kaggletest/afecuc1/,XC690366.ogg,33.76798185941043,0,5.0,5.0,44100,bird,1.0
360,./kaggletest/afecuc1/,XC690366.ogg,33.76798185941043,0,10.0,5.0,44100,bird,1.0
361,./kaggletest/afecuc1/,XC690366.ogg,33.76798185941043,0,15.0,5.0,44100,bird,1.0
362,./kaggletest/afecuc1/,XC690366.ogg,33.76798185941043,0,20.0,5.0,44100,bird,1.0
363,./kaggletest/afecuc1/,XC690366.ogg,33.76798185941043,0,25.0,5.0,44100,bird,1.0
364,./kaggletest/afecuc1/,XC337884.ogg,43.440997732426304,0,0.0,5.0,44100,bird,1.0
365,./kaggletest/afecuc1/,XC337884.ogg,43.440997732426304,0,5.0,5.0,44100,bird,1.0
366,./kaggletest/afecuc1/,XC337884.ogg,43.440997732426304,0,10.0,5.0,44100,bird,1.0
367,./kaggletest/afecuc1/,XC337884.ogg,43.440997732426304,0,15.0,5.0,44100,bird,1.0
368,./kaggletest/afecuc1/,XC337884.ogg,43.440997732426304,0,20.0,5.0,44100,bird,1.0
369,./kaggletest/afecuc1/,XC337884.ogg,43.440997732426304,0,25.0,5.0,44100,bird,1.0
370,./kaggletest/afecuc1/,XC337884.ogg,43.440997732426304,0,30.0,5.0,44100,bird,1.0
371,./kaggletest/afecuc1/,XC337884.ogg,43.440997732426304,0,35.0,5.0,44100,bird,1.0
372,./kaggletest/afecuc1/,XC302962.ogg,44.06399092970521,0,5.0,5.0,44100,bird,1.0
373,./kaggletest/afecuc1/,XC302962.ogg,44.06399092970521,0,15.0,5.0,44100,bird,1.0
374,./kaggletest/afecuc1/,XC302962.ogg,44.06399092970521,0,25.0,5.0,44100,bird,1.0
375,./kaggletest/afecuc1/,XC302962.ogg,44.06399092970521,0,30.0,5.0,44100,bird,1.0
376,./kaggletest/afecuc1/,XC337885.ogg,18.15498866213152,0,0.0,5.0,44100,bird,1.0
377,./kaggletest/afecuc1/,XC337885.ogg,18.15498866213152,0,5.0,5.0,44100,bird,1.0
378,./kaggletest/afecuc1/,XC337885.ogg,18.15498866213152,0,10.0,5.0,44100,bird,1.0
379,./kaggletest/afecuc1/,XC265154.ogg,45.68814058956916,0,0.0,5.0,44100,bird,1.0
380,./kaggletest/afecuc1/,XC265154.ogg,45.68814058956916,0,5.0,5.0,44100,bird,1.0
381,./kaggletest/afecuc1/,XC265154.ogg,45.68814058956916,0,10.0,5.0,44100,bird,1.0
382,./kaggletest/afecuc1/,XC265154.ogg,45.68814058956916,0,15.0,5.0,44100,bird,1.0
383,./kaggletest/afecuc1/,XC265154.ogg,45.68814058956916,0,20.0,5.0,44100,bird,1.0
384,./kaggletest/afecuc1/,XC265154.ogg,45.68814058956916,0,30.0,5.0,44100,bird,1.0
385,./kaggletest/afecuc1/,XC265154.ogg,45.68814058956916,0,35.0,5.0,44100,bird,1.0
386,./kaggletest/afecuc1/,XC265154.ogg,45.68814058956916,0,40.0,5.0,44100,bird,1.0
387,./kaggletest/afecuc1/,XC525298.ogg,30.43199546485261,0,0.0,5.0,44100,bird,1.0
388,./kaggletest/afecuc1/,XC525298.ogg,30.43199546485261,0,5.0,5.0,44100,bird,1.0
389,./kaggletest/afecuc1/,XC525298.ogg,30.43199546485261,0,10.0,5.0,44100,bird,1.0
390,./kaggletest/afecuc1/,XC525298.ogg,30.43199546485261,0,15.0,5.0,44100,bird,1.0
391,./kaggletest/afecuc1/,XC525298.ogg,30.43199546485261,0,20.0,5.0,44100,bird,1.0
392,./kaggletest/afecuc1/,XC525298.ogg,30.43199546485261,0,25.0,5.0,44100,bird,1.0
393,./kaggletest/afecuc1/,XC125133.ogg,14.341201814058957,0,0.0,5.0,44100,bird,1.0
394,./kaggletest/afecuc1/,XC125133.ogg,14.341201814058957,0,5.0,5.0,44100,bird,1.0
395,./kaggletest/afecuc1/,XC237570.ogg,11.075895691609977,0,0.0,5.0,44100,bird,1.0
396,./kaggletest/afecuc1/,XC237570.ogg,11.075895691609977,0,5.0,5.0,44100,bird,1.0
397,./kaggletest/afecuc1/,XC237571.ogg,15.595079365079364,0,0.0,5.0,44100,bird,1.0
398,./kaggletest/afecuc1/,XC237571.ogg,15.595079365079364,0,5.0,5.0,44100,bird,1.0
399,./kaggletest/afecuc1/,XC237571.ogg,15.595079365079364,0,10.0,5.0,44100,bird,1.0
400,./kaggletest/afecuc1/,XC125132.ogg,52.19265306122449,0,0.0,5.0,44100,bird,1.0
401,./kaggletest/afecuc1/,XC125132.ogg,52.19265306122449,0,5.0,5.0,44100,bird,1.0
402,./kaggletest/afecuc1/,XC125132.ogg,52.19265306122449,0,10.0,5.0,44100,bird,1.0
403,./kaggletest/afecuc1/,XC125132.ogg,52.19265306122449,0,15.0,5.0,44100,bird,1.0
404,./kaggletest/afecuc1/,XC125132.ogg,52.19265306122449,0,20.0,5.0,44100,bird,1.0
405,./kaggletest/afecuc1/,XC125132.ogg,52.19265306122449,0,25.0,5.0,44100,bird,1.0
406,./kaggletest/afecuc1/,XC125132.ogg,52.19265306122449,0,30.0,5.0,44100,bird,1.0
407,./kaggletest/afecuc1/,XC125132.ogg,52.19265306122449,0,35.0,5.0,44100,bird,1.0
408,./kaggletest/afecuc1/,XC125132.ogg,52.19265306122449,0,40.0,5.0,44100,bird,1.0
409,./kaggletest/afecuc1/,XC125132.ogg,52.19265306122449,0,45.0,5.0,44100,bird,1.0
410,./kaggletest/afecuc1/,XC525272.ogg,22.04698412698413,0,0.0,5.0,44100,bird,1.0
411,./kaggletest/afecuc1/,XC525272.ogg,22.04698412698413,0,5.0,5.0,44100,bird,1.0
412,./kaggletest/afecuc1/,XC525272.ogg,22.04698412698413,0,10.0,5.0,44100,bird,1.0
413,./kaggletest/afecuc1/,XC525272.ogg,22.04698412698413,0,15.0,5.0,44100,bird,1.0
414,./kaggletest/afecuc1/,XC264908.ogg,56.293854875283444,0,0.0,5.0,44100,bird,1.0
415,./kaggletest/afecuc1/,XC264908.ogg,56.293854875283444,0,10.0,5.0,44100,bird,1.0
416,./kaggletest/afecuc1/,XC264908.ogg,56.293854875283444,0,20.0,5.0,44100,bird,1.0
417,./kaggletest/afecuc1/,XC264908.ogg,56.293854875283444,0,25.0,5.0,44100,bird,1.0
418,./kaggletest/afecuc1/,XC264908.ogg,56.293854875283444,0,30.0,5.0,44100,bird,1.0
419,./kaggletest/afecuc1/,XC264908.ogg,56.293854875283444,0,35.0,5.0,44100,bird,1.0
420,./kaggletest/afecuc1/,XC264908.ogg,56.293854875283444,0,40.0,5.0,44100,bird,1.0
421,./kaggletest/afecuc1/,XC264908.ogg,56.293854875283444,0,45.0,5.0,44100,bird,1.0
422,./kaggletest/afecuc1/,XC264908.ogg,56.293854875283444,0,50.0,5.0,44100,bird,1.0
423,./kaggletest/afecuc1/,XC692106.ogg,72.55199546485261,0,0.0,5.0,44100,bird,1.0
424,./kaggletest/afecuc1/,XC692106.ogg,72.55199546485261,0,5.0,5.0,44100,bird,1.0
425,./kaggletest/afecuc1/,XC692106.ogg,72.55199546485261,0,10.0,5.0,44100,bird,1.0
426,./kaggletest/afecuc1/,XC692106.ogg,72.55199546485261,0,15.0,5.0,44100,bird,1.0
427,./kaggletest/afecuc1/,XC692106.ogg,72.55199546485261,0,20.0,5.0,44100,bird,1.0
428,./kaggletest/afecuc1/,XC692106.ogg,72.55199546485261,0,25.0,5.0,44100,bird,1.0
429,./kaggletest/afecuc1/,XC692106.ogg,72.55199546485261,0,30.0,5.0,44100,bird,1.0
430,./kaggletest/afecuc1/,XC692106.ogg,72.55199546485261,0,35.0,5.0,44100,bird,1.0
431,./kaggletest/afecuc1/,XC692106.ogg,72.55199546485261,0,40.0,5.0,44100,bird,1.0
432,./kaggletest/afecuc1/,XC692106.ogg,72.55199546485261,0,45.0,5.0,44100,bird,1.0
433,./kaggletest/afecuc1/,XC692106.ogg,72.55199546485261,0,50.0,5.0,44100,bird,1.0
434,./kaggletest/afecuc1/,XC692106.ogg,72.55199546485261,0,55.0,5.0,44100,bird,1.0
435,./kaggletest/afecuc1/,XC692106.ogg,72.55199546485261,0,60.0,5.0,44100,bird,1.0
436,./kaggletest/afecuc1/,XC692106.ogg,72.55199546485261,0,65.0,5.0,44100,bird,1.0
437,./kaggletest/afecuc1/,XC514296.ogg,12.538775510204081,0,0.0,5.0,44100,bird,1.0
438,./kaggletest/afecuc1/,XC514296.ogg,12.538775510204081,0,5.0,5.0,44100,bird,1.0
439,./kaggletest/afecuc1/,XC266329.ogg,47.76,0,0.0,5.0,44100,bird,1.0
440,./kaggletest/afecuc1/,XC266329.ogg,47.76,0,5.0,5.0,44100,bird,1.0
441,./kaggletest/afecuc1/,XC266329.ogg,47.76,0,10.0,5.0,44100,bird,1.0
442,./kaggletest/afecuc1/,XC266329.ogg,47.76,0,15.0,5.0,44100,bird,1.0
443,./kaggletest/afecuc1/,XC266329.ogg,47.76,0,20.0,5.0,44100,bird,1.0
444,./kaggletest/afecuc1/,XC266329.ogg,47.76,0,25.0,5.0,44100,bird,1.0
445,./kaggletest/afecuc1/,XC266329.ogg,47.76,0,30.0,5.0,44100,bird,1.0
446,./kaggletest/afecuc1/,XC266329.ogg,47.76,0,35.0,5.0,44100,bird,1.0
447,./kaggletest/afecuc1/,XC266329.ogg,47.76,0,40.0,5.0,44100,bird,1.0
448,./kaggletest/afecuc1/,XC460517.ogg,23.17061224489796,0,0.0,5.0,44100,bird,1.0
449,./kaggletest/afecuc1/,XC460517.ogg,23.17061224489796,0,5.0,5.0,44100,bird,1.0
450,./kaggletest/afecuc1/,XC460517.ogg,23.17061224489796,0,10.0,5.0,44100,bird,1.0
451,./kaggletest/afecuc1/,XC460517.ogg,23.17061224489796,0,15.0,5.0,44100,bird,1.0
452,./kaggletest/afecuc1/,XC169673.ogg,27.559183673469388,0,0.0,5.0,44100,bird,1.0
453,./kaggletest/afecuc1/,XC169673.ogg,27.559183673469388,0,5.0,5.0,44100,bird,1.0
454,./kaggletest/afecuc1/,XC169673.ogg,27.559183673469388,0,10.0,5.0,44100,bird,1.0
455,./kaggletest/afecuc1/,XC169673.ogg,27.559183673469388,0,15.0,5.0,44100,bird,1.0
456,./kaggletest/afecuc1/,XC169673.ogg,27.559183673469388,0,20.0,5.0,44100,bird,1.0
457,./kaggletest/afecuc1/,XC396810.ogg,22.62201814058957,0,0.0,5.0,44100,bird,1.0
458,./kaggletest/afecuc1/,XC396810.ogg,22.62201814058957,0,5.0,5.0,44100,bird,1.0
459,./kaggletest/afecuc1/,XC396810.ogg,22.62201814058957,0,10.0,5.0,44100,bird,1.0
460,./kaggletest/afecuc1/,XC396810.ogg,22.62201814058957,0,15.0,5.0,44100,bird,1.0
461,./kaggletest/afecuc1/,XC350089.ogg,31.399183673469388,0,0.0,5.0,44100,bird,1.0
462,./kaggletest/afecuc1/,XC350089.ogg,31.399183673469388,0,5.0,5.0,44100,bird,1.0
463,./kaggletest/afecuc1/,XC350089.ogg,31.399183673469388,0,10.0,5.0,44100,bird,1.0
464,./kaggletest/afecuc1/,XC350089.ogg,31.399183673469388,0,15.0,5.0,44100,bird,1.0
465,./kaggletest/afecuc1/,XC350089.ogg,31.399183673469388,0,20.0,5.0,44100,bird,1.0
466,./kaggletest/afecuc1/,XC350089.ogg,31.399183673469388,0,25.0,5.0,44100,bird,1.0
467,./kaggletest/afecuc1/,XC396811.ogg,8.124081632653061,0,0.0,5.0,44100,bird,1.0
468,./kaggletest/afecuc1/,XC125134.ogg,14.053854875283447,0,0.0,5.0,44100,bird,1.0
469,./kaggletest/afecuc1/,XC125134.ogg,14.053854875283447,0,5.0,5.0,44100,bird,1.0
470,./kaggletest/afecuc1/,XC265153.ogg,52.50612244897959,0,5.0,5.0,44100,bird,1.0
471,./kaggletest/afecuc1/,XC265153.ogg,52.50612244897959,0,25.0,5.0,44100,bird,1.0
472,./kaggletest/afecuc1/,XC265153.ogg,52.50612244897959,0,45.0,5.0,44100,bird,1.0
473,./kaggletest/afecuc1/,XC397448.ogg,13.165714285714285,0,0.0,5.0,44100,bird,1.0
474,./kaggletest/afecuc1/,XC397448.ogg,13.165714285714285,0,5.0,5.0,44100,bird,1.0
475,./kaggletest/afecuc1/,XC348764.ogg,96.28698412698412,0,0.0,5.0,44100,bird,1.0
476,./kaggletest/afecuc1/,XC348764.ogg,96.28698412698412,0,5.0,5.0,44100,bird,1.0
477,./kaggletest/afecuc1/,XC348764.ogg,96.28698412698412,0,10.0,5.0,44100,bird,1.0
478,./kaggletest/afecuc1/,XC348764.ogg,96.28698412698412,0,15.0,5.0,44100,bird,1.0
479,./kaggletest/afecuc1/,XC348764.ogg,96.28698412698412,0,20.0,5.0,44100,bird,1.0
480,./kaggletest/afecuc1/,XC348764.ogg,96.28698412698412,0,25.0,5.0,44100,bird,1.0
481,./kaggletest/afecuc1/,XC348764.ogg,96.28698412698412,0,30.0,5.0,44100,bird,1.0
482,./kaggletest/afecuc1/,XC348764.ogg,96.28698412698412,0,35.0,5.0,44100,bird,1.0
483,./kaggletest/afecuc1/,XC348764.ogg,96.28698412698412,0,40.0,5.0,44100,bird,1.0
484,./kaggletest/afecuc1/,XC348764.ogg,96.28698412698412,0,45.0,5.0,44100,bird,1.0
485,./kaggletest/afecuc1/,XC348764.ogg,96.28698412698412,0,50.0,5.0,44100,bird,1.0
486,./kaggletest/afecuc1/,XC348764.ogg,96.28698412698412,0,55.0,5.0,44100,bird,1.0
487,./kaggletest/afecuc1/,XC348764.ogg,96.28698412698412,0,60.0,5.0,44100,bird,1.0
488,./kaggletest/afecuc1/,XC348764.ogg,96.28698412698412,0,65.0,5.0,44100,bird,1.0
489,./kaggletest/afecuc1/,XC348764.ogg,96.28698412698412,0,70.0,5.0,44100,bird,1.0
490,./kaggletest/afecuc1/,XC348764.ogg,96.28698412698412,0,75.0,5.0,44100,bird,1.0
491,./kaggletest/afecuc1/,XC348764.ogg,96.28698412698412,0,80.0,5.0,44100,bird,1.0
492,./kaggletest/afecuc1/,XC348764.ogg,96.28698412698412,0,85.0,5.0,44100,bird,1.0
493,./kaggletest/afecuc1/,XC348764.ogg,96.28698412698412,0,90.0,5.0,44100,bird,1.0
494,./kaggletest/afecuc1/,XC524395.ogg,10.13498866213152,0,0.0,5.0,44100,bird,1.0
495,./kaggletest/afecuc1/,XC524395.ogg,10.13498866213152,0,5.0,5.0,44100,bird,1.0
496,./kaggletest/afecuc1/,XC422280.ogg,72.46367346938776,0,0.0,5.0,44100,bird,1.0
497,./kaggletest/afecuc1/,XC422280.ogg,72.46367346938776,0,5.0,5.0,44100,bird,1.0
498,./kaggletest/afecuc1/,XC422280.ogg,72.46367346938776,0,10.0,5.0,44100,bird,1.0
499,./kaggletest/afecuc1/,XC422280.ogg,72.46367346938776,0,15.0,5.0,44100,bird,1.0
500,./kaggletest/afecuc1/,XC422280.ogg,72.46367346938776,0,20.0,5.0,44100,bird,1.0
501,./kaggletest/afecuc1/,XC422280.ogg,72.46367346938776,0,25.0,5.0,44100,bird,1.0
502,./kaggletest/afecuc1/,XC422280.ogg,72.46367346938776,0,30.0,5.0,44100,bird,1.0
503,./kaggletest/afecuc1/,XC422280.ogg,72.46367346938776,0,35.0,5.0,44100,bird,1.0
504,./kaggletest/afecuc1/,XC422280.ogg,72.46367346938776,0,40.0,5.0,44100,bird,1.0
505,./kaggletest/afecuc1/,XC422280.ogg,72.46367346938776,0,45.0,5.0,44100,bird,1.0
506,./kaggletest/afecuc1/,XC422280.ogg,72.46367346938776,0,50.0,5.0,44100,bird,1.0
507,./kaggletest/afecuc1/,XC422280.ogg,72.46367346938776,0,55.0,5.0,44100,bird,1.0
508,./kaggletest/afecuc1/,XC422280.ogg,72.46367346938776,0,60.0,5.0,44100,bird,1.0
509,./kaggletest/afecuc1/,XC422280.ogg,72.46367346938776,0,65.0,5.0,44100,bird,1.0
510,./kaggletest/afecuc1/,XC334108.ogg,129.0709977324263,0,0.0,5.0,44100,bird,1.0
511,./kaggletest/afecuc1/,XC334108.ogg,129.0709977324263,0,5.0,5.0,44100,bird,1.0
512,./kaggletest/afecuc1/,XC334108.ogg,129.0709977324263,0,10.0,5.0,44100,bird,1.0
513,./kaggletest/afecuc1/,XC334108.ogg,129.0709977324263,0,15.0,5.0,44100,bird,1.0
514,./kaggletest/afecuc1/,XC334108.ogg,129.0709977324263,0,20.0,5.0,44100,bird,1.0
515,./kaggletest/afecuc1/,XC334108.ogg,129.0709977324263,0,25.0,5.0,44100,bird,1.0
516,./kaggletest/afecuc1/,XC334108.ogg,129.0709977324263,0,30.0,5.0,44100,bird,1.0
517,./kaggletest/afecuc1/,XC334108.ogg,129.0709977324263,0,35.0,5.0,44100,bird,1.0
518,./kaggletest/afecuc1/,XC334108.ogg,129.0709977324263,0,40.0,5.0,44100,bird,1.0
519,./kaggletest/afecuc1/,XC334108.ogg,129.0709977324263,0,45.0,5.0,44100,bird,1.0
520,./kaggletest/afecuc1/,XC334108.ogg,129.0709977324263,0,50.0,5.0,44100,bird,1.0
521,./kaggletest/afecuc1/,XC334108.ogg,129.0709977324263,0,55.0,5.0,44100,bird,1.0
522,./kaggletest/afecuc1/,XC334108.ogg,129.0709977324263,0,60.0,5.0,44100,bird,1.0
523,./kaggletest/afecuc1/,XC334108.ogg,129.0709977324263,0,65.0,5.0,44100,bird,1.0
524,./kaggletest/afecuc1/,XC334108.ogg,129.0709977324263,0,70.0,5.0,44100,bird,1.0
525,./kaggletest/afecuc1/,XC334108.ogg,129.0709977324263,0,75.0,5.0,44100,bird,1.0
526,./kaggletest/afecuc1/,XC334108.ogg,129.0709977324263,0,85.0,5.0,44100,bird,1.0
527,./kaggletest/afecuc1/,XC334108.ogg,129.0709977324263,0,90.0,5.0,44100,bird,1.0
528,./kaggletest/afecuc1/,XC334108.ogg,129.0709977324263,0,95.0,5.0,44100,bird,1.0
529,./kaggletest/afecuc1/,XC334108.ogg,129.0709977324263,0,100.0,5.0,44100,bird,1.0
530,./kaggletest/afecuc1/,XC334108.ogg,129.0709977324263,0,105.0,5.0,44100,bird,1.0
531,./kaggletest/afecuc1/,XC334108.ogg,129.0709977324263,0,115.0,5.0,44100,bird,1.0
532,./kaggletest/afecuc1/,XC334108.ogg,129.0709977324263,0,120.0,5.0,44100,bird,1.0
533,./kaggletest/afecuc1/,XC336131.ogg,40.01959183673469,0,0.0,5.0,44100,bird,1.0
534,./kaggletest/afecuc1/,XC336131.ogg,40.01959183673469,0,5.0,5.0,44100,bird,1.0
535,./kaggletest/afecuc1/,XC336131.ogg,40.01959183673469,0,10.0,5.0,44100,bird,1.0
536,./kaggletest/afecuc1/,XC336131.ogg,40.01959183673469,0,20.0,5.0,44100,bird,1.0
537,./kaggletest/afecuc1/,XC336131.ogg,40.01959183673469,0,25.0,5.0,44100,bird,1.0
538,./kaggletest/afecuc1/,XC336131.ogg,40.01959183673469,0,30.0,5.0,44100,bird,1.0
539,./kaggletest/afecuc1/,XC336131.ogg,40.01959183673469,0,35.0,5.0,44100,bird,1.0
540,./kaggletest/afecuc1/,XC157007.ogg,12.068548752834467,0,0.0,5.0,44100,bird,1.0
541,./kaggletest/afecuc1/,XC157007.ogg,12.068548752834467,0,5.0,5.0,44100,bird,1.0
542,./kaggletest/afecuc1/,XC137080.ogg,13.007981859410432,0,0.0,5.0,44100,bird,1.0
543,./kaggletest/afecuc1/,XC137080.ogg,13.007981859410432,0,5.0,5.0,44100,bird,1.0
544,./kaggletest/afecuc1/,XC460515.ogg,31.190204081632654,0,0.0,5.0,44100,bird,1.0
545,./kaggletest/afecuc1/,XC460515.ogg,31.190204081632654,0,5.0,5.0,44100,bird,1.0
546,./kaggletest/afecuc1/,XC460515.ogg,31.190204081632654,0,10.0,5.0,44100,bird,1.0
547,./kaggletest/afecuc1/,XC460515.ogg,31.190204081632654,0,15.0,5.0,44100,bird,1.0
548,./kaggletest/afecuc1/,XC460515.ogg,31.190204081632654,0,20.0,5.0,44100,bird,1.0
549,./kaggletest/afecuc1/,XC460515.ogg,31.190204081632654,0,25.0,5.0,44100,bird,1.0
550,./kaggletest/afecuc1/,XC524394.ogg,48.926984126984124,0,0.0,5.0,44100,bird,1.0
551,./kaggletest/afecuc1/,XC524394.ogg,48.926984126984124,0,5.0,5.0,44100,bird,1.0
552,./kaggletest/afecuc1/,XC524394.ogg,48.926984126984124,0,10.0,5.0,44100,bird,1.0
553,./kaggletest/afecuc1/,XC524394.ogg,48.926984126984124,0,15.0,5.0,44100,bird,1.0
554,./kaggletest/afecuc1/,XC524394.ogg,48.926984126984124,0,20.0,5.0,44100,bird,1.0
555,./kaggletest/afecuc1/,XC524394.ogg,48.926984126984124,0,25.0,5.0,44100,bird,1.0
556,./kaggletest/afecuc1/,XC524394.ogg,48.926984126984124,0,30.0,5.0,44100,bird,1.0
557,./kaggletest/afecuc1/,XC524394.ogg,48.926984126984124,0,35.0,5.0,44100,bird,1.0
558,./kaggletest/afecuc1/,XC524394.ogg,48.926984126984124,0,40.0,5.0,44100,bird,1.0
