,FOLDER,IN FILE,CLIP LENGTH,CHANNEL,OFFSET,DURATION,SAMPLE RATE,MANUAL ID,CONFIDENCE
0,./kaggletest/afghor1/,XC460849.ogg,31.241995464852607,0,0.0,5.0,44100,bird,1.0
1,./kaggletest/afghor1/,XC460849.ogg,31.241995464852607,0,5.0,5.0,44100,bird,1.0
2,./kaggletest/afghor1/,XC460849.ogg,31.241995464852607,0,10.0,5.0,44100,bird,1.0
3,./kaggletest/afghor1/,XC460849.ogg,31.241995464852607,0,15.0,5.0,44100,bird,1.0
4,./kaggletest/afghor1/,XC460849.ogg,31.241995464852607,0,20.0,5.0,44100,bird,1.0
5,./kaggletest/afghor1/,XC460849.ogg,31.241995464852607,0,25.0,5.0,44100,bird,1.0
6,./kaggletest/afghor1/,XC460848.ogg,10.970997732426303,0,0.0,5.0,44100,bird,1.0
7,./kaggletest/afghor1/,XC460848.ogg,10.970997732426303,0,5.0,5.0,44100,bird,1.0
8,./kaggletest/afghor1/,XC402149.ogg,12.335986394557823,0,0.0,5.0,44100,bird,1.0
9,./kaggletest/afghor1/,XC402149.ogg,12.335986394557823,0,5.0,5.0,44100,bird,1.0
10,./kaggletest/afghor1/,XC697063.ogg,25.33798185941043,0,0.0,5.0,44100,bird,1.0
11,./kaggletest/afghor1/,XC697063.ogg,25.33798185941043,0,5.0,5.0,44100,bird,1.0
12,./kaggletest/afghor1/,XC697063.ogg,25.33798185941043,0,10.0,5.0,44100,bird,1.0
13,./kaggletest/afghor1/,XC697063.ogg,25.33798185941043,0,15.0,5.0,44100,bird,1.0
14,./kaggletest/afghor1/,XC697063.ogg,25.33798185941043,0,20.0,5.0,44100,bird,1.0
15,./kaggletest/afghor1/,XC722829.ogg,142.8,0,0.0,5.0,44100,bird,1.0
16,./kaggletest/afghor1/,XC722829.ogg,142.8,0,5.0,5.0,44100,bird,1.0
17,./kaggletest/afghor1/,XC722829.ogg,142.8,0,10.0,5.0,44100,bird,1.0
18,./kaggletest/afghor1/,XC722829.ogg,142.8,0,15.0,5.0,44100,bird,1.0
19,./kaggletest/afghor1/,XC722829.ogg,142.8,0,25.0,5.0,44100,bird,1.0
20,./kaggletest/afghor1/,XC722829.ogg,142.8,0,30.0,5.0,44100,bird,1.0
21,./kaggletest/afghor1/,XC722829.ogg,142.8,0,35.0,5.0,44100,bird,1.0
22,./kaggletest/afghor1/,XC722829.ogg,142.8,0,55.0,5.0,44100,bird,1.0
23,./kaggletest/afghor1/,XC722829.ogg,142.8,0,60.0,5.0,44100,bird,1.0
24,./kaggletest/afghor1/,XC722829.ogg,142.8,0,65.0,5.0,44100,bird,1.0
25,./kaggletest/afghor1/,XC722829.ogg,142.8,0,70.0,5.0,44100,bird,1.0
26,./kaggletest/afghor1/,XC722829.ogg,142.8,0,95.0,5.0,44100,bird,1.0
27,./kaggletest/afghor1/,XC722829.ogg,142.8,0,100.0,5.0,44100,bird,1.0
28,./kaggletest/afghor1/,XC722829.ogg,142.8,0,105.0,5.0,44100,bird,1.0
29,./kaggletest/afghor1/,XC722829.ogg,142.8,0,110.0,5.0,44100,bird,1.0
30,./kaggletest/afghor1/,XC722829.ogg,142.8,0,120.0,5.0,44100,bird,1.0
31,./kaggletest/afghor1/,XC722829.ogg,142.8,0,125.0,5.0,44100,bird,1.0
32,./kaggletest/afghor1/,XC722829.ogg,142.8,0,130.0,5.0,44100,bird,1.0
33,./kaggletest/afghor1/,XC360437.ogg,16.22201814058957,0,5.0,5.0,44100,bird,1.0
34,./kaggletest/afghor1/,XC360437.ogg,16.22201814058957,0,10.0,5.0,44100,bird,1.0
35,./kaggletest/afghor1/,XC56586.ogg,9.586916099773243,0,0.0,5.0,44100,bird,1.0
36,./kaggletest/afghor1/,XC476156.ogg,45.81798185941043,0,0.0,5.0,44100,bird,1.0
37,./kaggletest/afghor1/,XC476156.ogg,45.81798185941043,0,5.0,5.0,44100,bird,1.0
38,./kaggletest/afghor1/,XC476156.ogg,45.81798185941043,0,10.0,5.0,44100,bird,1.0
39,./kaggletest/afghor1/,XC476156.ogg,45.81798185941043,0,15.0,5.0,44100,bird,1.0
40,./kaggletest/afghor1/,XC476156.ogg,45.81798185941043,0,20.0,5.0,44100,bird,1.0
41,./kaggletest/afghor1/,XC476156.ogg,45.81798185941043,0,25.0,5.0,44100,bird,1.0
42,./kaggletest/afghor1/,XC476156.ogg,45.81798185941043,0,30.0,5.0,44100,bird,1.0
43,./kaggletest/afghor1/,XC476156.ogg,45.81798185941043,0,35.0,5.0,44100,bird,1.0
44,./kaggletest/afghor1/,XC476156.ogg,45.81798185941043,0,40.0,5.0,44100,bird,1.0
45,./kaggletest/afghor1/,XC476618.ogg,21.732993197278912,0,0.0,5.0,44100,bird,1.0
46,./kaggletest/afghor1/,XC476618.ogg,21.732993197278912,0,5.0,5.0,44100,bird,1.0
47,./kaggletest/afghor1/,XC476618.ogg,21.732993197278912,0,10.0,5.0,44100,bird,1.0
48,./kaggletest/afghor1/,XC476618.ogg,21.732993197278912,0,15.0,5.0,44100,bird,1.0
49,./kaggletest/afghor1/,XC283019.ogg,26.44798185941043,0,0.0,5.0,44100,bird,1.0
50,./kaggletest/afghor1/,XC283019.ogg,26.44798185941043,0,5.0,5.0,44100,bird,1.0
51,./kaggletest/afghor1/,XC283019.ogg,26.44798185941043,0,10.0,5.0,44100,bird,1.0
52,./kaggletest/afghor1/,XC283019.ogg,26.44798185941043,0,15.0,5.0,44100,bird,1.0
53,./kaggletest/afghor1/,XC283019.ogg,26.44798185941043,0,20.0,5.0,44100,bird,1.0
54,./kaggletest/afghor1/,XC169690.ogg,11.154263038548752,0,0.0,5.0,44100,bird,1.0
55,./kaggletest/afghor1/,XC169690.ogg,11.154263038548752,0,5.0,5.0,44100,bird,1.0
56,./kaggletest/afghor1/,XC246634.ogg,88.11102040816327,0,5.0,5.0,44100,bird,1.0
57,./kaggletest/afghor1/,XC246634.ogg,88.11102040816327,0,55.0,5.0,44100,bird,1.0
58,./kaggletest/afghor1/,XC400189.ogg,19.2,0,0.0,5.0,44100,bird,1.0
59,./kaggletest/afghor1/,XC400189.ogg,19.2,0,5.0,5.0,44100,bird,1.0
60,./kaggletest/afghor1/,XC400189.ogg,19.2,0,10.0,5.0,44100,bird,1.0
61,./kaggletest/afghor1/,XC289284.ogg,126.45877551020408,0,0.0,5.0,44100,bird,1.0
62,./kaggletest/afghor1/,XC289284.ogg,126.45877551020408,0,5.0,5.0,44100,bird,1.0
63,./kaggletest/afghor1/,XC289284.ogg,126.45877551020408,0,10.0,5.0,44100,bird,1.0
64,./kaggletest/afghor1/,XC289284.ogg,126.45877551020408,0,15.0,5.0,44100,bird,1.0
65,./kaggletest/afghor1/,XC289284.ogg,126.45877551020408,0,20.0,5.0,44100,bird,1.0
66,./kaggletest/afghor1/,XC289284.ogg,126.45877551020408,0,25.0,5.0,44100,bird,1.0
67,./kaggletest/afghor1/,XC289284.ogg,126.45877551020408,0,30.0,5.0,44100,bird,1.0
68,./kaggletest/afghor1/,XC289284.ogg,126.45877551020408,0,35.0,5.0,44100,bird,1.0
69,./kaggletest/afghor1/,XC289284.ogg,126.45877551020408,0,40.0,5.0,44100,bird,1.0
70,./kaggletest/afghor1/,XC289284.ogg,126.45877551020408,0,45.0,5.0,44100,bird,1.0
71,./kaggletest/afghor1/,XC289284.ogg,126.45877551020408,0,50.0,5.0,44100,bird,1.0
72,./kaggletest/afghor1/,XC289284.ogg,126.45877551020408,0,55.0,5.0,44100,bird,1.0
73,./kaggletest/afghor1/,XC289284.ogg,126.45877551020408,0,60.0,5.0,44100,bird,1.0
74,./kaggletest/afghor1/,XC289284.ogg,126.45877551020408,0,65.0,5.0,44100,bird,1.0
75,./kaggletest/afghor1/,XC289284.ogg,126.45877551020408,0,70.0,5.0,44100,bird,1.0
76,./kaggletest/afghor1/,XC289284.ogg,126.45877551020408,0,75.0,5.0,44100,bird,1.0
77,./kaggletest/afghor1/,XC289284.ogg,126.45877551020408,0,80.0,5.0,44100,bird,1.0
78,./kaggletest/afghor1/,XC289284.ogg,126.45877551020408,0,85.0,5.0,44100,bird,1.0
79,./kaggletest/afghor1/,XC289284.ogg,126.45877551020408,0,90.0,5.0,44100,bird,1.0
80,./kaggletest/afghor1/,XC289284.ogg,126.45877551020408,0,95.0,5.0,44100,bird,1.0
81,./kaggletest/afghor1/,XC289284.ogg,126.45877551020408,0,100.0,5.0,44100,bird,1.0
82,./kaggletest/afghor1/,XC289284.ogg,126.45877551020408,0,105.0,5.0,44100,bird,1.0
83,./kaggletest/afghor1/,XC289284.ogg,126.45877551020408,0,110.0,5.0,44100,bird,1.0
84,./kaggletest/afghor1/,XC289284.ogg,126.45877551020408,0,115.0,5.0,44100,bird,1.0
85,./kaggletest/afghor1/,XC289284.ogg,126.45877551020408,0,120.0,5.0,44100,bird,1.0
86,./kaggletest/afghor1/,XC531787.ogg,33.25299319727891,0,0.0,5.0,44100,bird,1.0
87,./kaggletest/afghor1/,XC531787.ogg,33.25299319727891,0,5.0,5.0,44100,bird,1.0
88,./kaggletest/afghor1/,XC531787.ogg,33.25299319727891,0,15.0,5.0,44100,bird,1.0
89,./kaggletest/afghor1/,XC531787.ogg,33.25299319727891,0,20.0,5.0,44100,bird,1.0
90,./kaggletest/afghor1/,XC531787.ogg,33.25299319727891,0,25.0,5.0,44100,bird,1.0
91,./kaggletest/afghor1/,XC351014.ogg,25.31265306122449,0,0.0,5.0,44100,bird,1.0
92,./kaggletest/afghor1/,XC351014.ogg,25.31265306122449,0,5.0,5.0,44100,bird,1.0
93,./kaggletest/afghor1/,XC351014.ogg,25.31265306122449,0,10.0,5.0,44100,bird,1.0
94,./kaggletest/afghor1/,XC351014.ogg,25.31265306122449,0,15.0,5.0,44100,bird,1.0
95,./kaggletest/afghor1/,XC351014.ogg,25.31265306122449,0,20.0,5.0,44100,bird,1.0
96,./kaggletest/afghor1/,XC317041.ogg,89.80895691609977,0,0.0,5.0,44100,bird,1.0
97,./kaggletest/afghor1/,XC317041.ogg,89.80895691609977,0,10.0,5.0,44100,bird,1.0
98,./kaggletest/afghor1/,XC317041.ogg,89.80895691609977,0,15.0,5.0,44100,bird,1.0
99,./kaggletest/afghor1/,XC317041.ogg,89.80895691609977,0,25.0,5.0,44100,bird,1.0
100,./kaggletest/afghor1/,XC317041.ogg,89.80895691609977,0,30.0,5.0,44100,bird,1.0
101,./kaggletest/afghor1/,XC317041.ogg,89.80895691609977,0,55.0,5.0,44100,bird,1.0
102,./kaggletest/afghor1/,XC317041.ogg,89.80895691609977,0,65.0,5.0,44100,bird,1.0
103,./kaggletest/afghor1/,XC317041.ogg,89.80895691609977,0,70.0,5.0,44100,bird,1.0
104,./kaggletest/afghor1/,XC317041.ogg,89.80895691609977,0,75.0,5.0,44100,bird,1.0
105,./kaggletest/afghor1/,XC317041.ogg,89.80895691609977,0,80.0,5.0,44100,bird,1.0
106,./kaggletest/afghor1/,XC460482.ogg,51.071995464852606,0,0.0,5.0,44100,bird,1.0
107,./kaggletest/afghor1/,XC460482.ogg,51.071995464852606,0,5.0,5.0,44100,bird,1.0
108,./kaggletest/afghor1/,XC460482.ogg,51.071995464852606,0,10.0,5.0,44100,bird,1.0
109,./kaggletest/afghor1/,XC460482.ogg,51.071995464852606,0,15.0,5.0,44100,bird,1.0
110,./kaggletest/afghor1/,XC460482.ogg,51.071995464852606,0,20.0,5.0,44100,bird,1.0
111,./kaggletest/afghor1/,XC460482.ogg,51.071995464852606,0,25.0,5.0,44100,bird,1.0
112,./kaggletest/afghor1/,XC460482.ogg,51.071995464852606,0,30.0,5.0,44100,bird,1.0
113,./kaggletest/afghor1/,XC460482.ogg,51.071995464852606,0,35.0,5.0,44100,bird,1.0
114,./kaggletest/afghor1/,XC460482.ogg,51.071995464852606,0,40.0,5.0,44100,bird,1.0
115,./kaggletest/afghor1/,XC460482.ogg,51.071995464852606,0,45.0,5.0,44100,bird,1.0
116,./kaggletest/afghor1/,XC194520.ogg,76.77385487528345,0,0.0,5.0,44100,bird,1.0
117,./kaggletest/afghor1/,XC194520.ogg,76.77385487528345,0,5.0,5.0,44100,bird,1.0
118,./kaggletest/afghor1/,XC194520.ogg,76.77385487528345,0,10.0,5.0,44100,bird,1.0
119,./kaggletest/afghor1/,XC194520.ogg,76.77385487528345,0,15.0,5.0,44100,bird,1.0
120,./kaggletest/afghor1/,XC194520.ogg,76.77385487528345,0,25.0,5.0,44100,bird,1.0
121,./kaggletest/afghor1/,XC194520.ogg,76.77385487528345,0,35.0,5.0,44100,bird,1.0
122,./kaggletest/afghor1/,XC194520.ogg,76.77385487528345,0,40.0,5.0,44100,bird,1.0
123,./kaggletest/afghor1/,XC194520.ogg,76.77385487528345,0,45.0,5.0,44100,bird,1.0
124,./kaggletest/afghor1/,XC194520.ogg,76.77385487528345,0,50.0,5.0,44100,bird,1.0
125,./kaggletest/afghor1/,XC194520.ogg,76.77385487528345,0,55.0,5.0,44100,bird,1.0
126,./kaggletest/afghor1/,XC194520.ogg,76.77385487528345,0,60.0,5.0,44100,bird,1.0
127,./kaggletest/afghor1/,XC194520.ogg,76.77385487528345,0,65.0,5.0,44100,bird,1.0
128,./kaggletest/afghor1/,XC194520.ogg,76.77385487528345,0,70.0,5.0,44100,bird,1.0
129,./kaggletest/afghor1/,XC297425.ogg,38.03426303854875,0,0.0,5.0,44100,bird,1.0
130,./kaggletest/afghor1/,XC297425.ogg,38.03426303854875,0,5.0,5.0,44100,bird,1.0
131,./kaggletest/afghor1/,XC297425.ogg,38.03426303854875,0,10.0,5.0,44100,bird,1.0
132,./kaggletest/afghor1/,XC297425.ogg,38.03426303854875,0,15.0,5.0,44100,bird,1.0
133,./kaggletest/afghor1/,XC297425.ogg,38.03426303854875,0,20.0,5.0,44100,bird,1.0
134,./kaggletest/afghor1/,XC297425.ogg,38.03426303854875,0,25.0,5.0,44100,bird,1.0
135,./kaggletest/afghor1/,XC297425.ogg,38.03426303854875,0,30.0,5.0,44100,bird,1.0
136,./kaggletest/afghor1/,XC357012.ogg,52.34897959183674,0,0.0,5.0,44100,bird,1.0
137,./kaggletest/afghor1/,XC357012.ogg,52.34897959183674,0,5.0,5.0,44100,bird,1.0
138,./kaggletest/afghor1/,XC357012.ogg,52.34897959183674,0,10.0,5.0,44100,bird,1.0
139,./kaggletest/afghor1/,XC357012.ogg,52.34897959183674,0,15.0,5.0,44100,bird,1.0
140,./kaggletest/afghor1/,XC357012.ogg,52.34897959183674,0,20.0,5.0,44100,bird,1.0
141,./kaggletest/afghor1/,XC357012.ogg,52.34897959183674,0,25.0,5.0,44100,bird,1.0
142,./kaggletest/afghor1/,XC357012.ogg,52.34897959183674,0,30.0,5.0,44100,bird,1.0
143,./kaggletest/afghor1/,XC357012.ogg,52.34897959183674,0,35.0,5.0,44100,bird,1.0
144,./kaggletest/afghor1/,XC357012.ogg,52.34897959183674,0,40.0,5.0,44100,bird,1.0
145,./kaggletest/afghor1/,XC357012.ogg,52.34897959183674,0,45.0,5.0,44100,bird,1.0
146,./kaggletest/afghor1/,XC746513.ogg,9.791995464852608,0,0.0,5.0,44100,bird,1.0
147,./kaggletest/afghor1/,XC156639.ogg,37.198367346938774,0,0.0,5.0,44100,bird,1.0
148,./kaggletest/afghor1/,XC156639.ogg,37.198367346938774,0,10.0,5.0,44100,bird,1.0
149,./kaggletest/afghor1/,XC156639.ogg,37.198367346938774,0,15.0,5.0,44100,bird,1.0
150,./kaggletest/afghor1/,XC156639.ogg,37.198367346938774,0,20.0,5.0,44100,bird,1.0
151,./kaggletest/afghor1/,XC156639.ogg,37.198367346938774,0,25.0,5.0,44100,bird,1.0
152,./kaggletest/afghor1/,XC156639.ogg,37.198367346938774,0,30.0,5.0,44100,bird,1.0
153,./kaggletest/afghor1/,XC174843.ogg,40.30691609977324,0,0.0,5.0,44100,bird,1.0
154,./kaggletest/afghor1/,XC174843.ogg,40.30691609977324,0,5.0,5.0,44100,bird,1.0
155,./kaggletest/afghor1/,XC174843.ogg,40.30691609977324,0,15.0,5.0,44100,bird,1.0
156,./kaggletest/afghor1/,XC174843.ogg,40.30691609977324,0,20.0,5.0,44100,bird,1.0
157,./kaggletest/afghor1/,XC174843.ogg,40.30691609977324,0,25.0,5.0,44100,bird,1.0
158,./kaggletest/afghor1/,XC174843.ogg,40.30691609977324,0,30.0,5.0,44100,bird,1.0
159,./kaggletest/afghor1/,XC174843.ogg,40.30691609977324,0,35.0,5.0,44100,bird,1.0
160,./kaggletest/afghor1/,XC498605.ogg,56.32798185941043,0,0.0,5.0,44100,bird,1.0
161,./kaggletest/afghor1/,XC498605.ogg,56.32798185941043,0,5.0,5.0,44100,bird,1.0
162,./kaggletest/afghor1/,XC498605.ogg,56.32798185941043,0,10.0,5.0,44100,bird,1.0
163,./kaggletest/afghor1/,XC498605.ogg,56.32798185941043,0,15.0,5.0,44100,bird,1.0
164,./kaggletest/afghor1/,XC498605.ogg,56.32798185941043,0,20.0,5.0,44100,bird,1.0
165,./kaggletest/afghor1/,XC498605.ogg,56.32798185941043,0,25.0,5.0,44100,bird,1.0
166,./kaggletest/afghor1/,XC498605.ogg,56.32798185941043,0,30.0,5.0,44100,bird,1.0
167,./kaggletest/afghor1/,XC498605.ogg,56.32798185941043,0,35.0,5.0,44100,bird,1.0
168,./kaggletest/afghor1/,XC498605.ogg,56.32798185941043,0,40.0,5.0,44100,bird,1.0
169,./kaggletest/afghor1/,XC498605.ogg,56.32798185941043,0,45.0,5.0,44100,bird,1.0
170,./kaggletest/afghor1/,XC498605.ogg,56.32798185941043,0,50.0,5.0,44100,bird,1.0
171,./kaggletest/afghor1/,XC317569.ogg,25.991836734693877,0,0.0,5.0,44100,bird,1.0
172,./kaggletest/afghor1/,XC317569.ogg,25.991836734693877,0,5.0,5.0,44100,bird,1.0
173,./kaggletest/afghor1/,XC317569.ogg,25.991836734693877,0,10.0,5.0,44100,bird,1.0
174,./kaggletest/afghor1/,XC317569.ogg,25.991836734693877,0,15.0,5.0,44100,bird,1.0
175,./kaggletest/afghor1/,XC317569.ogg,25.991836734693877,0,20.0,5.0,44100,bird,1.0
176,./kaggletest/afghor1/,XC294658.ogg,27.559183673469388,0,0.0,5.0,44100,bird,1.0
177,./kaggletest/afghor1/,XC294658.ogg,27.559183673469388,0,5.0,5.0,44100,bird,1.0
178,./kaggletest/afghor1/,XC294658.ogg,27.559183673469388,0,10.0,5.0,44100,bird,1.0
179,./kaggletest/afghor1/,XC294658.ogg,27.559183673469388,0,15.0,5.0,44100,bird,1.0
180,./kaggletest/afghor1/,XC294658.ogg,27.559183673469388,0,20.0,5.0,44100,bird,1.0
181,./kaggletest/afghor1/,XC700782.ogg,47.49061224489796,0,0.0,5.0,44100,bird,1.0
182,./kaggletest/afghor1/,XC700782.ogg,47.49061224489796,0,5.0,5.0,44100,bird,1.0
183,./kaggletest/afghor1/,XC700782.ogg,47.49061224489796,0,10.0,5.0,44100,bird,1.0
184,./kaggletest/afghor1/,XC700782.ogg,47.49061224489796,0,15.0,5.0,44100,bird,1.0
185,./kaggletest/afghor1/,XC700782.ogg,47.49061224489796,0,20.0,5.0,44100,bird,1.0
186,./kaggletest/afghor1/,XC700782.ogg,47.49061224489796,0,25.0,5.0,44100,bird,1.0
187,./kaggletest/afghor1/,XC700782.ogg,47.49061224489796,0,30.0,5.0,44100,bird,1.0
188,./kaggletest/afghor1/,XC700782.ogg,47.49061224489796,0,35.0,5.0,44100,bird,1.0
189,./kaggletest/afghor1/,XC700782.ogg,47.49061224489796,0,40.0,5.0,44100,bird,1.0
190,./kaggletest/afghor1/,XC390748.ogg,99.21306122448979,0,5.0,5.0,44100,bird,1.0
191,./kaggletest/afghor1/,XC390748.ogg,99.21306122448979,0,10.0,5.0,44100,bird,1.0
192,./kaggletest/afghor1/,XC390748.ogg,99.21306122448979,0,15.0,5.0,44100,bird,1.0
193,./kaggletest/afghor1/,XC390748.ogg,99.21306122448979,0,20.0,5.0,44100,bird,1.0
194,./kaggletest/afghor1/,XC390748.ogg,99.21306122448979,0,25.0,5.0,44100,bird,1.0
195,./kaggletest/afghor1/,XC390748.ogg,99.21306122448979,0,30.0,5.0,44100,bird,1.0
196,./kaggletest/afghor1/,XC390748.ogg,99.21306122448979,0,35.0,5.0,44100,bird,1.0
197,./kaggletest/afghor1/,XC390748.ogg,99.21306122448979,0,40.0,5.0,44100,bird,1.0
198,./kaggletest/afghor1/,XC390748.ogg,99.21306122448979,0,45.0,5.0,44100,bird,1.0
199,./kaggletest/afghor1/,XC390748.ogg,99.21306122448979,0,50.0,5.0,44100,bird,1.0
200,./kaggletest/afghor1/,XC390748.ogg,99.21306122448979,0,55.0,5.0,44100,bird,1.0
201,./kaggletest/afghor1/,XC390748.ogg,99.21306122448979,0,60.0,5.0,44100,bird,1.0
202,./kaggletest/afghor1/,XC390748.ogg,99.21306122448979,0,70.0,5.0,44100,bird,1.0
203,./kaggletest/afghor1/,XC390748.ogg,99.21306122448979,0,75.0,5.0,44100,bird,1.0
204,./kaggletest/afghor1/,XC390748.ogg,99.21306122448979,0,80.0,5.0,44100,bird,1.0
205,./kaggletest/afghor1/,XC390748.ogg,99.21306122448979,0,85.0,5.0,44100,bird,1.0
206,./kaggletest/afghor1/,XC390748.ogg,99.21306122448979,0,90.0,5.0,44100,bird,1.0
207,./kaggletest/afghor1/,XC215421.ogg,32.711995464852606,0,0.0,5.0,44100,bird,1.0
208,./kaggletest/afghor1/,XC215421.ogg,32.711995464852606,0,5.0,5.0,44100,bird,1.0
209,./kaggletest/afghor1/,XC215421.ogg,32.711995464852606,0,10.0,5.0,44100,bird,1.0
210,./kaggletest/afghor1/,XC215421.ogg,32.711995464852606,0,15.0,5.0,44100,bird,1.0
211,./kaggletest/afghor1/,XC215421.ogg,32.711995464852606,0,20.0,5.0,44100,bird,1.0
212,./kaggletest/afghor1/,XC215421.ogg,32.711995464852606,0,25.0,5.0,44100,bird,1.0
213,./kaggletest/afghor1/,XC715824.ogg,32.025986394557826,0,0.0,5.0,44100,bird,1.0
214,./kaggletest/afghor1/,XC715824.ogg,32.025986394557826,0,5.0,5.0,44100,bird,1.0
215,./kaggletest/afghor1/,XC715824.ogg,32.025986394557826,0,10.0,5.0,44100,bird,1.0
216,./kaggletest/afghor1/,XC715824.ogg,32.025986394557826,0,15.0,5.0,44100,bird,1.0
217,./kaggletest/afghor1/,XC715824.ogg,32.025986394557826,0,20.0,5.0,44100,bird,1.0
218,./kaggletest/afghor1/,XC715824.ogg,32.025986394557826,0,25.0,5.0,44100,bird,1.0
219,./kaggletest/afghor1/,XC520417.ogg,11.858979591836734,0,0.0,5.0,44100,bird,1.0
220,./kaggletest/afghor1/,XC520417.ogg,11.858979591836734,0,5.0,5.0,44100,bird,1.0
221,./kaggletest/afghor1/,XC200577.ogg,19.931428571428572,0,0.0,5.0,44100,bird,1.0
222,./kaggletest/afghor1/,XC200577.ogg,19.931428571428572,0,5.0,5.0,44100,bird,1.0
223,./kaggletest/afghor1/,XC200577.ogg,19.931428571428572,0,10.0,5.0,44100,bird,1.0
224,./kaggletest/afghor1/,XC444350.ogg,7.183673469387755,0,0.0,5.0,44100,bird,1.0
225,./kaggletest/afghor1/,XC215422.ogg,38.42399092970521,0,0.0,5.0,44100,bird,1.0
226,./kaggletest/afghor1/,XC215422.ogg,38.42399092970521,0,5.0,5.0,44100,bird,1.0
227,./kaggletest/afghor1/,XC215422.ogg,38.42399092970521,0,10.0,5.0,44100,bird,1.0
228,./kaggletest/afghor1/,XC215422.ogg,38.42399092970521,0,15.0,5.0,44100,bird,1.0
229,./kaggletest/afghor1/,XC215422.ogg,38.42399092970521,0,20.0,5.0,44100,bird,1.0
230,./kaggletest/afghor1/,XC215422.ogg,38.42399092970521,0,25.0,5.0,44100,bird,1.0
231,./kaggletest/afghor1/,XC215422.ogg,38.42399092970521,0,30.0,5.0,44100,bird,1.0
232,./kaggletest/afghor1/,XC640824.ogg,9.586916099773243,0,0.0,5.0,44100,bird,1.0
233,./kaggletest/afghor1/,XC396054.ogg,40.51589569160998,0,0.0,5.0,44100,bird,1.0
234,./kaggletest/afghor1/,XC396054.ogg,40.51589569160998,0,5.0,5.0,44100,bird,1.0
235,./kaggletest/afghor1/,XC396054.ogg,40.51589569160998,0,10.0,5.0,44100,bird,1.0
236,./kaggletest/afghor1/,XC396054.ogg,40.51589569160998,0,15.0,5.0,44100,bird,1.0
237,./kaggletest/afghor1/,XC396054.ogg,40.51589569160998,0,20.0,5.0,44100,bird,1.0
238,./kaggletest/afghor1/,XC396054.ogg,40.51589569160998,0,25.0,5.0,44100,bird,1.0
239,./kaggletest/afghor1/,XC396054.ogg,40.51589569160998,0,30.0,5.0,44100,bird,1.0
240,./kaggletest/afghor1/,XC396054.ogg,40.51589569160998,0,35.0,5.0,44100,bird,1.0
241,./kaggletest/afghor1/,XC746525.ogg,26.59199546485261,0,0.0,5.0,44100,bird,1.0
242,./kaggletest/afghor1/,XC746525.ogg,26.59199546485261,0,5.0,5.0,44100,bird,1.0
243,./kaggletest/afghor1/,XC746525.ogg,26.59199546485261,0,10.0,5.0,44100,bird,1.0
244,./kaggletest/afghor1/,XC746525.ogg,26.59199546485261,0,15.0,5.0,44100,bird,1.0
245,./kaggletest/afghor1/,XC746525.ogg,26.59199546485261,0,20.0,5.0,44100,bird,1.0
246,./kaggletest/afghor1/,XC640828.ogg,6.008140589569161,0,0.0,5.0,44100,bird,1.0
247,./kaggletest/afghor1/,XC315438.ogg,46.26283446712018,0,0.0,5.0,44100,bird,1.0
248,./kaggletest/afghor1/,XC315438.ogg,46.26283446712018,0,5.0,5.0,44100,bird,1.0
249,./kaggletest/afghor1/,XC315438.ogg,46.26283446712018,0,10.0,5.0,44100,bird,1.0
250,./kaggletest/afghor1/,XC315438.ogg,46.26283446712018,0,15.0,5.0,44100,bird,1.0
251,./kaggletest/afghor1/,XC315438.ogg,46.26283446712018,0,25.0,5.0,44100,bird,1.0
252,./kaggletest/afghor1/,XC315438.ogg,46.26283446712018,0,30.0,5.0,44100,bird,1.0
253,./kaggletest/afghor1/,XC315438.ogg,46.26283446712018,0,35.0,5.0,44100,bird,1.0
254,./kaggletest/afghor1/,XC315438.ogg,46.26283446712018,0,40.0,5.0,44100,bird,1.0
255,./kaggletest/afghor1/,XC746526.ogg,12.911995464852607,0,0.0,5.0,44100,bird,1.0
256,./kaggletest/afghor1/,XC746526.ogg,12.911995464852607,0,5.0,5.0,44100,bird,1.0
257,./kaggletest/afghor1/,XC403571.ogg,9.115986394557822,0,0.0,5.0,44100,bird,1.0
258,./kaggletest/afghor1/,XC546617.ogg,15.503990929705216,0,0.0,5.0,44100,bird,1.0
259,./kaggletest/afghor1/,XC546617.ogg,15.503990929705216,0,5.0,5.0,44100,bird,1.0
260,./kaggletest/afghor1/,XC546617.ogg,15.503990929705216,0,10.0,5.0,44100,bird,1.0
261,./kaggletest/afghor1/,XC720728.ogg,25.495487528344672,0,0.0,5.0,44100,bird,1.0
262,./kaggletest/afghor1/,XC720728.ogg,25.495487528344672,0,10.0,5.0,44100,bird,1.0
263,./kaggletest/afghor1/,XC720728.ogg,25.495487528344672,0,15.0,5.0,44100,bird,1.0
264,./kaggletest/afghor1/,XC746527.ogg,41.97598639455782,0,0.0,5.0,44100,bird,1.0
265,./kaggletest/afghor1/,XC746527.ogg,41.97598639455782,0,5.0,5.0,44100,bird,1.0
266,./kaggletest/afghor1/,XC746527.ogg,41.97598639455782,0,10.0,5.0,44100,bird,1.0
267,./kaggletest/afghor1/,XC746527.ogg,41.97598639455782,0,15.0,5.0,44100,bird,1.0
268,./kaggletest/afghor1/,XC746527.ogg,41.97598639455782,0,20.0,5.0,44100,bird,1.0
269,./kaggletest/afghor1/,XC746527.ogg,41.97598639455782,0,25.0,5.0,44100,bird,1.0
270,./kaggletest/afghor1/,XC746527.ogg,41.97598639455782,0,30.0,5.0,44100,bird,1.0
271,./kaggletest/afghor1/,XC746527.ogg,41.97598639455782,0,35.0,5.0,44100,bird,1.0
272,./kaggletest/afghor1/,XC292595.ogg,17.37142857142857,0,0.0,5.0,44100,bird,1.0
273,./kaggletest/afghor1/,XC292595.ogg,17.37142857142857,0,5.0,5.0,44100,bird,1.0
274,./kaggletest/afghor1/,XC292595.ogg,17.37142857142857,0,10.0,5.0,44100,bird,1.0
275,./kaggletest/afghor1/,XC514752.ogg,40.62,0,0.0,5.0,44100,bird,1.0
276,./kaggletest/afghor1/,XC514752.ogg,40.62,0,5.0,5.0,44100,bird,1.0
277,./kaggletest/afghor1/,XC514752.ogg,40.62,0,10.0,5.0,44100,bird,1.0
278,./kaggletest/afghor1/,XC514752.ogg,40.62,0,15.0,5.0,44100,bird,1.0
279,./kaggletest/afghor1/,XC514752.ogg,40.62,0,20.0,5.0,44100,bird,1.0
280,./kaggletest/afghor1/,XC514752.ogg,40.62,0,25.0,5.0,44100,bird,1.0
281,./kaggletest/afghor1/,XC514752.ogg,40.62,0,30.0,5.0,44100,bird,1.0
282,./kaggletest/afghor1/,XC514752.ogg,40.62,0,35.0,5.0,44100,bird,1.0
283,./kaggletest/afghor1/,XC396053.ogg,100.57142857142857,0,0.0,5.0,44100,bird,1.0
284,./kaggletest/afghor1/,XC396053.ogg,100.57142857142857,0,5.0,5.0,44100,bird,1.0
285,./kaggletest/afghor1/,XC396053.ogg,100.57142857142857,0,10.0,5.0,44100,bird,1.0
286,./kaggletest/afghor1/,XC396053.ogg,100.57142857142857,0,15.0,5.0,44100,bird,1.0
287,./kaggletest/afghor1/,XC396053.ogg,100.57142857142857,0,20.0,5.0,44100,bird,1.0
288,./kaggletest/afghor1/,XC396053.ogg,100.57142857142857,0,25.0,5.0,44100,bird,1.0
289,./kaggletest/afghor1/,XC396053.ogg,100.57142857142857,0,30.0,5.0,44100,bird,1.0
290,./kaggletest/afghor1/,XC396053.ogg,100.57142857142857,0,35.0,5.0,44100,bird,1.0
291,./kaggletest/afghor1/,XC396053.ogg,100.57142857142857,0,40.0,5.0,44100,bird,1.0
292,./kaggletest/afghor1/,XC396053.ogg,100.57142857142857,0,45.0,5.0,44100,bird,1.0
293,./kaggletest/afghor1/,XC396053.ogg,100.57142857142857,0,50.0,5.0,44100,bird,1.0
294,./kaggletest/afghor1/,XC396053.ogg,100.57142857142857,0,55.0,5.0,44100,bird,1.0
295,./kaggletest/afghor1/,XC396053.ogg,100.57142857142857,0,60.0,5.0,44100,bird,1.0
296,./kaggletest/afghor1/,XC396053.ogg,100.57142857142857,0,65.0,5.0,44100,bird,1.0
297,./kaggletest/afghor1/,XC396053.ogg,100.57142857142857,0,70.0,5.0,44100,bird,1.0
298,./kaggletest/afghor1/,XC396053.ogg,100.57142857142857,0,75.0,5.0,44100,bird,1.0
299,./kaggletest/afghor1/,XC396053.ogg,100.57142857142857,0,80.0,5.0,44100,bird,1.0
300,./kaggletest/afghor1/,XC396053.ogg,100.57142857142857,0,85.0,5.0,44100,bird,1.0
301,./kaggletest/afghor1/,XC396053.ogg,100.57142857142857,0,90.0,5.0,44100,bird,1.0
302,./kaggletest/afghor1/,XC396053.ogg,100.57142857142857,0,95.0,5.0,44100,bird,1.0
303,./kaggletest/afghor1/,XC619569.ogg,8.615986394557822,0,0.0,5.0,44100,bird,1.0
304,./kaggletest/afghor1/,XC597172.ogg,65.08798185941043,0,0.0,5.0,44100,bird,1.0
305,./kaggletest/afghor1/,XC597172.ogg,65.08798185941043,0,5.0,5.0,44100,bird,1.0
306,./kaggletest/afghor1/,XC597172.ogg,65.08798185941043,0,10.0,5.0,44100,bird,1.0
307,./kaggletest/afghor1/,XC597172.ogg,65.08798185941043,0,15.0,5.0,44100,bird,1.0
308,./kaggletest/afghor1/,XC597172.ogg,65.08798185941043,0,20.0,5.0,44100,bird,1.0
309,./kaggletest/afghor1/,XC597172.ogg,65.08798185941043,0,25.0,5.0,44100,bird,1.0
310,./kaggletest/afghor1/,XC597172.ogg,65.08798185941043,0,30.0,5.0,44100,bird,1.0
311,./kaggletest/afghor1/,XC597172.ogg,65.08798185941043,0,35.0,5.0,44100,bird,1.0
312,./kaggletest/afghor1/,XC597172.ogg,65.08798185941043,0,40.0,5.0,44100,bird,1.0
313,./kaggletest/afghor1/,XC597172.ogg,65.08798185941043,0,45.0,5.0,44100,bird,1.0
314,./kaggletest/afghor1/,XC597172.ogg,65.08798185941043,0,50.0,5.0,44100,bird,1.0
315,./kaggletest/afghor1/,XC597172.ogg,65.08798185941043,0,55.0,5.0,44100,bird,1.0
316,./kaggletest/afghor1/,XC597172.ogg,65.08798185941043,0,60.0,5.0,44100,bird,1.0
317,./kaggletest/afghor1/,XC419777.ogg,15.228979591836735,0,0.0,5.0,44100,bird,1.0
318,./kaggletest/afghor1/,XC419777.ogg,15.228979591836735,0,5.0,5.0,44100,bird,1.0
319,./kaggletest/afghor1/,XC419777.ogg,15.228979591836735,0,10.0,5.0,44100,bird,1.0
320,./kaggletest/afghor1/,XC531789.ogg,14.052993197278912,0,0.0,5.0,44100,bird,1.0
321,./kaggletest/afghor1/,XC531789.ogg,14.052993197278912,0,5.0,5.0,44100,bird,1.0
322,./kaggletest/afghor1/,XC196514.ogg,12.068548752834467,0,0.0,5.0,44100,bird,1.0
323,./kaggletest/afghor1/,XC196514.ogg,12.068548752834467,0,5.0,5.0,44100,bird,1.0
324,./kaggletest/afghor1/,XC697056.ogg,22.7,0,5.0,5.0,44100,bird,1.0
325,./kaggletest/afghor1/,XC697056.ogg,22.7,0,10.0,5.0,44100,bird,1.0
326,./kaggletest/afghor1/,XC697056.ogg,22.7,0,15.0,5.0,44100,bird,1.0
327,./kaggletest/afghor1/,XC640727.ogg,11.441609977324264,0,0.0,5.0,44100,bird,1.0
328,./kaggletest/afghor1/,XC640727.ogg,11.441609977324264,0,5.0,5.0,44100,bird,1.0
329,./kaggletest/afghor1/,XC322741.ogg,59.768140589569164,0,0.0,5.0,44100,bird,1.0
330,./kaggletest/afghor1/,XC322741.ogg,59.768140589569164,0,5.0,5.0,44100,bird,1.0
331,./kaggletest/afghor1/,XC322741.ogg,59.768140589569164,0,10.0,5.0,44100,bird,1.0
332,./kaggletest/afghor1/,XC322741.ogg,59.768140589569164,0,15.0,5.0,44100,bird,1.0
333,./kaggletest/afghor1/,XC322741.ogg,59.768140589569164,0,20.0,5.0,44100,bird,1.0
334,./kaggletest/afghor1/,XC322741.ogg,59.768140589569164,0,25.0,5.0,44100,bird,1.0
335,./kaggletest/afghor1/,XC322741.ogg,59.768140589569164,0,30.0,5.0,44100,bird,1.0
336,./kaggletest/afghor1/,XC322741.ogg,59.768140589569164,0,35.0,5.0,44100,bird,1.0
337,./kaggletest/afghor1/,XC322741.ogg,59.768140589569164,0,40.0,5.0,44100,bird,1.0
338,./kaggletest/afghor1/,XC322741.ogg,59.768140589569164,0,45.0,5.0,44100,bird,1.0
339,./kaggletest/afghor1/,XC322741.ogg,59.768140589569164,0,50.0,5.0,44100,bird,1.0
340,./kaggletest/afghor1/,XC441081.ogg,50.20798185941043,0,0.0,5.0,44100,bird,1.0
341,./kaggletest/afghor1/,XC441081.ogg,50.20798185941043,0,5.0,5.0,44100,bird,1.0
342,./kaggletest/afghor1/,XC441081.ogg,50.20798185941043,0,10.0,5.0,44100,bird,1.0
343,./kaggletest/afghor1/,XC441081.ogg,50.20798185941043,0,20.0,5.0,44100,bird,1.0
344,./kaggletest/afghor1/,XC441081.ogg,50.20798185941043,0,25.0,5.0,44100,bird,1.0
345,./kaggletest/afghor1/,XC441081.ogg,50.20798185941043,0,30.0,5.0,44100,bird,1.0
346,./kaggletest/afghor1/,XC441081.ogg,50.20798185941043,0,35.0,5.0,44100,bird,1.0
347,./kaggletest/afghor1/,XC441081.ogg,50.20798185941043,0,40.0,5.0,44100,bird,1.0
348,./kaggletest/afghor1/,XC441081.ogg,50.20798185941043,0,45.0,5.0,44100,bird,1.0
349,./kaggletest/afghor1/,XC398342.ogg,18.232993197278912,0,0.0,5.0,44100,bird,1.0
350,./kaggletest/afghor1/,XC398342.ogg,18.232993197278912,0,5.0,5.0,44100,bird,1.0
351,./kaggletest/afghor1/,XC398342.ogg,18.232993197278912,0,10.0,5.0,44100,bird,1.0
352,./kaggletest/afghor1/,XC441080.ogg,15.743990929705216,0,0.0,5.0,44100,bird,1.0
353,./kaggletest/afghor1/,XC441080.ogg,15.743990929705216,0,5.0,5.0,44100,bird,1.0
354,./kaggletest/afghor1/,XC441080.ogg,15.743990929705216,0,10.0,5.0,44100,bird,1.0
355,./kaggletest/afghor1/,XC607737.ogg,14.732993197278912,0,5.0,5.0,44100,bird,1.0
356,./kaggletest/afghor1/,XC200734.ogg,58.2530612244898,0,0.0,5.0,44100,bird,1.0
357,./kaggletest/afghor1/,XC200734.ogg,58.2530612244898,0,5.0,5.0,44100,bird,1.0
358,./kaggletest/afghor1/,XC200734.ogg,58.2530612244898,0,10.0,5.0,44100,bird,1.0
359,./kaggletest/afghor1/,XC200734.ogg,58.2530612244898,0,15.0,5.0,44100,bird,1.0
360,./kaggletest/afghor1/,XC200734.ogg,58.2530612244898,0,20.0,5.0,44100,bird,1.0
361,./kaggletest/afghor1/,XC200734.ogg,58.2530612244898,0,25.0,5.0,44100,bird,1.0
362,./kaggletest/afghor1/,XC200734.ogg,58.2530612244898,0,30.0,5.0,44100,bird,1.0
363,./kaggletest/afghor1/,XC200734.ogg,58.2530612244898,0,35.0,5.0,44100,bird,1.0
364,./kaggletest/afghor1/,XC200734.ogg,58.2530612244898,0,45.0,5.0,44100,bird,1.0
365,./kaggletest/afghor1/,XC200734.ogg,58.2530612244898,0,50.0,5.0,44100,bird,1.0
366,./kaggletest/afghor1/,XC601839.ogg,23.588548752834466,0,0.0,5.0,44100,bird,1.0
367,./kaggletest/afghor1/,XC601839.ogg,23.588548752834466,0,5.0,5.0,44100,bird,1.0
368,./kaggletest/afghor1/,XC601839.ogg,23.588548752834466,0,10.0,5.0,44100,bird,1.0
369,./kaggletest/afghor1/,XC601839.ogg,23.588548752834466,0,15.0,5.0,44100,bird,1.0
370,./kaggletest/afghor1/,XC637543.ogg,25.05142857142857,0,0.0,5.0,44100,bird,1.0
371,./kaggletest/afghor1/,XC637543.ogg,25.05142857142857,0,5.0,5.0,44100,bird,1.0
372,./kaggletest/afghor1/,XC637543.ogg,25.05142857142857,0,10.0,5.0,44100,bird,1.0
373,./kaggletest/afghor1/,XC637543.ogg,25.05142857142857,0,15.0,5.0,44100,bird,1.0
374,./kaggletest/afghor1/,XC637543.ogg,25.05142857142857,0,20.0,5.0,44100,bird,1.0
375,./kaggletest/afghor1/,XC652330.ogg,26.697142857142858,0,0.0,5.0,44100,bird,1.0
376,./kaggletest/afghor1/,XC652330.ogg,26.697142857142858,0,5.0,5.0,44100,bird,1.0
377,./kaggletest/afghor1/,XC652330.ogg,26.697142857142858,0,10.0,5.0,44100,bird,1.0
378,./kaggletest/afghor1/,XC652330.ogg,26.697142857142858,0,15.0,5.0,44100,bird,1.0
379,./kaggletest/afghor1/,XC652330.ogg,26.697142857142858,0,20.0,5.0,44100,bird,1.0
380,./kaggletest/afghor1/,XC343626.ogg,55.640793650793654,0,0.0,5.0,44100,bird,1.0
381,./kaggletest/afghor1/,XC343626.ogg,55.640793650793654,0,5.0,5.0,44100,bird,1.0
382,./kaggletest/afghor1/,XC343626.ogg,55.640793650793654,0,10.0,5.0,44100,bird,1.0
383,./kaggletest/afghor1/,XC343626.ogg,55.640793650793654,0,15.0,5.0,44100,bird,1.0
384,./kaggletest/afghor1/,XC343626.ogg,55.640793650793654,0,20.0,5.0,44100,bird,1.0
385,./kaggletest/afghor1/,XC343626.ogg,55.640793650793654,0,25.0,5.0,44100,bird,1.0
386,./kaggletest/afghor1/,XC343626.ogg,55.640793650793654,0,30.0,5.0,44100,bird,1.0
387,./kaggletest/afghor1/,XC343626.ogg,55.640793650793654,0,40.0,5.0,44100,bird,1.0
388,./kaggletest/afghor1/,XC343626.ogg,55.640793650793654,0,45.0,5.0,44100,bird,1.0
389,./kaggletest/afghor1/,XC343626.ogg,55.640793650793654,0,50.0,5.0,44100,bird,1.0
