,FOLDER,IN FILE,CLIP LENGTH,CHANNEL,OFFSET,DURATION,SAMPLE RATE,MANUAL ID,CONFIDENCE
0,./kaggletest/afpfly1/,XC400159.ogg,34.70399092970521,0,0.0,5.0,44100,bird,1.0
1,./kaggletest/afpfly1/,XC400159.ogg,34.70399092970521,0,5.0,5.0,44100,bird,1.0
2,./kaggletest/afpfly1/,XC400159.ogg,34.70399092970521,0,10.0,5.0,44100,bird,1.0
3,./kaggletest/afpfly1/,XC400159.ogg,34.70399092970521,0,15.0,5.0,44100,bird,1.0
4,./kaggletest/afpfly1/,XC400159.ogg,34.70399092970521,0,20.0,5.0,44100,bird,1.0
5,./kaggletest/afpfly1/,XC400159.ogg,34.70399092970521,0,25.0,5.0,44100,bird,1.0
6,./kaggletest/afpfly1/,XC489225.ogg,17.88,0,0.0,5.0,44100,bird,1.0
7,./kaggletest/afpfly1/,XC489225.ogg,17.88,0,5.0,5.0,44100,bird,1.0
8,./kaggletest/afpfly1/,XC489225.ogg,17.88,0,10.0,5.0,44100,bird,1.0
9,./kaggletest/afpfly1/,XC372187.ogg,44.43426303854875,0,0.0,5.0,44100,bird,1.0
10,./kaggletest/afpfly1/,XC372187.ogg,44.43426303854875,0,5.0,5.0,44100,bird,1.0
11,./kaggletest/afpfly1/,XC372187.ogg,44.43426303854875,0,10.0,5.0,44100,bird,1.0
12,./kaggletest/afpfly1/,XC372187.ogg,44.43426303854875,0,15.0,5.0,44100,bird,1.0
13,./kaggletest/afpfly1/,XC372187.ogg,44.43426303854875,0,20.0,5.0,44100,bird,1.0
14,./kaggletest/afpfly1/,XC372187.ogg,44.43426303854875,0,25.0,5.0,44100,bird,1.0
15,./kaggletest/afpfly1/,XC372187.ogg,44.43426303854875,0,30.0,5.0,44100,bird,1.0
16,./kaggletest/afpfly1/,XC372187.ogg,44.43426303854875,0,35.0,5.0,44100,bird,1.0
17,./kaggletest/afpfly1/,XC507541.ogg,24.03265306122449,0,0.0,5.0,44100,bird,1.0
18,./kaggletest/afpfly1/,XC507541.ogg,24.03265306122449,0,5.0,5.0,44100,bird,1.0
19,./kaggletest/afpfly1/,XC507541.ogg,24.03265306122449,0,10.0,5.0,44100,bird,1.0
20,./kaggletest/afpfly1/,XC507541.ogg,24.03265306122449,0,15.0,5.0,44100,bird,1.0
21,./kaggletest/afpfly1/,XC454899.ogg,8.045714285714286,0,0.0,5.0,44100,bird,1.0
22,./kaggletest/afpfly1/,XC748203.wav,5.0,0,0.0,5.0,44100,bird,1.0
23,./kaggletest/afpfly1/,XC714187.wav,5.0,0,0.0,5.0,44100,bird,1.0
24,./kaggletest/afpfly1/,XC688180.ogg,30.745986394557825,0,0.0,5.0,44100,bird,1.0
25,./kaggletest/afpfly1/,XC688180.ogg,30.745986394557825,0,5.0,5.0,44100,bird,1.0
26,./kaggletest/afpfly1/,XC688180.ogg,30.745986394557825,0,10.0,5.0,44100,bird,1.0
27,./kaggletest/afpfly1/,XC688180.ogg,30.745986394557825,0,15.0,5.0,44100,bird,1.0
28,./kaggletest/afpfly1/,XC688180.ogg,30.745986394557825,0,20.0,5.0,44100,bird,1.0
29,./kaggletest/afpfly1/,XC688180.ogg,30.745986394557825,0,25.0,5.0,44100,bird,1.0
30,./kaggletest/afpfly1/,XC475513.ogg,25.233990929705215,0,0.0,5.0,44100,bird,1.0
31,./kaggletest/afpfly1/,XC475513.ogg,25.233990929705215,0,5.0,5.0,44100,bird,1.0
32,./kaggletest/afpfly1/,XC475513.ogg,25.233990929705215,0,10.0,5.0,44100,bird,1.0
33,./kaggletest/afpfly1/,XC475513.ogg,25.233990929705215,0,15.0,5.0,44100,bird,1.0
34,./kaggletest/afpfly1/,XC475513.ogg,25.233990929705215,0,20.0,5.0,44100,bird,1.0
35,./kaggletest/afpfly1/,XC487434.ogg,22.281995464852606,0,0.0,5.0,44100,bird,1.0
36,./kaggletest/afpfly1/,XC487434.ogg,22.281995464852606,0,5.0,5.0,44100,bird,1.0
37,./kaggletest/afpfly1/,XC487434.ogg,22.281995464852606,0,10.0,5.0,44100,bird,1.0
38,./kaggletest/afpfly1/,XC487434.ogg,22.281995464852606,0,15.0,5.0,44100,bird,1.0
39,./kaggletest/afpfly1/,XC371338.ogg,47.595079365079364,0,0.0,5.0,44100,bird,1.0
40,./kaggletest/afpfly1/,XC371338.ogg,47.595079365079364,0,5.0,5.0,44100,bird,1.0
41,./kaggletest/afpfly1/,XC371338.ogg,47.595079365079364,0,25.0,5.0,44100,bird,1.0
42,./kaggletest/afpfly1/,XC371338.ogg,47.595079365079364,0,40.0,5.0,44100,bird,1.0
43,./kaggletest/afpfly1/,XC610653.ogg,7.991995464852608,0,0.0,5.0,44100,bird,1.0
44,./kaggletest/afpfly1/,XC315873.ogg,30.511020408163265,0,0.0,5.0,44100,bird,1.0
45,./kaggletest/afpfly1/,XC315873.ogg,30.511020408163265,0,5.0,5.0,44100,bird,1.0
46,./kaggletest/afpfly1/,XC315873.ogg,30.511020408163265,0,15.0,5.0,44100,bird,1.0
47,./kaggletest/afpfly1/,XC315873.ogg,30.511020408163265,0,20.0,5.0,44100,bird,1.0
48,./kaggletest/afpfly1/,XC315873.ogg,30.511020408163265,0,25.0,5.0,44100,bird,1.0
49,./kaggletest/afpfly1/,XC603822.ogg,24.397981859410432,0,0.0,5.0,44100,bird,1.0
50,./kaggletest/afpfly1/,XC603822.ogg,24.397981859410432,0,5.0,5.0,44100,bird,1.0
51,./kaggletest/afpfly1/,XC603822.ogg,24.397981859410432,0,10.0,5.0,44100,bird,1.0
52,./kaggletest/afpfly1/,XC603822.ogg,24.397981859410432,0,15.0,5.0,44100,bird,1.0
53,./kaggletest/afpfly1/,XC289481.ogg,31.529773242630384,0,0.0,5.0,44100,bird,1.0
54,./kaggletest/afpfly1/,XC289481.ogg,31.529773242630384,0,5.0,5.0,44100,bird,1.0
55,./kaggletest/afpfly1/,XC289481.ogg,31.529773242630384,0,10.0,5.0,44100,bird,1.0
56,./kaggletest/afpfly1/,XC289481.ogg,31.529773242630384,0,15.0,5.0,44100,bird,1.0
57,./kaggletest/afpfly1/,XC289481.ogg,31.529773242630384,0,20.0,5.0,44100,bird,1.0
58,./kaggletest/afpfly1/,XC289481.ogg,31.529773242630384,0,25.0,5.0,44100,bird,1.0
59,./kaggletest/afpfly1/,XC307535.ogg,36.38399092970521,0,0.0,5.0,44100,bird,1.0
60,./kaggletest/afpfly1/,XC307535.ogg,36.38399092970521,0,5.0,5.0,44100,bird,1.0
61,./kaggletest/afpfly1/,XC307535.ogg,36.38399092970521,0,10.0,5.0,44100,bird,1.0
62,./kaggletest/afpfly1/,XC307535.ogg,36.38399092970521,0,15.0,5.0,44100,bird,1.0
63,./kaggletest/afpfly1/,XC307535.ogg,36.38399092970521,0,20.0,5.0,44100,bird,1.0
64,./kaggletest/afpfly1/,XC307535.ogg,36.38399092970521,0,25.0,5.0,44100,bird,1.0
65,./kaggletest/afpfly1/,XC307535.ogg,36.38399092970521,0,30.0,5.0,44100,bird,1.0
66,./kaggletest/afpfly1/,XC667125.ogg,126.6,0,0.0,5.0,44100,bird,1.0
67,./kaggletest/afpfly1/,XC667125.ogg,126.6,0,5.0,5.0,44100,bird,1.0
68,./kaggletest/afpfly1/,XC667125.ogg,126.6,0,10.0,5.0,44100,bird,1.0
69,./kaggletest/afpfly1/,XC667125.ogg,126.6,0,15.0,5.0,44100,bird,1.0
70,./kaggletest/afpfly1/,XC667125.ogg,126.6,0,20.0,5.0,44100,bird,1.0
71,./kaggletest/afpfly1/,XC667125.ogg,126.6,0,25.0,5.0,44100,bird,1.0
72,./kaggletest/afpfly1/,XC667125.ogg,126.6,0,30.0,5.0,44100,bird,1.0
73,./kaggletest/afpfly1/,XC667125.ogg,126.6,0,35.0,5.0,44100,bird,1.0
74,./kaggletest/afpfly1/,XC667125.ogg,126.6,0,40.0,5.0,44100,bird,1.0
75,./kaggletest/afpfly1/,XC667125.ogg,126.6,0,45.0,5.0,44100,bird,1.0
76,./kaggletest/afpfly1/,XC667125.ogg,126.6,0,50.0,5.0,44100,bird,1.0
77,./kaggletest/afpfly1/,XC667125.ogg,126.6,0,55.0,5.0,44100,bird,1.0
78,./kaggletest/afpfly1/,XC667125.ogg,126.6,0,60.0,5.0,44100,bird,1.0
79,./kaggletest/afpfly1/,XC667125.ogg,126.6,0,65.0,5.0,44100,bird,1.0
80,./kaggletest/afpfly1/,XC667125.ogg,126.6,0,70.0,5.0,44100,bird,1.0
81,./kaggletest/afpfly1/,XC667125.ogg,126.6,0,75.0,5.0,44100,bird,1.0
82,./kaggletest/afpfly1/,XC667125.ogg,126.6,0,80.0,5.0,44100,bird,1.0
83,./kaggletest/afpfly1/,XC667125.ogg,126.6,0,85.0,5.0,44100,bird,1.0
84,./kaggletest/afpfly1/,XC667125.ogg,126.6,0,90.0,5.0,44100,bird,1.0
85,./kaggletest/afpfly1/,XC667125.ogg,126.6,0,95.0,5.0,44100,bird,1.0
86,./kaggletest/afpfly1/,XC667125.ogg,126.6,0,100.0,5.0,44100,bird,1.0
87,./kaggletest/afpfly1/,XC667125.ogg,126.6,0,105.0,5.0,44100,bird,1.0
88,./kaggletest/afpfly1/,XC667125.ogg,126.6,0,110.0,5.0,44100,bird,1.0
89,./kaggletest/afpfly1/,XC667125.ogg,126.6,0,115.0,5.0,44100,bird,1.0
90,./kaggletest/afpfly1/,XC667125.ogg,126.6,0,120.0,5.0,44100,bird,1.0
91,./kaggletest/afpfly1/,XC326417.ogg,6.320997732426304,0,0.0,5.0,44100,bird,1.0
92,./kaggletest/afpfly1/,XC749025.ogg,24.084897959183674,0,0.0,5.0,44100,bird,1.0
93,./kaggletest/afpfly1/,XC749025.ogg,24.084897959183674,0,5.0,5.0,44100,bird,1.0
94,./kaggletest/afpfly1/,XC749025.ogg,24.084897959183674,0,10.0,5.0,44100,bird,1.0
95,./kaggletest/afpfly1/,XC749025.ogg,24.084897959183674,0,15.0,5.0,44100,bird,1.0
96,./kaggletest/afpfly1/,XC606055.ogg,17.24,0,0.0,5.0,44100,bird,1.0
97,./kaggletest/afpfly1/,XC606055.ogg,17.24,0,5.0,5.0,44100,bird,1.0
98,./kaggletest/afpfly1/,XC606055.ogg,17.24,0,10.0,5.0,44100,bird,1.0
99,./kaggletest/afpfly1/,XC294067.ogg,44.16,0,0.0,5.0,44100,bird,1.0
100,./kaggletest/afpfly1/,XC294067.ogg,44.16,0,10.0,5.0,44100,bird,1.0
101,./kaggletest/afpfly1/,XC294067.ogg,44.16,0,15.0,5.0,44100,bird,1.0
102,./kaggletest/afpfly1/,XC294067.ogg,44.16,0,25.0,5.0,44100,bird,1.0
103,./kaggletest/afpfly1/,XC294067.ogg,44.16,0,35.0,5.0,44100,bird,1.0
104,./kaggletest/afpfly1/,XC246295.ogg,23.144489795918368,0,0.0,5.0,44100,bird,1.0
105,./kaggletest/afpfly1/,XC397157.ogg,40.46367346938776,0,0.0,5.0,44100,bird,1.0
106,./kaggletest/afpfly1/,XC397157.ogg,40.46367346938776,0,5.0,5.0,44100,bird,1.0
107,./kaggletest/afpfly1/,XC397157.ogg,40.46367346938776,0,15.0,5.0,44100,bird,1.0
108,./kaggletest/afpfly1/,XC397157.ogg,40.46367346938776,0,20.0,5.0,44100,bird,1.0
109,./kaggletest/afpfly1/,XC397157.ogg,40.46367346938776,0,25.0,5.0,44100,bird,1.0
110,./kaggletest/afpfly1/,XC397157.ogg,40.46367346938776,0,30.0,5.0,44100,bird,1.0
111,./kaggletest/afpfly1/,XC397157.ogg,40.46367346938776,0,35.0,5.0,44100,bird,1.0
112,./kaggletest/afpfly1/,XC470597.ogg,99.89224489795919,0,0.0,5.0,44100,bird,1.0
113,./kaggletest/afpfly1/,XC470597.ogg,99.89224489795919,0,5.0,5.0,44100,bird,1.0
114,./kaggletest/afpfly1/,XC470597.ogg,99.89224489795919,0,10.0,5.0,44100,bird,1.0
115,./kaggletest/afpfly1/,XC470597.ogg,99.89224489795919,0,15.0,5.0,44100,bird,1.0
116,./kaggletest/afpfly1/,XC470597.ogg,99.89224489795919,0,20.0,5.0,44100,bird,1.0
117,./kaggletest/afpfly1/,XC470597.ogg,99.89224489795919,0,25.0,5.0,44100,bird,1.0
118,./kaggletest/afpfly1/,XC470597.ogg,99.89224489795919,0,30.0,5.0,44100,bird,1.0
119,./kaggletest/afpfly1/,XC470597.ogg,99.89224489795919,0,40.0,5.0,44100,bird,1.0
120,./kaggletest/afpfly1/,XC470597.ogg,99.89224489795919,0,45.0,5.0,44100,bird,1.0
121,./kaggletest/afpfly1/,XC470597.ogg,99.89224489795919,0,50.0,5.0,44100,bird,1.0
122,./kaggletest/afpfly1/,XC470597.ogg,99.89224489795919,0,55.0,5.0,44100,bird,1.0
123,./kaggletest/afpfly1/,XC470597.ogg,99.89224489795919,0,60.0,5.0,44100,bird,1.0
124,./kaggletest/afpfly1/,XC470597.ogg,99.89224489795919,0,65.0,5.0,44100,bird,1.0
125,./kaggletest/afpfly1/,XC470597.ogg,99.89224489795919,0,70.0,5.0,44100,bird,1.0
126,./kaggletest/afpfly1/,XC470597.ogg,99.89224489795919,0,75.0,5.0,44100,bird,1.0
127,./kaggletest/afpfly1/,XC470597.ogg,99.89224489795919,0,80.0,5.0,44100,bird,1.0
128,./kaggletest/afpfly1/,XC470597.ogg,99.89224489795919,0,85.0,5.0,44100,bird,1.0
129,./kaggletest/afpfly1/,XC470597.ogg,99.89224489795919,0,90.0,5.0,44100,bird,1.0
130,./kaggletest/afpfly1/,XC292771.ogg,9.404081632653062,0,0.0,5.0,44100,bird,1.0
131,./kaggletest/afpfly1/,XC664562.ogg,185.0159863945578,0,0.0,5.0,44100,bird,1.0
132,./kaggletest/afpfly1/,XC664562.ogg,185.0159863945578,0,5.0,5.0,44100,bird,1.0
133,./kaggletest/afpfly1/,XC664562.ogg,185.0159863945578,0,10.0,5.0,44100,bird,1.0
134,./kaggletest/afpfly1/,XC664562.ogg,185.0159863945578,0,15.0,5.0,44100,bird,1.0
135,./kaggletest/afpfly1/,XC664562.ogg,185.0159863945578,0,20.0,5.0,44100,bird,1.0
136,./kaggletest/afpfly1/,XC664562.ogg,185.0159863945578,0,25.0,5.0,44100,bird,1.0
137,./kaggletest/afpfly1/,XC664562.ogg,185.0159863945578,0,30.0,5.0,44100,bird,1.0
138,./kaggletest/afpfly1/,XC664562.ogg,185.0159863945578,0,35.0,5.0,44100,bird,1.0
139,./kaggletest/afpfly1/,XC664562.ogg,185.0159863945578,0,50.0,5.0,44100,bird,1.0
140,./kaggletest/afpfly1/,XC664562.ogg,185.0159863945578,0,55.0,5.0,44100,bird,1.0
141,./kaggletest/afpfly1/,XC664562.ogg,185.0159863945578,0,60.0,5.0,44100,bird,1.0
142,./kaggletest/afpfly1/,XC664562.ogg,185.0159863945578,0,65.0,5.0,44100,bird,1.0
143,./kaggletest/afpfly1/,XC664562.ogg,185.0159863945578,0,70.0,5.0,44100,bird,1.0
144,./kaggletest/afpfly1/,XC664562.ogg,185.0159863945578,0,75.0,5.0,44100,bird,1.0
145,./kaggletest/afpfly1/,XC664562.ogg,185.0159863945578,0,80.0,5.0,44100,bird,1.0
146,./kaggletest/afpfly1/,XC664562.ogg,185.0159863945578,0,85.0,5.0,44100,bird,1.0
147,./kaggletest/afpfly1/,XC664562.ogg,185.0159863945578,0,90.0,5.0,44100,bird,1.0
148,./kaggletest/afpfly1/,XC664562.ogg,185.0159863945578,0,95.0,5.0,44100,bird,1.0
149,./kaggletest/afpfly1/,XC664562.ogg,185.0159863945578,0,100.0,5.0,44100,bird,1.0
150,./kaggletest/afpfly1/,XC664562.ogg,185.0159863945578,0,105.0,5.0,44100,bird,1.0
151,./kaggletest/afpfly1/,XC664562.ogg,185.0159863945578,0,110.0,5.0,44100,bird,1.0
152,./kaggletest/afpfly1/,XC664562.ogg,185.0159863945578,0,115.0,5.0,44100,bird,1.0
153,./kaggletest/afpfly1/,XC664562.ogg,185.0159863945578,0,120.0,5.0,44100,bird,1.0
154,./kaggletest/afpfly1/,XC664562.ogg,185.0159863945578,0,125.0,5.0,44100,bird,1.0
155,./kaggletest/afpfly1/,XC664562.ogg,185.0159863945578,0,130.0,5.0,44100,bird,1.0
156,./kaggletest/afpfly1/,XC664562.ogg,185.0159863945578,0,135.0,5.0,44100,bird,1.0
157,./kaggletest/afpfly1/,XC664562.ogg,185.0159863945578,0,140.0,5.0,44100,bird,1.0
158,./kaggletest/afpfly1/,XC664562.ogg,185.0159863945578,0,170.0,5.0,44100,bird,1.0
159,./kaggletest/afpfly1/,XC664562.ogg,185.0159863945578,0,175.0,5.0,44100,bird,1.0
160,./kaggletest/afpfly1/,XC664562.ogg,185.0159863945578,0,180.0,5.0,44100,bird,1.0
161,./kaggletest/afpfly1/,XC289386.ogg,33.41061224489796,0,0.0,5.0,44100,bird,1.0
162,./kaggletest/afpfly1/,XC289386.ogg,33.41061224489796,0,10.0,5.0,44100,bird,1.0
163,./kaggletest/afpfly1/,XC289386.ogg,33.41061224489796,0,15.0,5.0,44100,bird,1.0
164,./kaggletest/afpfly1/,XC289386.ogg,33.41061224489796,0,20.0,5.0,44100,bird,1.0
165,./kaggletest/afpfly1/,XC666759.ogg,44.20798185941043,0,0.0,5.0,44100,bird,1.0
166,./kaggletest/afpfly1/,XC666759.ogg,44.20798185941043,0,5.0,5.0,44100,bird,1.0
167,./kaggletest/afpfly1/,XC666759.ogg,44.20798185941043,0,10.0,5.0,44100,bird,1.0
168,./kaggletest/afpfly1/,XC666759.ogg,44.20798185941043,0,15.0,5.0,44100,bird,1.0
169,./kaggletest/afpfly1/,XC666759.ogg,44.20798185941043,0,20.0,5.0,44100,bird,1.0
170,./kaggletest/afpfly1/,XC666759.ogg,44.20798185941043,0,25.0,5.0,44100,bird,1.0
171,./kaggletest/afpfly1/,XC666759.ogg,44.20798185941043,0,30.0,5.0,44100,bird,1.0
172,./kaggletest/afpfly1/,XC666759.ogg,44.20798185941043,0,35.0,5.0,44100,bird,1.0
173,./kaggletest/afpfly1/,XC267101.ogg,58.906122448979595,0,0.0,5.0,44100,bird,1.0
174,./kaggletest/afpfly1/,XC267101.ogg,58.906122448979595,0,5.0,5.0,44100,bird,1.0
175,./kaggletest/afpfly1/,XC267101.ogg,58.906122448979595,0,10.0,5.0,44100,bird,1.0
176,./kaggletest/afpfly1/,XC267101.ogg,58.906122448979595,0,15.0,5.0,44100,bird,1.0
177,./kaggletest/afpfly1/,XC267101.ogg,58.906122448979595,0,20.0,5.0,44100,bird,1.0
178,./kaggletest/afpfly1/,XC267101.ogg,58.906122448979595,0,25.0,5.0,44100,bird,1.0
179,./kaggletest/afpfly1/,XC267101.ogg,58.906122448979595,0,30.0,5.0,44100,bird,1.0
180,./kaggletest/afpfly1/,XC267101.ogg,58.906122448979595,0,35.0,5.0,44100,bird,1.0
181,./kaggletest/afpfly1/,XC267101.ogg,58.906122448979595,0,40.0,5.0,44100,bird,1.0
182,./kaggletest/afpfly1/,XC267101.ogg,58.906122448979595,0,45.0,5.0,44100,bird,1.0
183,./kaggletest/afpfly1/,XC267101.ogg,58.906122448979595,0,50.0,5.0,44100,bird,1.0
184,./kaggletest/afpfly1/,XC627664.ogg,6.023990929705215,0,0.0,5.0,44100,bird,1.0
185,./kaggletest/afpfly1/,XC664561.ogg,48.815986394557825,0,0.0,5.0,44100,bird,1.0
186,./kaggletest/afpfly1/,XC664561.ogg,48.815986394557825,0,5.0,5.0,44100,bird,1.0
187,./kaggletest/afpfly1/,XC664561.ogg,48.815986394557825,0,10.0,5.0,44100,bird,1.0
188,./kaggletest/afpfly1/,XC664561.ogg,48.815986394557825,0,15.0,5.0,44100,bird,1.0
189,./kaggletest/afpfly1/,XC664561.ogg,48.815986394557825,0,20.0,5.0,44100,bird,1.0
190,./kaggletest/afpfly1/,XC664561.ogg,48.815986394557825,0,25.0,5.0,44100,bird,1.0
191,./kaggletest/afpfly1/,XC664561.ogg,48.815986394557825,0,30.0,5.0,44100,bird,1.0
192,./kaggletest/afpfly1/,XC664561.ogg,48.815986394557825,0,35.0,5.0,44100,bird,1.0
193,./kaggletest/afpfly1/,XC664561.ogg,48.815986394557825,0,40.0,5.0,44100,bird,1.0
194,./kaggletest/afpfly1/,XC390818.ogg,25.343990929705214,0,0.0,5.0,44100,bird,1.0
195,./kaggletest/afpfly1/,XC390818.ogg,25.343990929705214,0,5.0,5.0,44100,bird,1.0
196,./kaggletest/afpfly1/,XC390818.ogg,25.343990929705214,0,10.0,5.0,44100,bird,1.0
197,./kaggletest/afpfly1/,XC390818.ogg,25.343990929705214,0,15.0,5.0,44100,bird,1.0
198,./kaggletest/afpfly1/,XC390818.ogg,25.343990929705214,0,20.0,5.0,44100,bird,1.0
199,./kaggletest/afpfly1/,XC445339.ogg,13.687981859410431,0,0.0,5.0,44100,bird,1.0
200,./kaggletest/afpfly1/,XC445339.ogg,13.687981859410431,0,5.0,5.0,44100,bird,1.0
201,./kaggletest/afpfly1/,XC307190.ogg,36.69598639455782,0,0.0,5.0,44100,bird,1.0
202,./kaggletest/afpfly1/,XC307190.ogg,36.69598639455782,0,5.0,5.0,44100,bird,1.0
203,./kaggletest/afpfly1/,XC307190.ogg,36.69598639455782,0,10.0,5.0,44100,bird,1.0
204,./kaggletest/afpfly1/,XC307190.ogg,36.69598639455782,0,15.0,5.0,44100,bird,1.0
205,./kaggletest/afpfly1/,XC307190.ogg,36.69598639455782,0,20.0,5.0,44100,bird,1.0
206,./kaggletest/afpfly1/,XC307190.ogg,36.69598639455782,0,25.0,5.0,44100,bird,1.0
207,./kaggletest/afpfly1/,XC307190.ogg,36.69598639455782,0,30.0,5.0,44100,bird,1.0
208,./kaggletest/afpfly1/,XC600408.ogg,67.60399092970522,0,0.0,5.0,44100,bird,1.0
209,./kaggletest/afpfly1/,XC600408.ogg,67.60399092970522,0,5.0,5.0,44100,bird,1.0
210,./kaggletest/afpfly1/,XC600408.ogg,67.60399092970522,0,10.0,5.0,44100,bird,1.0
211,./kaggletest/afpfly1/,XC600408.ogg,67.60399092970522,0,15.0,5.0,44100,bird,1.0
212,./kaggletest/afpfly1/,XC600408.ogg,67.60399092970522,0,20.0,5.0,44100,bird,1.0
213,./kaggletest/afpfly1/,XC600408.ogg,67.60399092970522,0,25.0,5.0,44100,bird,1.0
214,./kaggletest/afpfly1/,XC600408.ogg,67.60399092970522,0,30.0,5.0,44100,bird,1.0
215,./kaggletest/afpfly1/,XC600408.ogg,67.60399092970522,0,35.0,5.0,44100,bird,1.0
216,./kaggletest/afpfly1/,XC600408.ogg,67.60399092970522,0,40.0,5.0,44100,bird,1.0
217,./kaggletest/afpfly1/,XC600408.ogg,67.60399092970522,0,45.0,5.0,44100,bird,1.0
218,./kaggletest/afpfly1/,XC600408.ogg,67.60399092970522,0,50.0,5.0,44100,bird,1.0
219,./kaggletest/afpfly1/,XC600408.ogg,67.60399092970522,0,55.0,5.0,44100,bird,1.0
220,./kaggletest/afpfly1/,XC600408.ogg,67.60399092970522,0,60.0,5.0,44100,bird,1.0
221,./kaggletest/afpfly1/,XC695162.ogg,7.7319954648526075,0,0.0,5.0,44100,bird,1.0
222,./kaggletest/afpfly1/,XC246293.ogg,10.553446712018141,0,0.0,5.0,44100,bird,1.0
223,./kaggletest/afpfly1/,XC246293.ogg,10.553446712018141,0,5.0,5.0,44100,bird,1.0
224,./kaggletest/afpfly1/,XC530189.ogg,6.887981859410431,0,0.0,5.0,44100,bird,1.0
225,./kaggletest/afpfly1/,XC247751.ogg,9.56079365079365,0,0.0,5.0,44100,bird,1.0
226,./kaggletest/afpfly1/,XC540729.ogg,11.231995464852607,0,0.0,5.0,44100,bird,1.0
227,./kaggletest/afpfly1/,XC540729.ogg,11.231995464852607,0,5.0,5.0,44100,bird,1.0
228,./kaggletest/afpfly1/,XC686270.ogg,8.951995464852608,0,0.0,5.0,44100,bird,1.0
229,./kaggletest/afpfly1/,XC667065.ogg,165.64798185941044,0,0.0,5.0,44100,bird,1.0
230,./kaggletest/afpfly1/,XC667065.ogg,165.64798185941044,0,5.0,5.0,44100,bird,1.0
231,./kaggletest/afpfly1/,XC667065.ogg,165.64798185941044,0,10.0,5.0,44100,bird,1.0
232,./kaggletest/afpfly1/,XC667065.ogg,165.64798185941044,0,15.0,5.0,44100,bird,1.0
233,./kaggletest/afpfly1/,XC667065.ogg,165.64798185941044,0,20.0,5.0,44100,bird,1.0
234,./kaggletest/afpfly1/,XC667065.ogg,165.64798185941044,0,25.0,5.0,44100,bird,1.0
235,./kaggletest/afpfly1/,XC667065.ogg,165.64798185941044,0,30.0,5.0,44100,bird,1.0
236,./kaggletest/afpfly1/,XC667065.ogg,165.64798185941044,0,35.0,5.0,44100,bird,1.0
237,./kaggletest/afpfly1/,XC667065.ogg,165.64798185941044,0,40.0,5.0,44100,bird,1.0
238,./kaggletest/afpfly1/,XC667065.ogg,165.64798185941044,0,45.0,5.0,44100,bird,1.0
239,./kaggletest/afpfly1/,XC667065.ogg,165.64798185941044,0,50.0,5.0,44100,bird,1.0
240,./kaggletest/afpfly1/,XC667065.ogg,165.64798185941044,0,55.0,5.0,44100,bird,1.0
241,./kaggletest/afpfly1/,XC667065.ogg,165.64798185941044,0,60.0,5.0,44100,bird,1.0
242,./kaggletest/afpfly1/,XC667065.ogg,165.64798185941044,0,65.0,5.0,44100,bird,1.0
243,./kaggletest/afpfly1/,XC667065.ogg,165.64798185941044,0,70.0,5.0,44100,bird,1.0
244,./kaggletest/afpfly1/,XC667065.ogg,165.64798185941044,0,75.0,5.0,44100,bird,1.0
245,./kaggletest/afpfly1/,XC667065.ogg,165.64798185941044,0,80.0,5.0,44100,bird,1.0
246,./kaggletest/afpfly1/,XC667065.ogg,165.64798185941044,0,85.0,5.0,44100,bird,1.0
247,./kaggletest/afpfly1/,XC667065.ogg,165.64798185941044,0,90.0,5.0,44100,bird,1.0
248,./kaggletest/afpfly1/,XC667065.ogg,165.64798185941044,0,95.0,5.0,44100,bird,1.0
249,./kaggletest/afpfly1/,XC667065.ogg,165.64798185941044,0,100.0,5.0,44100,bird,1.0
250,./kaggletest/afpfly1/,XC667065.ogg,165.64798185941044,0,105.0,5.0,44100,bird,1.0
251,./kaggletest/afpfly1/,XC667065.ogg,165.64798185941044,0,110.0,5.0,44100,bird,1.0
252,./kaggletest/afpfly1/,XC667065.ogg,165.64798185941044,0,115.0,5.0,44100,bird,1.0
253,./kaggletest/afpfly1/,XC667065.ogg,165.64798185941044,0,120.0,5.0,44100,bird,1.0
254,./kaggletest/afpfly1/,XC667065.ogg,165.64798185941044,0,125.0,5.0,44100,bird,1.0
255,./kaggletest/afpfly1/,XC667065.ogg,165.64798185941044,0,130.0,5.0,44100,bird,1.0
256,./kaggletest/afpfly1/,XC667065.ogg,165.64798185941044,0,135.0,5.0,44100,bird,1.0
257,./kaggletest/afpfly1/,XC667065.ogg,165.64798185941044,0,140.0,5.0,44100,bird,1.0
258,./kaggletest/afpfly1/,XC667065.ogg,165.64798185941044,0,145.0,5.0,44100,bird,1.0
259,./kaggletest/afpfly1/,XC667065.ogg,165.64798185941044,0,150.0,5.0,44100,bird,1.0
260,./kaggletest/afpfly1/,XC667065.ogg,165.64798185941044,0,155.0,5.0,44100,bird,1.0
261,./kaggletest/afpfly1/,XC667065.ogg,165.64798185941044,0,160.0,5.0,44100,bird,1.0
262,./kaggletest/afpfly1/,XC604703.ogg,14.705986394557824,0,0.0,5.0,44100,bird,1.0
263,./kaggletest/afpfly1/,XC604703.ogg,14.705986394557824,0,5.0,5.0,44100,bird,1.0
264,./kaggletest/afpfly1/,XC444174.ogg,15.595079365079364,0,0.0,5.0,44100,bird,1.0
265,./kaggletest/afpfly1/,XC444174.ogg,15.595079365079364,0,5.0,5.0,44100,bird,1.0
266,./kaggletest/afpfly1/,XC444174.ogg,15.595079365079364,0,10.0,5.0,44100,bird,1.0
267,./kaggletest/afpfly1/,XC392769.ogg,13.94936507936508,0,0.0,5.0,44100,bird,1.0
268,./kaggletest/afpfly1/,XC392769.ogg,13.94936507936508,0,5.0,5.0,44100,bird,1.0
269,./kaggletest/afpfly1/,XC326421.ogg,7.81,0,0.0,5.0,44100,bird,1.0
270,./kaggletest/afpfly1/,XC34027.ogg,52.61061224489796,0,0.0,5.0,44100,bird,1.0
271,./kaggletest/afpfly1/,XC34027.ogg,52.61061224489796,0,5.0,5.0,44100,bird,1.0
272,./kaggletest/afpfly1/,XC34027.ogg,52.61061224489796,0,10.0,5.0,44100,bird,1.0
273,./kaggletest/afpfly1/,XC34027.ogg,52.61061224489796,0,15.0,5.0,44100,bird,1.0
274,./kaggletest/afpfly1/,XC34027.ogg,52.61061224489796,0,20.0,5.0,44100,bird,1.0
275,./kaggletest/afpfly1/,XC34027.ogg,52.61061224489796,0,25.0,5.0,44100,bird,1.0
276,./kaggletest/afpfly1/,XC34027.ogg,52.61061224489796,0,30.0,5.0,44100,bird,1.0
277,./kaggletest/afpfly1/,XC34027.ogg,52.61061224489796,0,35.0,5.0,44100,bird,1.0
278,./kaggletest/afpfly1/,XC34027.ogg,52.61061224489796,0,40.0,5.0,44100,bird,1.0
279,./kaggletest/afpfly1/,XC34027.ogg,52.61061224489796,0,45.0,5.0,44100,bird,1.0
280,./kaggletest/afpfly1/,XC288877.ogg,14.759183673469387,0,0.0,5.0,44100,bird,1.0
281,./kaggletest/afpfly1/,XC207978.wav,5.0,0,0.0,5.0,44100,bird,1.0
282,./kaggletest/afpfly1/,XC286721.ogg,5.543990929705215,0,0.0,5.0,44100,bird,1.0
283,./kaggletest/afpfly1/,XC656287.ogg,117.12,0,5.0,5.0,44100,bird,1.0
284,./kaggletest/afpfly1/,XC656287.ogg,117.12,0,15.0,5.0,44100,bird,1.0
285,./kaggletest/afpfly1/,XC656287.ogg,117.12,0,20.0,5.0,44100,bird,1.0
286,./kaggletest/afpfly1/,XC656287.ogg,117.12,0,30.0,5.0,44100,bird,1.0
287,./kaggletest/afpfly1/,XC656287.ogg,117.12,0,35.0,5.0,44100,bird,1.0
288,./kaggletest/afpfly1/,XC656287.ogg,117.12,0,40.0,5.0,44100,bird,1.0
289,./kaggletest/afpfly1/,XC656287.ogg,117.12,0,45.0,5.0,44100,bird,1.0
290,./kaggletest/afpfly1/,XC656287.ogg,117.12,0,50.0,5.0,44100,bird,1.0
291,./kaggletest/afpfly1/,XC656287.ogg,117.12,0,65.0,5.0,44100,bird,1.0
292,./kaggletest/afpfly1/,XC656287.ogg,117.12,0,70.0,5.0,44100,bird,1.0
293,./kaggletest/afpfly1/,XC656287.ogg,117.12,0,80.0,5.0,44100,bird,1.0
294,./kaggletest/afpfly1/,XC656287.ogg,117.12,0,85.0,5.0,44100,bird,1.0
295,./kaggletest/afpfly1/,XC656287.ogg,117.12,0,90.0,5.0,44100,bird,1.0
296,./kaggletest/afpfly1/,XC656287.ogg,117.12,0,95.0,5.0,44100,bird,1.0
297,./kaggletest/afpfly1/,XC656287.ogg,117.12,0,105.0,5.0,44100,bird,1.0
298,./kaggletest/afpfly1/,XC656287.ogg,117.12,0,110.0,5.0,44100,bird,1.0
299,./kaggletest/afpfly1/,XC206451.ogg,25.103673469387754,0,0.0,5.0,44100,bird,1.0
300,./kaggletest/afpfly1/,XC206451.ogg,25.103673469387754,0,5.0,5.0,44100,bird,1.0
301,./kaggletest/afpfly1/,XC206451.ogg,25.103673469387754,0,10.0,5.0,44100,bird,1.0
302,./kaggletest/afpfly1/,XC206451.ogg,25.103673469387754,0,15.0,5.0,44100,bird,1.0
303,./kaggletest/afpfly1/,XC206451.ogg,25.103673469387754,0,20.0,5.0,44100,bird,1.0
304,./kaggletest/afpfly1/,XC116188.ogg,31.529773242630384,0,0.0,5.0,44100,bird,1.0
305,./kaggletest/afpfly1/,XC116188.ogg,31.529773242630384,0,5.0,5.0,44100,bird,1.0
306,./kaggletest/afpfly1/,XC116188.ogg,31.529773242630384,0,10.0,5.0,44100,bird,1.0
307,./kaggletest/afpfly1/,XC116188.ogg,31.529773242630384,0,15.0,5.0,44100,bird,1.0
308,./kaggletest/afpfly1/,XC116188.ogg,31.529773242630384,0,20.0,5.0,44100,bird,1.0
309,./kaggletest/afpfly1/,XC116188.ogg,31.529773242630384,0,25.0,5.0,44100,bird,1.0
310,./kaggletest/afpfly1/,XC202633.ogg,9.795895691609978,0,0.0,5.0,44100,bird,1.0
311,./kaggletest/afpfly1/,XC608658.ogg,107.56798185941044,0,0.0,5.0,44100,bird,1.0
312,./kaggletest/afpfly1/,XC608658.ogg,107.56798185941044,0,5.0,5.0,44100,bird,1.0
313,./kaggletest/afpfly1/,XC608658.ogg,107.56798185941044,0,10.0,5.0,44100,bird,1.0
314,./kaggletest/afpfly1/,XC608658.ogg,107.56798185941044,0,15.0,5.0,44100,bird,1.0
315,./kaggletest/afpfly1/,XC608658.ogg,107.56798185941044,0,20.0,5.0,44100,bird,1.0
316,./kaggletest/afpfly1/,XC608658.ogg,107.56798185941044,0,25.0,5.0,44100,bird,1.0
317,./kaggletest/afpfly1/,XC608658.ogg,107.56798185941044,0,30.0,5.0,44100,bird,1.0
318,./kaggletest/afpfly1/,XC608658.ogg,107.56798185941044,0,35.0,5.0,44100,bird,1.0
319,./kaggletest/afpfly1/,XC608658.ogg,107.56798185941044,0,40.0,5.0,44100,bird,1.0
320,./kaggletest/afpfly1/,XC608658.ogg,107.56798185941044,0,45.0,5.0,44100,bird,1.0
321,./kaggletest/afpfly1/,XC608658.ogg,107.56798185941044,0,50.0,5.0,44100,bird,1.0
322,./kaggletest/afpfly1/,XC608658.ogg,107.56798185941044,0,55.0,5.0,44100,bird,1.0
323,./kaggletest/afpfly1/,XC608658.ogg,107.56798185941044,0,60.0,5.0,44100,bird,1.0
324,./kaggletest/afpfly1/,XC608658.ogg,107.56798185941044,0,65.0,5.0,44100,bird,1.0
325,./kaggletest/afpfly1/,XC608658.ogg,107.56798185941044,0,70.0,5.0,44100,bird,1.0
326,./kaggletest/afpfly1/,XC608658.ogg,107.56798185941044,0,75.0,5.0,44100,bird,1.0
327,./kaggletest/afpfly1/,XC608658.ogg,107.56798185941044,0,80.0,5.0,44100,bird,1.0
328,./kaggletest/afpfly1/,XC608658.ogg,107.56798185941044,0,85.0,5.0,44100,bird,1.0
329,./kaggletest/afpfly1/,XC608658.ogg,107.56798185941044,0,90.0,5.0,44100,bird,1.0
330,./kaggletest/afpfly1/,XC608658.ogg,107.56798185941044,0,95.0,5.0,44100,bird,1.0
331,./kaggletest/afpfly1/,XC608658.ogg,107.56798185941044,0,100.0,5.0,44100,bird,1.0
332,./kaggletest/afpfly1/,XC489842.ogg,70.58399092970521,0,0.0,5.0,44100,bird,1.0
333,./kaggletest/afpfly1/,XC489842.ogg,70.58399092970521,0,5.0,5.0,44100,bird,1.0
334,./kaggletest/afpfly1/,XC489842.ogg,70.58399092970521,0,10.0,5.0,44100,bird,1.0
335,./kaggletest/afpfly1/,XC489842.ogg,70.58399092970521,0,15.0,5.0,44100,bird,1.0
336,./kaggletest/afpfly1/,XC489842.ogg,70.58399092970521,0,20.0,5.0,44100,bird,1.0
337,./kaggletest/afpfly1/,XC489842.ogg,70.58399092970521,0,25.0,5.0,44100,bird,1.0
338,./kaggletest/afpfly1/,XC489842.ogg,70.58399092970521,0,30.0,5.0,44100,bird,1.0
339,./kaggletest/afpfly1/,XC489842.ogg,70.58399092970521,0,35.0,5.0,44100,bird,1.0
340,./kaggletest/afpfly1/,XC489842.ogg,70.58399092970521,0,40.0,5.0,44100,bird,1.0
341,./kaggletest/afpfly1/,XC489842.ogg,70.58399092970521,0,45.0,5.0,44100,bird,1.0
342,./kaggletest/afpfly1/,XC489842.ogg,70.58399092970521,0,50.0,5.0,44100,bird,1.0
343,./kaggletest/afpfly1/,XC489842.ogg,70.58399092970521,0,55.0,5.0,44100,bird,1.0
344,./kaggletest/afpfly1/,XC489842.ogg,70.58399092970521,0,60.0,5.0,44100,bird,1.0
345,./kaggletest/afpfly1/,XC489842.ogg,70.58399092970521,0,65.0,5.0,44100,bird,1.0
346,./kaggletest/afpfly1/,XC528685.ogg,21.811995464852608,0,0.0,5.0,44100,bird,1.0
347,./kaggletest/afpfly1/,XC528685.ogg,21.811995464852608,0,5.0,5.0,44100,bird,1.0
348,./kaggletest/afpfly1/,XC528685.ogg,21.811995464852608,0,10.0,5.0,44100,bird,1.0
349,./kaggletest/afpfly1/,XC528685.ogg,21.811995464852608,0,15.0,5.0,44100,bird,1.0
350,./kaggletest/afpfly1/,XC390755.ogg,35.89224489795918,0,0.0,5.0,44100,bird,1.0
351,./kaggletest/afpfly1/,XC390755.ogg,35.89224489795918,0,5.0,5.0,44100,bird,1.0
352,./kaggletest/afpfly1/,XC390755.ogg,35.89224489795918,0,10.0,5.0,44100,bird,1.0
353,./kaggletest/afpfly1/,XC390755.ogg,35.89224489795918,0,15.0,5.0,44100,bird,1.0
354,./kaggletest/afpfly1/,XC390755.ogg,35.89224489795918,0,20.0,5.0,44100,bird,1.0
355,./kaggletest/afpfly1/,XC390755.ogg,35.89224489795918,0,25.0,5.0,44100,bird,1.0
356,./kaggletest/afpfly1/,XC390755.ogg,35.89224489795918,0,30.0,5.0,44100,bird,1.0
357,./kaggletest/afpfly1/,XC326424.ogg,9.403990929705216,0,0.0,5.0,44100,bird,1.0
358,./kaggletest/afpfly1/,XC440707.ogg,61.96798185941043,0,0.0,5.0,44100,bird,1.0
359,./kaggletest/afpfly1/,XC440707.ogg,61.96798185941043,0,5.0,5.0,44100,bird,1.0
360,./kaggletest/afpfly1/,XC440707.ogg,61.96798185941043,0,10.0,5.0,44100,bird,1.0
361,./kaggletest/afpfly1/,XC440707.ogg,61.96798185941043,0,15.0,5.0,44100,bird,1.0
362,./kaggletest/afpfly1/,XC440707.ogg,61.96798185941043,0,20.0,5.0,44100,bird,1.0
363,./kaggletest/afpfly1/,XC440707.ogg,61.96798185941043,0,25.0,5.0,44100,bird,1.0
364,./kaggletest/afpfly1/,XC440707.ogg,61.96798185941043,0,30.0,5.0,44100,bird,1.0
365,./kaggletest/afpfly1/,XC440707.ogg,61.96798185941043,0,35.0,5.0,44100,bird,1.0
366,./kaggletest/afpfly1/,XC440707.ogg,61.96798185941043,0,40.0,5.0,44100,bird,1.0
367,./kaggletest/afpfly1/,XC440707.ogg,61.96798185941043,0,45.0,5.0,44100,bird,1.0
368,./kaggletest/afpfly1/,XC440707.ogg,61.96798185941043,0,50.0,5.0,44100,bird,1.0
369,./kaggletest/afpfly1/,XC440707.ogg,61.96798185941043,0,55.0,5.0,44100,bird,1.0
370,./kaggletest/afpfly1/,XC371227.ogg,13.97548752834467,0,0.0,5.0,44100,bird,1.0
371,./kaggletest/afpfly1/,XC234828.ogg,6.347732426303855,0,0.0,5.0,44100,bird,1.0
372,./kaggletest/afpfly1/,XC526087.ogg,24.43199546485261,0,15.0,5.0,44100,bird,1.0
373,./kaggletest/afpfly1/,XC640812.ogg,55.797551020408164,0,0.0,5.0,44100,bird,1.0
374,./kaggletest/afpfly1/,XC640812.ogg,55.797551020408164,0,5.0,5.0,44100,bird,1.0
375,./kaggletest/afpfly1/,XC640812.ogg,55.797551020408164,0,10.0,5.0,44100,bird,1.0
376,./kaggletest/afpfly1/,XC640812.ogg,55.797551020408164,0,15.0,5.0,44100,bird,1.0
377,./kaggletest/afpfly1/,XC640812.ogg,55.797551020408164,0,20.0,5.0,44100,bird,1.0
378,./kaggletest/afpfly1/,XC640812.ogg,55.797551020408164,0,25.0,5.0,44100,bird,1.0
379,./kaggletest/afpfly1/,XC640812.ogg,55.797551020408164,0,30.0,5.0,44100,bird,1.0
380,./kaggletest/afpfly1/,XC640812.ogg,55.797551020408164,0,35.0,5.0,44100,bird,1.0
381,./kaggletest/afpfly1/,XC640812.ogg,55.797551020408164,0,40.0,5.0,44100,bird,1.0
382,./kaggletest/afpfly1/,XC640812.ogg,55.797551020408164,0,45.0,5.0,44100,bird,1.0
383,./kaggletest/afpfly1/,XC640812.ogg,55.797551020408164,0,50.0,5.0,44100,bird,1.0
384,./kaggletest/afpfly1/,XC253053.ogg,19.56,0,0.0,5.0,44100,bird,1.0
385,./kaggletest/afpfly1/,XC253053.ogg,19.56,0,5.0,5.0,44100,bird,1.0
386,./kaggletest/afpfly1/,XC253053.ogg,19.56,0,10.0,5.0,44100,bird,1.0
387,./kaggletest/afpfly1/,XC534084.ogg,57.36399092970522,0,0.0,5.0,44100,bird,1.0
388,./kaggletest/afpfly1/,XC534084.ogg,57.36399092970522,0,5.0,5.0,44100,bird,1.0
389,./kaggletest/afpfly1/,XC534084.ogg,57.36399092970522,0,10.0,5.0,44100,bird,1.0
390,./kaggletest/afpfly1/,XC534084.ogg,57.36399092970522,0,15.0,5.0,44100,bird,1.0
391,./kaggletest/afpfly1/,XC534084.ogg,57.36399092970522,0,20.0,5.0,44100,bird,1.0
392,./kaggletest/afpfly1/,XC534084.ogg,57.36399092970522,0,25.0,5.0,44100,bird,1.0
393,./kaggletest/afpfly1/,XC534084.ogg,57.36399092970522,0,30.0,5.0,44100,bird,1.0
394,./kaggletest/afpfly1/,XC534084.ogg,57.36399092970522,0,35.0,5.0,44100,bird,1.0
395,./kaggletest/afpfly1/,XC534084.ogg,57.36399092970522,0,40.0,5.0,44100,bird,1.0
396,./kaggletest/afpfly1/,XC534084.ogg,57.36399092970522,0,45.0,5.0,44100,bird,1.0
397,./kaggletest/afpfly1/,XC534084.ogg,57.36399092970522,0,50.0,5.0,44100,bird,1.0
398,./kaggletest/afpfly1/,XC442489.ogg,30.43265306122449,0,0.0,5.0,44100,bird,1.0
399,./kaggletest/afpfly1/,XC442489.ogg,30.43265306122449,0,5.0,5.0,44100,bird,1.0
400,./kaggletest/afpfly1/,XC442489.ogg,30.43265306122449,0,10.0,5.0,44100,bird,1.0
401,./kaggletest/afpfly1/,XC442489.ogg,30.43265306122449,0,15.0,5.0,44100,bird,1.0
402,./kaggletest/afpfly1/,XC442489.ogg,30.43265306122449,0,20.0,5.0,44100,bird,1.0
403,./kaggletest/afpfly1/,XC442489.ogg,30.43265306122449,0,25.0,5.0,44100,bird,1.0
404,./kaggletest/afpfly1/,XC397158.ogg,33.149365079365076,0,0.0,5.0,44100,bird,1.0
405,./kaggletest/afpfly1/,XC397158.ogg,33.149365079365076,0,5.0,5.0,44100,bird,1.0
406,./kaggletest/afpfly1/,XC397158.ogg,33.149365079365076,0,10.0,5.0,44100,bird,1.0
407,./kaggletest/afpfly1/,XC397158.ogg,33.149365079365076,0,20.0,5.0,44100,bird,1.0
408,./kaggletest/afpfly1/,XC397158.ogg,33.149365079365076,0,25.0,5.0,44100,bird,1.0
409,./kaggletest/afpfly1/,XC470598.ogg,103.68,0,0.0,5.0,44100,bird,1.0
410,./kaggletest/afpfly1/,XC470598.ogg,103.68,0,5.0,5.0,44100,bird,1.0
411,./kaggletest/afpfly1/,XC470598.ogg,103.68,0,10.0,5.0,44100,bird,1.0
412,./kaggletest/afpfly1/,XC470598.ogg,103.68,0,15.0,5.0,44100,bird,1.0
413,./kaggletest/afpfly1/,XC470598.ogg,103.68,0,20.0,5.0,44100,bird,1.0
414,./kaggletest/afpfly1/,XC470598.ogg,103.68,0,25.0,5.0,44100,bird,1.0
415,./kaggletest/afpfly1/,XC470598.ogg,103.68,0,30.0,5.0,44100,bird,1.0
416,./kaggletest/afpfly1/,XC470598.ogg,103.68,0,35.0,5.0,44100,bird,1.0
417,./kaggletest/afpfly1/,XC470598.ogg,103.68,0,40.0,5.0,44100,bird,1.0
418,./kaggletest/afpfly1/,XC470598.ogg,103.68,0,55.0,5.0,44100,bird,1.0
419,./kaggletest/afpfly1/,XC470598.ogg,103.68,0,60.0,5.0,44100,bird,1.0
420,./kaggletest/afpfly1/,XC470598.ogg,103.68,0,75.0,5.0,44100,bird,1.0
421,./kaggletest/afpfly1/,XC470598.ogg,103.68,0,85.0,5.0,44100,bird,1.0
422,./kaggletest/afpfly1/,XC470598.ogg,103.68,0,90.0,5.0,44100,bird,1.0
423,./kaggletest/afpfly1/,XC470598.ogg,103.68,0,95.0,5.0,44100,bird,1.0
424,./kaggletest/afpfly1/,XC684439.ogg,42.47498866213152,0,0.0,5.0,44100,bird,1.0
425,./kaggletest/afpfly1/,XC684439.ogg,42.47498866213152,0,5.0,5.0,44100,bird,1.0
426,./kaggletest/afpfly1/,XC684439.ogg,42.47498866213152,0,10.0,5.0,44100,bird,1.0
427,./kaggletest/afpfly1/,XC684439.ogg,42.47498866213152,0,15.0,5.0,44100,bird,1.0
428,./kaggletest/afpfly1/,XC684439.ogg,42.47498866213152,0,20.0,5.0,44100,bird,1.0
429,./kaggletest/afpfly1/,XC684439.ogg,42.47498866213152,0,25.0,5.0,44100,bird,1.0
430,./kaggletest/afpfly1/,XC684439.ogg,42.47498866213152,0,30.0,5.0,44100,bird,1.0
431,./kaggletest/afpfly1/,XC684439.ogg,42.47498866213152,0,35.0,5.0,44100,bird,1.0
432,./kaggletest/afpfly1/,XC445342.ogg,55.456984126984125,0,0.0,5.0,44100,bird,1.0
433,./kaggletest/afpfly1/,XC445342.ogg,55.456984126984125,0,5.0,5.0,44100,bird,1.0
434,./kaggletest/afpfly1/,XC445342.ogg,55.456984126984125,0,20.0,5.0,44100,bird,1.0
435,./kaggletest/afpfly1/,XC445342.ogg,55.456984126984125,0,25.0,5.0,44100,bird,1.0
436,./kaggletest/afpfly1/,XC445342.ogg,55.456984126984125,0,30.0,5.0,44100,bird,1.0
437,./kaggletest/afpfly1/,XC445342.ogg,55.456984126984125,0,35.0,5.0,44100,bird,1.0
438,./kaggletest/afpfly1/,XC445342.ogg,55.456984126984125,0,40.0,5.0,44100,bird,1.0
439,./kaggletest/afpfly1/,XC445342.ogg,55.456984126984125,0,45.0,5.0,44100,bird,1.0
440,./kaggletest/afpfly1/,XC445342.ogg,55.456984126984125,0,50.0,5.0,44100,bird,1.0
441,./kaggletest/afpfly1/,XC156644.ogg,61.46612244897959,0,0.0,5.0,44100,bird,1.0
442,./kaggletest/afpfly1/,XC156644.ogg,61.46612244897959,0,5.0,5.0,44100,bird,1.0
443,./kaggletest/afpfly1/,XC156644.ogg,61.46612244897959,0,10.0,5.0,44100,bird,1.0
444,./kaggletest/afpfly1/,XC156644.ogg,61.46612244897959,0,15.0,5.0,44100,bird,1.0
445,./kaggletest/afpfly1/,XC156644.ogg,61.46612244897959,0,20.0,5.0,44100,bird,1.0
446,./kaggletest/afpfly1/,XC156644.ogg,61.46612244897959,0,25.0,5.0,44100,bird,1.0
447,./kaggletest/afpfly1/,XC156644.ogg,61.46612244897959,0,30.0,5.0,44100,bird,1.0
448,./kaggletest/afpfly1/,XC156644.ogg,61.46612244897959,0,35.0,5.0,44100,bird,1.0
449,./kaggletest/afpfly1/,XC156644.ogg,61.46612244897959,0,40.0,5.0,44100,bird,1.0
450,./kaggletest/afpfly1/,XC156644.ogg,61.46612244897959,0,45.0,5.0,44100,bird,1.0
451,./kaggletest/afpfly1/,XC156644.ogg,61.46612244897959,0,50.0,5.0,44100,bird,1.0
452,./kaggletest/afpfly1/,XC156644.ogg,61.46612244897959,0,55.0,5.0,44100,bird,1.0
453,./kaggletest/afpfly1/,XC370969.ogg,36.85798185941043,0,0.0,5.0,44100,bird,1.0
454,./kaggletest/afpfly1/,XC370969.ogg,36.85798185941043,0,5.0,5.0,44100,bird,1.0
455,./kaggletest/afpfly1/,XC370969.ogg,36.85798185941043,0,10.0,5.0,44100,bird,1.0
456,./kaggletest/afpfly1/,XC370969.ogg,36.85798185941043,0,15.0,5.0,44100,bird,1.0
457,./kaggletest/afpfly1/,XC370969.ogg,36.85798185941043,0,20.0,5.0,44100,bird,1.0
458,./kaggletest/afpfly1/,XC370969.ogg,36.85798185941043,0,25.0,5.0,44100,bird,1.0
459,./kaggletest/afpfly1/,XC370969.ogg,36.85798185941043,0,30.0,5.0,44100,bird,1.0
460,./kaggletest/afpfly1/,XC205892.ogg,59.8465306122449,0,0.0,5.0,44100,bird,1.0
461,./kaggletest/afpfly1/,XC205892.ogg,59.8465306122449,0,20.0,5.0,44100,bird,1.0
462,./kaggletest/afpfly1/,XC205892.ogg,59.8465306122449,0,25.0,5.0,44100,bird,1.0
463,./kaggletest/afpfly1/,XC205892.ogg,59.8465306122449,0,35.0,5.0,44100,bird,1.0
464,./kaggletest/afpfly1/,XC205892.ogg,59.8465306122449,0,40.0,5.0,44100,bird,1.0
465,./kaggletest/afpfly1/,XC205892.ogg,59.8465306122449,0,50.0,5.0,44100,bird,1.0
466,./kaggletest/afpfly1/,XC575123.ogg,49.81548752834467,0,0.0,5.0,44100,bird,1.0
467,./kaggletest/afpfly1/,XC575123.ogg,49.81548752834467,0,5.0,5.0,44100,bird,1.0
468,./kaggletest/afpfly1/,XC575123.ogg,49.81548752834467,0,10.0,5.0,44100,bird,1.0
469,./kaggletest/afpfly1/,XC575123.ogg,49.81548752834467,0,40.0,5.0,44100,bird,1.0
470,./kaggletest/afpfly1/,XC619280.ogg,18.311995464852608,0,0.0,5.0,44100,bird,1.0
471,./kaggletest/afpfly1/,XC619280.ogg,18.311995464852608,0,5.0,5.0,44100,bird,1.0
472,./kaggletest/afpfly1/,XC619280.ogg,18.311995464852608,0,10.0,5.0,44100,bird,1.0
473,./kaggletest/afpfly1/,XC418708.ogg,8.045714285714286,0,0.0,5.0,44100,bird,1.0
474,./kaggletest/afpfly1/,XC237229.ogg,6.295487528344672,0,0.0,5.0,44100,bird,1.0
475,./kaggletest/afpfly1/,XC253590.ogg,159.55589569160998,0,0.0,5.0,44100,bird,1.0
476,./kaggletest/afpfly1/,XC253590.ogg,159.55589569160998,0,10.0,5.0,44100,bird,1.0
477,./kaggletest/afpfly1/,XC253590.ogg,159.55589569160998,0,45.0,5.0,44100,bird,1.0
478,./kaggletest/afpfly1/,XC253590.ogg,159.55589569160998,0,60.0,5.0,44100,bird,1.0
479,./kaggletest/afpfly1/,XC253590.ogg,159.55589569160998,0,70.0,5.0,44100,bird,1.0
480,./kaggletest/afpfly1/,XC253590.ogg,159.55589569160998,0,75.0,5.0,44100,bird,1.0
481,./kaggletest/afpfly1/,XC253590.ogg,159.55589569160998,0,80.0,5.0,44100,bird,1.0
482,./kaggletest/afpfly1/,XC253590.ogg,159.55589569160998,0,95.0,5.0,44100,bird,1.0
483,./kaggletest/afpfly1/,XC253590.ogg,159.55589569160998,0,100.0,5.0,44100,bird,1.0
484,./kaggletest/afpfly1/,XC253590.ogg,159.55589569160998,0,105.0,5.0,44100,bird,1.0
485,./kaggletest/afpfly1/,XC253590.ogg,159.55589569160998,0,110.0,5.0,44100,bird,1.0
486,./kaggletest/afpfly1/,XC253590.ogg,159.55589569160998,0,115.0,5.0,44100,bird,1.0
487,./kaggletest/afpfly1/,XC253590.ogg,159.55589569160998,0,120.0,5.0,44100,bird,1.0
488,./kaggletest/afpfly1/,XC253590.ogg,159.55589569160998,0,125.0,5.0,44100,bird,1.0
489,./kaggletest/afpfly1/,XC253590.ogg,159.55589569160998,0,130.0,5.0,44100,bird,1.0
490,./kaggletest/afpfly1/,XC253590.ogg,159.55589569160998,0,135.0,5.0,44100,bird,1.0
491,./kaggletest/afpfly1/,XC291809.ogg,21.05467120181406,0,0.0,5.0,44100,bird,1.0
492,./kaggletest/afpfly1/,XC291809.ogg,21.05467120181406,0,5.0,5.0,44100,bird,1.0
493,./kaggletest/afpfly1/,XC291809.ogg,21.05467120181406,0,15.0,5.0,44100,bird,1.0
494,./kaggletest/afpfly1/,XC153919.ogg,7.262018140589569,0,0.0,5.0,44100,bird,1.0
495,./kaggletest/afpfly1/,XC398597.ogg,41.66498866213152,0,0.0,5.0,44100,bird,1.0
496,./kaggletest/afpfly1/,XC398597.ogg,41.66498866213152,0,5.0,5.0,44100,bird,1.0
497,./kaggletest/afpfly1/,XC398597.ogg,41.66498866213152,0,10.0,5.0,44100,bird,1.0
498,./kaggletest/afpfly1/,XC398597.ogg,41.66498866213152,0,15.0,5.0,44100,bird,1.0
499,./kaggletest/afpfly1/,XC398597.ogg,41.66498866213152,0,20.0,5.0,44100,bird,1.0
500,./kaggletest/afpfly1/,XC398597.ogg,41.66498866213152,0,25.0,5.0,44100,bird,1.0
501,./kaggletest/afpfly1/,XC398597.ogg,41.66498866213152,0,30.0,5.0,44100,bird,1.0
502,./kaggletest/afpfly1/,XC398597.ogg,41.66498866213152,0,35.0,5.0,44100,bird,1.0
503,./kaggletest/afpfly1/,XC323329.ogg,58.84798185941043,0,0.0,5.0,44100,bird,1.0
504,./kaggletest/afpfly1/,XC323329.ogg,58.84798185941043,0,5.0,5.0,44100,bird,1.0
505,./kaggletest/afpfly1/,XC323329.ogg,58.84798185941043,0,10.0,5.0,44100,bird,1.0
506,./kaggletest/afpfly1/,XC323329.ogg,58.84798185941043,0,15.0,5.0,44100,bird,1.0
507,./kaggletest/afpfly1/,XC323329.ogg,58.84798185941043,0,20.0,5.0,44100,bird,1.0
508,./kaggletest/afpfly1/,XC323329.ogg,58.84798185941043,0,25.0,5.0,44100,bird,1.0
509,./kaggletest/afpfly1/,XC323329.ogg,58.84798185941043,0,35.0,5.0,44100,bird,1.0
510,./kaggletest/afpfly1/,XC323329.ogg,58.84798185941043,0,40.0,5.0,44100,bird,1.0
511,./kaggletest/afpfly1/,XC323329.ogg,58.84798185941043,0,45.0,5.0,44100,bird,1.0
512,./kaggletest/afpfly1/,XC323329.ogg,58.84798185941043,0,50.0,5.0,44100,bird,1.0
513,./kaggletest/afpfly1/,XC315499.ogg,5.537959183673469,0,0.0,5.0,44100,bird,1.0
514,./kaggletest/afpfly1/,XC205891.ogg,37.746916099773244,0,0.0,5.0,44100,bird,1.0
515,./kaggletest/afpfly1/,XC205891.ogg,37.746916099773244,0,5.0,5.0,44100,bird,1.0
516,./kaggletest/afpfly1/,XC205891.ogg,37.746916099773244,0,10.0,5.0,44100,bird,1.0
517,./kaggletest/afpfly1/,XC205891.ogg,37.746916099773244,0,15.0,5.0,44100,bird,1.0
518,./kaggletest/afpfly1/,XC205891.ogg,37.746916099773244,0,20.0,5.0,44100,bird,1.0
519,./kaggletest/afpfly1/,XC205891.ogg,37.746916099773244,0,25.0,5.0,44100,bird,1.0
520,./kaggletest/afpfly1/,XC205891.ogg,37.746916099773244,0,30.0,5.0,44100,bird,1.0
521,./kaggletest/afpfly1/,XC317922.ogg,28.917551020408162,0,0.0,5.0,44100,bird,1.0
522,./kaggletest/afpfly1/,XC317922.ogg,28.917551020408162,0,10.0,5.0,44100,bird,1.0
523,./kaggletest/afpfly1/,XC317922.ogg,28.917551020408162,0,15.0,5.0,44100,bird,1.0
524,./kaggletest/afpfly1/,XC317922.ogg,28.917551020408162,0,20.0,5.0,44100,bird,1.0
525,./kaggletest/afpfly1/,XC445344.ogg,8.175986394557823,0,0.0,5.0,44100,bird,1.0
526,./kaggletest/afpfly1/,XC246403.ogg,23.771428571428572,0,0.0,5.0,44100,bird,1.0
527,./kaggletest/afpfly1/,XC246403.ogg,23.771428571428572,0,5.0,5.0,44100,bird,1.0
528,./kaggletest/afpfly1/,XC246403.ogg,23.771428571428572,0,10.0,5.0,44100,bird,1.0
529,./kaggletest/afpfly1/,XC246403.ogg,23.771428571428572,0,15.0,5.0,44100,bird,1.0
530,./kaggletest/afpfly1/,XC666530.ogg,27.36,0,0.0,5.0,44100,bird,1.0
531,./kaggletest/afpfly1/,XC666530.ogg,27.36,0,5.0,5.0,44100,bird,1.0
532,./kaggletest/afpfly1/,XC666530.ogg,27.36,0,10.0,5.0,44100,bird,1.0
533,./kaggletest/afpfly1/,XC666530.ogg,27.36,0,15.0,5.0,44100,bird,1.0
534,./kaggletest/afpfly1/,XC666530.ogg,27.36,0,20.0,5.0,44100,bird,1.0
535,./kaggletest/afpfly1/,XC508494.ogg,90.69714285714285,0,0.0,5.0,44100,bird,1.0
536,./kaggletest/afpfly1/,XC508494.ogg,90.69714285714285,0,10.0,5.0,44100,bird,1.0
537,./kaggletest/afpfly1/,XC508494.ogg,90.69714285714285,0,20.0,5.0,44100,bird,1.0
538,./kaggletest/afpfly1/,XC508494.ogg,90.69714285714285,0,25.0,5.0,44100,bird,1.0
539,./kaggletest/afpfly1/,XC508494.ogg,90.69714285714285,0,40.0,5.0,44100,bird,1.0
540,./kaggletest/afpfly1/,XC508494.ogg,90.69714285714285,0,45.0,5.0,44100,bird,1.0
541,./kaggletest/afpfly1/,XC508494.ogg,90.69714285714285,0,50.0,5.0,44100,bird,1.0
542,./kaggletest/afpfly1/,XC508494.ogg,90.69714285714285,0,55.0,5.0,44100,bird,1.0
543,./kaggletest/afpfly1/,XC508494.ogg,90.69714285714285,0,60.0,5.0,44100,bird,1.0
544,./kaggletest/afpfly1/,XC508494.ogg,90.69714285714285,0,65.0,5.0,44100,bird,1.0
545,./kaggletest/afpfly1/,XC508494.ogg,90.69714285714285,0,75.0,5.0,44100,bird,1.0
546,./kaggletest/afpfly1/,XC704564.ogg,21.76,0,0.0,5.0,44100,bird,1.0
547,./kaggletest/afpfly1/,XC704564.ogg,21.76,0,5.0,5.0,44100,bird,1.0
548,./kaggletest/afpfly1/,XC704564.ogg,21.76,0,10.0,5.0,44100,bird,1.0
549,./kaggletest/afpfly1/,XC704564.ogg,21.76,0,15.0,5.0,44100,bird,1.0
550,./kaggletest/afpfly1/,XC247669.ogg,15.098775510204081,0,0.0,5.0,44100,bird,1.0
551,./kaggletest/afpfly1/,XC247669.ogg,15.098775510204081,0,5.0,5.0,44100,bird,1.0
552,./kaggletest/afpfly1/,XC247669.ogg,15.098775510204081,0,10.0,5.0,44100,bird,1.0
553,./kaggletest/afpfly1/,XC399129.ogg,6.007981859410431,0,0.0,5.0,44100,bird,1.0
554,./kaggletest/afpfly1/,XC372188.ogg,34.586122448979594,0,0.0,5.0,44100,bird,1.0
555,./kaggletest/afpfly1/,XC372188.ogg,34.586122448979594,0,5.0,5.0,44100,bird,1.0
556,./kaggletest/afpfly1/,XC372188.ogg,34.586122448979594,0,15.0,5.0,44100,bird,1.0
557,./kaggletest/afpfly1/,XC372188.ogg,34.586122448979594,0,20.0,5.0,44100,bird,1.0
558,./kaggletest/afpfly1/,XC372188.ogg,34.586122448979594,0,25.0,5.0,44100,bird,1.0
559,./kaggletest/afpfly1/,XC364503.ogg,15.88798185941043,0,0.0,5.0,44100,bird,1.0
560,./kaggletest/afpfly1/,XC364503.ogg,15.88798185941043,0,5.0,5.0,44100,bird,1.0
561,./kaggletest/afpfly1/,XC364503.ogg,15.88798185941043,0,10.0,5.0,44100,bird,1.0
562,./kaggletest/afpfly1/,XC364501.ogg,23.88,0,0.0,5.0,44100,bird,1.0
563,./kaggletest/afpfly1/,XC364501.ogg,23.88,0,5.0,5.0,44100,bird,1.0
564,./kaggletest/afpfly1/,XC364501.ogg,23.88,0,10.0,5.0,44100,bird,1.0
565,./kaggletest/afpfly1/,XC364501.ogg,23.88,0,15.0,5.0,44100,bird,1.0
566,./kaggletest/afpfly1/,XC392042.ogg,23.11798185941043,0,0.0,5.0,44100,bird,1.0
567,./kaggletest/afpfly1/,XC392042.ogg,23.11798185941043,0,5.0,5.0,44100,bird,1.0
568,./kaggletest/afpfly1/,XC392042.ogg,23.11798185941043,0,10.0,5.0,44100,bird,1.0
569,./kaggletest/afpfly1/,XC392042.ogg,23.11798185941043,0,15.0,5.0,44100,bird,1.0
570,./kaggletest/afpfly1/,XC445347.ogg,12.511995464852607,0,0.0,5.0,44100,bird,1.0
571,./kaggletest/afpfly1/,XC445347.ogg,12.511995464852607,0,5.0,5.0,44100,bird,1.0
572,./kaggletest/afpfly1/,XC459009.ogg,43.702834467120184,0,0.0,5.0,44100,bird,1.0
573,./kaggletest/afpfly1/,XC459009.ogg,43.702834467120184,0,5.0,5.0,44100,bird,1.0
574,./kaggletest/afpfly1/,XC459009.ogg,43.702834467120184,0,10.0,5.0,44100,bird,1.0
575,./kaggletest/afpfly1/,XC459009.ogg,43.702834467120184,0,15.0,5.0,44100,bird,1.0
576,./kaggletest/afpfly1/,XC459009.ogg,43.702834467120184,0,20.0,5.0,44100,bird,1.0
577,./kaggletest/afpfly1/,XC459009.ogg,43.702834467120184,0,25.0,5.0,44100,bird,1.0
578,./kaggletest/afpfly1/,XC459009.ogg,43.702834467120184,0,30.0,5.0,44100,bird,1.0
579,./kaggletest/afpfly1/,XC459009.ogg,43.702834467120184,0,35.0,5.0,44100,bird,1.0
580,./kaggletest/afpfly1/,XC575124.ogg,60.02936507936508,0,0.0,5.0,44100,bird,1.0
581,./kaggletest/afpfly1/,XC575124.ogg,60.02936507936508,0,5.0,5.0,44100,bird,1.0
582,./kaggletest/afpfly1/,XC575124.ogg,60.02936507936508,0,50.0,5.0,44100,bird,1.0
583,./kaggletest/afpfly1/,XC575124.ogg,60.02936507936508,0,55.0,5.0,44100,bird,1.0
