,FOLDER,IN FILE,CLIP LENGTH,CHANNEL,OFFSET,DURATION,SAMPLE RATE,MANUAL ID,CONFIDENCE
0,./kaggletest/afrthr1/,XC652880.ogg,233.52,0,0.0,5.0,44100,bird,1.0
1,./kaggletest/afrthr1/,XC652880.ogg,233.52,0,5.0,5.0,44100,bird,1.0
2,./kaggletest/afrthr1/,XC652880.ogg,233.52,0,10.0,5.0,44100,bird,1.0
3,./kaggletest/afrthr1/,XC652880.ogg,233.52,0,20.0,5.0,44100,bird,1.0
4,./kaggletest/afrthr1/,XC652880.ogg,233.52,0,25.0,5.0,44100,bird,1.0
5,./kaggletest/afrthr1/,XC652880.ogg,233.52,0,30.0,5.0,44100,bird,1.0
6,./kaggletest/afrthr1/,XC652880.ogg,233.52,0,35.0,5.0,44100,bird,1.0
7,./kaggletest/afrthr1/,XC652880.ogg,233.52,0,40.0,5.0,44100,bird,1.0
8,./kaggletest/afrthr1/,XC652880.ogg,233.52,0,45.0,5.0,44100,bird,1.0
9,./kaggletest/afrthr1/,XC652880.ogg,233.52,0,50.0,5.0,44100,bird,1.0
10,./kaggletest/afrthr1/,XC652880.ogg,233.52,0,55.0,5.0,44100,bird,1.0
11,./kaggletest/afrthr1/,XC652880.ogg,233.52,0,60.0,5.0,44100,bird,1.0
12,./kaggletest/afrthr1/,XC652880.ogg,233.52,0,65.0,5.0,44100,bird,1.0
13,./kaggletest/afrthr1/,XC652880.ogg,233.52,0,70.0,5.0,44100,bird,1.0
14,./kaggletest/afrthr1/,XC652880.ogg,233.52,0,75.0,5.0,44100,bird,1.0
15,./kaggletest/afrthr1/,XC652880.ogg,233.52,0,80.0,5.0,44100,bird,1.0
16,./kaggletest/afrthr1/,XC652880.ogg,233.52,0,85.0,5.0,44100,bird,1.0
17,./kaggletest/afrthr1/,XC652880.ogg,233.52,0,90.0,5.0,44100,bird,1.0
18,./kaggletest/afrthr1/,XC652880.ogg,233.52,0,95.0,5.0,44100,bird,1.0
19,./kaggletest/afrthr1/,XC652880.ogg,233.52,0,100.0,5.0,44100,bird,1.0
20,./kaggletest/afrthr1/,XC652880.ogg,233.52,0,105.0,5.0,44100,bird,1.0
21,./kaggletest/afrthr1/,XC652880.ogg,233.52,0,110.0,5.0,44100,bird,1.0
22,./kaggletest/afrthr1/,XC652880.ogg,233.52,0,115.0,5.0,44100,bird,1.0
23,./kaggletest/afrthr1/,XC652880.ogg,233.52,0,120.0,5.0,44100,bird,1.0
24,./kaggletest/afrthr1/,XC652880.ogg,233.52,0,125.0,5.0,44100,bird,1.0
25,./kaggletest/afrthr1/,XC652880.ogg,233.52,0,130.0,5.0,44100,bird,1.0
26,./kaggletest/afrthr1/,XC652880.ogg,233.52,0,135.0,5.0,44100,bird,1.0
27,./kaggletest/afrthr1/,XC652880.ogg,233.52,0,140.0,5.0,44100,bird,1.0
28,./kaggletest/afrthr1/,XC652880.ogg,233.52,0,145.0,5.0,44100,bird,1.0
29,./kaggletest/afrthr1/,XC652880.ogg,233.52,0,150.0,5.0,44100,bird,1.0
30,./kaggletest/afrthr1/,XC652880.ogg,233.52,0,155.0,5.0,44100,bird,1.0
31,./kaggletest/afrthr1/,XC652880.ogg,233.52,0,160.0,5.0,44100,bird,1.0
32,./kaggletest/afrthr1/,XC652880.ogg,233.52,0,165.0,5.0,44100,bird,1.0
33,./kaggletest/afrthr1/,XC652880.ogg,233.52,0,170.0,5.0,44100,bird,1.0
34,./kaggletest/afrthr1/,XC652880.ogg,233.52,0,175.0,5.0,44100,bird,1.0
35,./kaggletest/afrthr1/,XC652880.ogg,233.52,0,180.0,5.0,44100,bird,1.0
36,./kaggletest/afrthr1/,XC652880.ogg,233.52,0,185.0,5.0,44100,bird,1.0
37,./kaggletest/afrthr1/,XC652880.ogg,233.52,0,190.0,5.0,44100,bird,1.0
38,./kaggletest/afrthr1/,XC652880.ogg,233.52,0,195.0,5.0,44100,bird,1.0
39,./kaggletest/afrthr1/,XC652880.ogg,233.52,0,200.0,5.0,44100,bird,1.0
40,./kaggletest/afrthr1/,XC652880.ogg,233.52,0,205.0,5.0,44100,bird,1.0
41,./kaggletest/afrthr1/,XC652880.ogg,233.52,0,210.0,5.0,44100,bird,1.0
42,./kaggletest/afrthr1/,XC652880.ogg,233.52,0,215.0,5.0,44100,bird,1.0
43,./kaggletest/afrthr1/,XC652880.ogg,233.52,0,220.0,5.0,44100,bird,1.0
44,./kaggletest/afrthr1/,XC652880.ogg,233.52,0,225.0,5.0,44100,bird,1.0
45,./kaggletest/afrthr1/,XC137933.ogg,87.4319954648526,0,0.0,5.0,44100,bird,1.0
46,./kaggletest/afrthr1/,XC137933.ogg,87.4319954648526,0,5.0,5.0,44100,bird,1.0
47,./kaggletest/afrthr1/,XC137933.ogg,87.4319954648526,0,15.0,5.0,44100,bird,1.0
48,./kaggletest/afrthr1/,XC137933.ogg,87.4319954648526,0,25.0,5.0,44100,bird,1.0
49,./kaggletest/afrthr1/,XC137933.ogg,87.4319954648526,0,30.0,5.0,44100,bird,1.0
50,./kaggletest/afrthr1/,XC137933.ogg,87.4319954648526,0,35.0,5.0,44100,bird,1.0
51,./kaggletest/afrthr1/,XC137933.ogg,87.4319954648526,0,40.0,5.0,44100,bird,1.0
52,./kaggletest/afrthr1/,XC137933.ogg,87.4319954648526,0,45.0,5.0,44100,bird,1.0
53,./kaggletest/afrthr1/,XC137933.ogg,87.4319954648526,0,50.0,5.0,44100,bird,1.0
54,./kaggletest/afrthr1/,XC137933.ogg,87.4319954648526,0,55.0,5.0,44100,bird,1.0
55,./kaggletest/afrthr1/,XC137933.ogg,87.4319954648526,0,60.0,5.0,44100,bird,1.0
56,./kaggletest/afrthr1/,XC137933.ogg,87.4319954648526,0,65.0,5.0,44100,bird,1.0
57,./kaggletest/afrthr1/,XC137933.ogg,87.4319954648526,0,70.0,5.0,44100,bird,1.0
58,./kaggletest/afrthr1/,XC137933.ogg,87.4319954648526,0,75.0,5.0,44100,bird,1.0
59,./kaggletest/afrthr1/,XC137933.ogg,87.4319954648526,0,80.0,5.0,44100,bird,1.0
60,./kaggletest/afrthr1/,XC671679.ogg,17.4,0,0.0,5.0,44100,bird,1.0
61,./kaggletest/afrthr1/,XC671679.ogg,17.4,0,5.0,5.0,44100,bird,1.0
62,./kaggletest/afrthr1/,XC671679.ogg,17.4,0,10.0,5.0,44100,bird,1.0
63,./kaggletest/afrthr1/,XC368056.ogg,6.713446712018141,0,0.0,5.0,44100,bird,1.0
64,./kaggletest/afrthr1/,XC264906.ogg,32.62691609977324,0,0.0,5.0,44100,bird,1.0
65,./kaggletest/afrthr1/,XC264906.ogg,32.62691609977324,0,10.0,5.0,44100,bird,1.0
66,./kaggletest/afrthr1/,XC264906.ogg,32.62691609977324,0,20.0,5.0,44100,bird,1.0
67,./kaggletest/afrthr1/,XC264906.ogg,32.62691609977324,0,25.0,5.0,44100,bird,1.0
68,./kaggletest/afrthr1/,XC137935.ogg,71.76,0,0.0,5.0,44100,bird,1.0
69,./kaggletest/afrthr1/,XC137935.ogg,71.76,0,5.0,5.0,44100,bird,1.0
70,./kaggletest/afrthr1/,XC137935.ogg,71.76,0,10.0,5.0,44100,bird,1.0
71,./kaggletest/afrthr1/,XC137935.ogg,71.76,0,15.0,5.0,44100,bird,1.0
72,./kaggletest/afrthr1/,XC137935.ogg,71.76,0,20.0,5.0,44100,bird,1.0
73,./kaggletest/afrthr1/,XC137935.ogg,71.76,0,25.0,5.0,44100,bird,1.0
74,./kaggletest/afrthr1/,XC137935.ogg,71.76,0,30.0,5.0,44100,bird,1.0
75,./kaggletest/afrthr1/,XC137935.ogg,71.76,0,35.0,5.0,44100,bird,1.0
76,./kaggletest/afrthr1/,XC137935.ogg,71.76,0,40.0,5.0,44100,bird,1.0
77,./kaggletest/afrthr1/,XC137935.ogg,71.76,0,45.0,5.0,44100,bird,1.0
78,./kaggletest/afrthr1/,XC137935.ogg,71.76,0,50.0,5.0,44100,bird,1.0
79,./kaggletest/afrthr1/,XC137935.ogg,71.76,0,55.0,5.0,44100,bird,1.0
80,./kaggletest/afrthr1/,XC137935.ogg,71.76,0,60.0,5.0,44100,bird,1.0
81,./kaggletest/afrthr1/,XC137935.ogg,71.76,0,65.0,5.0,44100,bird,1.0
82,./kaggletest/afrthr1/,XC137934.ogg,19.463990929705215,0,0.0,5.0,44100,bird,1.0
83,./kaggletest/afrthr1/,XC137934.ogg,19.463990929705215,0,5.0,5.0,44100,bird,1.0
84,./kaggletest/afrthr1/,XC137934.ogg,19.463990929705215,0,10.0,5.0,44100,bird,1.0
85,./kaggletest/afrthr1/,XC447201.ogg,20.035895691609976,0,0.0,5.0,44100,bird,1.0
86,./kaggletest/afrthr1/,XC447201.ogg,20.035895691609976,0,5.0,5.0,44100,bird,1.0
87,./kaggletest/afrthr1/,XC447201.ogg,20.035895691609976,0,10.0,5.0,44100,bird,1.0
88,./kaggletest/afrthr1/,XC447201.ogg,20.035895691609976,0,15.0,5.0,44100,bird,1.0
89,./kaggletest/afrthr1/,XC671680.ogg,15.383990929705215,0,0.0,5.0,44100,bird,1.0
90,./kaggletest/afrthr1/,XC671680.ogg,15.383990929705215,0,5.0,5.0,44100,bird,1.0
91,./kaggletest/afrthr1/,XC671680.ogg,15.383990929705215,0,10.0,5.0,44100,bird,1.0
92,./kaggletest/afrthr1/,XC370972.ogg,70.29498866213152,0,0.0,5.0,44100,bird,1.0
93,./kaggletest/afrthr1/,XC370972.ogg,70.29498866213152,0,5.0,5.0,44100,bird,1.0
94,./kaggletest/afrthr1/,XC370972.ogg,70.29498866213152,0,10.0,5.0,44100,bird,1.0
95,./kaggletest/afrthr1/,XC370972.ogg,70.29498866213152,0,15.0,5.0,44100,bird,1.0
96,./kaggletest/afrthr1/,XC370972.ogg,70.29498866213152,0,20.0,5.0,44100,bird,1.0
97,./kaggletest/afrthr1/,XC370972.ogg,70.29498866213152,0,25.0,5.0,44100,bird,1.0
98,./kaggletest/afrthr1/,XC370972.ogg,70.29498866213152,0,30.0,5.0,44100,bird,1.0
99,./kaggletest/afrthr1/,XC370972.ogg,70.29498866213152,0,35.0,5.0,44100,bird,1.0
100,./kaggletest/afrthr1/,XC370972.ogg,70.29498866213152,0,40.0,5.0,44100,bird,1.0
101,./kaggletest/afrthr1/,XC370972.ogg,70.29498866213152,0,45.0,5.0,44100,bird,1.0
102,./kaggletest/afrthr1/,XC370972.ogg,70.29498866213152,0,50.0,5.0,44100,bird,1.0
103,./kaggletest/afrthr1/,XC370972.ogg,70.29498866213152,0,55.0,5.0,44100,bird,1.0
104,./kaggletest/afrthr1/,XC370972.ogg,70.29498866213152,0,60.0,5.0,44100,bird,1.0
105,./kaggletest/afrthr1/,XC370972.ogg,70.29498866213152,0,65.0,5.0,44100,bird,1.0
106,./kaggletest/afrthr1/,XC481720.ogg,107.33698412698412,0,0.0,5.0,44100,bird,1.0
107,./kaggletest/afrthr1/,XC481720.ogg,107.33698412698412,0,5.0,5.0,44100,bird,1.0
108,./kaggletest/afrthr1/,XC481720.ogg,107.33698412698412,0,10.0,5.0,44100,bird,1.0
109,./kaggletest/afrthr1/,XC481720.ogg,107.33698412698412,0,15.0,5.0,44100,bird,1.0
110,./kaggletest/afrthr1/,XC481720.ogg,107.33698412698412,0,20.0,5.0,44100,bird,1.0
111,./kaggletest/afrthr1/,XC481720.ogg,107.33698412698412,0,25.0,5.0,44100,bird,1.0
112,./kaggletest/afrthr1/,XC481720.ogg,107.33698412698412,0,30.0,5.0,44100,bird,1.0
113,./kaggletest/afrthr1/,XC481720.ogg,107.33698412698412,0,35.0,5.0,44100,bird,1.0
114,./kaggletest/afrthr1/,XC481720.ogg,107.33698412698412,0,40.0,5.0,44100,bird,1.0
115,./kaggletest/afrthr1/,XC481720.ogg,107.33698412698412,0,45.0,5.0,44100,bird,1.0
116,./kaggletest/afrthr1/,XC481720.ogg,107.33698412698412,0,50.0,5.0,44100,bird,1.0
117,./kaggletest/afrthr1/,XC481720.ogg,107.33698412698412,0,55.0,5.0,44100,bird,1.0
118,./kaggletest/afrthr1/,XC481720.ogg,107.33698412698412,0,60.0,5.0,44100,bird,1.0
119,./kaggletest/afrthr1/,XC481720.ogg,107.33698412698412,0,65.0,5.0,44100,bird,1.0
120,./kaggletest/afrthr1/,XC481720.ogg,107.33698412698412,0,70.0,5.0,44100,bird,1.0
121,./kaggletest/afrthr1/,XC481720.ogg,107.33698412698412,0,75.0,5.0,44100,bird,1.0
122,./kaggletest/afrthr1/,XC481720.ogg,107.33698412698412,0,80.0,5.0,44100,bird,1.0
123,./kaggletest/afrthr1/,XC481720.ogg,107.33698412698412,0,85.0,5.0,44100,bird,1.0
124,./kaggletest/afrthr1/,XC481720.ogg,107.33698412698412,0,90.0,5.0,44100,bird,1.0
125,./kaggletest/afrthr1/,XC481720.ogg,107.33698412698412,0,95.0,5.0,44100,bird,1.0
126,./kaggletest/afrthr1/,XC481720.ogg,107.33698412698412,0,100.0,5.0,44100,bird,1.0
127,./kaggletest/afrthr1/,XC370970.ogg,44.53798185941043,0,0.0,5.0,44100,bird,1.0
128,./kaggletest/afrthr1/,XC370970.ogg,44.53798185941043,0,5.0,5.0,44100,bird,1.0
129,./kaggletest/afrthr1/,XC370970.ogg,44.53798185941043,0,10.0,5.0,44100,bird,1.0
130,./kaggletest/afrthr1/,XC370970.ogg,44.53798185941043,0,15.0,5.0,44100,bird,1.0
131,./kaggletest/afrthr1/,XC370970.ogg,44.53798185941043,0,20.0,5.0,44100,bird,1.0
132,./kaggletest/afrthr1/,XC370970.ogg,44.53798185941043,0,25.0,5.0,44100,bird,1.0
133,./kaggletest/afrthr1/,XC370970.ogg,44.53798185941043,0,30.0,5.0,44100,bird,1.0
134,./kaggletest/afrthr1/,XC370970.ogg,44.53798185941043,0,35.0,5.0,44100,bird,1.0
135,./kaggletest/afrthr1/,XC137936.ogg,30.84,0,0.0,5.0,44100,bird,1.0
136,./kaggletest/afrthr1/,XC137936.ogg,30.84,0,5.0,5.0,44100,bird,1.0
137,./kaggletest/afrthr1/,XC137936.ogg,30.84,0,10.0,5.0,44100,bird,1.0
138,./kaggletest/afrthr1/,XC137936.ogg,30.84,0,20.0,5.0,44100,bird,1.0
139,./kaggletest/afrthr1/,XC137936.ogg,30.84,0,25.0,5.0,44100,bird,1.0
140,./kaggletest/afrthr1/,XC652884.ogg,233.52,0,0.0,5.0,44100,bird,1.0
141,./kaggletest/afrthr1/,XC652884.ogg,233.52,0,5.0,5.0,44100,bird,1.0
142,./kaggletest/afrthr1/,XC652884.ogg,233.52,0,10.0,5.0,44100,bird,1.0
143,./kaggletest/afrthr1/,XC652884.ogg,233.52,0,20.0,5.0,44100,bird,1.0
144,./kaggletest/afrthr1/,XC652884.ogg,233.52,0,25.0,5.0,44100,bird,1.0
145,./kaggletest/afrthr1/,XC652884.ogg,233.52,0,30.0,5.0,44100,bird,1.0
146,./kaggletest/afrthr1/,XC652884.ogg,233.52,0,35.0,5.0,44100,bird,1.0
147,./kaggletest/afrthr1/,XC652884.ogg,233.52,0,40.0,5.0,44100,bird,1.0
148,./kaggletest/afrthr1/,XC652884.ogg,233.52,0,45.0,5.0,44100,bird,1.0
149,./kaggletest/afrthr1/,XC652884.ogg,233.52,0,50.0,5.0,44100,bird,1.0
150,./kaggletest/afrthr1/,XC652884.ogg,233.52,0,55.0,5.0,44100,bird,1.0
151,./kaggletest/afrthr1/,XC652884.ogg,233.52,0,60.0,5.0,44100,bird,1.0
152,./kaggletest/afrthr1/,XC652884.ogg,233.52,0,65.0,5.0,44100,bird,1.0
153,./kaggletest/afrthr1/,XC652884.ogg,233.52,0,70.0,5.0,44100,bird,1.0
154,./kaggletest/afrthr1/,XC652884.ogg,233.52,0,75.0,5.0,44100,bird,1.0
155,./kaggletest/afrthr1/,XC652884.ogg,233.52,0,80.0,5.0,44100,bird,1.0
156,./kaggletest/afrthr1/,XC652884.ogg,233.52,0,85.0,5.0,44100,bird,1.0
157,./kaggletest/afrthr1/,XC652884.ogg,233.52,0,90.0,5.0,44100,bird,1.0
158,./kaggletest/afrthr1/,XC652884.ogg,233.52,0,95.0,5.0,44100,bird,1.0
159,./kaggletest/afrthr1/,XC652884.ogg,233.52,0,100.0,5.0,44100,bird,1.0
160,./kaggletest/afrthr1/,XC652884.ogg,233.52,0,105.0,5.0,44100,bird,1.0
161,./kaggletest/afrthr1/,XC652884.ogg,233.52,0,110.0,5.0,44100,bird,1.0
162,./kaggletest/afrthr1/,XC652884.ogg,233.52,0,115.0,5.0,44100,bird,1.0
163,./kaggletest/afrthr1/,XC652884.ogg,233.52,0,120.0,5.0,44100,bird,1.0
164,./kaggletest/afrthr1/,XC652884.ogg,233.52,0,125.0,5.0,44100,bird,1.0
165,./kaggletest/afrthr1/,XC652884.ogg,233.52,0,130.0,5.0,44100,bird,1.0
166,./kaggletest/afrthr1/,XC652884.ogg,233.52,0,135.0,5.0,44100,bird,1.0
167,./kaggletest/afrthr1/,XC652884.ogg,233.52,0,140.0,5.0,44100,bird,1.0
168,./kaggletest/afrthr1/,XC652884.ogg,233.52,0,145.0,5.0,44100,bird,1.0
169,./kaggletest/afrthr1/,XC652884.ogg,233.52,0,150.0,5.0,44100,bird,1.0
170,./kaggletest/afrthr1/,XC652884.ogg,233.52,0,155.0,5.0,44100,bird,1.0
171,./kaggletest/afrthr1/,XC652884.ogg,233.52,0,160.0,5.0,44100,bird,1.0
172,./kaggletest/afrthr1/,XC652884.ogg,233.52,0,165.0,5.0,44100,bird,1.0
173,./kaggletest/afrthr1/,XC652884.ogg,233.52,0,170.0,5.0,44100,bird,1.0
174,./kaggletest/afrthr1/,XC652884.ogg,233.52,0,175.0,5.0,44100,bird,1.0
175,./kaggletest/afrthr1/,XC652884.ogg,233.52,0,180.0,5.0,44100,bird,1.0
176,./kaggletest/afrthr1/,XC652884.ogg,233.52,0,185.0,5.0,44100,bird,1.0
177,./kaggletest/afrthr1/,XC652884.ogg,233.52,0,190.0,5.0,44100,bird,1.0
178,./kaggletest/afrthr1/,XC652884.ogg,233.52,0,195.0,5.0,44100,bird,1.0
179,./kaggletest/afrthr1/,XC652884.ogg,233.52,0,200.0,5.0,44100,bird,1.0
180,./kaggletest/afrthr1/,XC652884.ogg,233.52,0,205.0,5.0,44100,bird,1.0
181,./kaggletest/afrthr1/,XC652884.ogg,233.52,0,210.0,5.0,44100,bird,1.0
182,./kaggletest/afrthr1/,XC652884.ogg,233.52,0,215.0,5.0,44100,bird,1.0
183,./kaggletest/afrthr1/,XC652884.ogg,233.52,0,220.0,5.0,44100,bird,1.0
184,./kaggletest/afrthr1/,XC652884.ogg,233.52,0,225.0,5.0,44100,bird,1.0
185,./kaggletest/afrthr1/,XC370971.ogg,51.14698412698413,0,0.0,5.0,44100,bird,1.0
186,./kaggletest/afrthr1/,XC370971.ogg,51.14698412698413,0,5.0,5.0,44100,bird,1.0
187,./kaggletest/afrthr1/,XC370971.ogg,51.14698412698413,0,10.0,5.0,44100,bird,1.0
188,./kaggletest/afrthr1/,XC370971.ogg,51.14698412698413,0,15.0,5.0,44100,bird,1.0
189,./kaggletest/afrthr1/,XC370971.ogg,51.14698412698413,0,20.0,5.0,44100,bird,1.0
190,./kaggletest/afrthr1/,XC370971.ogg,51.14698412698413,0,25.0,5.0,44100,bird,1.0
191,./kaggletest/afrthr1/,XC370971.ogg,51.14698412698413,0,30.0,5.0,44100,bird,1.0
192,./kaggletest/afrthr1/,XC370971.ogg,51.14698412698413,0,35.0,5.0,44100,bird,1.0
193,./kaggletest/afrthr1/,XC370971.ogg,51.14698412698413,0,40.0,5.0,44100,bird,1.0
194,./kaggletest/afrthr1/,XC370971.ogg,51.14698412698413,0,45.0,5.0,44100,bird,1.0
195,./kaggletest/afrthr1/,XC574555.ogg,36.16798185941043,0,0.0,5.0,44100,bird,1.0
196,./kaggletest/afrthr1/,XC574555.ogg,36.16798185941043,0,5.0,5.0,44100,bird,1.0
197,./kaggletest/afrthr1/,XC574555.ogg,36.16798185941043,0,10.0,5.0,44100,bird,1.0
198,./kaggletest/afrthr1/,XC574555.ogg,36.16798185941043,0,15.0,5.0,44100,bird,1.0
199,./kaggletest/afrthr1/,XC574555.ogg,36.16798185941043,0,25.0,5.0,44100,bird,1.0
200,./kaggletest/afrthr1/,XC574555.ogg,36.16798185941043,0,30.0,5.0,44100,bird,1.0
201,./kaggletest/afrthr1/,XC481721.ogg,66.42897959183674,0,0.0,5.0,44100,bird,1.0
202,./kaggletest/afrthr1/,XC481721.ogg,66.42897959183674,0,5.0,5.0,44100,bird,1.0
203,./kaggletest/afrthr1/,XC481721.ogg,66.42897959183674,0,10.0,5.0,44100,bird,1.0
204,./kaggletest/afrthr1/,XC481721.ogg,66.42897959183674,0,15.0,5.0,44100,bird,1.0
205,./kaggletest/afrthr1/,XC481721.ogg,66.42897959183674,0,20.0,5.0,44100,bird,1.0
206,./kaggletest/afrthr1/,XC481721.ogg,66.42897959183674,0,25.0,5.0,44100,bird,1.0
207,./kaggletest/afrthr1/,XC481721.ogg,66.42897959183674,0,30.0,5.0,44100,bird,1.0
208,./kaggletest/afrthr1/,XC481721.ogg,66.42897959183674,0,35.0,5.0,44100,bird,1.0
209,./kaggletest/afrthr1/,XC481721.ogg,66.42897959183674,0,40.0,5.0,44100,bird,1.0
210,./kaggletest/afrthr1/,XC481721.ogg,66.42897959183674,0,45.0,5.0,44100,bird,1.0
211,./kaggletest/afrthr1/,XC481721.ogg,66.42897959183674,0,50.0,5.0,44100,bird,1.0
212,./kaggletest/afrthr1/,XC481721.ogg,66.42897959183674,0,55.0,5.0,44100,bird,1.0
213,./kaggletest/afrthr1/,XC481721.ogg,66.42897959183674,0,60.0,5.0,44100,bird,1.0
214,./kaggletest/afrthr1/,XC492868.ogg,32.01598639455782,0,0.0,5.0,44100,bird,1.0
215,./kaggletest/afrthr1/,XC492868.ogg,32.01598639455782,0,5.0,5.0,44100,bird,1.0
216,./kaggletest/afrthr1/,XC492868.ogg,32.01598639455782,0,10.0,5.0,44100,bird,1.0
217,./kaggletest/afrthr1/,XC492868.ogg,32.01598639455782,0,15.0,5.0,44100,bird,1.0
218,./kaggletest/afrthr1/,XC492868.ogg,32.01598639455782,0,20.0,5.0,44100,bird,1.0
219,./kaggletest/afrthr1/,XC492868.ogg,32.01598639455782,0,25.0,5.0,44100,bird,1.0
220,./kaggletest/afrthr1/,XC485247.ogg,16.560997732426305,0,0.0,5.0,44100,bird,1.0
221,./kaggletest/afrthr1/,XC485247.ogg,16.560997732426305,0,5.0,5.0,44100,bird,1.0
222,./kaggletest/afrthr1/,XC485247.ogg,16.560997732426305,0,10.0,5.0,44100,bird,1.0
223,./kaggletest/afrthr1/,XC669137.ogg,14.111995464852608,0,0.0,5.0,44100,bird,1.0
224,./kaggletest/afrthr1/,XC669137.ogg,14.111995464852608,0,5.0,5.0,44100,bird,1.0
225,./kaggletest/afrthr1/,XC253101.ogg,43.467732426303854,0,0.0,5.0,44100,bird,1.0
226,./kaggletest/afrthr1/,XC253101.ogg,43.467732426303854,0,5.0,5.0,44100,bird,1.0
227,./kaggletest/afrthr1/,XC253101.ogg,43.467732426303854,0,10.0,5.0,44100,bird,1.0
228,./kaggletest/afrthr1/,XC253101.ogg,43.467732426303854,0,15.0,5.0,44100,bird,1.0
229,./kaggletest/afrthr1/,XC253101.ogg,43.467732426303854,0,20.0,5.0,44100,bird,1.0
230,./kaggletest/afrthr1/,XC253101.ogg,43.467732426303854,0,25.0,5.0,44100,bird,1.0
231,./kaggletest/afrthr1/,XC253101.ogg,43.467732426303854,0,30.0,5.0,44100,bird,1.0
232,./kaggletest/afrthr1/,XC253101.ogg,43.467732426303854,0,35.0,5.0,44100,bird,1.0
233,./kaggletest/afrthr1/,XC743452.ogg,243.72,0,5.0,5.0,44100,bird,1.0
234,./kaggletest/afrthr1/,XC743452.ogg,243.72,0,10.0,5.0,44100,bird,1.0
235,./kaggletest/afrthr1/,XC743452.ogg,243.72,0,15.0,5.0,44100,bird,1.0
236,./kaggletest/afrthr1/,XC743452.ogg,243.72,0,20.0,5.0,44100,bird,1.0
237,./kaggletest/afrthr1/,XC743452.ogg,243.72,0,25.0,5.0,44100,bird,1.0
238,./kaggletest/afrthr1/,XC743452.ogg,243.72,0,30.0,5.0,44100,bird,1.0
239,./kaggletest/afrthr1/,XC743452.ogg,243.72,0,35.0,5.0,44100,bird,1.0
240,./kaggletest/afrthr1/,XC743452.ogg,243.72,0,40.0,5.0,44100,bird,1.0
241,./kaggletest/afrthr1/,XC743452.ogg,243.72,0,45.0,5.0,44100,bird,1.0
242,./kaggletest/afrthr1/,XC743452.ogg,243.72,0,50.0,5.0,44100,bird,1.0
243,./kaggletest/afrthr1/,XC743452.ogg,243.72,0,55.0,5.0,44100,bird,1.0
244,./kaggletest/afrthr1/,XC743452.ogg,243.72,0,60.0,5.0,44100,bird,1.0
245,./kaggletest/afrthr1/,XC743452.ogg,243.72,0,65.0,5.0,44100,bird,1.0
246,./kaggletest/afrthr1/,XC743452.ogg,243.72,0,70.0,5.0,44100,bird,1.0
247,./kaggletest/afrthr1/,XC743452.ogg,243.72,0,75.0,5.0,44100,bird,1.0
248,./kaggletest/afrthr1/,XC743452.ogg,243.72,0,80.0,5.0,44100,bird,1.0
249,./kaggletest/afrthr1/,XC743452.ogg,243.72,0,85.0,5.0,44100,bird,1.0
250,./kaggletest/afrthr1/,XC743452.ogg,243.72,0,90.0,5.0,44100,bird,1.0
251,./kaggletest/afrthr1/,XC743452.ogg,243.72,0,95.0,5.0,44100,bird,1.0
252,./kaggletest/afrthr1/,XC743452.ogg,243.72,0,100.0,5.0,44100,bird,1.0
253,./kaggletest/afrthr1/,XC743452.ogg,243.72,0,105.0,5.0,44100,bird,1.0
254,./kaggletest/afrthr1/,XC743452.ogg,243.72,0,110.0,5.0,44100,bird,1.0
255,./kaggletest/afrthr1/,XC743452.ogg,243.72,0,115.0,5.0,44100,bird,1.0
256,./kaggletest/afrthr1/,XC743452.ogg,243.72,0,120.0,5.0,44100,bird,1.0
257,./kaggletest/afrthr1/,XC743452.ogg,243.72,0,125.0,5.0,44100,bird,1.0
258,./kaggletest/afrthr1/,XC743452.ogg,243.72,0,135.0,5.0,44100,bird,1.0
259,./kaggletest/afrthr1/,XC743452.ogg,243.72,0,140.0,5.0,44100,bird,1.0
260,./kaggletest/afrthr1/,XC743452.ogg,243.72,0,145.0,5.0,44100,bird,1.0
261,./kaggletest/afrthr1/,XC743452.ogg,243.72,0,150.0,5.0,44100,bird,1.0
262,./kaggletest/afrthr1/,XC743452.ogg,243.72,0,155.0,5.0,44100,bird,1.0
263,./kaggletest/afrthr1/,XC743452.ogg,243.72,0,160.0,5.0,44100,bird,1.0
264,./kaggletest/afrthr1/,XC743452.ogg,243.72,0,165.0,5.0,44100,bird,1.0
265,./kaggletest/afrthr1/,XC743452.ogg,243.72,0,170.0,5.0,44100,bird,1.0
266,./kaggletest/afrthr1/,XC743452.ogg,243.72,0,175.0,5.0,44100,bird,1.0
267,./kaggletest/afrthr1/,XC743452.ogg,243.72,0,180.0,5.0,44100,bird,1.0
268,./kaggletest/afrthr1/,XC743452.ogg,243.72,0,185.0,5.0,44100,bird,1.0
269,./kaggletest/afrthr1/,XC743452.ogg,243.72,0,190.0,5.0,44100,bird,1.0
270,./kaggletest/afrthr1/,XC743452.ogg,243.72,0,195.0,5.0,44100,bird,1.0
271,./kaggletest/afrthr1/,XC743452.ogg,243.72,0,200.0,5.0,44100,bird,1.0
272,./kaggletest/afrthr1/,XC743452.ogg,243.72,0,205.0,5.0,44100,bird,1.0
273,./kaggletest/afrthr1/,XC743452.ogg,243.72,0,210.0,5.0,44100,bird,1.0
274,./kaggletest/afrthr1/,XC743452.ogg,243.72,0,215.0,5.0,44100,bird,1.0
275,./kaggletest/afrthr1/,XC743452.ogg,243.72,0,220.0,5.0,44100,bird,1.0
276,./kaggletest/afrthr1/,XC743452.ogg,243.72,0,225.0,5.0,44100,bird,1.0
277,./kaggletest/afrthr1/,XC743452.ogg,243.72,0,230.0,5.0,44100,bird,1.0
278,./kaggletest/afrthr1/,XC743452.ogg,243.72,0,235.0,5.0,44100,bird,1.0
279,./kaggletest/afrthr1/,XC252971.ogg,12.199183673469388,0,0.0,5.0,44100,bird,1.0
280,./kaggletest/afrthr1/,XC252971.ogg,12.199183673469388,0,5.0,5.0,44100,bird,1.0
281,./kaggletest/afrthr1/,XC581347.ogg,123.74201814058956,0,0.0,5.0,44100,bird,1.0
282,./kaggletest/afrthr1/,XC581347.ogg,123.74201814058956,0,5.0,5.0,44100,bird,1.0
283,./kaggletest/afrthr1/,XC581347.ogg,123.74201814058956,0,10.0,5.0,44100,bird,1.0
284,./kaggletest/afrthr1/,XC581347.ogg,123.74201814058956,0,15.0,5.0,44100,bird,1.0
285,./kaggletest/afrthr1/,XC581347.ogg,123.74201814058956,0,20.0,5.0,44100,bird,1.0
286,./kaggletest/afrthr1/,XC581347.ogg,123.74201814058956,0,25.0,5.0,44100,bird,1.0
287,./kaggletest/afrthr1/,XC581347.ogg,123.74201814058956,0,30.0,5.0,44100,bird,1.0
288,./kaggletest/afrthr1/,XC581347.ogg,123.74201814058956,0,35.0,5.0,44100,bird,1.0
289,./kaggletest/afrthr1/,XC581347.ogg,123.74201814058956,0,40.0,5.0,44100,bird,1.0
290,./kaggletest/afrthr1/,XC581347.ogg,123.74201814058956,0,45.0,5.0,44100,bird,1.0
291,./kaggletest/afrthr1/,XC581347.ogg,123.74201814058956,0,55.0,5.0,44100,bird,1.0
292,./kaggletest/afrthr1/,XC581347.ogg,123.74201814058956,0,60.0,5.0,44100,bird,1.0
293,./kaggletest/afrthr1/,XC581347.ogg,123.74201814058956,0,65.0,5.0,44100,bird,1.0
294,./kaggletest/afrthr1/,XC581347.ogg,123.74201814058956,0,70.0,5.0,44100,bird,1.0
295,./kaggletest/afrthr1/,XC581347.ogg,123.74201814058956,0,75.0,5.0,44100,bird,1.0
296,./kaggletest/afrthr1/,XC581347.ogg,123.74201814058956,0,80.0,5.0,44100,bird,1.0
297,./kaggletest/afrthr1/,XC581347.ogg,123.74201814058956,0,85.0,5.0,44100,bird,1.0
298,./kaggletest/afrthr1/,XC581347.ogg,123.74201814058956,0,90.0,5.0,44100,bird,1.0
299,./kaggletest/afrthr1/,XC581347.ogg,123.74201814058956,0,95.0,5.0,44100,bird,1.0
300,./kaggletest/afrthr1/,XC581347.ogg,123.74201814058956,0,100.0,5.0,44100,bird,1.0
301,./kaggletest/afrthr1/,XC581347.ogg,123.74201814058956,0,105.0,5.0,44100,bird,1.0
302,./kaggletest/afrthr1/,XC581347.ogg,123.74201814058956,0,110.0,5.0,44100,bird,1.0
303,./kaggletest/afrthr1/,XC581347.ogg,123.74201814058956,0,115.0,5.0,44100,bird,1.0
304,./kaggletest/afrthr1/,XC659554.ogg,77.7119954648526,0,0.0,5.0,44100,bird,1.0
305,./kaggletest/afrthr1/,XC659554.ogg,77.7119954648526,0,5.0,5.0,44100,bird,1.0
306,./kaggletest/afrthr1/,XC659554.ogg,77.7119954648526,0,15.0,5.0,44100,bird,1.0
307,./kaggletest/afrthr1/,XC659554.ogg,77.7119954648526,0,20.0,5.0,44100,bird,1.0
308,./kaggletest/afrthr1/,XC659554.ogg,77.7119954648526,0,25.0,5.0,44100,bird,1.0
309,./kaggletest/afrthr1/,XC659554.ogg,77.7119954648526,0,30.0,5.0,44100,bird,1.0
310,./kaggletest/afrthr1/,XC659554.ogg,77.7119954648526,0,35.0,5.0,44100,bird,1.0
311,./kaggletest/afrthr1/,XC659554.ogg,77.7119954648526,0,40.0,5.0,44100,bird,1.0
312,./kaggletest/afrthr1/,XC659554.ogg,77.7119954648526,0,45.0,5.0,44100,bird,1.0
313,./kaggletest/afrthr1/,XC659554.ogg,77.7119954648526,0,50.0,5.0,44100,bird,1.0
314,./kaggletest/afrthr1/,XC659554.ogg,77.7119954648526,0,55.0,5.0,44100,bird,1.0
315,./kaggletest/afrthr1/,XC659554.ogg,77.7119954648526,0,60.0,5.0,44100,bird,1.0
316,./kaggletest/afrthr1/,XC659554.ogg,77.7119954648526,0,65.0,5.0,44100,bird,1.0
317,./kaggletest/afrthr1/,XC659554.ogg,77.7119954648526,0,70.0,5.0,44100,bird,1.0
318,./kaggletest/afrthr1/,XC252972.ogg,16.143673469387757,0,0.0,5.0,44100,bird,1.0
319,./kaggletest/afrthr1/,XC252972.ogg,16.143673469387757,0,5.0,5.0,44100,bird,1.0
320,./kaggletest/afrthr1/,XC252972.ogg,16.143673469387757,0,10.0,5.0,44100,bird,1.0
321,./kaggletest/afrthr1/,XC205748.ogg,65.25385487528345,0,0.0,5.0,44100,bird,1.0
322,./kaggletest/afrthr1/,XC205748.ogg,65.25385487528345,0,5.0,5.0,44100,bird,1.0
323,./kaggletest/afrthr1/,XC205748.ogg,65.25385487528345,0,10.0,5.0,44100,bird,1.0
324,./kaggletest/afrthr1/,XC205748.ogg,65.25385487528345,0,15.0,5.0,44100,bird,1.0
325,./kaggletest/afrthr1/,XC205748.ogg,65.25385487528345,0,20.0,5.0,44100,bird,1.0
326,./kaggletest/afrthr1/,XC205748.ogg,65.25385487528345,0,25.0,5.0,44100,bird,1.0
327,./kaggletest/afrthr1/,XC205748.ogg,65.25385487528345,0,30.0,5.0,44100,bird,1.0
328,./kaggletest/afrthr1/,XC205748.ogg,65.25385487528345,0,35.0,5.0,44100,bird,1.0
329,./kaggletest/afrthr1/,XC205748.ogg,65.25385487528345,0,40.0,5.0,44100,bird,1.0
330,./kaggletest/afrthr1/,XC205748.ogg,65.25385487528345,0,45.0,5.0,44100,bird,1.0
331,./kaggletest/afrthr1/,XC205748.ogg,65.25385487528345,0,50.0,5.0,44100,bird,1.0
332,./kaggletest/afrthr1/,XC205748.ogg,65.25385487528345,0,55.0,5.0,44100,bird,1.0
333,./kaggletest/afrthr1/,XC205748.ogg,65.25385487528345,0,60.0,5.0,44100,bird,1.0
334,./kaggletest/afrthr1/,XC413833.ogg,26.74895691609977,0,0.0,5.0,44100,bird,1.0
335,./kaggletest/afrthr1/,XC413833.ogg,26.74895691609977,0,5.0,5.0,44100,bird,1.0
336,./kaggletest/afrthr1/,XC413833.ogg,26.74895691609977,0,10.0,5.0,44100,bird,1.0
337,./kaggletest/afrthr1/,XC413833.ogg,26.74895691609977,0,15.0,5.0,44100,bird,1.0
338,./kaggletest/afrthr1/,XC413833.ogg,26.74895691609977,0,20.0,5.0,44100,bird,1.0
339,./kaggletest/afrthr1/,XC34030.ogg,57.67836734693878,0,0.0,5.0,44100,bird,1.0
340,./kaggletest/afrthr1/,XC34030.ogg,57.67836734693878,0,5.0,5.0,44100,bird,1.0
341,./kaggletest/afrthr1/,XC34030.ogg,57.67836734693878,0,10.0,5.0,44100,bird,1.0
342,./kaggletest/afrthr1/,XC34030.ogg,57.67836734693878,0,15.0,5.0,44100,bird,1.0
343,./kaggletest/afrthr1/,XC34030.ogg,57.67836734693878,0,20.0,5.0,44100,bird,1.0
344,./kaggletest/afrthr1/,XC34030.ogg,57.67836734693878,0,25.0,5.0,44100,bird,1.0
345,./kaggletest/afrthr1/,XC34030.ogg,57.67836734693878,0,30.0,5.0,44100,bird,1.0
346,./kaggletest/afrthr1/,XC34030.ogg,57.67836734693878,0,35.0,5.0,44100,bird,1.0
347,./kaggletest/afrthr1/,XC34030.ogg,57.67836734693878,0,40.0,5.0,44100,bird,1.0
348,./kaggletest/afrthr1/,XC34030.ogg,57.67836734693878,0,45.0,5.0,44100,bird,1.0
349,./kaggletest/afrthr1/,XC34030.ogg,57.67836734693878,0,50.0,5.0,44100,bird,1.0
350,./kaggletest/afrthr1/,XC396323.ogg,45.84,0,0.0,5.0,44100,bird,1.0
351,./kaggletest/afrthr1/,XC396323.ogg,45.84,0,5.0,5.0,44100,bird,1.0
352,./kaggletest/afrthr1/,XC396323.ogg,45.84,0,10.0,5.0,44100,bird,1.0
353,./kaggletest/afrthr1/,XC396323.ogg,45.84,0,15.0,5.0,44100,bird,1.0
354,./kaggletest/afrthr1/,XC396323.ogg,45.84,0,20.0,5.0,44100,bird,1.0
355,./kaggletest/afrthr1/,XC396323.ogg,45.84,0,25.0,5.0,44100,bird,1.0
356,./kaggletest/afrthr1/,XC396323.ogg,45.84,0,40.0,5.0,44100,bird,1.0
357,./kaggletest/afrthr1/,XC431270.ogg,107.8595918367347,0,5.0,5.0,44100,bird,1.0
358,./kaggletest/afrthr1/,XC431270.ogg,107.8595918367347,0,10.0,5.0,44100,bird,1.0
359,./kaggletest/afrthr1/,XC431270.ogg,107.8595918367347,0,20.0,5.0,44100,bird,1.0
360,./kaggletest/afrthr1/,XC431270.ogg,107.8595918367347,0,25.0,5.0,44100,bird,1.0
361,./kaggletest/afrthr1/,XC431270.ogg,107.8595918367347,0,30.0,5.0,44100,bird,1.0
362,./kaggletest/afrthr1/,XC431270.ogg,107.8595918367347,0,35.0,5.0,44100,bird,1.0
363,./kaggletest/afrthr1/,XC431270.ogg,107.8595918367347,0,40.0,5.0,44100,bird,1.0
364,./kaggletest/afrthr1/,XC431270.ogg,107.8595918367347,0,45.0,5.0,44100,bird,1.0
365,./kaggletest/afrthr1/,XC431270.ogg,107.8595918367347,0,50.0,5.0,44100,bird,1.0
366,./kaggletest/afrthr1/,XC431270.ogg,107.8595918367347,0,55.0,5.0,44100,bird,1.0
367,./kaggletest/afrthr1/,XC431270.ogg,107.8595918367347,0,60.0,5.0,44100,bird,1.0
368,./kaggletest/afrthr1/,XC431270.ogg,107.8595918367347,0,65.0,5.0,44100,bird,1.0
369,./kaggletest/afrthr1/,XC431270.ogg,107.8595918367347,0,70.0,5.0,44100,bird,1.0
370,./kaggletest/afrthr1/,XC431270.ogg,107.8595918367347,0,75.0,5.0,44100,bird,1.0
371,./kaggletest/afrthr1/,XC431270.ogg,107.8595918367347,0,85.0,5.0,44100,bird,1.0
372,./kaggletest/afrthr1/,XC431270.ogg,107.8595918367347,0,90.0,5.0,44100,bird,1.0
373,./kaggletest/afrthr1/,XC431270.ogg,107.8595918367347,0,100.0,5.0,44100,bird,1.0
374,./kaggletest/afrthr1/,XC256717.ogg,19.853061224489796,0,0.0,5.0,44100,bird,1.0
375,./kaggletest/afrthr1/,XC256717.ogg,19.853061224489796,0,5.0,5.0,44100,bird,1.0
376,./kaggletest/afrthr1/,XC256717.ogg,19.853061224489796,0,10.0,5.0,44100,bird,1.0
377,./kaggletest/afrthr1/,XC269870.ogg,23.222834467120183,0,0.0,5.0,44100,bird,1.0
378,./kaggletest/afrthr1/,XC269870.ogg,23.222834467120183,0,5.0,5.0,44100,bird,1.0
379,./kaggletest/afrthr1/,XC269870.ogg,23.222834467120183,0,15.0,5.0,44100,bird,1.0
380,./kaggletest/afrthr1/,XC115453.ogg,56.293854875283444,0,0.0,5.0,44100,bird,1.0
381,./kaggletest/afrthr1/,XC115453.ogg,56.293854875283444,0,5.0,5.0,44100,bird,1.0
382,./kaggletest/afrthr1/,XC115453.ogg,56.293854875283444,0,10.0,5.0,44100,bird,1.0
383,./kaggletest/afrthr1/,XC115453.ogg,56.293854875283444,0,15.0,5.0,44100,bird,1.0
384,./kaggletest/afrthr1/,XC115453.ogg,56.293854875283444,0,20.0,5.0,44100,bird,1.0
385,./kaggletest/afrthr1/,XC115453.ogg,56.293854875283444,0,25.0,5.0,44100,bird,1.0
386,./kaggletest/afrthr1/,XC115453.ogg,56.293854875283444,0,30.0,5.0,44100,bird,1.0
387,./kaggletest/afrthr1/,XC115453.ogg,56.293854875283444,0,35.0,5.0,44100,bird,1.0
388,./kaggletest/afrthr1/,XC115453.ogg,56.293854875283444,0,40.0,5.0,44100,bird,1.0
389,./kaggletest/afrthr1/,XC115453.ogg,56.293854875283444,0,45.0,5.0,44100,bird,1.0
390,./kaggletest/afrthr1/,XC115453.ogg,56.293854875283444,0,50.0,5.0,44100,bird,1.0
391,./kaggletest/afrthr1/,XC537200.ogg,54.282426303854876,0,0.0,5.0,44100,bird,1.0
392,./kaggletest/afrthr1/,XC537200.ogg,54.282426303854876,0,5.0,5.0,44100,bird,1.0
393,./kaggletest/afrthr1/,XC537200.ogg,54.282426303854876,0,10.0,5.0,44100,bird,1.0
394,./kaggletest/afrthr1/,XC537200.ogg,54.282426303854876,0,15.0,5.0,44100,bird,1.0
395,./kaggletest/afrthr1/,XC537200.ogg,54.282426303854876,0,20.0,5.0,44100,bird,1.0
396,./kaggletest/afrthr1/,XC537200.ogg,54.282426303854876,0,25.0,5.0,44100,bird,1.0
397,./kaggletest/afrthr1/,XC537200.ogg,54.282426303854876,0,30.0,5.0,44100,bird,1.0
398,./kaggletest/afrthr1/,XC537200.ogg,54.282426303854876,0,35.0,5.0,44100,bird,1.0
399,./kaggletest/afrthr1/,XC537200.ogg,54.282426303854876,0,40.0,5.0,44100,bird,1.0
400,./kaggletest/afrthr1/,XC537200.ogg,54.282426303854876,0,45.0,5.0,44100,bird,1.0
401,./kaggletest/afrthr1/,XC537267.ogg,75.75507936507937,0,0.0,5.0,44100,bird,1.0
402,./kaggletest/afrthr1/,XC537267.ogg,75.75507936507937,0,5.0,5.0,44100,bird,1.0
403,./kaggletest/afrthr1/,XC537267.ogg,75.75507936507937,0,10.0,5.0,44100,bird,1.0
404,./kaggletest/afrthr1/,XC537267.ogg,75.75507936507937,0,15.0,5.0,44100,bird,1.0
405,./kaggletest/afrthr1/,XC537267.ogg,75.75507936507937,0,20.0,5.0,44100,bird,1.0
406,./kaggletest/afrthr1/,XC537267.ogg,75.75507936507937,0,25.0,5.0,44100,bird,1.0
407,./kaggletest/afrthr1/,XC537267.ogg,75.75507936507937,0,30.0,5.0,44100,bird,1.0
408,./kaggletest/afrthr1/,XC537267.ogg,75.75507936507937,0,35.0,5.0,44100,bird,1.0
409,./kaggletest/afrthr1/,XC537267.ogg,75.75507936507937,0,40.0,5.0,44100,bird,1.0
410,./kaggletest/afrthr1/,XC537267.ogg,75.75507936507937,0,45.0,5.0,44100,bird,1.0
411,./kaggletest/afrthr1/,XC537267.ogg,75.75507936507937,0,50.0,5.0,44100,bird,1.0
412,./kaggletest/afrthr1/,XC537267.ogg,75.75507936507937,0,55.0,5.0,44100,bird,1.0
413,./kaggletest/afrthr1/,XC537267.ogg,75.75507936507937,0,60.0,5.0,44100,bird,1.0
414,./kaggletest/afrthr1/,XC537267.ogg,75.75507936507937,0,65.0,5.0,44100,bird,1.0
415,./kaggletest/afrthr1/,XC537267.ogg,75.75507936507937,0,70.0,5.0,44100,bird,1.0
416,./kaggletest/afrthr1/,XC582597.ogg,185.20814058956915,0,0.0,5.0,44100,bird,1.0
417,./kaggletest/afrthr1/,XC582597.ogg,185.20814058956915,0,5.0,5.0,44100,bird,1.0
418,./kaggletest/afrthr1/,XC582597.ogg,185.20814058956915,0,10.0,5.0,44100,bird,1.0
419,./kaggletest/afrthr1/,XC582597.ogg,185.20814058956915,0,15.0,5.0,44100,bird,1.0
420,./kaggletest/afrthr1/,XC582597.ogg,185.20814058956915,0,20.0,5.0,44100,bird,1.0
421,./kaggletest/afrthr1/,XC582597.ogg,185.20814058956915,0,25.0,5.0,44100,bird,1.0
422,./kaggletest/afrthr1/,XC582597.ogg,185.20814058956915,0,30.0,5.0,44100,bird,1.0
423,./kaggletest/afrthr1/,XC582597.ogg,185.20814058956915,0,35.0,5.0,44100,bird,1.0
424,./kaggletest/afrthr1/,XC582597.ogg,185.20814058956915,0,40.0,5.0,44100,bird,1.0
425,./kaggletest/afrthr1/,XC582597.ogg,185.20814058956915,0,45.0,5.0,44100,bird,1.0
426,./kaggletest/afrthr1/,XC582597.ogg,185.20814058956915,0,50.0,5.0,44100,bird,1.0
427,./kaggletest/afrthr1/,XC582597.ogg,185.20814058956915,0,55.0,5.0,44100,bird,1.0
428,./kaggletest/afrthr1/,XC582597.ogg,185.20814058956915,0,60.0,5.0,44100,bird,1.0
429,./kaggletest/afrthr1/,XC582597.ogg,185.20814058956915,0,65.0,5.0,44100,bird,1.0
430,./kaggletest/afrthr1/,XC582597.ogg,185.20814058956915,0,70.0,5.0,44100,bird,1.0
431,./kaggletest/afrthr1/,XC582597.ogg,185.20814058956915,0,75.0,5.0,44100,bird,1.0
432,./kaggletest/afrthr1/,XC582597.ogg,185.20814058956915,0,80.0,5.0,44100,bird,1.0
433,./kaggletest/afrthr1/,XC582597.ogg,185.20814058956915,0,85.0,5.0,44100,bird,1.0
434,./kaggletest/afrthr1/,XC582597.ogg,185.20814058956915,0,90.0,5.0,44100,bird,1.0
435,./kaggletest/afrthr1/,XC582597.ogg,185.20814058956915,0,95.0,5.0,44100,bird,1.0
436,./kaggletest/afrthr1/,XC582597.ogg,185.20814058956915,0,100.0,5.0,44100,bird,1.0
437,./kaggletest/afrthr1/,XC582597.ogg,185.20814058956915,0,105.0,5.0,44100,bird,1.0
438,./kaggletest/afrthr1/,XC582597.ogg,185.20814058956915,0,110.0,5.0,44100,bird,1.0
439,./kaggletest/afrthr1/,XC582597.ogg,185.20814058956915,0,115.0,5.0,44100,bird,1.0
440,./kaggletest/afrthr1/,XC582597.ogg,185.20814058956915,0,120.0,5.0,44100,bird,1.0
441,./kaggletest/afrthr1/,XC582597.ogg,185.20814058956915,0,125.0,5.0,44100,bird,1.0
442,./kaggletest/afrthr1/,XC582597.ogg,185.20814058956915,0,130.0,5.0,44100,bird,1.0
443,./kaggletest/afrthr1/,XC582597.ogg,185.20814058956915,0,135.0,5.0,44100,bird,1.0
444,./kaggletest/afrthr1/,XC582597.ogg,185.20814058956915,0,140.0,5.0,44100,bird,1.0
445,./kaggletest/afrthr1/,XC582597.ogg,185.20814058956915,0,145.0,5.0,44100,bird,1.0
446,./kaggletest/afrthr1/,XC582597.ogg,185.20814058956915,0,150.0,5.0,44100,bird,1.0
447,./kaggletest/afrthr1/,XC582597.ogg,185.20814058956915,0,155.0,5.0,44100,bird,1.0
448,./kaggletest/afrthr1/,XC582597.ogg,185.20814058956915,0,160.0,5.0,44100,bird,1.0
449,./kaggletest/afrthr1/,XC582597.ogg,185.20814058956915,0,165.0,5.0,44100,bird,1.0
450,./kaggletest/afrthr1/,XC582597.ogg,185.20814058956915,0,170.0,5.0,44100,bird,1.0
451,./kaggletest/afrthr1/,XC582597.ogg,185.20814058956915,0,175.0,5.0,44100,bird,1.0
452,./kaggletest/afrthr1/,XC582597.ogg,185.20814058956915,0,180.0,5.0,44100,bird,1.0
453,./kaggletest/afrthr1/,XC380520.ogg,93.33548752834467,0,0.0,5.0,44100,bird,1.0
454,./kaggletest/afrthr1/,XC380520.ogg,93.33548752834467,0,5.0,5.0,44100,bird,1.0
455,./kaggletest/afrthr1/,XC380520.ogg,93.33548752834467,0,10.0,5.0,44100,bird,1.0
456,./kaggletest/afrthr1/,XC380520.ogg,93.33548752834467,0,15.0,5.0,44100,bird,1.0
457,./kaggletest/afrthr1/,XC380520.ogg,93.33548752834467,0,20.0,5.0,44100,bird,1.0
458,./kaggletest/afrthr1/,XC380520.ogg,93.33548752834467,0,25.0,5.0,44100,bird,1.0
459,./kaggletest/afrthr1/,XC380520.ogg,93.33548752834467,0,30.0,5.0,44100,bird,1.0
460,./kaggletest/afrthr1/,XC380520.ogg,93.33548752834467,0,35.0,5.0,44100,bird,1.0
461,./kaggletest/afrthr1/,XC380520.ogg,93.33548752834467,0,40.0,5.0,44100,bird,1.0
462,./kaggletest/afrthr1/,XC380520.ogg,93.33548752834467,0,45.0,5.0,44100,bird,1.0
463,./kaggletest/afrthr1/,XC380520.ogg,93.33548752834467,0,50.0,5.0,44100,bird,1.0
464,./kaggletest/afrthr1/,XC380520.ogg,93.33548752834467,0,55.0,5.0,44100,bird,1.0
465,./kaggletest/afrthr1/,XC380520.ogg,93.33548752834467,0,60.0,5.0,44100,bird,1.0
466,./kaggletest/afrthr1/,XC380520.ogg,93.33548752834467,0,65.0,5.0,44100,bird,1.0
467,./kaggletest/afrthr1/,XC380520.ogg,93.33548752834467,0,70.0,5.0,44100,bird,1.0
468,./kaggletest/afrthr1/,XC380520.ogg,93.33548752834467,0,75.0,5.0,44100,bird,1.0
469,./kaggletest/afrthr1/,XC380520.ogg,93.33548752834467,0,80.0,5.0,44100,bird,1.0
470,./kaggletest/afrthr1/,XC380520.ogg,93.33548752834467,0,85.0,5.0,44100,bird,1.0
471,./kaggletest/afrthr1/,XC256827.ogg,64.39183673469388,0,0.0,5.0,44100,bird,1.0
472,./kaggletest/afrthr1/,XC256827.ogg,64.39183673469388,0,5.0,5.0,44100,bird,1.0
473,./kaggletest/afrthr1/,XC256827.ogg,64.39183673469388,0,10.0,5.0,44100,bird,1.0
474,./kaggletest/afrthr1/,XC256827.ogg,64.39183673469388,0,15.0,5.0,44100,bird,1.0
475,./kaggletest/afrthr1/,XC256827.ogg,64.39183673469388,0,20.0,5.0,44100,bird,1.0
476,./kaggletest/afrthr1/,XC256827.ogg,64.39183673469388,0,25.0,5.0,44100,bird,1.0
477,./kaggletest/afrthr1/,XC256827.ogg,64.39183673469388,0,30.0,5.0,44100,bird,1.0
478,./kaggletest/afrthr1/,XC256827.ogg,64.39183673469388,0,35.0,5.0,44100,bird,1.0
479,./kaggletest/afrthr1/,XC256827.ogg,64.39183673469388,0,40.0,5.0,44100,bird,1.0
480,./kaggletest/afrthr1/,XC256827.ogg,64.39183673469388,0,45.0,5.0,44100,bird,1.0
481,./kaggletest/afrthr1/,XC256827.ogg,64.39183673469388,0,50.0,5.0,44100,bird,1.0
482,./kaggletest/afrthr1/,XC256827.ogg,64.39183673469388,0,55.0,5.0,44100,bird,1.0
483,./kaggletest/afrthr1/,XC722824.ogg,316.08,0,5.0,5.0,44100,bird,1.0
484,./kaggletest/afrthr1/,XC722824.ogg,316.08,0,10.0,5.0,44100,bird,1.0
485,./kaggletest/afrthr1/,XC722824.ogg,316.08,0,15.0,5.0,44100,bird,1.0
486,./kaggletest/afrthr1/,XC722824.ogg,316.08,0,20.0,5.0,44100,bird,1.0
487,./kaggletest/afrthr1/,XC722824.ogg,316.08,0,25.0,5.0,44100,bird,1.0
488,./kaggletest/afrthr1/,XC722824.ogg,316.08,0,30.0,5.0,44100,bird,1.0
489,./kaggletest/afrthr1/,XC722824.ogg,316.08,0,35.0,5.0,44100,bird,1.0
490,./kaggletest/afrthr1/,XC722824.ogg,316.08,0,40.0,5.0,44100,bird,1.0
491,./kaggletest/afrthr1/,XC722824.ogg,316.08,0,45.0,5.0,44100,bird,1.0
492,./kaggletest/afrthr1/,XC722824.ogg,316.08,0,50.0,5.0,44100,bird,1.0
493,./kaggletest/afrthr1/,XC722824.ogg,316.08,0,55.0,5.0,44100,bird,1.0
494,./kaggletest/afrthr1/,XC722824.ogg,316.08,0,60.0,5.0,44100,bird,1.0
495,./kaggletest/afrthr1/,XC722824.ogg,316.08,0,65.0,5.0,44100,bird,1.0
496,./kaggletest/afrthr1/,XC722824.ogg,316.08,0,70.0,5.0,44100,bird,1.0
497,./kaggletest/afrthr1/,XC722824.ogg,316.08,0,75.0,5.0,44100,bird,1.0
498,./kaggletest/afrthr1/,XC722824.ogg,316.08,0,80.0,5.0,44100,bird,1.0
499,./kaggletest/afrthr1/,XC722824.ogg,316.08,0,85.0,5.0,44100,bird,1.0
500,./kaggletest/afrthr1/,XC722824.ogg,316.08,0,90.0,5.0,44100,bird,1.0
501,./kaggletest/afrthr1/,XC722824.ogg,316.08,0,95.0,5.0,44100,bird,1.0
502,./kaggletest/afrthr1/,XC722824.ogg,316.08,0,100.0,5.0,44100,bird,1.0
503,./kaggletest/afrthr1/,XC722824.ogg,316.08,0,105.0,5.0,44100,bird,1.0
504,./kaggletest/afrthr1/,XC722824.ogg,316.08,0,110.0,5.0,44100,bird,1.0
505,./kaggletest/afrthr1/,XC722824.ogg,316.08,0,115.0,5.0,44100,bird,1.0
506,./kaggletest/afrthr1/,XC722824.ogg,316.08,0,125.0,5.0,44100,bird,1.0
507,./kaggletest/afrthr1/,XC722824.ogg,316.08,0,140.0,5.0,44100,bird,1.0
508,./kaggletest/afrthr1/,XC722824.ogg,316.08,0,145.0,5.0,44100,bird,1.0
509,./kaggletest/afrthr1/,XC722824.ogg,316.08,0,150.0,5.0,44100,bird,1.0
510,./kaggletest/afrthr1/,XC722824.ogg,316.08,0,155.0,5.0,44100,bird,1.0
511,./kaggletest/afrthr1/,XC722824.ogg,316.08,0,160.0,5.0,44100,bird,1.0
512,./kaggletest/afrthr1/,XC722824.ogg,316.08,0,165.0,5.0,44100,bird,1.0
513,./kaggletest/afrthr1/,XC722824.ogg,316.08,0,170.0,5.0,44100,bird,1.0
514,./kaggletest/afrthr1/,XC722824.ogg,316.08,0,175.0,5.0,44100,bird,1.0
515,./kaggletest/afrthr1/,XC722824.ogg,316.08,0,180.0,5.0,44100,bird,1.0
516,./kaggletest/afrthr1/,XC722824.ogg,316.08,0,185.0,5.0,44100,bird,1.0
517,./kaggletest/afrthr1/,XC722824.ogg,316.08,0,190.0,5.0,44100,bird,1.0
518,./kaggletest/afrthr1/,XC722824.ogg,316.08,0,195.0,5.0,44100,bird,1.0
519,./kaggletest/afrthr1/,XC722824.ogg,316.08,0,200.0,5.0,44100,bird,1.0
520,./kaggletest/afrthr1/,XC722824.ogg,316.08,0,205.0,5.0,44100,bird,1.0
521,./kaggletest/afrthr1/,XC722824.ogg,316.08,0,210.0,5.0,44100,bird,1.0
522,./kaggletest/afrthr1/,XC722824.ogg,316.08,0,215.0,5.0,44100,bird,1.0
523,./kaggletest/afrthr1/,XC722824.ogg,316.08,0,220.0,5.0,44100,bird,1.0
524,./kaggletest/afrthr1/,XC722824.ogg,316.08,0,225.0,5.0,44100,bird,1.0
525,./kaggletest/afrthr1/,XC722824.ogg,316.08,0,230.0,5.0,44100,bird,1.0
526,./kaggletest/afrthr1/,XC722824.ogg,316.08,0,235.0,5.0,44100,bird,1.0
527,./kaggletest/afrthr1/,XC722824.ogg,316.08,0,240.0,5.0,44100,bird,1.0
528,./kaggletest/afrthr1/,XC722824.ogg,316.08,0,250.0,5.0,44100,bird,1.0
529,./kaggletest/afrthr1/,XC722824.ogg,316.08,0,255.0,5.0,44100,bird,1.0
530,./kaggletest/afrthr1/,XC722824.ogg,316.08,0,280.0,5.0,44100,bird,1.0
531,./kaggletest/afrthr1/,XC722824.ogg,316.08,0,285.0,5.0,44100,bird,1.0
532,./kaggletest/afrthr1/,XC722824.ogg,316.08,0,300.0,5.0,44100,bird,1.0
533,./kaggletest/afrthr1/,XC722824.ogg,316.08,0,305.0,5.0,44100,bird,1.0
534,./kaggletest/afrthr1/,XC722824.ogg,316.08,0,310.0,5.0,44100,bird,1.0
535,./kaggletest/afrthr1/,XC466165.ogg,163.8922448979592,0,0.0,5.0,44100,bird,1.0
536,./kaggletest/afrthr1/,XC466165.ogg,163.8922448979592,0,5.0,5.0,44100,bird,1.0
537,./kaggletest/afrthr1/,XC466165.ogg,163.8922448979592,0,10.0,5.0,44100,bird,1.0
538,./kaggletest/afrthr1/,XC466165.ogg,163.8922448979592,0,20.0,5.0,44100,bird,1.0
539,./kaggletest/afrthr1/,XC466165.ogg,163.8922448979592,0,30.0,5.0,44100,bird,1.0
540,./kaggletest/afrthr1/,XC466165.ogg,163.8922448979592,0,35.0,5.0,44100,bird,1.0
541,./kaggletest/afrthr1/,XC466165.ogg,163.8922448979592,0,40.0,5.0,44100,bird,1.0
542,./kaggletest/afrthr1/,XC466165.ogg,163.8922448979592,0,45.0,5.0,44100,bird,1.0
543,./kaggletest/afrthr1/,XC466165.ogg,163.8922448979592,0,50.0,5.0,44100,bird,1.0
544,./kaggletest/afrthr1/,XC466165.ogg,163.8922448979592,0,55.0,5.0,44100,bird,1.0
545,./kaggletest/afrthr1/,XC466165.ogg,163.8922448979592,0,60.0,5.0,44100,bird,1.0
546,./kaggletest/afrthr1/,XC466165.ogg,163.8922448979592,0,65.0,5.0,44100,bird,1.0
547,./kaggletest/afrthr1/,XC466165.ogg,163.8922448979592,0,70.0,5.0,44100,bird,1.0
548,./kaggletest/afrthr1/,XC466165.ogg,163.8922448979592,0,75.0,5.0,44100,bird,1.0
549,./kaggletest/afrthr1/,XC466165.ogg,163.8922448979592,0,80.0,5.0,44100,bird,1.0
550,./kaggletest/afrthr1/,XC466165.ogg,163.8922448979592,0,85.0,5.0,44100,bird,1.0
551,./kaggletest/afrthr1/,XC466165.ogg,163.8922448979592,0,90.0,5.0,44100,bird,1.0
552,./kaggletest/afrthr1/,XC466165.ogg,163.8922448979592,0,95.0,5.0,44100,bird,1.0
553,./kaggletest/afrthr1/,XC466165.ogg,163.8922448979592,0,100.0,5.0,44100,bird,1.0
554,./kaggletest/afrthr1/,XC466165.ogg,163.8922448979592,0,105.0,5.0,44100,bird,1.0
555,./kaggletest/afrthr1/,XC466165.ogg,163.8922448979592,0,110.0,5.0,44100,bird,1.0
556,./kaggletest/afrthr1/,XC466165.ogg,163.8922448979592,0,115.0,5.0,44100,bird,1.0
557,./kaggletest/afrthr1/,XC466165.ogg,163.8922448979592,0,120.0,5.0,44100,bird,1.0
558,./kaggletest/afrthr1/,XC466165.ogg,163.8922448979592,0,125.0,5.0,44100,bird,1.0
559,./kaggletest/afrthr1/,XC466165.ogg,163.8922448979592,0,130.0,5.0,44100,bird,1.0
560,./kaggletest/afrthr1/,XC466165.ogg,163.8922448979592,0,135.0,5.0,44100,bird,1.0
561,./kaggletest/afrthr1/,XC466165.ogg,163.8922448979592,0,140.0,5.0,44100,bird,1.0
562,./kaggletest/afrthr1/,XC466165.ogg,163.8922448979592,0,145.0,5.0,44100,bird,1.0
563,./kaggletest/afrthr1/,XC466165.ogg,163.8922448979592,0,150.0,5.0,44100,bird,1.0
564,./kaggletest/afrthr1/,XC466165.ogg,163.8922448979592,0,155.0,5.0,44100,bird,1.0
565,./kaggletest/afrthr1/,XC310322.ogg,55.69299319727891,0,0.0,5.0,44100,bird,1.0
566,./kaggletest/afrthr1/,XC310322.ogg,55.69299319727891,0,5.0,5.0,44100,bird,1.0
567,./kaggletest/afrthr1/,XC310322.ogg,55.69299319727891,0,10.0,5.0,44100,bird,1.0
568,./kaggletest/afrthr1/,XC310322.ogg,55.69299319727891,0,15.0,5.0,44100,bird,1.0
569,./kaggletest/afrthr1/,XC310322.ogg,55.69299319727891,0,20.0,5.0,44100,bird,1.0
570,./kaggletest/afrthr1/,XC310322.ogg,55.69299319727891,0,25.0,5.0,44100,bird,1.0
571,./kaggletest/afrthr1/,XC310322.ogg,55.69299319727891,0,30.0,5.0,44100,bird,1.0
572,./kaggletest/afrthr1/,XC310322.ogg,55.69299319727891,0,35.0,5.0,44100,bird,1.0
573,./kaggletest/afrthr1/,XC310322.ogg,55.69299319727891,0,40.0,5.0,44100,bird,1.0
574,./kaggletest/afrthr1/,XC310322.ogg,55.69299319727891,0,45.0,5.0,44100,bird,1.0
575,./kaggletest/afrthr1/,XC310322.ogg,55.69299319727891,0,50.0,5.0,44100,bird,1.0
576,./kaggletest/afrthr1/,XC207925.ogg,10.605714285714285,0,0.0,5.0,44100,bird,1.0
577,./kaggletest/afrthr1/,XC207925.ogg,10.605714285714285,0,5.0,5.0,44100,bird,1.0
