,FOLDER,IN FILE,CLIP LENGTH,CHANNEL,OFFSET,DURATION,SAMPLE RATE,MANUAL ID,CONFIDENCE
0,./kaggletest/bawman1/,XC614627.ogg,14.04,0,0.0,5.0,44100,bird,1.0
1,./kaggletest/bawman1/,XC614627.ogg,14.04,0,5.0,5.0,44100,bird,1.0
2,./kaggletest/bawman1/,XC320114.ogg,71.54936507936507,0,0.0,5.0,44100,bird,1.0
3,./kaggletest/bawman1/,XC320114.ogg,71.54936507936507,0,5.0,5.0,44100,bird,1.0
4,./kaggletest/bawman1/,XC320114.ogg,71.54936507936507,0,10.0,5.0,44100,bird,1.0
5,./kaggletest/bawman1/,XC320114.ogg,71.54936507936507,0,15.0,5.0,44100,bird,1.0
6,./kaggletest/bawman1/,XC320114.ogg,71.54936507936507,0,20.0,5.0,44100,bird,1.0
7,./kaggletest/bawman1/,XC320114.ogg,71.54936507936507,0,25.0,5.0,44100,bird,1.0
8,./kaggletest/bawman1/,XC320114.ogg,71.54936507936507,0,30.0,5.0,44100,bird,1.0
9,./kaggletest/bawman1/,XC320114.ogg,71.54936507936507,0,35.0,5.0,44100,bird,1.0
10,./kaggletest/bawman1/,XC320114.ogg,71.54936507936507,0,40.0,5.0,44100,bird,1.0
11,./kaggletest/bawman1/,XC320114.ogg,71.54936507936507,0,45.0,5.0,44100,bird,1.0
12,./kaggletest/bawman1/,XC320114.ogg,71.54936507936507,0,50.0,5.0,44100,bird,1.0
13,./kaggletest/bawman1/,XC320114.ogg,71.54936507936507,0,55.0,5.0,44100,bird,1.0
14,./kaggletest/bawman1/,XC320114.ogg,71.54936507936507,0,60.0,5.0,44100,bird,1.0
15,./kaggletest/bawman1/,XC320114.ogg,71.54936507936507,0,65.0,5.0,44100,bird,1.0
16,./kaggletest/bawman1/,XC115075.ogg,13.11344671201814,0,0.0,5.0,44100,bird,1.0
17,./kaggletest/bawman1/,XC115075.ogg,13.11344671201814,0,5.0,5.0,44100,bird,1.0
18,./kaggletest/bawman1/,XC237894.ogg,5.955895691609977,0,0.0,5.0,44100,bird,1.0
19,./kaggletest/bawman1/,XC294912.ogg,21.89061224489796,0,5.0,5.0,44100,bird,1.0
20,./kaggletest/bawman1/,XC413941.ogg,13.21795918367347,0,0.0,5.0,44100,bird,1.0
21,./kaggletest/bawman1/,XC413941.ogg,13.21795918367347,0,5.0,5.0,44100,bird,1.0
22,./kaggletest/bawman1/,XC206436.ogg,20.37548752834467,0,0.0,5.0,44100,bird,1.0
23,./kaggletest/bawman1/,XC206436.ogg,20.37548752834467,0,5.0,5.0,44100,bird,1.0
24,./kaggletest/bawman1/,XC206436.ogg,20.37548752834467,0,10.0,5.0,44100,bird,1.0
25,./kaggletest/bawman1/,XC206436.ogg,20.37548752834467,0,15.0,5.0,44100,bird,1.0
