,FOLDER,IN FILE,CLIP LENGTH,CHANNEL,OFFSET,DURATION,SAMPLE RATE,MANUAL ID,CONFIDENCE
0,./kaggletest/beasun2/,XC473969.ogg,19.120997732426304,0,0.0,5.0,44100,bird,1.0
1,./kaggletest/beasun2/,XC473969.ogg,19.120997732426304,0,5.0,5.0,44100,bird,1.0
2,./kaggletest/beasun2/,XC473969.ogg,19.120997732426304,0,10.0,5.0,44100,bird,1.0
3,./kaggletest/beasun2/,XC359049.ogg,70.34698412698413,0,0.0,5.0,44100,bird,1.0
4,./kaggletest/beasun2/,XC359049.ogg,70.34698412698413,0,5.0,5.0,44100,bird,1.0
5,./kaggletest/beasun2/,XC359049.ogg,70.34698412698413,0,10.0,5.0,44100,bird,1.0
6,./kaggletest/beasun2/,XC359049.ogg,70.34698412698413,0,15.0,5.0,44100,bird,1.0
7,./kaggletest/beasun2/,XC359049.ogg,70.34698412698413,0,20.0,5.0,44100,bird,1.0
8,./kaggletest/beasun2/,XC359049.ogg,70.34698412698413,0,25.0,5.0,44100,bird,1.0
9,./kaggletest/beasun2/,XC359049.ogg,70.34698412698413,0,30.0,5.0,44100,bird,1.0
10,./kaggletest/beasun2/,XC359049.ogg,70.34698412698413,0,35.0,5.0,44100,bird,1.0
11,./kaggletest/beasun2/,XC359049.ogg,70.34698412698413,0,40.0,5.0,44100,bird,1.0
12,./kaggletest/beasun2/,XC359049.ogg,70.34698412698413,0,45.0,5.0,44100,bird,1.0
13,./kaggletest/beasun2/,XC359049.ogg,70.34698412698413,0,50.0,5.0,44100,bird,1.0
14,./kaggletest/beasun2/,XC359049.ogg,70.34698412698413,0,55.0,5.0,44100,bird,1.0
15,./kaggletest/beasun2/,XC359049.ogg,70.34698412698413,0,60.0,5.0,44100,bird,1.0
16,./kaggletest/beasun2/,XC359049.ogg,70.34698412698413,0,65.0,5.0,44100,bird,1.0
17,./kaggletest/beasun2/,XC134490.ogg,21.524897959183672,0,0.0,5.0,44100,bird,1.0
18,./kaggletest/beasun2/,XC134490.ogg,21.524897959183672,0,5.0,5.0,44100,bird,1.0
19,./kaggletest/beasun2/,XC134490.ogg,21.524897959183672,0,10.0,5.0,44100,bird,1.0
20,./kaggletest/beasun2/,XC134490.ogg,21.524897959183672,0,15.0,5.0,44100,bird,1.0
21,./kaggletest/beasun2/,XC537144.ogg,97.72408163265307,0,0.0,5.0,44100,bird,1.0
22,./kaggletest/beasun2/,XC537144.ogg,97.72408163265307,0,5.0,5.0,44100,bird,1.0
23,./kaggletest/beasun2/,XC537144.ogg,97.72408163265307,0,10.0,5.0,44100,bird,1.0
24,./kaggletest/beasun2/,XC537144.ogg,97.72408163265307,0,15.0,5.0,44100,bird,1.0
25,./kaggletest/beasun2/,XC537144.ogg,97.72408163265307,0,20.0,5.0,44100,bird,1.0
26,./kaggletest/beasun2/,XC537144.ogg,97.72408163265307,0,25.0,5.0,44100,bird,1.0
27,./kaggletest/beasun2/,XC537144.ogg,97.72408163265307,0,30.0,5.0,44100,bird,1.0
28,./kaggletest/beasun2/,XC537144.ogg,97.72408163265307,0,35.0,5.0,44100,bird,1.0
29,./kaggletest/beasun2/,XC537144.ogg,97.72408163265307,0,40.0,5.0,44100,bird,1.0
30,./kaggletest/beasun2/,XC537144.ogg,97.72408163265307,0,45.0,5.0,44100,bird,1.0
31,./kaggletest/beasun2/,XC537144.ogg,97.72408163265307,0,50.0,5.0,44100,bird,1.0
32,./kaggletest/beasun2/,XC537144.ogg,97.72408163265307,0,55.0,5.0,44100,bird,1.0
33,./kaggletest/beasun2/,XC537144.ogg,97.72408163265307,0,60.0,5.0,44100,bird,1.0
34,./kaggletest/beasun2/,XC537144.ogg,97.72408163265307,0,65.0,5.0,44100,bird,1.0
35,./kaggletest/beasun2/,XC537144.ogg,97.72408163265307,0,70.0,5.0,44100,bird,1.0
36,./kaggletest/beasun2/,XC537144.ogg,97.72408163265307,0,75.0,5.0,44100,bird,1.0
37,./kaggletest/beasun2/,XC537144.ogg,97.72408163265307,0,80.0,5.0,44100,bird,1.0
38,./kaggletest/beasun2/,XC537144.ogg,97.72408163265307,0,85.0,5.0,44100,bird,1.0
39,./kaggletest/beasun2/,XC537144.ogg,97.72408163265307,0,90.0,5.0,44100,bird,1.0
40,./kaggletest/beasun2/,XC301875.ogg,27.115079365079364,0,0.0,5.0,44100,bird,1.0
41,./kaggletest/beasun2/,XC301875.ogg,27.115079365079364,0,5.0,5.0,44100,bird,1.0
42,./kaggletest/beasun2/,XC301875.ogg,27.115079365079364,0,10.0,5.0,44100,bird,1.0
43,./kaggletest/beasun2/,XC301875.ogg,27.115079365079364,0,15.0,5.0,44100,bird,1.0
44,./kaggletest/beasun2/,XC301875.ogg,27.115079365079364,0,20.0,5.0,44100,bird,1.0
45,./kaggletest/beasun2/,XC618254.ogg,27.610997732426306,0,15.0,5.0,44100,bird,1.0
46,./kaggletest/beasun2/,XC618254.ogg,27.610997732426306,0,20.0,5.0,44100,bird,1.0
47,./kaggletest/beasun2/,XC292761.ogg,24.973061224489797,0,0.0,5.0,44100,bird,1.0
48,./kaggletest/beasun2/,XC292761.ogg,24.973061224489797,0,5.0,5.0,44100,bird,1.0
49,./kaggletest/beasun2/,XC292761.ogg,24.973061224489797,0,10.0,5.0,44100,bird,1.0
50,./kaggletest/beasun2/,XC292761.ogg,24.973061224489797,0,15.0,5.0,44100,bird,1.0
51,./kaggletest/beasun2/,XC699821.ogg,51.93142857142857,0,0.0,5.0,44100,bird,1.0
52,./kaggletest/beasun2/,XC699821.ogg,51.93142857142857,0,5.0,5.0,44100,bird,1.0
53,./kaggletest/beasun2/,XC699821.ogg,51.93142857142857,0,10.0,5.0,44100,bird,1.0
54,./kaggletest/beasun2/,XC699821.ogg,51.93142857142857,0,15.0,5.0,44100,bird,1.0
55,./kaggletest/beasun2/,XC699821.ogg,51.93142857142857,0,20.0,5.0,44100,bird,1.0
56,./kaggletest/beasun2/,XC699821.ogg,51.93142857142857,0,25.0,5.0,44100,bird,1.0
57,./kaggletest/beasun2/,XC699821.ogg,51.93142857142857,0,30.0,5.0,44100,bird,1.0
58,./kaggletest/beasun2/,XC699821.ogg,51.93142857142857,0,35.0,5.0,44100,bird,1.0
59,./kaggletest/beasun2/,XC699821.ogg,51.93142857142857,0,40.0,5.0,44100,bird,1.0
60,./kaggletest/beasun2/,XC699821.ogg,51.93142857142857,0,45.0,5.0,44100,bird,1.0
61,./kaggletest/beasun2/,XC444353.ogg,13.322426303854876,0,0.0,5.0,44100,bird,1.0
62,./kaggletest/beasun2/,XC444353.ogg,13.322426303854876,0,5.0,5.0,44100,bird,1.0
63,./kaggletest/beasun2/,XC728964.ogg,20.04,0,0.0,5.0,44100,bird,1.0
64,./kaggletest/beasun2/,XC728964.ogg,20.04,0,5.0,5.0,44100,bird,1.0
65,./kaggletest/beasun2/,XC728964.ogg,20.04,0,10.0,5.0,44100,bird,1.0
66,./kaggletest/beasun2/,XC728964.ogg,20.04,0,15.0,5.0,44100,bird,1.0
67,./kaggletest/beasun2/,XC728965.ogg,17.615986394557822,0,0.0,5.0,44100,bird,1.0
68,./kaggletest/beasun2/,XC728965.ogg,17.615986394557822,0,5.0,5.0,44100,bird,1.0
69,./kaggletest/beasun2/,XC728965.ogg,17.615986394557822,0,10.0,5.0,44100,bird,1.0
70,./kaggletest/beasun2/,XC345215.ogg,12.904489795918368,0,0.0,5.0,44100,bird,1.0
71,./kaggletest/beasun2/,XC345215.ogg,12.904489795918368,0,5.0,5.0,44100,bird,1.0
72,./kaggletest/beasun2/,XC334556.ogg,22.20408163265306,0,0.0,5.0,44100,bird,1.0
73,./kaggletest/beasun2/,XC334556.ogg,22.20408163265306,0,5.0,5.0,44100,bird,1.0
74,./kaggletest/beasun2/,XC334556.ogg,22.20408163265306,0,10.0,5.0,44100,bird,1.0
75,./kaggletest/beasun2/,XC334556.ogg,22.20408163265306,0,15.0,5.0,44100,bird,1.0
76,./kaggletest/beasun2/,XC208131.ogg,7.706122448979592,0,0.0,5.0,44100,bird,1.0
77,./kaggletest/beasun2/,XC530971.ogg,9.925986394557823,0,0.0,5.0,44100,bird,1.0
78,./kaggletest/beasun2/,XC157528.ogg,79.46448979591837,0,0.0,5.0,44100,bird,1.0
79,./kaggletest/beasun2/,XC157528.ogg,79.46448979591837,0,5.0,5.0,44100,bird,1.0
80,./kaggletest/beasun2/,XC157528.ogg,79.46448979591837,0,10.0,5.0,44100,bird,1.0
81,./kaggletest/beasun2/,XC157528.ogg,79.46448979591837,0,15.0,5.0,44100,bird,1.0
82,./kaggletest/beasun2/,XC157528.ogg,79.46448979591837,0,20.0,5.0,44100,bird,1.0
83,./kaggletest/beasun2/,XC157528.ogg,79.46448979591837,0,25.0,5.0,44100,bird,1.0
84,./kaggletest/beasun2/,XC157528.ogg,79.46448979591837,0,30.0,5.0,44100,bird,1.0
85,./kaggletest/beasun2/,XC157528.ogg,79.46448979591837,0,35.0,5.0,44100,bird,1.0
86,./kaggletest/beasun2/,XC157528.ogg,79.46448979591837,0,40.0,5.0,44100,bird,1.0
87,./kaggletest/beasun2/,XC157528.ogg,79.46448979591837,0,45.0,5.0,44100,bird,1.0
88,./kaggletest/beasun2/,XC157528.ogg,79.46448979591837,0,50.0,5.0,44100,bird,1.0
89,./kaggletest/beasun2/,XC157528.ogg,79.46448979591837,0,55.0,5.0,44100,bird,1.0
90,./kaggletest/beasun2/,XC157528.ogg,79.46448979591837,0,60.0,5.0,44100,bird,1.0
91,./kaggletest/beasun2/,XC157528.ogg,79.46448979591837,0,65.0,5.0,44100,bird,1.0
92,./kaggletest/beasun2/,XC157528.ogg,79.46448979591837,0,70.0,5.0,44100,bird,1.0
93,./kaggletest/beasun2/,XC127757.ogg,27.01061224489796,0,0.0,5.0,44100,bird,1.0
94,./kaggletest/beasun2/,XC127757.ogg,27.01061224489796,0,5.0,5.0,44100,bird,1.0
95,./kaggletest/beasun2/,XC127757.ogg,27.01061224489796,0,10.0,5.0,44100,bird,1.0
96,./kaggletest/beasun2/,XC127757.ogg,27.01061224489796,0,15.0,5.0,44100,bird,1.0
97,./kaggletest/beasun2/,XC127757.ogg,27.01061224489796,0,20.0,5.0,44100,bird,1.0
98,./kaggletest/beasun2/,XC598024.ogg,152.7119954648526,0,0.0,5.0,44100,bird,1.0
99,./kaggletest/beasun2/,XC598024.ogg,152.7119954648526,0,5.0,5.0,44100,bird,1.0
100,./kaggletest/beasun2/,XC598024.ogg,152.7119954648526,0,10.0,5.0,44100,bird,1.0
101,./kaggletest/beasun2/,XC598024.ogg,152.7119954648526,0,15.0,5.0,44100,bird,1.0
102,./kaggletest/beasun2/,XC598024.ogg,152.7119954648526,0,25.0,5.0,44100,bird,1.0
103,./kaggletest/beasun2/,XC598024.ogg,152.7119954648526,0,30.0,5.0,44100,bird,1.0
104,./kaggletest/beasun2/,XC598024.ogg,152.7119954648526,0,40.0,5.0,44100,bird,1.0
105,./kaggletest/beasun2/,XC598024.ogg,152.7119954648526,0,45.0,5.0,44100,bird,1.0
106,./kaggletest/beasun2/,XC598024.ogg,152.7119954648526,0,50.0,5.0,44100,bird,1.0
107,./kaggletest/beasun2/,XC598024.ogg,152.7119954648526,0,60.0,5.0,44100,bird,1.0
108,./kaggletest/beasun2/,XC598024.ogg,152.7119954648526,0,65.0,5.0,44100,bird,1.0
109,./kaggletest/beasun2/,XC598024.ogg,152.7119954648526,0,70.0,5.0,44100,bird,1.0
110,./kaggletest/beasun2/,XC598024.ogg,152.7119954648526,0,75.0,5.0,44100,bird,1.0
111,./kaggletest/beasun2/,XC598024.ogg,152.7119954648526,0,85.0,5.0,44100,bird,1.0
112,./kaggletest/beasun2/,XC598024.ogg,152.7119954648526,0,95.0,5.0,44100,bird,1.0
113,./kaggletest/beasun2/,XC598024.ogg,152.7119954648526,0,100.0,5.0,44100,bird,1.0
114,./kaggletest/beasun2/,XC598024.ogg,152.7119954648526,0,115.0,5.0,44100,bird,1.0
115,./kaggletest/beasun2/,XC598024.ogg,152.7119954648526,0,120.0,5.0,44100,bird,1.0
116,./kaggletest/beasun2/,XC598024.ogg,152.7119954648526,0,125.0,5.0,44100,bird,1.0
117,./kaggletest/beasun2/,XC598024.ogg,152.7119954648526,0,135.0,5.0,44100,bird,1.0
118,./kaggletest/beasun2/,XC598024.ogg,152.7119954648526,0,145.0,5.0,44100,bird,1.0
119,./kaggletest/beasun2/,XC373989.ogg,23.423990929705216,0,0.0,5.0,44100,bird,1.0
120,./kaggletest/beasun2/,XC373989.ogg,23.423990929705216,0,5.0,5.0,44100,bird,1.0
121,./kaggletest/beasun2/,XC373989.ogg,23.423990929705216,0,10.0,5.0,44100,bird,1.0
122,./kaggletest/beasun2/,XC373989.ogg,23.423990929705216,0,15.0,5.0,44100,bird,1.0
123,./kaggletest/beasun2/,XC234643.ogg,68.36242630385487,0,0.0,5.0,44100,bird,1.0
124,./kaggletest/beasun2/,XC234643.ogg,68.36242630385487,0,5.0,5.0,44100,bird,1.0
125,./kaggletest/beasun2/,XC234643.ogg,68.36242630385487,0,10.0,5.0,44100,bird,1.0
126,./kaggletest/beasun2/,XC234643.ogg,68.36242630385487,0,15.0,5.0,44100,bird,1.0
127,./kaggletest/beasun2/,XC234643.ogg,68.36242630385487,0,20.0,5.0,44100,bird,1.0
128,./kaggletest/beasun2/,XC234643.ogg,68.36242630385487,0,25.0,5.0,44100,bird,1.0
129,./kaggletest/beasun2/,XC234643.ogg,68.36242630385487,0,30.0,5.0,44100,bird,1.0
130,./kaggletest/beasun2/,XC234643.ogg,68.36242630385487,0,35.0,5.0,44100,bird,1.0
131,./kaggletest/beasun2/,XC234643.ogg,68.36242630385487,0,45.0,5.0,44100,bird,1.0
132,./kaggletest/beasun2/,XC234643.ogg,68.36242630385487,0,55.0,5.0,44100,bird,1.0
133,./kaggletest/beasun2/,XC234643.ogg,68.36242630385487,0,60.0,5.0,44100,bird,1.0
134,./kaggletest/beasun2/,XC298153.ogg,21.15918367346939,0,0.0,5.0,44100,bird,1.0
135,./kaggletest/beasun2/,XC298153.ogg,21.15918367346939,0,5.0,5.0,44100,bird,1.0
136,./kaggletest/beasun2/,XC298153.ogg,21.15918367346939,0,10.0,5.0,44100,bird,1.0
137,./kaggletest/beasun2/,XC298153.ogg,21.15918367346939,0,15.0,5.0,44100,bird,1.0
138,./kaggletest/beasun2/,XC178023.ogg,27.245714285714286,0,0.0,5.0,44100,bird,1.0
139,./kaggletest/beasun2/,XC178023.ogg,27.245714285714286,0,5.0,5.0,44100,bird,1.0
140,./kaggletest/beasun2/,XC178023.ogg,27.245714285714286,0,10.0,5.0,44100,bird,1.0
141,./kaggletest/beasun2/,XC178023.ogg,27.245714285714286,0,15.0,5.0,44100,bird,1.0
142,./kaggletest/beasun2/,XC178023.ogg,27.245714285714286,0,20.0,5.0,44100,bird,1.0
143,./kaggletest/beasun2/,XC156651.ogg,47.177142857142854,0,0.0,5.0,44100,bird,1.0
144,./kaggletest/beasun2/,XC156651.ogg,47.177142857142854,0,5.0,5.0,44100,bird,1.0
145,./kaggletest/beasun2/,XC156651.ogg,47.177142857142854,0,10.0,5.0,44100,bird,1.0
146,./kaggletest/beasun2/,XC156651.ogg,47.177142857142854,0,15.0,5.0,44100,bird,1.0
147,./kaggletest/beasun2/,XC156651.ogg,47.177142857142854,0,20.0,5.0,44100,bird,1.0
148,./kaggletest/beasun2/,XC156651.ogg,47.177142857142854,0,25.0,5.0,44100,bird,1.0
149,./kaggletest/beasun2/,XC156651.ogg,47.177142857142854,0,30.0,5.0,44100,bird,1.0
150,./kaggletest/beasun2/,XC156651.ogg,47.177142857142854,0,35.0,5.0,44100,bird,1.0
151,./kaggletest/beasun2/,XC365169.ogg,28.186122448979592,0,0.0,5.0,44100,bird,1.0
152,./kaggletest/beasun2/,XC365169.ogg,28.186122448979592,0,5.0,5.0,44100,bird,1.0
153,./kaggletest/beasun2/,XC365169.ogg,28.186122448979592,0,10.0,5.0,44100,bird,1.0
154,./kaggletest/beasun2/,XC365169.ogg,28.186122448979592,0,15.0,5.0,44100,bird,1.0
155,./kaggletest/beasun2/,XC365169.ogg,28.186122448979592,0,20.0,5.0,44100,bird,1.0
156,./kaggletest/beasun2/,XC722834.ogg,309.2639909297052,0,0.0,5.0,44100,bird,1.0
157,./kaggletest/beasun2/,XC722834.ogg,309.2639909297052,0,5.0,5.0,44100,bird,1.0
158,./kaggletest/beasun2/,XC722834.ogg,309.2639909297052,0,10.0,5.0,44100,bird,1.0
159,./kaggletest/beasun2/,XC722834.ogg,309.2639909297052,0,15.0,5.0,44100,bird,1.0
160,./kaggletest/beasun2/,XC722834.ogg,309.2639909297052,0,20.0,5.0,44100,bird,1.0
161,./kaggletest/beasun2/,XC722834.ogg,309.2639909297052,0,25.0,5.0,44100,bird,1.0
162,./kaggletest/beasun2/,XC722834.ogg,309.2639909297052,0,30.0,5.0,44100,bird,1.0
163,./kaggletest/beasun2/,XC722834.ogg,309.2639909297052,0,35.0,5.0,44100,bird,1.0
164,./kaggletest/beasun2/,XC722834.ogg,309.2639909297052,0,40.0,5.0,44100,bird,1.0
165,./kaggletest/beasun2/,XC722834.ogg,309.2639909297052,0,45.0,5.0,44100,bird,1.0
166,./kaggletest/beasun2/,XC722834.ogg,309.2639909297052,0,50.0,5.0,44100,bird,1.0
167,./kaggletest/beasun2/,XC722834.ogg,309.2639909297052,0,55.0,5.0,44100,bird,1.0
168,./kaggletest/beasun2/,XC722834.ogg,309.2639909297052,0,60.0,5.0,44100,bird,1.0
169,./kaggletest/beasun2/,XC722834.ogg,309.2639909297052,0,65.0,5.0,44100,bird,1.0
170,./kaggletest/beasun2/,XC722834.ogg,309.2639909297052,0,70.0,5.0,44100,bird,1.0
171,./kaggletest/beasun2/,XC722834.ogg,309.2639909297052,0,75.0,5.0,44100,bird,1.0
172,./kaggletest/beasun2/,XC722834.ogg,309.2639909297052,0,80.0,5.0,44100,bird,1.0
173,./kaggletest/beasun2/,XC722834.ogg,309.2639909297052,0,85.0,5.0,44100,bird,1.0
174,./kaggletest/beasun2/,XC722834.ogg,309.2639909297052,0,90.0,5.0,44100,bird,1.0
175,./kaggletest/beasun2/,XC722834.ogg,309.2639909297052,0,95.0,5.0,44100,bird,1.0
176,./kaggletest/beasun2/,XC722834.ogg,309.2639909297052,0,100.0,5.0,44100,bird,1.0
177,./kaggletest/beasun2/,XC722834.ogg,309.2639909297052,0,105.0,5.0,44100,bird,1.0
178,./kaggletest/beasun2/,XC722834.ogg,309.2639909297052,0,110.0,5.0,44100,bird,1.0
179,./kaggletest/beasun2/,XC722834.ogg,309.2639909297052,0,115.0,5.0,44100,bird,1.0
180,./kaggletest/beasun2/,XC722834.ogg,309.2639909297052,0,120.0,5.0,44100,bird,1.0
181,./kaggletest/beasun2/,XC722834.ogg,309.2639909297052,0,125.0,5.0,44100,bird,1.0
182,./kaggletest/beasun2/,XC722834.ogg,309.2639909297052,0,130.0,5.0,44100,bird,1.0
183,./kaggletest/beasun2/,XC722834.ogg,309.2639909297052,0,135.0,5.0,44100,bird,1.0
184,./kaggletest/beasun2/,XC722834.ogg,309.2639909297052,0,140.0,5.0,44100,bird,1.0
185,./kaggletest/beasun2/,XC722834.ogg,309.2639909297052,0,145.0,5.0,44100,bird,1.0
186,./kaggletest/beasun2/,XC722834.ogg,309.2639909297052,0,150.0,5.0,44100,bird,1.0
187,./kaggletest/beasun2/,XC722834.ogg,309.2639909297052,0,155.0,5.0,44100,bird,1.0
188,./kaggletest/beasun2/,XC722834.ogg,309.2639909297052,0,160.0,5.0,44100,bird,1.0
189,./kaggletest/beasun2/,XC722834.ogg,309.2639909297052,0,165.0,5.0,44100,bird,1.0
190,./kaggletest/beasun2/,XC722834.ogg,309.2639909297052,0,170.0,5.0,44100,bird,1.0
191,./kaggletest/beasun2/,XC722834.ogg,309.2639909297052,0,175.0,5.0,44100,bird,1.0
192,./kaggletest/beasun2/,XC722834.ogg,309.2639909297052,0,180.0,5.0,44100,bird,1.0
193,./kaggletest/beasun2/,XC722834.ogg,309.2639909297052,0,185.0,5.0,44100,bird,1.0
194,./kaggletest/beasun2/,XC722834.ogg,309.2639909297052,0,190.0,5.0,44100,bird,1.0
195,./kaggletest/beasun2/,XC722834.ogg,309.2639909297052,0,195.0,5.0,44100,bird,1.0
196,./kaggletest/beasun2/,XC722834.ogg,309.2639909297052,0,200.0,5.0,44100,bird,1.0
197,./kaggletest/beasun2/,XC722834.ogg,309.2639909297052,0,205.0,5.0,44100,bird,1.0
198,./kaggletest/beasun2/,XC722834.ogg,309.2639909297052,0,210.0,5.0,44100,bird,1.0
199,./kaggletest/beasun2/,XC722834.ogg,309.2639909297052,0,215.0,5.0,44100,bird,1.0
200,./kaggletest/beasun2/,XC722834.ogg,309.2639909297052,0,220.0,5.0,44100,bird,1.0
201,./kaggletest/beasun2/,XC722834.ogg,309.2639909297052,0,225.0,5.0,44100,bird,1.0
202,./kaggletest/beasun2/,XC722834.ogg,309.2639909297052,0,230.0,5.0,44100,bird,1.0
203,./kaggletest/beasun2/,XC722834.ogg,309.2639909297052,0,235.0,5.0,44100,bird,1.0
204,./kaggletest/beasun2/,XC722834.ogg,309.2639909297052,0,240.0,5.0,44100,bird,1.0
205,./kaggletest/beasun2/,XC722834.ogg,309.2639909297052,0,245.0,5.0,44100,bird,1.0
206,./kaggletest/beasun2/,XC722834.ogg,309.2639909297052,0,255.0,5.0,44100,bird,1.0
207,./kaggletest/beasun2/,XC722834.ogg,309.2639909297052,0,260.0,5.0,44100,bird,1.0
208,./kaggletest/beasun2/,XC722834.ogg,309.2639909297052,0,265.0,5.0,44100,bird,1.0
209,./kaggletest/beasun2/,XC722834.ogg,309.2639909297052,0,275.0,5.0,44100,bird,1.0
210,./kaggletest/beasun2/,XC722834.ogg,309.2639909297052,0,280.0,5.0,44100,bird,1.0
211,./kaggletest/beasun2/,XC722834.ogg,309.2639909297052,0,285.0,5.0,44100,bird,1.0
212,./kaggletest/beasun2/,XC722834.ogg,309.2639909297052,0,290.0,5.0,44100,bird,1.0
213,./kaggletest/beasun2/,XC722834.ogg,309.2639909297052,0,295.0,5.0,44100,bird,1.0
214,./kaggletest/beasun2/,XC722834.ogg,309.2639909297052,0,300.0,5.0,44100,bird,1.0
215,./kaggletest/beasun2/,XC195157.ogg,16.483242630385487,0,10.0,5.0,44100,bird,1.0
216,./kaggletest/beasun2/,XC416730.ogg,14.975986394557824,0,0.0,5.0,44100,bird,1.0
217,./kaggletest/beasun2/,XC746030.ogg,16.967981859410433,0,0.0,5.0,44100,bird,1.0
218,./kaggletest/beasun2/,XC746030.ogg,16.967981859410433,0,5.0,5.0,44100,bird,1.0
219,./kaggletest/beasun2/,XC746030.ogg,16.967981859410433,0,10.0,5.0,44100,bird,1.0
220,./kaggletest/beasun2/,XC205261.ogg,22.334671201814057,0,0.0,5.0,44100,bird,1.0
221,./kaggletest/beasun2/,XC205261.ogg,22.334671201814057,0,5.0,5.0,44100,bird,1.0
222,./kaggletest/beasun2/,XC205261.ogg,22.334671201814057,0,10.0,5.0,44100,bird,1.0
223,./kaggletest/beasun2/,XC205261.ogg,22.334671201814057,0,15.0,5.0,44100,bird,1.0
224,./kaggletest/beasun2/,XC375394.ogg,16.534988662131518,0,0.0,5.0,44100,bird,1.0
225,./kaggletest/beasun2/,XC375394.ogg,16.534988662131518,0,5.0,5.0,44100,bird,1.0
226,./kaggletest/beasun2/,XC375394.ogg,16.534988662131518,0,10.0,5.0,44100,bird,1.0
