,FOLDER,IN FILE,CLIP LENGTH,CHANNEL,OFFSET,DURATION,SAMPLE RATE,MANUAL ID,CONFIDENCE
0,./kaggletest/bkfruw1/,XC246009.ogg,28.05548752834467,0,0.0,5.0,44100,bird,1.0
1,./kaggletest/bkfruw1/,XC246009.ogg,28.05548752834467,0,5.0,5.0,44100,bird,1.0
2,./kaggletest/bkfruw1/,XC246009.ogg,28.05548752834467,0,10.0,5.0,44100,bird,1.0
3,./kaggletest/bkfruw1/,XC246009.ogg,28.05548752834467,0,15.0,5.0,44100,bird,1.0
4,./kaggletest/bkfruw1/,XC246009.ogg,28.05548752834467,0,20.0,5.0,44100,bird,1.0
5,./kaggletest/bkfruw1/,XC548042.ogg,12.93061224489796,0,0.0,5.0,44100,bird,1.0
6,./kaggletest/bkfruw1/,XC548042.ogg,12.93061224489796,0,5.0,5.0,44100,bird,1.0
7,./kaggletest/bkfruw1/,XC241604.ogg,28.525714285714287,0,0.0,5.0,44100,bird,1.0
8,./kaggletest/bkfruw1/,XC241604.ogg,28.525714285714287,0,5.0,5.0,44100,bird,1.0
9,./kaggletest/bkfruw1/,XC241604.ogg,28.525714285714287,0,10.0,5.0,44100,bird,1.0
10,./kaggletest/bkfruw1/,XC241604.ogg,28.525714285714287,0,15.0,5.0,44100,bird,1.0
11,./kaggletest/bkfruw1/,XC241604.ogg,28.525714285714287,0,20.0,5.0,44100,bird,1.0
12,./kaggletest/bkfruw1/,XC700496.ogg,74.65795918367347,0,0.0,5.0,44100,bird,1.0
13,./kaggletest/bkfruw1/,XC700496.ogg,74.65795918367347,0,15.0,5.0,44100,bird,1.0
14,./kaggletest/bkfruw1/,XC700496.ogg,74.65795918367347,0,20.0,5.0,44100,bird,1.0
15,./kaggletest/bkfruw1/,XC700496.ogg,74.65795918367347,0,25.0,5.0,44100,bird,1.0
16,./kaggletest/bkfruw1/,XC700496.ogg,74.65795918367347,0,30.0,5.0,44100,bird,1.0
17,./kaggletest/bkfruw1/,XC700496.ogg,74.65795918367347,0,35.0,5.0,44100,bird,1.0
18,./kaggletest/bkfruw1/,XC700496.ogg,74.65795918367347,0,40.0,5.0,44100,bird,1.0
19,./kaggletest/bkfruw1/,XC700496.ogg,74.65795918367347,0,45.0,5.0,44100,bird,1.0
20,./kaggletest/bkfruw1/,XC700496.ogg,74.65795918367347,0,50.0,5.0,44100,bird,1.0
21,./kaggletest/bkfruw1/,XC700496.ogg,74.65795918367347,0,55.0,5.0,44100,bird,1.0
22,./kaggletest/bkfruw1/,XC700496.ogg,74.65795918367347,0,60.0,5.0,44100,bird,1.0
23,./kaggletest/bkfruw1/,XC700496.ogg,74.65795918367347,0,65.0,5.0,44100,bird,1.0
24,./kaggletest/bkfruw1/,XC241603.ogg,37.25061224489796,0,0.0,5.0,44100,bird,1.0
25,./kaggletest/bkfruw1/,XC241603.ogg,37.25061224489796,0,5.0,5.0,44100,bird,1.0
26,./kaggletest/bkfruw1/,XC241603.ogg,37.25061224489796,0,10.0,5.0,44100,bird,1.0
27,./kaggletest/bkfruw1/,XC241603.ogg,37.25061224489796,0,15.0,5.0,44100,bird,1.0
28,./kaggletest/bkfruw1/,XC241603.ogg,37.25061224489796,0,20.0,5.0,44100,bird,1.0
29,./kaggletest/bkfruw1/,XC241603.ogg,37.25061224489796,0,25.0,5.0,44100,bird,1.0
30,./kaggletest/bkfruw1/,XC241603.ogg,37.25061224489796,0,30.0,5.0,44100,bird,1.0
31,./kaggletest/bkfruw1/,XC241830.ogg,68.28408163265306,0,0.0,5.0,44100,bird,1.0
32,./kaggletest/bkfruw1/,XC241830.ogg,68.28408163265306,0,5.0,5.0,44100,bird,1.0
33,./kaggletest/bkfruw1/,XC241830.ogg,68.28408163265306,0,10.0,5.0,44100,bird,1.0
34,./kaggletest/bkfruw1/,XC241830.ogg,68.28408163265306,0,15.0,5.0,44100,bird,1.0
35,./kaggletest/bkfruw1/,XC241830.ogg,68.28408163265306,0,20.0,5.0,44100,bird,1.0
36,./kaggletest/bkfruw1/,XC241830.ogg,68.28408163265306,0,25.0,5.0,44100,bird,1.0
37,./kaggletest/bkfruw1/,XC241830.ogg,68.28408163265306,0,30.0,5.0,44100,bird,1.0
38,./kaggletest/bkfruw1/,XC241830.ogg,68.28408163265306,0,35.0,5.0,44100,bird,1.0
39,./kaggletest/bkfruw1/,XC241830.ogg,68.28408163265306,0,40.0,5.0,44100,bird,1.0
40,./kaggletest/bkfruw1/,XC241830.ogg,68.28408163265306,0,45.0,5.0,44100,bird,1.0
41,./kaggletest/bkfruw1/,XC241830.ogg,68.28408163265306,0,50.0,5.0,44100,bird,1.0
42,./kaggletest/bkfruw1/,XC241830.ogg,68.28408163265306,0,55.0,5.0,44100,bird,1.0
43,./kaggletest/bkfruw1/,XC241830.ogg,68.28408163265306,0,60.0,5.0,44100,bird,1.0
44,./kaggletest/bkfruw1/,XC166359.ogg,25.782834467120182,0,0.0,5.0,44100,bird,1.0
45,./kaggletest/bkfruw1/,XC166359.ogg,25.782834467120182,0,5.0,5.0,44100,bird,1.0
46,./kaggletest/bkfruw1/,XC166359.ogg,25.782834467120182,0,10.0,5.0,44100,bird,1.0
47,./kaggletest/bkfruw1/,XC166359.ogg,25.782834467120182,0,15.0,5.0,44100,bird,1.0
48,./kaggletest/bkfruw1/,XC166359.ogg,25.782834467120182,0,20.0,5.0,44100,bird,1.0
49,./kaggletest/bkfruw1/,XC352751.ogg,44.83199546485261,0,0.0,5.0,44100,bird,1.0
50,./kaggletest/bkfruw1/,XC352751.ogg,44.83199546485261,0,5.0,5.0,44100,bird,1.0
51,./kaggletest/bkfruw1/,XC352751.ogg,44.83199546485261,0,10.0,5.0,44100,bird,1.0
52,./kaggletest/bkfruw1/,XC352751.ogg,44.83199546485261,0,15.0,5.0,44100,bird,1.0
53,./kaggletest/bkfruw1/,XC352751.ogg,44.83199546485261,0,20.0,5.0,44100,bird,1.0
54,./kaggletest/bkfruw1/,XC352751.ogg,44.83199546485261,0,25.0,5.0,44100,bird,1.0
55,./kaggletest/bkfruw1/,XC352751.ogg,44.83199546485261,0,30.0,5.0,44100,bird,1.0
56,./kaggletest/bkfruw1/,XC352751.ogg,44.83199546485261,0,35.0,5.0,44100,bird,1.0
57,./kaggletest/bkfruw1/,XC667520.ogg,45.00895691609977,0,0.0,5.0,44100,bird,1.0
58,./kaggletest/bkfruw1/,XC667520.ogg,45.00895691609977,0,5.0,5.0,44100,bird,1.0
59,./kaggletest/bkfruw1/,XC667520.ogg,45.00895691609977,0,10.0,5.0,44100,bird,1.0
60,./kaggletest/bkfruw1/,XC667520.ogg,45.00895691609977,0,15.0,5.0,44100,bird,1.0
61,./kaggletest/bkfruw1/,XC667520.ogg,45.00895691609977,0,20.0,5.0,44100,bird,1.0
62,./kaggletest/bkfruw1/,XC667520.ogg,45.00895691609977,0,25.0,5.0,44100,bird,1.0
63,./kaggletest/bkfruw1/,XC667520.ogg,45.00895691609977,0,30.0,5.0,44100,bird,1.0
64,./kaggletest/bkfruw1/,XC667520.ogg,45.00895691609977,0,35.0,5.0,44100,bird,1.0
65,./kaggletest/bkfruw1/,XC667520.ogg,45.00895691609977,0,40.0,5.0,44100,bird,1.0
66,./kaggletest/bkfruw1/,XC352752.ogg,28.103990929705216,0,0.0,5.0,44100,bird,1.0
67,./kaggletest/bkfruw1/,XC352752.ogg,28.103990929705216,0,5.0,5.0,44100,bird,1.0
68,./kaggletest/bkfruw1/,XC352752.ogg,28.103990929705216,0,10.0,5.0,44100,bird,1.0
69,./kaggletest/bkfruw1/,XC352752.ogg,28.103990929705216,0,15.0,5.0,44100,bird,1.0
70,./kaggletest/bkfruw1/,XC352752.ogg,28.103990929705216,0,20.0,5.0,44100,bird,1.0
71,./kaggletest/bkfruw1/,XC309431.ogg,10.605714285714285,0,0.0,5.0,44100,bird,1.0
72,./kaggletest/bkfruw1/,XC309431.ogg,10.605714285714285,0,5.0,5.0,44100,bird,1.0
73,./kaggletest/bkfruw1/,XC444795.ogg,18.285714285714285,0,0.0,5.0,44100,bird,1.0
74,./kaggletest/bkfruw1/,XC444795.ogg,18.285714285714285,0,5.0,5.0,44100,bird,1.0
75,./kaggletest/bkfruw1/,XC444795.ogg,18.285714285714285,0,10.0,5.0,44100,bird,1.0
76,./kaggletest/bkfruw1/,XC444794.ogg,45.71426303854875,0,0.0,5.0,44100,bird,1.0
77,./kaggletest/bkfruw1/,XC444794.ogg,45.71426303854875,0,5.0,5.0,44100,bird,1.0
78,./kaggletest/bkfruw1/,XC444794.ogg,45.71426303854875,0,10.0,5.0,44100,bird,1.0
79,./kaggletest/bkfruw1/,XC444794.ogg,45.71426303854875,0,15.0,5.0,44100,bird,1.0
80,./kaggletest/bkfruw1/,XC444794.ogg,45.71426303854875,0,20.0,5.0,44100,bird,1.0
81,./kaggletest/bkfruw1/,XC444794.ogg,45.71426303854875,0,25.0,5.0,44100,bird,1.0
82,./kaggletest/bkfruw1/,XC444794.ogg,45.71426303854875,0,30.0,5.0,44100,bird,1.0
83,./kaggletest/bkfruw1/,XC444794.ogg,45.71426303854875,0,35.0,5.0,44100,bird,1.0
84,./kaggletest/bkfruw1/,XC444794.ogg,45.71426303854875,0,40.0,5.0,44100,bird,1.0
85,./kaggletest/bkfruw1/,XC666406.ogg,49.2930612244898,0,0.0,5.0,44100,bird,1.0
86,./kaggletest/bkfruw1/,XC666406.ogg,49.2930612244898,0,5.0,5.0,44100,bird,1.0
87,./kaggletest/bkfruw1/,XC666406.ogg,49.2930612244898,0,10.0,5.0,44100,bird,1.0
88,./kaggletest/bkfruw1/,XC666406.ogg,49.2930612244898,0,15.0,5.0,44100,bird,1.0
89,./kaggletest/bkfruw1/,XC666406.ogg,49.2930612244898,0,20.0,5.0,44100,bird,1.0
90,./kaggletest/bkfruw1/,XC666406.ogg,49.2930612244898,0,25.0,5.0,44100,bird,1.0
91,./kaggletest/bkfruw1/,XC666406.ogg,49.2930612244898,0,30.0,5.0,44100,bird,1.0
92,./kaggletest/bkfruw1/,XC666406.ogg,49.2930612244898,0,35.0,5.0,44100,bird,1.0
93,./kaggletest/bkfruw1/,XC666406.ogg,49.2930612244898,0,40.0,5.0,44100,bird,1.0
94,./kaggletest/bkfruw1/,XC309432.ogg,15.098775510204081,0,0.0,5.0,44100,bird,1.0
95,./kaggletest/bkfruw1/,XC309432.ogg,15.098775510204081,0,5.0,5.0,44100,bird,1.0
96,./kaggletest/bkfruw1/,XC309432.ogg,15.098775510204081,0,10.0,5.0,44100,bird,1.0
97,./kaggletest/bkfruw1/,XC303073.ogg,36.179591836734694,0,0.0,5.0,44100,bird,1.0
98,./kaggletest/bkfruw1/,XC303073.ogg,36.179591836734694,0,5.0,5.0,44100,bird,1.0
99,./kaggletest/bkfruw1/,XC303073.ogg,36.179591836734694,0,10.0,5.0,44100,bird,1.0
100,./kaggletest/bkfruw1/,XC303073.ogg,36.179591836734694,0,15.0,5.0,44100,bird,1.0
101,./kaggletest/bkfruw1/,XC303073.ogg,36.179591836734694,0,20.0,5.0,44100,bird,1.0
102,./kaggletest/bkfruw1/,XC303073.ogg,36.179591836734694,0,25.0,5.0,44100,bird,1.0
103,./kaggletest/bkfruw1/,XC303073.ogg,36.179591836734694,0,30.0,5.0,44100,bird,1.0
104,./kaggletest/bkfruw1/,XC312209.ogg,33.43598639455782,0,0.0,5.0,44100,bird,1.0
105,./kaggletest/bkfruw1/,XC312209.ogg,33.43598639455782,0,5.0,5.0,44100,bird,1.0
106,./kaggletest/bkfruw1/,XC312209.ogg,33.43598639455782,0,10.0,5.0,44100,bird,1.0
107,./kaggletest/bkfruw1/,XC312209.ogg,33.43598639455782,0,15.0,5.0,44100,bird,1.0
108,./kaggletest/bkfruw1/,XC312209.ogg,33.43598639455782,0,20.0,5.0,44100,bird,1.0
109,./kaggletest/bkfruw1/,XC312209.ogg,33.43598639455782,0,25.0,5.0,44100,bird,1.0
110,./kaggletest/bkfruw1/,XC608267.ogg,20.165986394557823,0,0.0,5.0,44100,bird,1.0
111,./kaggletest/bkfruw1/,XC608267.ogg,20.165986394557823,0,5.0,5.0,44100,bird,1.0
112,./kaggletest/bkfruw1/,XC608267.ogg,20.165986394557823,0,10.0,5.0,44100,bird,1.0
113,./kaggletest/bkfruw1/,XC608267.ogg,20.165986394557823,0,15.0,5.0,44100,bird,1.0
114,./kaggletest/bkfruw1/,XC163714.ogg,9.351836734693878,0,0.0,5.0,44100,bird,1.0
115,./kaggletest/bkfruw1/,XC618249.ogg,42.04798185941043,0,0.0,5.0,44100,bird,1.0
116,./kaggletest/bkfruw1/,XC618249.ogg,42.04798185941043,0,5.0,5.0,44100,bird,1.0
117,./kaggletest/bkfruw1/,XC618249.ogg,42.04798185941043,0,10.0,5.0,44100,bird,1.0
118,./kaggletest/bkfruw1/,XC618249.ogg,42.04798185941043,0,15.0,5.0,44100,bird,1.0
119,./kaggletest/bkfruw1/,XC618249.ogg,42.04798185941043,0,20.0,5.0,44100,bird,1.0
120,./kaggletest/bkfruw1/,XC618249.ogg,42.04798185941043,0,25.0,5.0,44100,bird,1.0
121,./kaggletest/bkfruw1/,XC618249.ogg,42.04798185941043,0,30.0,5.0,44100,bird,1.0
122,./kaggletest/bkfruw1/,XC618249.ogg,42.04798185941043,0,35.0,5.0,44100,bird,1.0
123,./kaggletest/bkfruw1/,XC432805.ogg,36.75426303854875,0,0.0,5.0,44100,bird,1.0
124,./kaggletest/bkfruw1/,XC432805.ogg,36.75426303854875,0,5.0,5.0,44100,bird,1.0
125,./kaggletest/bkfruw1/,XC432805.ogg,36.75426303854875,0,10.0,5.0,44100,bird,1.0
126,./kaggletest/bkfruw1/,XC432805.ogg,36.75426303854875,0,15.0,5.0,44100,bird,1.0
127,./kaggletest/bkfruw1/,XC432805.ogg,36.75426303854875,0,20.0,5.0,44100,bird,1.0
128,./kaggletest/bkfruw1/,XC432805.ogg,36.75426303854875,0,25.0,5.0,44100,bird,1.0
129,./kaggletest/bkfruw1/,XC432805.ogg,36.75426303854875,0,30.0,5.0,44100,bird,1.0
130,./kaggletest/bkfruw1/,XC555861.ogg,59.71589569160998,0,0.0,5.0,44100,bird,1.0
131,./kaggletest/bkfruw1/,XC555861.ogg,59.71589569160998,0,5.0,5.0,44100,bird,1.0
132,./kaggletest/bkfruw1/,XC555861.ogg,59.71589569160998,0,10.0,5.0,44100,bird,1.0
133,./kaggletest/bkfruw1/,XC555861.ogg,59.71589569160998,0,15.0,5.0,44100,bird,1.0
134,./kaggletest/bkfruw1/,XC555861.ogg,59.71589569160998,0,20.0,5.0,44100,bird,1.0
135,./kaggletest/bkfruw1/,XC555861.ogg,59.71589569160998,0,25.0,5.0,44100,bird,1.0
136,./kaggletest/bkfruw1/,XC555861.ogg,59.71589569160998,0,30.0,5.0,44100,bird,1.0
137,./kaggletest/bkfruw1/,XC555861.ogg,59.71589569160998,0,35.0,5.0,44100,bird,1.0
138,./kaggletest/bkfruw1/,XC555861.ogg,59.71589569160998,0,40.0,5.0,44100,bird,1.0
139,./kaggletest/bkfruw1/,XC555861.ogg,59.71589569160998,0,45.0,5.0,44100,bird,1.0
140,./kaggletest/bkfruw1/,XC555861.ogg,59.71589569160998,0,50.0,5.0,44100,bird,1.0
141,./kaggletest/bkfruw1/,XC263594.ogg,19.175986394557825,0,0.0,5.0,44100,bird,1.0
142,./kaggletest/bkfruw1/,XC263594.ogg,19.175986394557825,0,5.0,5.0,44100,bird,1.0
143,./kaggletest/bkfruw1/,XC263594.ogg,19.175986394557825,0,10.0,5.0,44100,bird,1.0
144,./kaggletest/bkfruw1/,XC311842.ogg,11.049773242630385,0,0.0,5.0,44100,bird,1.0
145,./kaggletest/bkfruw1/,XC311842.ogg,11.049773242630385,0,5.0,5.0,44100,bird,1.0
146,./kaggletest/bkfruw1/,XC545196.ogg,10.997551020408164,0,0.0,5.0,44100,bird,1.0
147,./kaggletest/bkfruw1/,XC545196.ogg,10.997551020408164,0,5.0,5.0,44100,bird,1.0
148,./kaggletest/bkfruw1/,XC157029.ogg,33.071020408163264,0,0.0,5.0,44100,bird,1.0
149,./kaggletest/bkfruw1/,XC157029.ogg,33.071020408163264,0,5.0,5.0,44100,bird,1.0
150,./kaggletest/bkfruw1/,XC157029.ogg,33.071020408163264,0,10.0,5.0,44100,bird,1.0
151,./kaggletest/bkfruw1/,XC157029.ogg,33.071020408163264,0,15.0,5.0,44100,bird,1.0
152,./kaggletest/bkfruw1/,XC157029.ogg,33.071020408163264,0,20.0,5.0,44100,bird,1.0
153,./kaggletest/bkfruw1/,XC157029.ogg,33.071020408163264,0,25.0,5.0,44100,bird,1.0
154,./kaggletest/bkfruw1/,XC344775.ogg,18.703673469387756,0,0.0,5.0,44100,bird,1.0
155,./kaggletest/bkfruw1/,XC344775.ogg,18.703673469387756,0,5.0,5.0,44100,bird,1.0
156,./kaggletest/bkfruw1/,XC344775.ogg,18.703673469387756,0,10.0,5.0,44100,bird,1.0
157,./kaggletest/bkfruw1/,XC113283.ogg,26.826961451247165,0,0.0,5.0,44100,bird,1.0
158,./kaggletest/bkfruw1/,XC113283.ogg,26.826961451247165,0,5.0,5.0,44100,bird,1.0
159,./kaggletest/bkfruw1/,XC113283.ogg,26.826961451247165,0,10.0,5.0,44100,bird,1.0
160,./kaggletest/bkfruw1/,XC113283.ogg,26.826961451247165,0,15.0,5.0,44100,bird,1.0
161,./kaggletest/bkfruw1/,XC113283.ogg,26.826961451247165,0,20.0,5.0,44100,bird,1.0
