,FOLDER,IN FILE,CLIP LENGTH,CHANNEL,OFFSET,DURATION,SAMPLE RATE,MANUAL ID,CONFIDENCE
0,./kaggletest/blacra1/,XC401858.ogg,5.303990929705216,0,0.0,5.0,44100,bird,1.0
1,./kaggletest/blacra1/,XC118278.ogg,39.00079365079365,0,0.0,5.0,44100,bird,1.0
2,./kaggletest/blacra1/,XC118278.ogg,39.00079365079365,0,25.0,5.0,44100,bird,1.0
3,./kaggletest/blacra1/,XC373878.ogg,48.457142857142856,0,5.0,5.0,44100,bird,1.0
4,./kaggletest/blacra1/,XC373878.ogg,48.457142857142856,0,10.0,5.0,44100,bird,1.0
5,./kaggletest/blacra1/,XC373878.ogg,48.457142857142856,0,15.0,5.0,44100,bird,1.0
6,./kaggletest/blacra1/,XC373878.ogg,48.457142857142856,0,20.0,5.0,44100,bird,1.0
7,./kaggletest/blacra1/,XC373878.ogg,48.457142857142856,0,25.0,5.0,44100,bird,1.0
8,./kaggletest/blacra1/,XC373878.ogg,48.457142857142856,0,40.0,5.0,44100,bird,1.0
9,./kaggletest/blacra1/,XC267158.ogg,63.03344671201814,0,0.0,5.0,44100,bird,1.0
10,./kaggletest/blacra1/,XC267158.ogg,63.03344671201814,0,5.0,5.0,44100,bird,1.0
11,./kaggletest/blacra1/,XC267158.ogg,63.03344671201814,0,10.0,5.0,44100,bird,1.0
12,./kaggletest/blacra1/,XC267158.ogg,63.03344671201814,0,15.0,5.0,44100,bird,1.0
13,./kaggletest/blacra1/,XC267158.ogg,63.03344671201814,0,20.0,5.0,44100,bird,1.0
14,./kaggletest/blacra1/,XC267158.ogg,63.03344671201814,0,25.0,5.0,44100,bird,1.0
15,./kaggletest/blacra1/,XC267158.ogg,63.03344671201814,0,30.0,5.0,44100,bird,1.0
16,./kaggletest/blacra1/,XC267158.ogg,63.03344671201814,0,35.0,5.0,44100,bird,1.0
17,./kaggletest/blacra1/,XC267158.ogg,63.03344671201814,0,40.0,5.0,44100,bird,1.0
18,./kaggletest/blacra1/,XC267158.ogg,63.03344671201814,0,45.0,5.0,44100,bird,1.0
19,./kaggletest/blacra1/,XC267158.ogg,63.03344671201814,0,50.0,5.0,44100,bird,1.0
20,./kaggletest/blacra1/,XC267158.ogg,63.03344671201814,0,55.0,5.0,44100,bird,1.0
21,./kaggletest/blacra1/,XC697698.ogg,8.594263038548753,0,0.0,5.0,44100,bird,1.0
22,./kaggletest/blacra1/,XC598882.ogg,58.95836734693878,0,0.0,5.0,44100,bird,1.0
23,./kaggletest/blacra1/,XC598882.ogg,58.95836734693878,0,10.0,5.0,44100,bird,1.0
24,./kaggletest/blacra1/,XC598882.ogg,58.95836734693878,0,15.0,5.0,44100,bird,1.0
25,./kaggletest/blacra1/,XC598882.ogg,58.95836734693878,0,20.0,5.0,44100,bird,1.0
26,./kaggletest/blacra1/,XC598882.ogg,58.95836734693878,0,25.0,5.0,44100,bird,1.0
27,./kaggletest/blacra1/,XC598882.ogg,58.95836734693878,0,30.0,5.0,44100,bird,1.0
28,./kaggletest/blacra1/,XC598882.ogg,58.95836734693878,0,35.0,5.0,44100,bird,1.0
29,./kaggletest/blacra1/,XC598882.ogg,58.95836734693878,0,40.0,5.0,44100,bird,1.0
30,./kaggletest/blacra1/,XC598882.ogg,58.95836734693878,0,45.0,5.0,44100,bird,1.0
31,./kaggletest/blacra1/,XC598882.ogg,58.95836734693878,0,50.0,5.0,44100,bird,1.0
32,./kaggletest/blacra1/,XC338502.ogg,21.91673469387755,0,0.0,5.0,44100,bird,1.0
33,./kaggletest/blacra1/,XC338502.ogg,21.91673469387755,0,5.0,5.0,44100,bird,1.0
34,./kaggletest/blacra1/,XC338502.ogg,21.91673469387755,0,10.0,5.0,44100,bird,1.0
35,./kaggletest/blacra1/,XC338502.ogg,21.91673469387755,0,15.0,5.0,44100,bird,1.0
36,./kaggletest/blacra1/,XC601831.ogg,11.351995464852608,0,0.0,5.0,44100,bird,1.0
37,./kaggletest/blacra1/,XC601831.ogg,11.351995464852608,0,5.0,5.0,44100,bird,1.0
38,./kaggletest/blacra1/,XC607475.ogg,27.192993197278913,0,0.0,5.0,44100,bird,1.0
39,./kaggletest/blacra1/,XC607475.ogg,27.192993197278913,0,5.0,5.0,44100,bird,1.0
40,./kaggletest/blacra1/,XC607475.ogg,27.192993197278913,0,10.0,5.0,44100,bird,1.0
41,./kaggletest/blacra1/,XC607475.ogg,27.192993197278913,0,15.0,5.0,44100,bird,1.0
42,./kaggletest/blacra1/,XC607475.ogg,27.192993197278913,0,20.0,5.0,44100,bird,1.0
43,./kaggletest/blacra1/,XC611612.ogg,96.05224489795918,0,0.0,5.0,44100,bird,1.0
44,./kaggletest/blacra1/,XC611612.ogg,96.05224489795918,0,5.0,5.0,44100,bird,1.0
45,./kaggletest/blacra1/,XC611612.ogg,96.05224489795918,0,10.0,5.0,44100,bird,1.0
46,./kaggletest/blacra1/,XC611612.ogg,96.05224489795918,0,15.0,5.0,44100,bird,1.0
47,./kaggletest/blacra1/,XC611612.ogg,96.05224489795918,0,20.0,5.0,44100,bird,1.0
48,./kaggletest/blacra1/,XC611612.ogg,96.05224489795918,0,25.0,5.0,44100,bird,1.0
49,./kaggletest/blacra1/,XC611612.ogg,96.05224489795918,0,30.0,5.0,44100,bird,1.0
50,./kaggletest/blacra1/,XC611612.ogg,96.05224489795918,0,35.0,5.0,44100,bird,1.0
51,./kaggletest/blacra1/,XC611612.ogg,96.05224489795918,0,40.0,5.0,44100,bird,1.0
52,./kaggletest/blacra1/,XC611612.ogg,96.05224489795918,0,45.0,5.0,44100,bird,1.0
53,./kaggletest/blacra1/,XC611612.ogg,96.05224489795918,0,50.0,5.0,44100,bird,1.0
54,./kaggletest/blacra1/,XC611612.ogg,96.05224489795918,0,55.0,5.0,44100,bird,1.0
55,./kaggletest/blacra1/,XC611612.ogg,96.05224489795918,0,60.0,5.0,44100,bird,1.0
56,./kaggletest/blacra1/,XC611612.ogg,96.05224489795918,0,65.0,5.0,44100,bird,1.0
57,./kaggletest/blacra1/,XC611612.ogg,96.05224489795918,0,70.0,5.0,44100,bird,1.0
58,./kaggletest/blacra1/,XC611612.ogg,96.05224489795918,0,75.0,5.0,44100,bird,1.0
59,./kaggletest/blacra1/,XC611612.ogg,96.05224489795918,0,80.0,5.0,44100,bird,1.0
60,./kaggletest/blacra1/,XC611612.ogg,96.05224489795918,0,85.0,5.0,44100,bird,1.0
61,./kaggletest/blacra1/,XC611612.ogg,96.05224489795918,0,90.0,5.0,44100,bird,1.0
62,./kaggletest/blacra1/,XC524613.ogg,47.83,0,0.0,5.0,44100,bird,1.0
63,./kaggletest/blacra1/,XC524613.ogg,47.83,0,5.0,5.0,44100,bird,1.0
64,./kaggletest/blacra1/,XC524613.ogg,47.83,0,10.0,5.0,44100,bird,1.0
65,./kaggletest/blacra1/,XC524613.ogg,47.83,0,15.0,5.0,44100,bird,1.0
66,./kaggletest/blacra1/,XC524613.ogg,47.83,0,20.0,5.0,44100,bird,1.0
67,./kaggletest/blacra1/,XC524613.ogg,47.83,0,25.0,5.0,44100,bird,1.0
68,./kaggletest/blacra1/,XC524613.ogg,47.83,0,30.0,5.0,44100,bird,1.0
69,./kaggletest/blacra1/,XC524613.ogg,47.83,0,35.0,5.0,44100,bird,1.0
70,./kaggletest/blacra1/,XC524613.ogg,47.83,0,40.0,5.0,44100,bird,1.0
71,./kaggletest/blacra1/,XC475514.ogg,52.008979591836734,0,0.0,5.0,44100,bird,1.0
72,./kaggletest/blacra1/,XC475514.ogg,52.008979591836734,0,5.0,5.0,44100,bird,1.0
73,./kaggletest/blacra1/,XC475514.ogg,52.008979591836734,0,10.0,5.0,44100,bird,1.0
74,./kaggletest/blacra1/,XC475514.ogg,52.008979591836734,0,15.0,5.0,44100,bird,1.0
75,./kaggletest/blacra1/,XC475514.ogg,52.008979591836734,0,20.0,5.0,44100,bird,1.0
76,./kaggletest/blacra1/,XC475514.ogg,52.008979591836734,0,25.0,5.0,44100,bird,1.0
77,./kaggletest/blacra1/,XC475514.ogg,52.008979591836734,0,30.0,5.0,44100,bird,1.0
78,./kaggletest/blacra1/,XC475514.ogg,52.008979591836734,0,35.0,5.0,44100,bird,1.0
79,./kaggletest/blacra1/,XC475514.ogg,52.008979591836734,0,40.0,5.0,44100,bird,1.0
80,./kaggletest/blacra1/,XC475514.ogg,52.008979591836734,0,45.0,5.0,44100,bird,1.0
81,./kaggletest/blacra1/,XC429225.ogg,5.04,0,0.0,5.0,44100,bird,1.0
82,./kaggletest/blacra1/,XC437769.ogg,34.846984126984125,0,0.0,5.0,44100,bird,1.0
83,./kaggletest/blacra1/,XC437769.ogg,34.846984126984125,0,5.0,5.0,44100,bird,1.0
84,./kaggletest/blacra1/,XC437769.ogg,34.846984126984125,0,10.0,5.0,44100,bird,1.0
85,./kaggletest/blacra1/,XC437769.ogg,34.846984126984125,0,15.0,5.0,44100,bird,1.0
86,./kaggletest/blacra1/,XC437769.ogg,34.846984126984125,0,20.0,5.0,44100,bird,1.0
87,./kaggletest/blacra1/,XC437769.ogg,34.846984126984125,0,25.0,5.0,44100,bird,1.0
88,./kaggletest/blacra1/,XC429224.ogg,5.0639909297052155,0,0.0,5.0,44100,bird,1.0
89,./kaggletest/blacra1/,XC252340.ogg,22.569773242630387,0,0.0,5.0,44100,bird,1.0
90,./kaggletest/blacra1/,XC252340.ogg,22.569773242630387,0,5.0,5.0,44100,bird,1.0
91,./kaggletest/blacra1/,XC252340.ogg,22.569773242630387,0,10.0,5.0,44100,bird,1.0
92,./kaggletest/blacra1/,XC252340.ogg,22.569773242630387,0,15.0,5.0,44100,bird,1.0
93,./kaggletest/blacra1/,XC429226.ogg,45.33598639455782,0,0.0,5.0,44100,bird,1.0
94,./kaggletest/blacra1/,XC429226.ogg,45.33598639455782,0,5.0,5.0,44100,bird,1.0
95,./kaggletest/blacra1/,XC429226.ogg,45.33598639455782,0,10.0,5.0,44100,bird,1.0
96,./kaggletest/blacra1/,XC429226.ogg,45.33598639455782,0,15.0,5.0,44100,bird,1.0
97,./kaggletest/blacra1/,XC429226.ogg,45.33598639455782,0,20.0,5.0,44100,bird,1.0
98,./kaggletest/blacra1/,XC429226.ogg,45.33598639455782,0,25.0,5.0,44100,bird,1.0
99,./kaggletest/blacra1/,XC429226.ogg,45.33598639455782,0,30.0,5.0,44100,bird,1.0
100,./kaggletest/blacra1/,XC429226.ogg,45.33598639455782,0,40.0,5.0,44100,bird,1.0
101,./kaggletest/blacra1/,XC581426.ogg,16.351995464852607,0,0.0,5.0,44100,bird,1.0
102,./kaggletest/blacra1/,XC581426.ogg,16.351995464852607,0,5.0,5.0,44100,bird,1.0
103,./kaggletest/blacra1/,XC581426.ogg,16.351995464852607,0,10.0,5.0,44100,bird,1.0
104,./kaggletest/blacra1/,XC438706.ogg,28.39498866213152,0,0.0,5.0,44100,bird,1.0
105,./kaggletest/blacra1/,XC438706.ogg,28.39498866213152,0,5.0,5.0,44100,bird,1.0
106,./kaggletest/blacra1/,XC438706.ogg,28.39498866213152,0,10.0,5.0,44100,bird,1.0
107,./kaggletest/blacra1/,XC438706.ogg,28.39498866213152,0,15.0,5.0,44100,bird,1.0
108,./kaggletest/blacra1/,XC438706.ogg,28.39498866213152,0,20.0,5.0,44100,bird,1.0
109,./kaggletest/blacra1/,XC667523.ogg,21.34199546485261,0,0.0,5.0,44100,bird,1.0
110,./kaggletest/blacra1/,XC667523.ogg,21.34199546485261,0,5.0,5.0,44100,bird,1.0
111,./kaggletest/blacra1/,XC667523.ogg,21.34199546485261,0,10.0,5.0,44100,bird,1.0
112,./kaggletest/blacra1/,XC667523.ogg,21.34199546485261,0,15.0,5.0,44100,bird,1.0
113,./kaggletest/blacra1/,XC307008.ogg,44.111995464852605,0,0.0,5.0,44100,bird,1.0
114,./kaggletest/blacra1/,XC307008.ogg,44.111995464852605,0,5.0,5.0,44100,bird,1.0
115,./kaggletest/blacra1/,XC307008.ogg,44.111995464852605,0,10.0,5.0,44100,bird,1.0
116,./kaggletest/blacra1/,XC307008.ogg,44.111995464852605,0,15.0,5.0,44100,bird,1.0
117,./kaggletest/blacra1/,XC307008.ogg,44.111995464852605,0,20.0,5.0,44100,bird,1.0
118,./kaggletest/blacra1/,XC307008.ogg,44.111995464852605,0,25.0,5.0,44100,bird,1.0
119,./kaggletest/blacra1/,XC307008.ogg,44.111995464852605,0,30.0,5.0,44100,bird,1.0
120,./kaggletest/blacra1/,XC307008.ogg,44.111995464852605,0,35.0,5.0,44100,bird,1.0
121,./kaggletest/blacra1/,XC356521.ogg,14.550204081632653,0,0.0,5.0,44100,bird,1.0
122,./kaggletest/blacra1/,XC356521.ogg,14.550204081632653,0,5.0,5.0,44100,bird,1.0
123,./kaggletest/blacra1/,XC677324.ogg,19.56,0,0.0,5.0,44100,bird,1.0
124,./kaggletest/blacra1/,XC677324.ogg,19.56,0,5.0,5.0,44100,bird,1.0
125,./kaggletest/blacra1/,XC677324.ogg,19.56,0,10.0,5.0,44100,bird,1.0
126,./kaggletest/blacra1/,XC307178.ogg,72.52798185941043,0,0.0,5.0,44100,bird,1.0
127,./kaggletest/blacra1/,XC307178.ogg,72.52798185941043,0,5.0,5.0,44100,bird,1.0
128,./kaggletest/blacra1/,XC307178.ogg,72.52798185941043,0,15.0,5.0,44100,bird,1.0
129,./kaggletest/blacra1/,XC307178.ogg,72.52798185941043,0,20.0,5.0,44100,bird,1.0
130,./kaggletest/blacra1/,XC307178.ogg,72.52798185941043,0,25.0,5.0,44100,bird,1.0
131,./kaggletest/blacra1/,XC307178.ogg,72.52798185941043,0,30.0,5.0,44100,bird,1.0
132,./kaggletest/blacra1/,XC307178.ogg,72.52798185941043,0,35.0,5.0,44100,bird,1.0
133,./kaggletest/blacra1/,XC307178.ogg,72.52798185941043,0,40.0,5.0,44100,bird,1.0
134,./kaggletest/blacra1/,XC307178.ogg,72.52798185941043,0,45.0,5.0,44100,bird,1.0
135,./kaggletest/blacra1/,XC307178.ogg,72.52798185941043,0,50.0,5.0,44100,bird,1.0
136,./kaggletest/blacra1/,XC307178.ogg,72.52798185941043,0,55.0,5.0,44100,bird,1.0
137,./kaggletest/blacra1/,XC307178.ogg,72.52798185941043,0,65.0,5.0,44100,bird,1.0
138,./kaggletest/blacra1/,XC492098.ogg,37.04160997732426,0,0.0,5.0,44100,bird,1.0
139,./kaggletest/blacra1/,XC492098.ogg,37.04160997732426,0,5.0,5.0,44100,bird,1.0
140,./kaggletest/blacra1/,XC492098.ogg,37.04160997732426,0,10.0,5.0,44100,bird,1.0
141,./kaggletest/blacra1/,XC492098.ogg,37.04160997732426,0,15.0,5.0,44100,bird,1.0
142,./kaggletest/blacra1/,XC492098.ogg,37.04160997732426,0,20.0,5.0,44100,bird,1.0
143,./kaggletest/blacra1/,XC492098.ogg,37.04160997732426,0,30.0,5.0,44100,bird,1.0
144,./kaggletest/blacra1/,XC288064.ogg,21.655487528344672,0,0.0,5.0,44100,bird,1.0
145,./kaggletest/blacra1/,XC288064.ogg,21.655487528344672,0,5.0,5.0,44100,bird,1.0
146,./kaggletest/blacra1/,XC288064.ogg,21.655487528344672,0,10.0,5.0,44100,bird,1.0
147,./kaggletest/blacra1/,XC288064.ogg,21.655487528344672,0,15.0,5.0,44100,bird,1.0
148,./kaggletest/blacra1/,XC254682.ogg,6.713446712018141,0,0.0,5.0,44100,bird,1.0
149,./kaggletest/blacra1/,XC467167.ogg,34.925714285714285,0,0.0,5.0,44100,bird,1.0
150,./kaggletest/blacra1/,XC467167.ogg,34.925714285714285,0,5.0,5.0,44100,bird,1.0
151,./kaggletest/blacra1/,XC467167.ogg,34.925714285714285,0,10.0,5.0,44100,bird,1.0
152,./kaggletest/blacra1/,XC467167.ogg,34.925714285714285,0,15.0,5.0,44100,bird,1.0
153,./kaggletest/blacra1/,XC467167.ogg,34.925714285714285,0,20.0,5.0,44100,bird,1.0
154,./kaggletest/blacra1/,XC467167.ogg,34.925714285714285,0,25.0,5.0,44100,bird,1.0
155,./kaggletest/blacra1/,XC370456.ogg,26.51426303854875,0,0.0,5.0,44100,bird,1.0
156,./kaggletest/blacra1/,XC370456.ogg,26.51426303854875,0,5.0,5.0,44100,bird,1.0
157,./kaggletest/blacra1/,XC370456.ogg,26.51426303854875,0,10.0,5.0,44100,bird,1.0
158,./kaggletest/blacra1/,XC370456.ogg,26.51426303854875,0,15.0,5.0,44100,bird,1.0
159,./kaggletest/blacra1/,XC370456.ogg,26.51426303854875,0,20.0,5.0,44100,bird,1.0
160,./kaggletest/blacra1/,XC451173.ogg,26.80160997732426,0,0.0,5.0,44100,bird,1.0
161,./kaggletest/blacra1/,XC451173.ogg,26.80160997732426,0,5.0,5.0,44100,bird,1.0
162,./kaggletest/blacra1/,XC451173.ogg,26.80160997732426,0,10.0,5.0,44100,bird,1.0
163,./kaggletest/blacra1/,XC451173.ogg,26.80160997732426,0,15.0,5.0,44100,bird,1.0
164,./kaggletest/blacra1/,XC451173.ogg,26.80160997732426,0,20.0,5.0,44100,bird,1.0
165,./kaggletest/blacra1/,XC376191.ogg,16.090997732426302,0,0.0,5.0,44100,bird,1.0
166,./kaggletest/blacra1/,XC376191.ogg,16.090997732426302,0,5.0,5.0,44100,bird,1.0
167,./kaggletest/blacra1/,XC376191.ogg,16.090997732426302,0,10.0,5.0,44100,bird,1.0
168,./kaggletest/blacra1/,XC125217.ogg,7.758367346938775,0,0.0,5.0,44100,bird,1.0
169,./kaggletest/blacra1/,XC696710.ogg,64.0,0,0.0,5.0,44100,bird,1.0
170,./kaggletest/blacra1/,XC696710.ogg,64.0,0,15.0,5.0,44100,bird,1.0
171,./kaggletest/blacra1/,XC696710.ogg,64.0,0,20.0,5.0,44100,bird,1.0
172,./kaggletest/blacra1/,XC696710.ogg,64.0,0,25.0,5.0,44100,bird,1.0
173,./kaggletest/blacra1/,XC696710.ogg,64.0,0,30.0,5.0,44100,bird,1.0
174,./kaggletest/blacra1/,XC696710.ogg,64.0,0,35.0,5.0,44100,bird,1.0
175,./kaggletest/blacra1/,XC696710.ogg,64.0,0,40.0,5.0,44100,bird,1.0
176,./kaggletest/blacra1/,XC696710.ogg,64.0,0,45.0,5.0,44100,bird,1.0
177,./kaggletest/blacra1/,XC696710.ogg,64.0,0,50.0,5.0,44100,bird,1.0
178,./kaggletest/blacra1/,XC696710.ogg,64.0,0,55.0,5.0,44100,bird,1.0
179,./kaggletest/blacra1/,XC200591.ogg,32.23199546485261,0,0.0,5.0,44100,bird,1.0
180,./kaggletest/blacra1/,XC200591.ogg,32.23199546485261,0,5.0,5.0,44100,bird,1.0
181,./kaggletest/blacra1/,XC200591.ogg,32.23199546485261,0,10.0,5.0,44100,bird,1.0
182,./kaggletest/blacra1/,XC200591.ogg,32.23199546485261,0,15.0,5.0,44100,bird,1.0
183,./kaggletest/blacra1/,XC200591.ogg,32.23199546485261,0,20.0,5.0,44100,bird,1.0
184,./kaggletest/blacra1/,XC200591.ogg,32.23199546485261,0,25.0,5.0,44100,bird,1.0
185,./kaggletest/blacra1/,XC613487.ogg,11.99,0,0.0,5.0,44100,bird,1.0
186,./kaggletest/blacra1/,XC613487.ogg,11.99,0,5.0,5.0,44100,bird,1.0
187,./kaggletest/blacra1/,XC370458.ogg,30.64160997732426,0,0.0,5.0,44100,bird,1.0
188,./kaggletest/blacra1/,XC370458.ogg,30.64160997732426,0,5.0,5.0,44100,bird,1.0
189,./kaggletest/blacra1/,XC370458.ogg,30.64160997732426,0,10.0,5.0,44100,bird,1.0
190,./kaggletest/blacra1/,XC370458.ogg,30.64160997732426,0,15.0,5.0,44100,bird,1.0
191,./kaggletest/blacra1/,XC370458.ogg,30.64160997732426,0,20.0,5.0,44100,bird,1.0
192,./kaggletest/blacra1/,XC370458.ogg,30.64160997732426,0,25.0,5.0,44100,bird,1.0
193,./kaggletest/blacra1/,XC471333.ogg,9.768979591836734,0,0.0,5.0,44100,bird,1.0
194,./kaggletest/blacra1/,XC506150.ogg,42.21299319727891,0,0.0,5.0,44100,bird,1.0
195,./kaggletest/blacra1/,XC506150.ogg,42.21299319727891,0,5.0,5.0,44100,bird,1.0
196,./kaggletest/blacra1/,XC506150.ogg,42.21299319727891,0,15.0,5.0,44100,bird,1.0
197,./kaggletest/blacra1/,XC506150.ogg,42.21299319727891,0,20.0,5.0,44100,bird,1.0
198,./kaggletest/blacra1/,XC506150.ogg,42.21299319727891,0,25.0,5.0,44100,bird,1.0
199,./kaggletest/blacra1/,XC506150.ogg,42.21299319727891,0,30.0,5.0,44100,bird,1.0
200,./kaggletest/blacra1/,XC506150.ogg,42.21299319727891,0,35.0,5.0,44100,bird,1.0
201,./kaggletest/blacra1/,XC610981.ogg,18.416303854875284,0,0.0,5.0,44100,bird,1.0
202,./kaggletest/blacra1/,XC610981.ogg,18.416303854875284,0,5.0,5.0,44100,bird,1.0
203,./kaggletest/blacra1/,XC610981.ogg,18.416303854875284,0,10.0,5.0,44100,bird,1.0
204,./kaggletest/blacra1/,XC640582.ogg,21.680997732426302,0,0.0,5.0,44100,bird,1.0
205,./kaggletest/blacra1/,XC640582.ogg,21.680997732426302,0,5.0,5.0,44100,bird,1.0
206,./kaggletest/blacra1/,XC640582.ogg,21.680997732426302,0,10.0,5.0,44100,bird,1.0
207,./kaggletest/blacra1/,XC640582.ogg,21.680997732426302,0,15.0,5.0,44100,bird,1.0
208,./kaggletest/blacra1/,XC309413.ogg,26.303990929705215,0,0.0,5.0,44100,bird,1.0
209,./kaggletest/blacra1/,XC309413.ogg,26.303990929705215,0,5.0,5.0,44100,bird,1.0
210,./kaggletest/blacra1/,XC309413.ogg,26.303990929705215,0,10.0,5.0,44100,bird,1.0
211,./kaggletest/blacra1/,XC309413.ogg,26.303990929705215,0,15.0,5.0,44100,bird,1.0
212,./kaggletest/blacra1/,XC309413.ogg,26.303990929705215,0,20.0,5.0,44100,bird,1.0
213,./kaggletest/blacra1/,XC530962.ogg,47.83,0,0.0,5.0,44100,bird,1.0
214,./kaggletest/blacra1/,XC530962.ogg,47.83,0,5.0,5.0,44100,bird,1.0
215,./kaggletest/blacra1/,XC530962.ogg,47.83,0,10.0,5.0,44100,bird,1.0
216,./kaggletest/blacra1/,XC530962.ogg,47.83,0,15.0,5.0,44100,bird,1.0
217,./kaggletest/blacra1/,XC530962.ogg,47.83,0,20.0,5.0,44100,bird,1.0
218,./kaggletest/blacra1/,XC530962.ogg,47.83,0,25.0,5.0,44100,bird,1.0
219,./kaggletest/blacra1/,XC530962.ogg,47.83,0,30.0,5.0,44100,bird,1.0
220,./kaggletest/blacra1/,XC530962.ogg,47.83,0,35.0,5.0,44100,bird,1.0
221,./kaggletest/blacra1/,XC530962.ogg,47.83,0,40.0,5.0,44100,bird,1.0
222,./kaggletest/blacra1/,XC333413.ogg,73.58691609977325,0,0.0,5.0,44100,bird,1.0
223,./kaggletest/blacra1/,XC333413.ogg,73.58691609977325,0,5.0,5.0,44100,bird,1.0
224,./kaggletest/blacra1/,XC333413.ogg,73.58691609977325,0,10.0,5.0,44100,bird,1.0
225,./kaggletest/blacra1/,XC333413.ogg,73.58691609977325,0,15.0,5.0,44100,bird,1.0
226,./kaggletest/blacra1/,XC333413.ogg,73.58691609977325,0,20.0,5.0,44100,bird,1.0
227,./kaggletest/blacra1/,XC333413.ogg,73.58691609977325,0,25.0,5.0,44100,bird,1.0
228,./kaggletest/blacra1/,XC333413.ogg,73.58691609977325,0,30.0,5.0,44100,bird,1.0
229,./kaggletest/blacra1/,XC333413.ogg,73.58691609977325,0,35.0,5.0,44100,bird,1.0
230,./kaggletest/blacra1/,XC333413.ogg,73.58691609977325,0,40.0,5.0,44100,bird,1.0
231,./kaggletest/blacra1/,XC333413.ogg,73.58691609977325,0,45.0,5.0,44100,bird,1.0
232,./kaggletest/blacra1/,XC333413.ogg,73.58691609977325,0,50.0,5.0,44100,bird,1.0
233,./kaggletest/blacra1/,XC333413.ogg,73.58691609977325,0,65.0,5.0,44100,bird,1.0
234,./kaggletest/blacra1/,XC343645.ogg,67.47426303854876,0,0.0,5.0,44100,bird,1.0
235,./kaggletest/blacra1/,XC343645.ogg,67.47426303854876,0,5.0,5.0,44100,bird,1.0
236,./kaggletest/blacra1/,XC343645.ogg,67.47426303854876,0,10.0,5.0,44100,bird,1.0
237,./kaggletest/blacra1/,XC343645.ogg,67.47426303854876,0,15.0,5.0,44100,bird,1.0
238,./kaggletest/blacra1/,XC343645.ogg,67.47426303854876,0,20.0,5.0,44100,bird,1.0
239,./kaggletest/blacra1/,XC343645.ogg,67.47426303854876,0,25.0,5.0,44100,bird,1.0
240,./kaggletest/blacra1/,XC343645.ogg,67.47426303854876,0,30.0,5.0,44100,bird,1.0
241,./kaggletest/blacra1/,XC343645.ogg,67.47426303854876,0,35.0,5.0,44100,bird,1.0
242,./kaggletest/blacra1/,XC343645.ogg,67.47426303854876,0,40.0,5.0,44100,bird,1.0
243,./kaggletest/blacra1/,XC343645.ogg,67.47426303854876,0,45.0,5.0,44100,bird,1.0
244,./kaggletest/blacra1/,XC343645.ogg,67.47426303854876,0,50.0,5.0,44100,bird,1.0
245,./kaggletest/blacra1/,XC343645.ogg,67.47426303854876,0,55.0,5.0,44100,bird,1.0
246,./kaggletest/blacra1/,XC343645.ogg,67.47426303854876,0,60.0,5.0,44100,bird,1.0
247,./kaggletest/blacra1/,XC601221.ogg,19.40798185941043,0,0.0,5.0,44100,bird,1.0
248,./kaggletest/blacra1/,XC601221.ogg,19.40798185941043,0,5.0,5.0,44100,bird,1.0
249,./kaggletest/blacra1/,XC601221.ogg,19.40798185941043,0,10.0,5.0,44100,bird,1.0
250,./kaggletest/blacra1/,XC372171.ogg,45.71426303854875,0,0.0,5.0,44100,bird,1.0
251,./kaggletest/blacra1/,XC372171.ogg,45.71426303854875,0,5.0,5.0,44100,bird,1.0
252,./kaggletest/blacra1/,XC372171.ogg,45.71426303854875,0,10.0,5.0,44100,bird,1.0
253,./kaggletest/blacra1/,XC372171.ogg,45.71426303854875,0,15.0,5.0,44100,bird,1.0
254,./kaggletest/blacra1/,XC372171.ogg,45.71426303854875,0,20.0,5.0,44100,bird,1.0
255,./kaggletest/blacra1/,XC372171.ogg,45.71426303854875,0,25.0,5.0,44100,bird,1.0
256,./kaggletest/blacra1/,XC372171.ogg,45.71426303854875,0,30.0,5.0,44100,bird,1.0
257,./kaggletest/blacra1/,XC372171.ogg,45.71426303854875,0,35.0,5.0,44100,bird,1.0
258,./kaggletest/blacra1/,XC372171.ogg,45.71426303854875,0,40.0,5.0,44100,bird,1.0
259,./kaggletest/blacra1/,XC497603.ogg,62.981201814058956,0,0.0,5.0,44100,bird,1.0
260,./kaggletest/blacra1/,XC497603.ogg,62.981201814058956,0,5.0,5.0,44100,bird,1.0
261,./kaggletest/blacra1/,XC497603.ogg,62.981201814058956,0,10.0,5.0,44100,bird,1.0
262,./kaggletest/blacra1/,XC497603.ogg,62.981201814058956,0,15.0,5.0,44100,bird,1.0
263,./kaggletest/blacra1/,XC497603.ogg,62.981201814058956,0,20.0,5.0,44100,bird,1.0
264,./kaggletest/blacra1/,XC497603.ogg,62.981201814058956,0,25.0,5.0,44100,bird,1.0
265,./kaggletest/blacra1/,XC497603.ogg,62.981201814058956,0,30.0,5.0,44100,bird,1.0
266,./kaggletest/blacra1/,XC497603.ogg,62.981201814058956,0,35.0,5.0,44100,bird,1.0
267,./kaggletest/blacra1/,XC497603.ogg,62.981201814058956,0,40.0,5.0,44100,bird,1.0
268,./kaggletest/blacra1/,XC497603.ogg,62.981201814058956,0,45.0,5.0,44100,bird,1.0
269,./kaggletest/blacra1/,XC497603.ogg,62.981201814058956,0,50.0,5.0,44100,bird,1.0
270,./kaggletest/blacra1/,XC497603.ogg,62.981201814058956,0,55.0,5.0,44100,bird,1.0
271,./kaggletest/blacra1/,XC204595.ogg,11.937959183673469,0,0.0,5.0,44100,bird,1.0
272,./kaggletest/blacra1/,XC204595.ogg,11.937959183673469,0,5.0,5.0,44100,bird,1.0
273,./kaggletest/blacra1/,XC577286.ogg,35.316984126984124,0,0.0,5.0,44100,bird,1.0
274,./kaggletest/blacra1/,XC577286.ogg,35.316984126984124,0,5.0,5.0,44100,bird,1.0
275,./kaggletest/blacra1/,XC577286.ogg,35.316984126984124,0,15.0,5.0,44100,bird,1.0
276,./kaggletest/blacra1/,XC577286.ogg,35.316984126984124,0,20.0,5.0,44100,bird,1.0
277,./kaggletest/blacra1/,XC577286.ogg,35.316984126984124,0,25.0,5.0,44100,bird,1.0
278,./kaggletest/blacra1/,XC577286.ogg,35.316984126984124,0,30.0,5.0,44100,bird,1.0
279,./kaggletest/blacra1/,XC601828.ogg,32.04,0,0.0,5.0,44100,bird,1.0
280,./kaggletest/blacra1/,XC601828.ogg,32.04,0,5.0,5.0,44100,bird,1.0
281,./kaggletest/blacra1/,XC601828.ogg,32.04,0,10.0,5.0,44100,bird,1.0
282,./kaggletest/blacra1/,XC601828.ogg,32.04,0,15.0,5.0,44100,bird,1.0
283,./kaggletest/blacra1/,XC601828.ogg,32.04,0,25.0,5.0,44100,bird,1.0
284,./kaggletest/blacra1/,XC373877.ogg,61.59673469387755,0,0.0,5.0,44100,bird,1.0
285,./kaggletest/blacra1/,XC373877.ogg,61.59673469387755,0,5.0,5.0,44100,bird,1.0
286,./kaggletest/blacra1/,XC373877.ogg,61.59673469387755,0,10.0,5.0,44100,bird,1.0
287,./kaggletest/blacra1/,XC373877.ogg,61.59673469387755,0,15.0,5.0,44100,bird,1.0
288,./kaggletest/blacra1/,XC373877.ogg,61.59673469387755,0,20.0,5.0,44100,bird,1.0
289,./kaggletest/blacra1/,XC373877.ogg,61.59673469387755,0,25.0,5.0,44100,bird,1.0
290,./kaggletest/blacra1/,XC373877.ogg,61.59673469387755,0,30.0,5.0,44100,bird,1.0
291,./kaggletest/blacra1/,XC373877.ogg,61.59673469387755,0,35.0,5.0,44100,bird,1.0
292,./kaggletest/blacra1/,XC373877.ogg,61.59673469387755,0,40.0,5.0,44100,bird,1.0
293,./kaggletest/blacra1/,XC373877.ogg,61.59673469387755,0,45.0,5.0,44100,bird,1.0
294,./kaggletest/blacra1/,XC373877.ogg,61.59673469387755,0,50.0,5.0,44100,bird,1.0
295,./kaggletest/blacra1/,XC373877.ogg,61.59673469387755,0,55.0,5.0,44100,bird,1.0
296,./kaggletest/blacra1/,XC475084.ogg,32.54854875283447,0,0.0,5.0,44100,bird,1.0
297,./kaggletest/blacra1/,XC475084.ogg,32.54854875283447,0,5.0,5.0,44100,bird,1.0
298,./kaggletest/blacra1/,XC475084.ogg,32.54854875283447,0,10.0,5.0,44100,bird,1.0
299,./kaggletest/blacra1/,XC475084.ogg,32.54854875283447,0,15.0,5.0,44100,bird,1.0
300,./kaggletest/blacra1/,XC475084.ogg,32.54854875283447,0,20.0,5.0,44100,bird,1.0
301,./kaggletest/blacra1/,XC475084.ogg,32.54854875283447,0,25.0,5.0,44100,bird,1.0
302,./kaggletest/blacra1/,XC667410.ogg,14.783990929705215,0,0.0,5.0,44100,bird,1.0
303,./kaggletest/blacra1/,XC667410.ogg,14.783990929705215,0,5.0,5.0,44100,bird,1.0
304,./kaggletest/blacra1/,XC462077.ogg,59.350204081632654,0,0.0,5.0,44100,bird,1.0
305,./kaggletest/blacra1/,XC462077.ogg,59.350204081632654,0,5.0,5.0,44100,bird,1.0
306,./kaggletest/blacra1/,XC462077.ogg,59.350204081632654,0,10.0,5.0,44100,bird,1.0
307,./kaggletest/blacra1/,XC462077.ogg,59.350204081632654,0,15.0,5.0,44100,bird,1.0
308,./kaggletest/blacra1/,XC462077.ogg,59.350204081632654,0,20.0,5.0,44100,bird,1.0
309,./kaggletest/blacra1/,XC462077.ogg,59.350204081632654,0,25.0,5.0,44100,bird,1.0
310,./kaggletest/blacra1/,XC462077.ogg,59.350204081632654,0,30.0,5.0,44100,bird,1.0
311,./kaggletest/blacra1/,XC462077.ogg,59.350204081632654,0,35.0,5.0,44100,bird,1.0
312,./kaggletest/blacra1/,XC462077.ogg,59.350204081632654,0,40.0,5.0,44100,bird,1.0
313,./kaggletest/blacra1/,XC462077.ogg,59.350204081632654,0,45.0,5.0,44100,bird,1.0
314,./kaggletest/blacra1/,XC462077.ogg,59.350204081632654,0,50.0,5.0,44100,bird,1.0
315,./kaggletest/blacra1/,XC153920.ogg,19.61795918367347,0,0.0,5.0,44100,bird,1.0
316,./kaggletest/blacra1/,XC153920.ogg,19.61795918367347,0,5.0,5.0,44100,bird,1.0
317,./kaggletest/blacra1/,XC153920.ogg,19.61795918367347,0,10.0,5.0,44100,bird,1.0
318,./kaggletest/blacra1/,XC322740.ogg,49.84160997732426,0,0.0,5.0,44100,bird,1.0
319,./kaggletest/blacra1/,XC322740.ogg,49.84160997732426,0,5.0,5.0,44100,bird,1.0
320,./kaggletest/blacra1/,XC322740.ogg,49.84160997732426,0,10.0,5.0,44100,bird,1.0
321,./kaggletest/blacra1/,XC322740.ogg,49.84160997732426,0,15.0,5.0,44100,bird,1.0
322,./kaggletest/blacra1/,XC322740.ogg,49.84160997732426,0,20.0,5.0,44100,bird,1.0
323,./kaggletest/blacra1/,XC322740.ogg,49.84160997732426,0,25.0,5.0,44100,bird,1.0
324,./kaggletest/blacra1/,XC322740.ogg,49.84160997732426,0,30.0,5.0,44100,bird,1.0
325,./kaggletest/blacra1/,XC322740.ogg,49.84160997732426,0,35.0,5.0,44100,bird,1.0
326,./kaggletest/blacra1/,XC322740.ogg,49.84160997732426,0,40.0,5.0,44100,bird,1.0
327,./kaggletest/blacra1/,XC369780.ogg,34.22038548752835,0,0.0,5.0,44100,bird,1.0
328,./kaggletest/blacra1/,XC369780.ogg,34.22038548752835,0,5.0,5.0,44100,bird,1.0
329,./kaggletest/blacra1/,XC369780.ogg,34.22038548752835,0,10.0,5.0,44100,bird,1.0
330,./kaggletest/blacra1/,XC369780.ogg,34.22038548752835,0,15.0,5.0,44100,bird,1.0
331,./kaggletest/blacra1/,XC369780.ogg,34.22038548752835,0,20.0,5.0,44100,bird,1.0
332,./kaggletest/blacra1/,XC369780.ogg,34.22038548752835,0,25.0,5.0,44100,bird,1.0
333,./kaggletest/blacra1/,XC391600.ogg,17.23199546485261,0,0.0,5.0,44100,bird,1.0
334,./kaggletest/blacra1/,XC391600.ogg,17.23199546485261,0,5.0,5.0,44100,bird,1.0
335,./kaggletest/blacra1/,XC391600.ogg,17.23199546485261,0,10.0,5.0,44100,bird,1.0
