,FOLDER,IN FILE,CLIP LENGTH,CHANNEL,OFFSET,DURATION,SAMPLE RATE,MANUAL ID,CONFIDENCE
0,./kaggletest/blaplo1/,XC583522.ogg,43.031995464852606,0,0.0,5.0,44100,bird,1.0
1,./kaggletest/blaplo1/,XC583522.ogg,43.031995464852606,0,5.0,5.0,44100,bird,1.0
2,./kaggletest/blaplo1/,XC583522.ogg,43.031995464852606,0,10.0,5.0,44100,bird,1.0
3,./kaggletest/blaplo1/,XC583522.ogg,43.031995464852606,0,15.0,5.0,44100,bird,1.0
4,./kaggletest/blaplo1/,XC583522.ogg,43.031995464852606,0,20.0,5.0,44100,bird,1.0
5,./kaggletest/blaplo1/,XC583522.ogg,43.031995464852606,0,25.0,5.0,44100,bird,1.0
6,./kaggletest/blaplo1/,XC583522.ogg,43.031995464852606,0,30.0,5.0,44100,bird,1.0
7,./kaggletest/blaplo1/,XC583522.ogg,43.031995464852606,0,35.0,5.0,44100,bird,1.0
8,./kaggletest/blaplo1/,XC398615.ogg,16.691995464852607,0,0.0,5.0,44100,bird,1.0
9,./kaggletest/blaplo1/,XC398615.ogg,16.691995464852607,0,5.0,5.0,44100,bird,1.0
10,./kaggletest/blaplo1/,XC398615.ogg,16.691995464852607,0,10.0,5.0,44100,bird,1.0
11,./kaggletest/blaplo1/,XC418717.ogg,9.12,0,0.0,5.0,44100,bird,1.0
12,./kaggletest/blaplo1/,XC583523.ogg,26.88,0,0.0,5.0,44100,bird,1.0
13,./kaggletest/blaplo1/,XC583523.ogg,26.88,0,15.0,5.0,44100,bird,1.0
14,./kaggletest/blaplo1/,XC496892.ogg,18.964897959183673,0,0.0,5.0,44100,bird,1.0
15,./kaggletest/blaplo1/,XC496892.ogg,18.964897959183673,0,5.0,5.0,44100,bird,1.0
16,./kaggletest/blaplo1/,XC496892.ogg,18.964897959183673,0,10.0,5.0,44100,bird,1.0
17,./kaggletest/blaplo1/,XC337022.ogg,59.428548752834466,0,0.0,5.0,44100,bird,1.0
18,./kaggletest/blaplo1/,XC337022.ogg,59.428548752834466,0,5.0,5.0,44100,bird,1.0
19,./kaggletest/blaplo1/,XC337022.ogg,59.428548752834466,0,10.0,5.0,44100,bird,1.0
20,./kaggletest/blaplo1/,XC337022.ogg,59.428548752834466,0,15.0,5.0,44100,bird,1.0
21,./kaggletest/blaplo1/,XC337022.ogg,59.428548752834466,0,20.0,5.0,44100,bird,1.0
22,./kaggletest/blaplo1/,XC337022.ogg,59.428548752834466,0,25.0,5.0,44100,bird,1.0
23,./kaggletest/blaplo1/,XC337022.ogg,59.428548752834466,0,30.0,5.0,44100,bird,1.0
24,./kaggletest/blaplo1/,XC337022.ogg,59.428548752834466,0,35.0,5.0,44100,bird,1.0
25,./kaggletest/blaplo1/,XC337022.ogg,59.428548752834466,0,40.0,5.0,44100,bird,1.0
26,./kaggletest/blaplo1/,XC337022.ogg,59.428548752834466,0,45.0,5.0,44100,bird,1.0
27,./kaggletest/blaplo1/,XC337022.ogg,59.428548752834466,0,50.0,5.0,44100,bird,1.0
28,./kaggletest/blaplo1/,XC675632.ogg,8.305986394557824,0,0.0,5.0,44100,bird,1.0
29,./kaggletest/blaplo1/,XC158060.ogg,24.111020408163267,0,0.0,5.0,44100,bird,1.0
30,./kaggletest/blaplo1/,XC158060.ogg,24.111020408163267,0,10.0,5.0,44100,bird,1.0
31,./kaggletest/blaplo1/,XC583524.ogg,27.12,0,0.0,5.0,44100,bird,1.0
32,./kaggletest/blaplo1/,XC583524.ogg,27.12,0,5.0,5.0,44100,bird,1.0
33,./kaggletest/blaplo1/,XC583524.ogg,27.12,0,10.0,5.0,44100,bird,1.0
34,./kaggletest/blaplo1/,XC583524.ogg,27.12,0,15.0,5.0,44100,bird,1.0
35,./kaggletest/blaplo1/,XC583524.ogg,27.12,0,20.0,5.0,44100,bird,1.0
36,./kaggletest/blaplo1/,XC749041.ogg,6.661201814058957,0,0.0,5.0,44100,bird,1.0
37,./kaggletest/blaplo1/,XC584706.ogg,48.6,0,0.0,5.0,44100,bird,1.0
38,./kaggletest/blaplo1/,XC584706.ogg,48.6,0,5.0,5.0,44100,bird,1.0
39,./kaggletest/blaplo1/,XC584706.ogg,48.6,0,10.0,5.0,44100,bird,1.0
40,./kaggletest/blaplo1/,XC584706.ogg,48.6,0,15.0,5.0,44100,bird,1.0
41,./kaggletest/blaplo1/,XC584706.ogg,48.6,0,20.0,5.0,44100,bird,1.0
42,./kaggletest/blaplo1/,XC584706.ogg,48.6,0,25.0,5.0,44100,bird,1.0
43,./kaggletest/blaplo1/,XC584706.ogg,48.6,0,30.0,5.0,44100,bird,1.0
44,./kaggletest/blaplo1/,XC584706.ogg,48.6,0,35.0,5.0,44100,bird,1.0
45,./kaggletest/blaplo1/,XC584706.ogg,48.6,0,40.0,5.0,44100,bird,1.0
46,./kaggletest/blaplo1/,XC307244.ogg,8.855986394557823,0,0.0,5.0,44100,bird,1.0
47,./kaggletest/blaplo1/,XC523632.ogg,53.47199546485261,0,0.0,5.0,44100,bird,1.0
48,./kaggletest/blaplo1/,XC523632.ogg,53.47199546485261,0,5.0,5.0,44100,bird,1.0
49,./kaggletest/blaplo1/,XC523632.ogg,53.47199546485261,0,10.0,5.0,44100,bird,1.0
50,./kaggletest/blaplo1/,XC523632.ogg,53.47199546485261,0,15.0,5.0,44100,bird,1.0
51,./kaggletest/blaplo1/,XC523632.ogg,53.47199546485261,0,20.0,5.0,44100,bird,1.0
52,./kaggletest/blaplo1/,XC523632.ogg,53.47199546485261,0,25.0,5.0,44100,bird,1.0
53,./kaggletest/blaplo1/,XC523632.ogg,53.47199546485261,0,30.0,5.0,44100,bird,1.0
54,./kaggletest/blaplo1/,XC523632.ogg,53.47199546485261,0,35.0,5.0,44100,bird,1.0
55,./kaggletest/blaplo1/,XC523632.ogg,53.47199546485261,0,40.0,5.0,44100,bird,1.0
56,./kaggletest/blaplo1/,XC523632.ogg,53.47199546485261,0,45.0,5.0,44100,bird,1.0
57,./kaggletest/blaplo1/,XC213623.ogg,8.176303854875284,0,0.0,5.0,44100,bird,1.0
58,./kaggletest/blaplo1/,XC213622.ogg,9.064489795918368,0,0.0,5.0,44100,bird,1.0
59,./kaggletest/blaplo1/,XC584705.ogg,9.671995464852607,0,0.0,5.0,44100,bird,1.0
60,./kaggletest/blaplo1/,XC403553.ogg,12.041995464852608,0,0.0,5.0,44100,bird,1.0
61,./kaggletest/blaplo1/,XC403553.ogg,12.041995464852608,0,5.0,5.0,44100,bird,1.0
62,./kaggletest/blaplo1/,XC514167.ogg,34.089773242630386,0,0.0,5.0,44100,bird,1.0
63,./kaggletest/blaplo1/,XC514167.ogg,34.089773242630386,0,5.0,5.0,44100,bird,1.0
64,./kaggletest/blaplo1/,XC514167.ogg,34.089773242630386,0,10.0,5.0,44100,bird,1.0
65,./kaggletest/blaplo1/,XC514167.ogg,34.089773242630386,0,15.0,5.0,44100,bird,1.0
66,./kaggletest/blaplo1/,XC514167.ogg,34.089773242630386,0,20.0,5.0,44100,bird,1.0
67,./kaggletest/blaplo1/,XC514167.ogg,34.089773242630386,0,25.0,5.0,44100,bird,1.0
68,./kaggletest/blaplo1/,XC126108.ogg,6.530612244897959,0,0.0,5.0,44100,bird,1.0
69,./kaggletest/blaplo1/,XC126109.ogg,9.874263038548753,0,0.0,5.0,44100,bird,1.0
70,./kaggletest/blaplo1/,XC381536.ogg,50.78201814058957,0,0.0,5.0,44100,bird,1.0
71,./kaggletest/blaplo1/,XC381536.ogg,50.78201814058957,0,5.0,5.0,44100,bird,1.0
72,./kaggletest/blaplo1/,XC381536.ogg,50.78201814058957,0,10.0,5.0,44100,bird,1.0
73,./kaggletest/blaplo1/,XC381536.ogg,50.78201814058957,0,15.0,5.0,44100,bird,1.0
74,./kaggletest/blaplo1/,XC381536.ogg,50.78201814058957,0,20.0,5.0,44100,bird,1.0
75,./kaggletest/blaplo1/,XC381536.ogg,50.78201814058957,0,25.0,5.0,44100,bird,1.0
76,./kaggletest/blaplo1/,XC381536.ogg,50.78201814058957,0,30.0,5.0,44100,bird,1.0
77,./kaggletest/blaplo1/,XC381536.ogg,50.78201814058957,0,35.0,5.0,44100,bird,1.0
78,./kaggletest/blaplo1/,XC381536.ogg,50.78201814058957,0,40.0,5.0,44100,bird,1.0
79,./kaggletest/blaplo1/,XC381536.ogg,50.78201814058957,0,45.0,5.0,44100,bird,1.0
80,./kaggletest/blaplo1/,XC736812.ogg,158.48489795918368,0,0.0,5.0,44100,bird,1.0
81,./kaggletest/blaplo1/,XC736812.ogg,158.48489795918368,0,5.0,5.0,44100,bird,1.0
82,./kaggletest/blaplo1/,XC736812.ogg,158.48489795918368,0,10.0,5.0,44100,bird,1.0
83,./kaggletest/blaplo1/,XC736812.ogg,158.48489795918368,0,15.0,5.0,44100,bird,1.0
84,./kaggletest/blaplo1/,XC736812.ogg,158.48489795918368,0,20.0,5.0,44100,bird,1.0
85,./kaggletest/blaplo1/,XC736812.ogg,158.48489795918368,0,25.0,5.0,44100,bird,1.0
86,./kaggletest/blaplo1/,XC736812.ogg,158.48489795918368,0,30.0,5.0,44100,bird,1.0
87,./kaggletest/blaplo1/,XC736812.ogg,158.48489795918368,0,35.0,5.0,44100,bird,1.0
88,./kaggletest/blaplo1/,XC736812.ogg,158.48489795918368,0,40.0,5.0,44100,bird,1.0
89,./kaggletest/blaplo1/,XC736812.ogg,158.48489795918368,0,45.0,5.0,44100,bird,1.0
90,./kaggletest/blaplo1/,XC736812.ogg,158.48489795918368,0,50.0,5.0,44100,bird,1.0
91,./kaggletest/blaplo1/,XC736812.ogg,158.48489795918368,0,55.0,5.0,44100,bird,1.0
92,./kaggletest/blaplo1/,XC736812.ogg,158.48489795918368,0,60.0,5.0,44100,bird,1.0
93,./kaggletest/blaplo1/,XC736812.ogg,158.48489795918368,0,65.0,5.0,44100,bird,1.0
94,./kaggletest/blaplo1/,XC736812.ogg,158.48489795918368,0,70.0,5.0,44100,bird,1.0
95,./kaggletest/blaplo1/,XC736812.ogg,158.48489795918368,0,75.0,5.0,44100,bird,1.0
96,./kaggletest/blaplo1/,XC736812.ogg,158.48489795918368,0,80.0,5.0,44100,bird,1.0
97,./kaggletest/blaplo1/,XC736812.ogg,158.48489795918368,0,85.0,5.0,44100,bird,1.0
98,./kaggletest/blaplo1/,XC736812.ogg,158.48489795918368,0,90.0,5.0,44100,bird,1.0
99,./kaggletest/blaplo1/,XC736812.ogg,158.48489795918368,0,95.0,5.0,44100,bird,1.0
100,./kaggletest/blaplo1/,XC736812.ogg,158.48489795918368,0,100.0,5.0,44100,bird,1.0
101,./kaggletest/blaplo1/,XC736812.ogg,158.48489795918368,0,105.0,5.0,44100,bird,1.0
102,./kaggletest/blaplo1/,XC736812.ogg,158.48489795918368,0,110.0,5.0,44100,bird,1.0
103,./kaggletest/blaplo1/,XC736812.ogg,158.48489795918368,0,115.0,5.0,44100,bird,1.0
104,./kaggletest/blaplo1/,XC736812.ogg,158.48489795918368,0,120.0,5.0,44100,bird,1.0
105,./kaggletest/blaplo1/,XC736812.ogg,158.48489795918368,0,125.0,5.0,44100,bird,1.0
106,./kaggletest/blaplo1/,XC736812.ogg,158.48489795918368,0,130.0,5.0,44100,bird,1.0
107,./kaggletest/blaplo1/,XC736812.ogg,158.48489795918368,0,135.0,5.0,44100,bird,1.0
108,./kaggletest/blaplo1/,XC736812.ogg,158.48489795918368,0,140.0,5.0,44100,bird,1.0
109,./kaggletest/blaplo1/,XC736812.ogg,158.48489795918368,0,145.0,5.0,44100,bird,1.0
110,./kaggletest/blaplo1/,XC736812.ogg,158.48489795918368,0,150.0,5.0,44100,bird,1.0
111,./kaggletest/blaplo1/,XC446356.ogg,25.391020408163264,0,20.0,5.0,44100,bird,1.0
112,./kaggletest/blaplo1/,XC676601.ogg,57.337981859410434,0,0.0,5.0,44100,bird,1.0
113,./kaggletest/blaplo1/,XC676601.ogg,57.337981859410434,0,5.0,5.0,44100,bird,1.0
114,./kaggletest/blaplo1/,XC676601.ogg,57.337981859410434,0,10.0,5.0,44100,bird,1.0
115,./kaggletest/blaplo1/,XC676601.ogg,57.337981859410434,0,15.0,5.0,44100,bird,1.0
116,./kaggletest/blaplo1/,XC676601.ogg,57.337981859410434,0,20.0,5.0,44100,bird,1.0
117,./kaggletest/blaplo1/,XC676601.ogg,57.337981859410434,0,25.0,5.0,44100,bird,1.0
118,./kaggletest/blaplo1/,XC676601.ogg,57.337981859410434,0,30.0,5.0,44100,bird,1.0
119,./kaggletest/blaplo1/,XC676601.ogg,57.337981859410434,0,35.0,5.0,44100,bird,1.0
120,./kaggletest/blaplo1/,XC676601.ogg,57.337981859410434,0,40.0,5.0,44100,bird,1.0
121,./kaggletest/blaplo1/,XC676601.ogg,57.337981859410434,0,45.0,5.0,44100,bird,1.0
122,./kaggletest/blaplo1/,XC676601.ogg,57.337981859410434,0,50.0,5.0,44100,bird,1.0
123,./kaggletest/blaplo1/,XC667256.ogg,25.050997732426303,0,0.0,5.0,44100,bird,1.0
124,./kaggletest/blaplo1/,XC667256.ogg,25.050997732426303,0,5.0,5.0,44100,bird,1.0
125,./kaggletest/blaplo1/,XC667256.ogg,25.050997732426303,0,10.0,5.0,44100,bird,1.0
126,./kaggletest/blaplo1/,XC667256.ogg,25.050997732426303,0,15.0,5.0,44100,bird,1.0
127,./kaggletest/blaplo1/,XC667256.ogg,25.050997732426303,0,20.0,5.0,44100,bird,1.0
128,./kaggletest/blaplo1/,XC608108.ogg,21.42,0,0.0,5.0,44100,bird,1.0
129,./kaggletest/blaplo1/,XC608108.ogg,21.42,0,5.0,5.0,44100,bird,1.0
130,./kaggletest/blaplo1/,XC608108.ogg,21.42,0,10.0,5.0,44100,bird,1.0
131,./kaggletest/blaplo1/,XC608108.ogg,21.42,0,15.0,5.0,44100,bird,1.0
132,./kaggletest/blaplo1/,XC656699.ogg,35.44798185941043,0,0.0,5.0,44100,bird,1.0
133,./kaggletest/blaplo1/,XC656699.ogg,35.44798185941043,0,5.0,5.0,44100,bird,1.0
134,./kaggletest/blaplo1/,XC656699.ogg,35.44798185941043,0,10.0,5.0,44100,bird,1.0
135,./kaggletest/blaplo1/,XC656699.ogg,35.44798185941043,0,15.0,5.0,44100,bird,1.0
136,./kaggletest/blaplo1/,XC656699.ogg,35.44798185941043,0,20.0,5.0,44100,bird,1.0
137,./kaggletest/blaplo1/,XC656699.ogg,35.44798185941043,0,25.0,5.0,44100,bird,1.0
138,./kaggletest/blaplo1/,XC656699.ogg,35.44798185941043,0,30.0,5.0,44100,bird,1.0
139,./kaggletest/blaplo1/,XC613135.ogg,20.66283446712018,0,0.0,5.0,44100,bird,1.0
140,./kaggletest/blaplo1/,XC613135.ogg,20.66283446712018,0,5.0,5.0,44100,bird,1.0
141,./kaggletest/blaplo1/,XC613135.ogg,20.66283446712018,0,10.0,5.0,44100,bird,1.0
142,./kaggletest/blaplo1/,XC613135.ogg,20.66283446712018,0,15.0,5.0,44100,bird,1.0
143,./kaggletest/blaplo1/,XC528053.ogg,32.312993197278914,0,0.0,5.0,44100,bird,1.0
144,./kaggletest/blaplo1/,XC528053.ogg,32.312993197278914,0,5.0,5.0,44100,bird,1.0
145,./kaggletest/blaplo1/,XC528053.ogg,32.312993197278914,0,10.0,5.0,44100,bird,1.0
146,./kaggletest/blaplo1/,XC528053.ogg,32.312993197278914,0,15.0,5.0,44100,bird,1.0
147,./kaggletest/blaplo1/,XC528053.ogg,32.312993197278914,0,20.0,5.0,44100,bird,1.0
148,./kaggletest/blaplo1/,XC528053.ogg,32.312993197278914,0,25.0,5.0,44100,bird,1.0
149,./kaggletest/blaplo1/,XC737652.ogg,18.991020408163266,0,5.0,5.0,44100,bird,1.0
150,./kaggletest/blaplo1/,XC737652.ogg,18.991020408163266,0,10.0,5.0,44100,bird,1.0
151,./kaggletest/blaplo1/,XC675139.ogg,26.356984126984127,0,0.0,5.0,44100,bird,1.0
152,./kaggletest/blaplo1/,XC675139.ogg,26.356984126984127,0,5.0,5.0,44100,bird,1.0
153,./kaggletest/blaplo1/,XC675139.ogg,26.356984126984127,0,10.0,5.0,44100,bird,1.0
154,./kaggletest/blaplo1/,XC675139.ogg,26.356984126984127,0,15.0,5.0,44100,bird,1.0
155,./kaggletest/blaplo1/,XC675139.ogg,26.356984126984127,0,20.0,5.0,44100,bird,1.0
156,./kaggletest/blaplo1/,XC255418.ogg,6.008140589569161,0,0.0,5.0,44100,bird,1.0
157,./kaggletest/blaplo1/,XC437616.ogg,7.287981859410431,0,0.0,5.0,44100,bird,1.0
158,./kaggletest/blaplo1/,XC126107.ogg,8.411428571428571,0,0.0,5.0,44100,bird,1.0
159,./kaggletest/blaplo1/,XC756686.ogg,96.02612244897959,0,0.0,5.0,44100,bird,1.0
160,./kaggletest/blaplo1/,XC756686.ogg,96.02612244897959,0,5.0,5.0,44100,bird,1.0
161,./kaggletest/blaplo1/,XC756686.ogg,96.02612244897959,0,10.0,5.0,44100,bird,1.0
162,./kaggletest/blaplo1/,XC756686.ogg,96.02612244897959,0,15.0,5.0,44100,bird,1.0
163,./kaggletest/blaplo1/,XC756686.ogg,96.02612244897959,0,20.0,5.0,44100,bird,1.0
164,./kaggletest/blaplo1/,XC756686.ogg,96.02612244897959,0,25.0,5.0,44100,bird,1.0
165,./kaggletest/blaplo1/,XC756686.ogg,96.02612244897959,0,30.0,5.0,44100,bird,1.0
166,./kaggletest/blaplo1/,XC756686.ogg,96.02612244897959,0,35.0,5.0,44100,bird,1.0
167,./kaggletest/blaplo1/,XC756686.ogg,96.02612244897959,0,40.0,5.0,44100,bird,1.0
168,./kaggletest/blaplo1/,XC756686.ogg,96.02612244897959,0,45.0,5.0,44100,bird,1.0
169,./kaggletest/blaplo1/,XC756686.ogg,96.02612244897959,0,50.0,5.0,44100,bird,1.0
170,./kaggletest/blaplo1/,XC756686.ogg,96.02612244897959,0,55.0,5.0,44100,bird,1.0
171,./kaggletest/blaplo1/,XC756686.ogg,96.02612244897959,0,60.0,5.0,44100,bird,1.0
172,./kaggletest/blaplo1/,XC756686.ogg,96.02612244897959,0,65.0,5.0,44100,bird,1.0
173,./kaggletest/blaplo1/,XC756686.ogg,96.02612244897959,0,70.0,5.0,44100,bird,1.0
174,./kaggletest/blaplo1/,XC756686.ogg,96.02612244897959,0,75.0,5.0,44100,bird,1.0
175,./kaggletest/blaplo1/,XC756686.ogg,96.02612244897959,0,80.0,5.0,44100,bird,1.0
176,./kaggletest/blaplo1/,XC756686.ogg,96.02612244897959,0,85.0,5.0,44100,bird,1.0
177,./kaggletest/blaplo1/,XC756686.ogg,96.02612244897959,0,90.0,5.0,44100,bird,1.0
178,./kaggletest/blaplo1/,XC126106.ogg,35.944489795918365,0,0.0,5.0,44100,bird,1.0
179,./kaggletest/blaplo1/,XC126106.ogg,35.944489795918365,0,5.0,5.0,44100,bird,1.0
180,./kaggletest/blaplo1/,XC126106.ogg,35.944489795918365,0,10.0,5.0,44100,bird,1.0
181,./kaggletest/blaplo1/,XC126106.ogg,35.944489795918365,0,15.0,5.0,44100,bird,1.0
182,./kaggletest/blaplo1/,XC126106.ogg,35.944489795918365,0,20.0,5.0,44100,bird,1.0
183,./kaggletest/blaplo1/,XC126106.ogg,35.944489795918365,0,25.0,5.0,44100,bird,1.0
184,./kaggletest/blaplo1/,XC126106.ogg,35.944489795918365,0,30.0,5.0,44100,bird,1.0
185,./kaggletest/blaplo1/,XC416959.ogg,55.3795918367347,0,0.0,5.0,44100,bird,1.0
186,./kaggletest/blaplo1/,XC416959.ogg,55.3795918367347,0,5.0,5.0,44100,bird,1.0
187,./kaggletest/blaplo1/,XC416959.ogg,55.3795918367347,0,10.0,5.0,44100,bird,1.0
188,./kaggletest/blaplo1/,XC416959.ogg,55.3795918367347,0,15.0,5.0,44100,bird,1.0
189,./kaggletest/blaplo1/,XC416959.ogg,55.3795918367347,0,20.0,5.0,44100,bird,1.0
190,./kaggletest/blaplo1/,XC416959.ogg,55.3795918367347,0,25.0,5.0,44100,bird,1.0
191,./kaggletest/blaplo1/,XC416959.ogg,55.3795918367347,0,30.0,5.0,44100,bird,1.0
192,./kaggletest/blaplo1/,XC416959.ogg,55.3795918367347,0,35.0,5.0,44100,bird,1.0
193,./kaggletest/blaplo1/,XC416959.ogg,55.3795918367347,0,40.0,5.0,44100,bird,1.0
194,./kaggletest/blaplo1/,XC416959.ogg,55.3795918367347,0,45.0,5.0,44100,bird,1.0
195,./kaggletest/blaplo1/,XC416959.ogg,55.3795918367347,0,50.0,5.0,44100,bird,1.0
196,./kaggletest/blaplo1/,XC524653.ogg,31.2,0,0.0,5.0,44100,bird,1.0
197,./kaggletest/blaplo1/,XC524653.ogg,31.2,0,5.0,5.0,44100,bird,1.0
198,./kaggletest/blaplo1/,XC524653.ogg,31.2,0,10.0,5.0,44100,bird,1.0
199,./kaggletest/blaplo1/,XC524653.ogg,31.2,0,15.0,5.0,44100,bird,1.0
200,./kaggletest/blaplo1/,XC524653.ogg,31.2,0,20.0,5.0,44100,bird,1.0
201,./kaggletest/blaplo1/,XC524653.ogg,31.2,0,25.0,5.0,44100,bird,1.0
202,./kaggletest/blaplo1/,XC416393.ogg,9.12,0,0.0,5.0,44100,bird,1.0
203,./kaggletest/blaplo1/,XC268577.ogg,15.72,0,0.0,5.0,44100,bird,1.0
204,./kaggletest/blaplo1/,XC268577.ogg,15.72,0,5.0,5.0,44100,bird,1.0
205,./kaggletest/blaplo1/,XC268577.ogg,15.72,0,10.0,5.0,44100,bird,1.0
206,./kaggletest/blaplo1/,XC667007.ogg,10.52732426303855,0,0.0,5.0,44100,bird,1.0
207,./kaggletest/blaplo1/,XC667007.ogg,10.52732426303855,0,5.0,5.0,44100,bird,1.0
208,./kaggletest/blaplo1/,XC334291.ogg,29.44,0,0.0,5.0,44100,bird,1.0
209,./kaggletest/blaplo1/,XC334291.ogg,29.44,0,5.0,5.0,44100,bird,1.0
210,./kaggletest/blaplo1/,XC334291.ogg,29.44,0,10.0,5.0,44100,bird,1.0
211,./kaggletest/blaplo1/,XC334291.ogg,29.44,0,15.0,5.0,44100,bird,1.0
212,./kaggletest/blaplo1/,XC334291.ogg,29.44,0,20.0,5.0,44100,bird,1.0
213,./kaggletest/blaplo1/,XC315881.ogg,32.83199546485261,0,0.0,5.0,44100,bird,1.0
214,./kaggletest/blaplo1/,XC315881.ogg,32.83199546485261,0,5.0,5.0,44100,bird,1.0
215,./kaggletest/blaplo1/,XC315881.ogg,32.83199546485261,0,10.0,5.0,44100,bird,1.0
216,./kaggletest/blaplo1/,XC315881.ogg,32.83199546485261,0,15.0,5.0,44100,bird,1.0
217,./kaggletest/blaplo1/,XC315881.ogg,32.83199546485261,0,20.0,5.0,44100,bird,1.0
218,./kaggletest/blaplo1/,XC315881.ogg,32.83199546485261,0,25.0,5.0,44100,bird,1.0
219,./kaggletest/blaplo1/,XC429304.ogg,14.863673469387756,0,0.0,5.0,44100,bird,1.0
220,./kaggletest/blaplo1/,XC429304.ogg,14.863673469387756,0,5.0,5.0,44100,bird,1.0
221,./kaggletest/blaplo1/,XC424998.ogg,17.11,0,0.0,5.0,44100,bird,1.0
222,./kaggletest/blaplo1/,XC424998.ogg,17.11,0,5.0,5.0,44100,bird,1.0
223,./kaggletest/blaplo1/,XC424998.ogg,17.11,0,10.0,5.0,44100,bird,1.0
224,./kaggletest/blaplo1/,XC577292.ogg,26.356984126984127,0,0.0,5.0,44100,bird,1.0
225,./kaggletest/blaplo1/,XC577292.ogg,26.356984126984127,0,5.0,5.0,44100,bird,1.0
226,./kaggletest/blaplo1/,XC577292.ogg,26.356984126984127,0,10.0,5.0,44100,bird,1.0
227,./kaggletest/blaplo1/,XC577292.ogg,26.356984126984127,0,15.0,5.0,44100,bird,1.0
228,./kaggletest/blaplo1/,XC577292.ogg,26.356984126984127,0,20.0,5.0,44100,bird,1.0
229,./kaggletest/blaplo1/,XC195423.ogg,46.62854875283447,0,0.0,5.0,44100,bird,1.0
230,./kaggletest/blaplo1/,XC195423.ogg,46.62854875283447,0,5.0,5.0,44100,bird,1.0
231,./kaggletest/blaplo1/,XC195423.ogg,46.62854875283447,0,10.0,5.0,44100,bird,1.0
232,./kaggletest/blaplo1/,XC195423.ogg,46.62854875283447,0,15.0,5.0,44100,bird,1.0
233,./kaggletest/blaplo1/,XC195423.ogg,46.62854875283447,0,20.0,5.0,44100,bird,1.0
234,./kaggletest/blaplo1/,XC195423.ogg,46.62854875283447,0,25.0,5.0,44100,bird,1.0
235,./kaggletest/blaplo1/,XC195423.ogg,46.62854875283447,0,30.0,5.0,44100,bird,1.0
236,./kaggletest/blaplo1/,XC195423.ogg,46.62854875283447,0,35.0,5.0,44100,bird,1.0
237,./kaggletest/blaplo1/,XC195423.ogg,46.62854875283447,0,40.0,5.0,44100,bird,1.0
238,./kaggletest/blaplo1/,XC629227.ogg,16.613854875283447,0,0.0,5.0,44100,bird,1.0
239,./kaggletest/blaplo1/,XC629227.ogg,16.613854875283447,0,5.0,5.0,44100,bird,1.0
240,./kaggletest/blaplo1/,XC629227.ogg,16.613854875283447,0,10.0,5.0,44100,bird,1.0
241,./kaggletest/blaplo1/,XC650876.ogg,7.967324263038549,0,0.0,5.0,44100,bird,1.0
242,./kaggletest/blaplo1/,XC650081.ogg,25.15498866213152,0,0.0,5.0,44100,bird,1.0
243,./kaggletest/blaplo1/,XC650081.ogg,25.15498866213152,0,5.0,5.0,44100,bird,1.0
244,./kaggletest/blaplo1/,XC650081.ogg,25.15498866213152,0,10.0,5.0,44100,bird,1.0
245,./kaggletest/blaplo1/,XC650081.ogg,25.15498866213152,0,15.0,5.0,44100,bird,1.0
246,./kaggletest/blaplo1/,XC650081.ogg,25.15498866213152,0,20.0,5.0,44100,bird,1.0
