,FOLDER,IN FILE,CLIP LENGTH,CHANNEL,OFFSET,DURATION,SAMPLE RATE,MANUAL ID,CONFIDENCE
0,./kaggletest/blbpuf2/,XC634132.ogg,12.383990929705215,0,0.0,5.0,44100,bird,1.0
1,./kaggletest/blbpuf2/,XC634132.ogg,12.383990929705215,0,5.0,5.0,44100,bird,1.0
2,./kaggletest/blbpuf2/,XC585225.ogg,7.295986394557823,0,0.0,5.0,44100,bird,1.0
3,./kaggletest/blbpuf2/,XC118456.ogg,11.937959183673469,0,0.0,5.0,44100,bird,1.0
4,./kaggletest/blbpuf2/,XC118456.ogg,11.937959183673469,0,5.0,5.0,44100,bird,1.0
5,./kaggletest/blbpuf2/,XC196509.ogg,26.853854875283446,0,0.0,5.0,44100,bird,1.0
6,./kaggletest/blbpuf2/,XC196509.ogg,26.853854875283446,0,5.0,5.0,44100,bird,1.0
7,./kaggletest/blbpuf2/,XC196509.ogg,26.853854875283446,0,10.0,5.0,44100,bird,1.0
8,./kaggletest/blbpuf2/,XC196509.ogg,26.853854875283446,0,15.0,5.0,44100,bird,1.0
9,./kaggletest/blbpuf2/,XC196509.ogg,26.853854875283446,0,20.0,5.0,44100,bird,1.0
10,./kaggletest/blbpuf2/,XC539096.ogg,36.78,0,0.0,5.0,44100,bird,1.0
11,./kaggletest/blbpuf2/,XC539096.ogg,36.78,0,5.0,5.0,44100,bird,1.0
12,./kaggletest/blbpuf2/,XC539096.ogg,36.78,0,10.0,5.0,44100,bird,1.0
13,./kaggletest/blbpuf2/,XC539096.ogg,36.78,0,15.0,5.0,44100,bird,1.0
14,./kaggletest/blbpuf2/,XC539096.ogg,36.78,0,20.0,5.0,44100,bird,1.0
15,./kaggletest/blbpuf2/,XC539096.ogg,36.78,0,25.0,5.0,44100,bird,1.0
16,./kaggletest/blbpuf2/,XC539096.ogg,36.78,0,30.0,5.0,44100,bird,1.0
17,./kaggletest/blbpuf2/,XC504667.ogg,10.575986394557823,0,0.0,5.0,44100,bird,1.0
18,./kaggletest/blbpuf2/,XC504667.ogg,10.575986394557823,0,5.0,5.0,44100,bird,1.0
19,./kaggletest/blbpuf2/,XC153537.ogg,42.94530612244898,0,0.0,5.0,44100,bird,1.0
20,./kaggletest/blbpuf2/,XC153537.ogg,42.94530612244898,0,5.0,5.0,44100,bird,1.0
21,./kaggletest/blbpuf2/,XC153537.ogg,42.94530612244898,0,25.0,5.0,44100,bird,1.0
22,./kaggletest/blbpuf2/,XC153537.ogg,42.94530612244898,0,30.0,5.0,44100,bird,1.0
23,./kaggletest/blbpuf2/,XC153537.ogg,42.94530612244898,0,35.0,5.0,44100,bird,1.0
24,./kaggletest/blbpuf2/,XC633700.ogg,34.36798185941043,0,0.0,5.0,44100,bird,1.0
25,./kaggletest/blbpuf2/,XC633700.ogg,34.36798185941043,0,5.0,5.0,44100,bird,1.0
26,./kaggletest/blbpuf2/,XC633700.ogg,34.36798185941043,0,10.0,5.0,44100,bird,1.0
27,./kaggletest/blbpuf2/,XC633700.ogg,34.36798185941043,0,15.0,5.0,44100,bird,1.0
28,./kaggletest/blbpuf2/,XC633700.ogg,34.36798185941043,0,20.0,5.0,44100,bird,1.0
29,./kaggletest/blbpuf2/,XC633700.ogg,34.36798185941043,0,25.0,5.0,44100,bird,1.0
30,./kaggletest/blbpuf2/,XC409424.ogg,5.250612244897959,0,0.0,5.0,44100,bird,1.0
31,./kaggletest/blbpuf2/,XC317680.ogg,7.497142857142857,0,0.0,5.0,44100,bird,1.0
32,./kaggletest/blbpuf2/,XC196508.ogg,12.460385487528345,0,0.0,5.0,44100,bird,1.0
33,./kaggletest/blbpuf2/,XC196508.ogg,12.460385487528345,0,5.0,5.0,44100,bird,1.0
34,./kaggletest/blbpuf2/,XC118457.ogg,42.94530612244898,0,0.0,5.0,44100,bird,1.0
35,./kaggletest/blbpuf2/,XC118457.ogg,42.94530612244898,0,5.0,5.0,44100,bird,1.0
36,./kaggletest/blbpuf2/,XC118457.ogg,42.94530612244898,0,25.0,5.0,44100,bird,1.0
37,./kaggletest/blbpuf2/,XC118457.ogg,42.94530612244898,0,30.0,5.0,44100,bird,1.0
38,./kaggletest/blbpuf2/,XC118457.ogg,42.94530612244898,0,35.0,5.0,44100,bird,1.0
39,./kaggletest/blbpuf2/,XC444134.ogg,8.829365079365079,0,0.0,5.0,44100,bird,1.0
40,./kaggletest/blbpuf2/,XC534606.ogg,35.00399092970522,0,0.0,5.0,44100,bird,1.0
41,./kaggletest/blbpuf2/,XC534606.ogg,35.00399092970522,0,5.0,5.0,44100,bird,1.0
42,./kaggletest/blbpuf2/,XC534606.ogg,35.00399092970522,0,10.0,5.0,44100,bird,1.0
43,./kaggletest/blbpuf2/,XC534606.ogg,35.00399092970522,0,15.0,5.0,44100,bird,1.0
44,./kaggletest/blbpuf2/,XC534606.ogg,35.00399092970522,0,20.0,5.0,44100,bird,1.0
45,./kaggletest/blbpuf2/,XC534606.ogg,35.00399092970522,0,25.0,5.0,44100,bird,1.0
46,./kaggletest/blbpuf2/,XC534606.ogg,35.00399092970522,0,30.0,5.0,44100,bird,1.0
47,./kaggletest/blbpuf2/,XC753196.ogg,24.398367346938777,0,0.0,5.0,44100,bird,1.0
48,./kaggletest/blbpuf2/,XC753196.ogg,24.398367346938777,0,5.0,5.0,44100,bird,1.0
49,./kaggletest/blbpuf2/,XC753196.ogg,24.398367346938777,0,10.0,5.0,44100,bird,1.0
50,./kaggletest/blbpuf2/,XC753196.ogg,24.398367346938777,0,15.0,5.0,44100,bird,1.0
51,./kaggletest/blbpuf2/,XC418715.ogg,26.357551020408163,0,0.0,5.0,44100,bird,1.0
52,./kaggletest/blbpuf2/,XC418715.ogg,26.357551020408163,0,5.0,5.0,44100,bird,1.0
53,./kaggletest/blbpuf2/,XC418715.ogg,26.357551020408163,0,10.0,5.0,44100,bird,1.0
54,./kaggletest/blbpuf2/,XC418715.ogg,26.357551020408163,0,15.0,5.0,44100,bird,1.0
55,./kaggletest/blbpuf2/,XC418715.ogg,26.357551020408163,0,20.0,5.0,44100,bird,1.0
56,./kaggletest/blbpuf2/,XC634079.ogg,12.40798185941043,0,0.0,5.0,44100,bird,1.0
57,./kaggletest/blbpuf2/,XC634079.ogg,12.40798185941043,0,5.0,5.0,44100,bird,1.0
58,./kaggletest/blbpuf2/,XC690916.ogg,15.646984126984126,0,0.0,5.0,44100,bird,1.0
59,./kaggletest/blbpuf2/,XC690916.ogg,15.646984126984126,0,5.0,5.0,44100,bird,1.0
60,./kaggletest/blbpuf2/,XC690916.ogg,15.646984126984126,0,10.0,5.0,44100,bird,1.0
61,./kaggletest/blbpuf2/,XC700040.ogg,17.28,0,0.0,5.0,44100,bird,1.0
62,./kaggletest/blbpuf2/,XC700040.ogg,17.28,0,5.0,5.0,44100,bird,1.0
63,./kaggletest/blbpuf2/,XC700040.ogg,17.28,0,10.0,5.0,44100,bird,1.0
64,./kaggletest/blbpuf2/,XC201383.ogg,43.284897959183674,0,0.0,5.0,44100,bird,1.0
65,./kaggletest/blbpuf2/,XC201383.ogg,43.284897959183674,0,5.0,5.0,44100,bird,1.0
66,./kaggletest/blbpuf2/,XC201383.ogg,43.284897959183674,0,10.0,5.0,44100,bird,1.0
67,./kaggletest/blbpuf2/,XC201383.ogg,43.284897959183674,0,15.0,5.0,44100,bird,1.0
68,./kaggletest/blbpuf2/,XC201383.ogg,43.284897959183674,0,20.0,5.0,44100,bird,1.0
69,./kaggletest/blbpuf2/,XC201383.ogg,43.284897959183674,0,25.0,5.0,44100,bird,1.0
70,./kaggletest/blbpuf2/,XC201383.ogg,43.284897959183674,0,35.0,5.0,44100,bird,1.0
71,./kaggletest/blbpuf2/,XC202649.ogg,33.149365079365076,0,5.0,5.0,44100,bird,1.0
72,./kaggletest/blbpuf2/,XC202649.ogg,33.149365079365076,0,10.0,5.0,44100,bird,1.0
73,./kaggletest/blbpuf2/,XC202649.ogg,33.149365079365076,0,15.0,5.0,44100,bird,1.0
74,./kaggletest/blbpuf2/,XC202649.ogg,33.149365079365076,0,20.0,5.0,44100,bird,1.0
75,./kaggletest/blbpuf2/,XC202649.ogg,33.149365079365076,0,25.0,5.0,44100,bird,1.0
76,./kaggletest/blbpuf2/,XC634118.ogg,20.951995464852608,0,0.0,5.0,44100,bird,1.0
77,./kaggletest/blbpuf2/,XC634118.ogg,20.951995464852608,0,5.0,5.0,44100,bird,1.0
78,./kaggletest/blbpuf2/,XC634118.ogg,20.951995464852608,0,10.0,5.0,44100,bird,1.0
79,./kaggletest/blbpuf2/,XC634118.ogg,20.951995464852608,0,15.0,5.0,44100,bird,1.0
80,./kaggletest/blbpuf2/,XC634130.ogg,6.623990929705215,0,0.0,5.0,44100,bird,1.0
81,./kaggletest/blbpuf2/,XC634120.ogg,20.97598639455782,0,0.0,5.0,44100,bird,1.0
82,./kaggletest/blbpuf2/,XC634120.ogg,20.97598639455782,0,5.0,5.0,44100,bird,1.0
83,./kaggletest/blbpuf2/,XC634120.ogg,20.97598639455782,0,10.0,5.0,44100,bird,1.0
84,./kaggletest/blbpuf2/,XC634120.ogg,20.97598639455782,0,15.0,5.0,44100,bird,1.0
85,./kaggletest/blbpuf2/,XC492039.ogg,22.62201814058957,0,0.0,5.0,44100,bird,1.0
86,./kaggletest/blbpuf2/,XC492039.ogg,22.62201814058957,0,5.0,5.0,44100,bird,1.0
87,./kaggletest/blbpuf2/,XC492039.ogg,22.62201814058957,0,10.0,5.0,44100,bird,1.0
88,./kaggletest/blbpuf2/,XC492039.ogg,22.62201814058957,0,15.0,5.0,44100,bird,1.0
89,./kaggletest/blbpuf2/,XC252536.ogg,37.15199546485261,0,0.0,5.0,44100,bird,1.0
90,./kaggletest/blbpuf2/,XC252536.ogg,37.15199546485261,0,5.0,5.0,44100,bird,1.0
91,./kaggletest/blbpuf2/,XC252536.ogg,37.15199546485261,0,10.0,5.0,44100,bird,1.0
92,./kaggletest/blbpuf2/,XC252536.ogg,37.15199546485261,0,15.0,5.0,44100,bird,1.0
93,./kaggletest/blbpuf2/,XC252536.ogg,37.15199546485261,0,20.0,5.0,44100,bird,1.0
94,./kaggletest/blbpuf2/,XC252536.ogg,37.15199546485261,0,25.0,5.0,44100,bird,1.0
95,./kaggletest/blbpuf2/,XC252536.ogg,37.15199546485261,0,30.0,5.0,44100,bird,1.0
96,./kaggletest/blbpuf2/,XC131613.ogg,44.8,0,0.0,5.0,44100,bird,1.0
97,./kaggletest/blbpuf2/,XC131613.ogg,44.8,0,5.0,5.0,44100,bird,1.0
98,./kaggletest/blbpuf2/,XC131613.ogg,44.8,0,10.0,5.0,44100,bird,1.0
99,./kaggletest/blbpuf2/,XC131613.ogg,44.8,0,15.0,5.0,44100,bird,1.0
100,./kaggletest/blbpuf2/,XC131613.ogg,44.8,0,20.0,5.0,44100,bird,1.0
101,./kaggletest/blbpuf2/,XC131613.ogg,44.8,0,25.0,5.0,44100,bird,1.0
102,./kaggletest/blbpuf2/,XC131613.ogg,44.8,0,30.0,5.0,44100,bird,1.0
103,./kaggletest/blbpuf2/,XC131613.ogg,44.8,0,35.0,5.0,44100,bird,1.0
104,./kaggletest/blbpuf2/,XC704633.ogg,20.68798185941043,0,0.0,5.0,44100,bird,1.0
105,./kaggletest/blbpuf2/,XC704633.ogg,20.68798185941043,0,5.0,5.0,44100,bird,1.0
106,./kaggletest/blbpuf2/,XC704633.ogg,20.68798185941043,0,10.0,5.0,44100,bird,1.0
107,./kaggletest/blbpuf2/,XC704633.ogg,20.68798185941043,0,15.0,5.0,44100,bird,1.0
108,./kaggletest/blbpuf2/,XC701561.ogg,18.963990929705215,0,0.0,5.0,44100,bird,1.0
109,./kaggletest/blbpuf2/,XC701561.ogg,18.963990929705215,0,5.0,5.0,44100,bird,1.0
110,./kaggletest/blbpuf2/,XC701561.ogg,18.963990929705215,0,10.0,5.0,44100,bird,1.0
111,./kaggletest/blbpuf2/,XC566393.ogg,19.583990929705216,0,0.0,5.0,44100,bird,1.0
112,./kaggletest/blbpuf2/,XC566393.ogg,19.583990929705216,0,5.0,5.0,44100,bird,1.0
113,./kaggletest/blbpuf2/,XC566393.ogg,19.583990929705216,0,10.0,5.0,44100,bird,1.0
114,./kaggletest/blbpuf2/,XC444132.ogg,75.8595918367347,0,0.0,5.0,44100,bird,1.0
115,./kaggletest/blbpuf2/,XC444132.ogg,75.8595918367347,0,5.0,5.0,44100,bird,1.0
116,./kaggletest/blbpuf2/,XC444132.ogg,75.8595918367347,0,10.0,5.0,44100,bird,1.0
117,./kaggletest/blbpuf2/,XC444132.ogg,75.8595918367347,0,15.0,5.0,44100,bird,1.0
118,./kaggletest/blbpuf2/,XC444132.ogg,75.8595918367347,0,20.0,5.0,44100,bird,1.0
119,./kaggletest/blbpuf2/,XC444132.ogg,75.8595918367347,0,25.0,5.0,44100,bird,1.0
120,./kaggletest/blbpuf2/,XC444132.ogg,75.8595918367347,0,30.0,5.0,44100,bird,1.0
121,./kaggletest/blbpuf2/,XC444132.ogg,75.8595918367347,0,35.0,5.0,44100,bird,1.0
122,./kaggletest/blbpuf2/,XC444132.ogg,75.8595918367347,0,40.0,5.0,44100,bird,1.0
123,./kaggletest/blbpuf2/,XC444132.ogg,75.8595918367347,0,45.0,5.0,44100,bird,1.0
124,./kaggletest/blbpuf2/,XC444132.ogg,75.8595918367347,0,50.0,5.0,44100,bird,1.0
125,./kaggletest/blbpuf2/,XC444132.ogg,75.8595918367347,0,55.0,5.0,44100,bird,1.0
126,./kaggletest/blbpuf2/,XC444132.ogg,75.8595918367347,0,60.0,5.0,44100,bird,1.0
127,./kaggletest/blbpuf2/,XC444132.ogg,75.8595918367347,0,65.0,5.0,44100,bird,1.0
128,./kaggletest/blbpuf2/,XC444132.ogg,75.8595918367347,0,70.0,5.0,44100,bird,1.0
129,./kaggletest/blbpuf2/,XC492038.ogg,34.37714285714286,0,0.0,5.0,44100,bird,1.0
130,./kaggletest/blbpuf2/,XC492038.ogg,34.37714285714286,0,5.0,5.0,44100,bird,1.0
131,./kaggletest/blbpuf2/,XC492038.ogg,34.37714285714286,0,10.0,5.0,44100,bird,1.0
132,./kaggletest/blbpuf2/,XC492038.ogg,34.37714285714286,0,15.0,5.0,44100,bird,1.0
133,./kaggletest/blbpuf2/,XC492038.ogg,34.37714285714286,0,20.0,5.0,44100,bird,1.0
134,./kaggletest/blbpuf2/,XC492038.ogg,34.37714285714286,0,25.0,5.0,44100,bird,1.0
135,./kaggletest/blbpuf2/,XC634080.ogg,24.52798185941043,0,0.0,5.0,44100,bird,1.0
136,./kaggletest/blbpuf2/,XC634080.ogg,24.52798185941043,0,5.0,5.0,44100,bird,1.0
137,./kaggletest/blbpuf2/,XC634080.ogg,24.52798185941043,0,10.0,5.0,44100,bird,1.0
138,./kaggletest/blbpuf2/,XC634080.ogg,24.52798185941043,0,15.0,5.0,44100,bird,1.0
139,./kaggletest/blbpuf2/,XC252534.ogg,19.871995464852606,0,0.0,5.0,44100,bird,1.0
140,./kaggletest/blbpuf2/,XC252534.ogg,19.871995464852606,0,5.0,5.0,44100,bird,1.0
141,./kaggletest/blbpuf2/,XC252534.ogg,19.871995464852606,0,10.0,5.0,44100,bird,1.0
142,./kaggletest/blbpuf2/,XC153686.ogg,80.09142857142857,0,0.0,5.0,44100,bird,1.0
143,./kaggletest/blbpuf2/,XC153686.ogg,80.09142857142857,0,5.0,5.0,44100,bird,1.0
144,./kaggletest/blbpuf2/,XC153686.ogg,80.09142857142857,0,10.0,5.0,44100,bird,1.0
145,./kaggletest/blbpuf2/,XC153686.ogg,80.09142857142857,0,15.0,5.0,44100,bird,1.0
146,./kaggletest/blbpuf2/,XC153686.ogg,80.09142857142857,0,20.0,5.0,44100,bird,1.0
147,./kaggletest/blbpuf2/,XC153686.ogg,80.09142857142857,0,25.0,5.0,44100,bird,1.0
148,./kaggletest/blbpuf2/,XC153686.ogg,80.09142857142857,0,35.0,5.0,44100,bird,1.0
149,./kaggletest/blbpuf2/,XC153686.ogg,80.09142857142857,0,45.0,5.0,44100,bird,1.0
150,./kaggletest/blbpuf2/,XC153686.ogg,80.09142857142857,0,50.0,5.0,44100,bird,1.0
151,./kaggletest/blbpuf2/,XC153686.ogg,80.09142857142857,0,55.0,5.0,44100,bird,1.0
152,./kaggletest/blbpuf2/,XC153686.ogg,80.09142857142857,0,65.0,5.0,44100,bird,1.0
153,./kaggletest/blbpuf2/,XC153686.ogg,80.09142857142857,0,70.0,5.0,44100,bird,1.0
154,./kaggletest/blbpuf2/,XC153686.ogg,80.09142857142857,0,75.0,5.0,44100,bird,1.0
155,./kaggletest/blbpuf2/,XC313554.ogg,16.587732426303855,0,0.0,5.0,44100,bird,1.0
156,./kaggletest/blbpuf2/,XC313554.ogg,16.587732426303855,0,5.0,5.0,44100,bird,1.0
157,./kaggletest/blbpuf2/,XC313554.ogg,16.587732426303855,0,10.0,5.0,44100,bird,1.0
158,./kaggletest/blbpuf2/,XC113077.ogg,12.852244897959183,0,5.0,5.0,44100,bird,1.0
159,./kaggletest/blbpuf2/,XC451925.ogg,12.564897959183673,0,0.0,5.0,44100,bird,1.0
160,./kaggletest/blbpuf2/,XC451925.ogg,12.564897959183673,0,5.0,5.0,44100,bird,1.0
161,./kaggletest/blbpuf2/,XC363500.ogg,31.346916099773242,0,0.0,5.0,44100,bird,1.0
162,./kaggletest/blbpuf2/,XC363500.ogg,31.346916099773242,0,5.0,5.0,44100,bird,1.0
163,./kaggletest/blbpuf2/,XC363500.ogg,31.346916099773242,0,10.0,5.0,44100,bird,1.0
164,./kaggletest/blbpuf2/,XC363500.ogg,31.346916099773242,0,15.0,5.0,44100,bird,1.0
165,./kaggletest/blbpuf2/,XC363500.ogg,31.346916099773242,0,20.0,5.0,44100,bird,1.0
166,./kaggletest/blbpuf2/,XC363500.ogg,31.346916099773242,0,25.0,5.0,44100,bird,1.0
167,./kaggletest/blbpuf2/,XC517056.ogg,55.89598639455782,0,0.0,5.0,44100,bird,1.0
168,./kaggletest/blbpuf2/,XC517056.ogg,55.89598639455782,0,5.0,5.0,44100,bird,1.0
169,./kaggletest/blbpuf2/,XC517056.ogg,55.89598639455782,0,10.0,5.0,44100,bird,1.0
170,./kaggletest/blbpuf2/,XC517056.ogg,55.89598639455782,0,15.0,5.0,44100,bird,1.0
171,./kaggletest/blbpuf2/,XC517056.ogg,55.89598639455782,0,20.0,5.0,44100,bird,1.0
172,./kaggletest/blbpuf2/,XC517056.ogg,55.89598639455782,0,25.0,5.0,44100,bird,1.0
173,./kaggletest/blbpuf2/,XC517056.ogg,55.89598639455782,0,30.0,5.0,44100,bird,1.0
174,./kaggletest/blbpuf2/,XC517056.ogg,55.89598639455782,0,35.0,5.0,44100,bird,1.0
175,./kaggletest/blbpuf2/,XC517056.ogg,55.89598639455782,0,40.0,5.0,44100,bird,1.0
176,./kaggletest/blbpuf2/,XC517056.ogg,55.89598639455782,0,45.0,5.0,44100,bird,1.0
177,./kaggletest/blbpuf2/,XC517056.ogg,55.89598639455782,0,50.0,5.0,44100,bird,1.0
178,./kaggletest/blbpuf2/,XC203654.ogg,45.74038548752834,0,0.0,5.0,44100,bird,1.0
179,./kaggletest/blbpuf2/,XC203654.ogg,45.74038548752834,0,5.0,5.0,44100,bird,1.0
180,./kaggletest/blbpuf2/,XC203654.ogg,45.74038548752834,0,10.0,5.0,44100,bird,1.0
181,./kaggletest/blbpuf2/,XC203654.ogg,45.74038548752834,0,15.0,5.0,44100,bird,1.0
182,./kaggletest/blbpuf2/,XC203654.ogg,45.74038548752834,0,20.0,5.0,44100,bird,1.0
183,./kaggletest/blbpuf2/,XC203654.ogg,45.74038548752834,0,25.0,5.0,44100,bird,1.0
184,./kaggletest/blbpuf2/,XC203654.ogg,45.74038548752834,0,30.0,5.0,44100,bird,1.0
185,./kaggletest/blbpuf2/,XC203654.ogg,45.74038548752834,0,35.0,5.0,44100,bird,1.0
186,./kaggletest/blbpuf2/,XC203654.ogg,45.74038548752834,0,40.0,5.0,44100,bird,1.0
187,./kaggletest/blbpuf2/,XC607148.ogg,29.16,0,0.0,5.0,44100,bird,1.0
188,./kaggletest/blbpuf2/,XC607148.ogg,29.16,0,5.0,5.0,44100,bird,1.0
189,./kaggletest/blbpuf2/,XC607148.ogg,29.16,0,10.0,5.0,44100,bird,1.0
190,./kaggletest/blbpuf2/,XC607148.ogg,29.16,0,15.0,5.0,44100,bird,1.0
191,./kaggletest/blbpuf2/,XC607148.ogg,29.16,0,20.0,5.0,44100,bird,1.0
192,./kaggletest/blbpuf2/,XC608044.ogg,38.79183673469388,0,0.0,5.0,44100,bird,1.0
193,./kaggletest/blbpuf2/,XC608044.ogg,38.79183673469388,0,5.0,5.0,44100,bird,1.0
194,./kaggletest/blbpuf2/,XC608044.ogg,38.79183673469388,0,10.0,5.0,44100,bird,1.0
195,./kaggletest/blbpuf2/,XC608044.ogg,38.79183673469388,0,15.0,5.0,44100,bird,1.0
196,./kaggletest/blbpuf2/,XC608044.ogg,38.79183673469388,0,20.0,5.0,44100,bird,1.0
197,./kaggletest/blbpuf2/,XC608044.ogg,38.79183673469388,0,25.0,5.0,44100,bird,1.0
198,./kaggletest/blbpuf2/,XC608044.ogg,38.79183673469388,0,30.0,5.0,44100,bird,1.0
199,./kaggletest/blbpuf2/,XC644931.ogg,20.14,0,0.0,5.0,44100,bird,1.0
200,./kaggletest/blbpuf2/,XC644931.ogg,20.14,0,5.0,5.0,44100,bird,1.0
201,./kaggletest/blbpuf2/,XC644931.ogg,20.14,0,10.0,5.0,44100,bird,1.0
202,./kaggletest/blbpuf2/,XC644931.ogg,20.14,0,15.0,5.0,44100,bird,1.0
203,./kaggletest/blbpuf2/,XC516639.ogg,30.96,0,0.0,5.0,44100,bird,1.0
204,./kaggletest/blbpuf2/,XC516639.ogg,30.96,0,5.0,5.0,44100,bird,1.0
205,./kaggletest/blbpuf2/,XC516639.ogg,30.96,0,10.0,5.0,44100,bird,1.0
206,./kaggletest/blbpuf2/,XC516639.ogg,30.96,0,15.0,5.0,44100,bird,1.0
207,./kaggletest/blbpuf2/,XC516639.ogg,30.96,0,20.0,5.0,44100,bird,1.0
208,./kaggletest/blbpuf2/,XC516639.ogg,30.96,0,25.0,5.0,44100,bird,1.0
209,./kaggletest/blbpuf2/,XC634187.ogg,115.48798185941043,0,0.0,5.0,44100,bird,1.0
210,./kaggletest/blbpuf2/,XC634187.ogg,115.48798185941043,0,5.0,5.0,44100,bird,1.0
211,./kaggletest/blbpuf2/,XC634187.ogg,115.48798185941043,0,10.0,5.0,44100,bird,1.0
212,./kaggletest/blbpuf2/,XC634187.ogg,115.48798185941043,0,15.0,5.0,44100,bird,1.0
213,./kaggletest/blbpuf2/,XC634187.ogg,115.48798185941043,0,20.0,5.0,44100,bird,1.0
214,./kaggletest/blbpuf2/,XC634187.ogg,115.48798185941043,0,25.0,5.0,44100,bird,1.0
215,./kaggletest/blbpuf2/,XC634187.ogg,115.48798185941043,0,30.0,5.0,44100,bird,1.0
216,./kaggletest/blbpuf2/,XC634187.ogg,115.48798185941043,0,35.0,5.0,44100,bird,1.0
217,./kaggletest/blbpuf2/,XC634187.ogg,115.48798185941043,0,40.0,5.0,44100,bird,1.0
218,./kaggletest/blbpuf2/,XC634187.ogg,115.48798185941043,0,45.0,5.0,44100,bird,1.0
219,./kaggletest/blbpuf2/,XC634187.ogg,115.48798185941043,0,50.0,5.0,44100,bird,1.0
220,./kaggletest/blbpuf2/,XC634187.ogg,115.48798185941043,0,55.0,5.0,44100,bird,1.0
221,./kaggletest/blbpuf2/,XC634187.ogg,115.48798185941043,0,60.0,5.0,44100,bird,1.0
222,./kaggletest/blbpuf2/,XC634187.ogg,115.48798185941043,0,65.0,5.0,44100,bird,1.0
223,./kaggletest/blbpuf2/,XC634187.ogg,115.48798185941043,0,70.0,5.0,44100,bird,1.0
224,./kaggletest/blbpuf2/,XC634187.ogg,115.48798185941043,0,75.0,5.0,44100,bird,1.0
225,./kaggletest/blbpuf2/,XC634187.ogg,115.48798185941043,0,80.0,5.0,44100,bird,1.0
226,./kaggletest/blbpuf2/,XC634187.ogg,115.48798185941043,0,85.0,5.0,44100,bird,1.0
227,./kaggletest/blbpuf2/,XC634187.ogg,115.48798185941043,0,90.0,5.0,44100,bird,1.0
228,./kaggletest/blbpuf2/,XC634187.ogg,115.48798185941043,0,95.0,5.0,44100,bird,1.0
229,./kaggletest/blbpuf2/,XC634187.ogg,115.48798185941043,0,100.0,5.0,44100,bird,1.0
230,./kaggletest/blbpuf2/,XC634187.ogg,115.48798185941043,0,105.0,5.0,44100,bird,1.0
231,./kaggletest/blbpuf2/,XC634187.ogg,115.48798185941043,0,110.0,5.0,44100,bird,1.0
232,./kaggletest/blbpuf2/,XC517055.ogg,70.99199546485261,0,0.0,5.0,44100,bird,1.0
233,./kaggletest/blbpuf2/,XC517055.ogg,70.99199546485261,0,5.0,5.0,44100,bird,1.0
234,./kaggletest/blbpuf2/,XC517055.ogg,70.99199546485261,0,10.0,5.0,44100,bird,1.0
235,./kaggletest/blbpuf2/,XC517055.ogg,70.99199546485261,0,15.0,5.0,44100,bird,1.0
236,./kaggletest/blbpuf2/,XC517055.ogg,70.99199546485261,0,20.0,5.0,44100,bird,1.0
237,./kaggletest/blbpuf2/,XC517055.ogg,70.99199546485261,0,25.0,5.0,44100,bird,1.0
238,./kaggletest/blbpuf2/,XC517055.ogg,70.99199546485261,0,30.0,5.0,44100,bird,1.0
239,./kaggletest/blbpuf2/,XC517055.ogg,70.99199546485261,0,35.0,5.0,44100,bird,1.0
240,./kaggletest/blbpuf2/,XC517055.ogg,70.99199546485261,0,40.0,5.0,44100,bird,1.0
241,./kaggletest/blbpuf2/,XC517055.ogg,70.99199546485261,0,45.0,5.0,44100,bird,1.0
242,./kaggletest/blbpuf2/,XC517055.ogg,70.99199546485261,0,50.0,5.0,44100,bird,1.0
243,./kaggletest/blbpuf2/,XC517055.ogg,70.99199546485261,0,55.0,5.0,44100,bird,1.0
244,./kaggletest/blbpuf2/,XC517055.ogg,70.99199546485261,0,60.0,5.0,44100,bird,1.0
245,./kaggletest/blbpuf2/,XC517055.ogg,70.99199546485261,0,65.0,5.0,44100,bird,1.0
246,./kaggletest/blbpuf2/,XC634185.ogg,6.407981859410431,0,0.0,5.0,44100,bird,1.0
247,./kaggletest/blbpuf2/,XC402896.ogg,19.879183673469388,0,0.0,5.0,44100,bird,1.0
248,./kaggletest/blbpuf2/,XC402896.ogg,19.879183673469388,0,5.0,5.0,44100,bird,1.0
249,./kaggletest/blbpuf2/,XC402896.ogg,19.879183673469388,0,10.0,5.0,44100,bird,1.0
250,./kaggletest/blbpuf2/,XC546622.ogg,20.327981859410432,0,0.0,5.0,44100,bird,1.0
251,./kaggletest/blbpuf2/,XC546622.ogg,20.327981859410432,0,5.0,5.0,44100,bird,1.0
252,./kaggletest/blbpuf2/,XC546622.ogg,20.327981859410432,0,10.0,5.0,44100,bird,1.0
253,./kaggletest/blbpuf2/,XC546622.ogg,20.327981859410432,0,15.0,5.0,44100,bird,1.0
254,./kaggletest/blbpuf2/,XC253276.ogg,20.28,0,0.0,5.0,44100,bird,1.0
255,./kaggletest/blbpuf2/,XC253276.ogg,20.28,0,5.0,5.0,44100,bird,1.0
256,./kaggletest/blbpuf2/,XC253276.ogg,20.28,0,10.0,5.0,44100,bird,1.0
257,./kaggletest/blbpuf2/,XC253276.ogg,20.28,0,15.0,5.0,44100,bird,1.0
258,./kaggletest/blbpuf2/,XC701739.ogg,10.751995464852607,0,0.0,5.0,44100,bird,1.0
259,./kaggletest/blbpuf2/,XC701739.ogg,10.751995464852607,0,5.0,5.0,44100,bird,1.0
260,./kaggletest/blbpuf2/,XC644932.ogg,23.665986394557823,0,0.0,5.0,44100,bird,1.0
261,./kaggletest/blbpuf2/,XC644932.ogg,23.665986394557823,0,5.0,5.0,44100,bird,1.0
262,./kaggletest/blbpuf2/,XC644932.ogg,23.665986394557823,0,10.0,5.0,44100,bird,1.0
263,./kaggletest/blbpuf2/,XC644932.ogg,23.665986394557823,0,15.0,5.0,44100,bird,1.0
264,./kaggletest/blbpuf2/,XC326207.ogg,15.96079365079365,0,0.0,5.0,44100,bird,1.0
265,./kaggletest/blbpuf2/,XC326207.ogg,15.96079365079365,0,5.0,5.0,44100,bird,1.0
266,./kaggletest/blbpuf2/,XC326207.ogg,15.96079365079365,0,10.0,5.0,44100,bird,1.0
267,./kaggletest/blbpuf2/,XC408809.ogg,33.88,0,0.0,5.0,44100,bird,1.0
268,./kaggletest/blbpuf2/,XC408809.ogg,33.88,0,5.0,5.0,44100,bird,1.0
269,./kaggletest/blbpuf2/,XC408809.ogg,33.88,0,10.0,5.0,44100,bird,1.0
270,./kaggletest/blbpuf2/,XC408809.ogg,33.88,0,15.0,5.0,44100,bird,1.0
271,./kaggletest/blbpuf2/,XC408809.ogg,33.88,0,20.0,5.0,44100,bird,1.0
272,./kaggletest/blbpuf2/,XC408809.ogg,33.88,0,25.0,5.0,44100,bird,1.0
273,./kaggletest/blbpuf2/,XC492714.ogg,52.21798185941043,0,0.0,5.0,44100,bird,1.0
274,./kaggletest/blbpuf2/,XC492714.ogg,52.21798185941043,0,5.0,5.0,44100,bird,1.0
275,./kaggletest/blbpuf2/,XC492714.ogg,52.21798185941043,0,10.0,5.0,44100,bird,1.0
276,./kaggletest/blbpuf2/,XC492714.ogg,52.21798185941043,0,15.0,5.0,44100,bird,1.0
277,./kaggletest/blbpuf2/,XC492714.ogg,52.21798185941043,0,20.0,5.0,44100,bird,1.0
278,./kaggletest/blbpuf2/,XC492714.ogg,52.21798185941043,0,25.0,5.0,44100,bird,1.0
279,./kaggletest/blbpuf2/,XC492714.ogg,52.21798185941043,0,30.0,5.0,44100,bird,1.0
280,./kaggletest/blbpuf2/,XC492714.ogg,52.21798185941043,0,35.0,5.0,44100,bird,1.0
281,./kaggletest/blbpuf2/,XC492714.ogg,52.21798185941043,0,40.0,5.0,44100,bird,1.0
282,./kaggletest/blbpuf2/,XC492714.ogg,52.21798185941043,0,45.0,5.0,44100,bird,1.0
283,./kaggletest/blbpuf2/,XC662463.ogg,41.873990929705215,0,5.0,5.0,44100,bird,1.0
284,./kaggletest/blbpuf2/,XC120635.ogg,50.991020408163266,0,0.0,5.0,44100,bird,1.0
285,./kaggletest/blbpuf2/,XC120635.ogg,50.991020408163266,0,5.0,5.0,44100,bird,1.0
286,./kaggletest/blbpuf2/,XC120635.ogg,50.991020408163266,0,10.0,5.0,44100,bird,1.0
287,./kaggletest/blbpuf2/,XC120635.ogg,50.991020408163266,0,15.0,5.0,44100,bird,1.0
288,./kaggletest/blbpuf2/,XC120635.ogg,50.991020408163266,0,20.0,5.0,44100,bird,1.0
289,./kaggletest/blbpuf2/,XC120635.ogg,50.991020408163266,0,25.0,5.0,44100,bird,1.0
290,./kaggletest/blbpuf2/,XC120635.ogg,50.991020408163266,0,30.0,5.0,44100,bird,1.0
291,./kaggletest/blbpuf2/,XC120635.ogg,50.991020408163266,0,35.0,5.0,44100,bird,1.0
292,./kaggletest/blbpuf2/,XC120635.ogg,50.991020408163266,0,40.0,5.0,44100,bird,1.0
293,./kaggletest/blbpuf2/,XC120635.ogg,50.991020408163266,0,45.0,5.0,44100,bird,1.0
294,./kaggletest/blbpuf2/,XC252541.ogg,26.783990929705215,0,0.0,5.0,44100,bird,1.0
295,./kaggletest/blbpuf2/,XC252541.ogg,26.783990929705215,0,5.0,5.0,44100,bird,1.0
296,./kaggletest/blbpuf2/,XC252541.ogg,26.783990929705215,0,10.0,5.0,44100,bird,1.0
297,./kaggletest/blbpuf2/,XC252541.ogg,26.783990929705215,0,15.0,5.0,44100,bird,1.0
298,./kaggletest/blbpuf2/,XC252541.ogg,26.783990929705215,0,20.0,5.0,44100,bird,1.0
299,./kaggletest/blbpuf2/,XC368150.ogg,32.83589569160998,0,0.0,5.0,44100,bird,1.0
300,./kaggletest/blbpuf2/,XC368150.ogg,32.83589569160998,0,5.0,5.0,44100,bird,1.0
301,./kaggletest/blbpuf2/,XC368150.ogg,32.83589569160998,0,10.0,5.0,44100,bird,1.0
302,./kaggletest/blbpuf2/,XC368150.ogg,32.83589569160998,0,15.0,5.0,44100,bird,1.0
303,./kaggletest/blbpuf2/,XC368150.ogg,32.83589569160998,0,20.0,5.0,44100,bird,1.0
304,./kaggletest/blbpuf2/,XC368150.ogg,32.83589569160998,0,25.0,5.0,44100,bird,1.0
305,./kaggletest/blbpuf2/,XC520415.ogg,5.9819954648526075,0,0.0,5.0,44100,bird,1.0
306,./kaggletest/blbpuf2/,XC517285.ogg,14.063990929705215,0,0.0,5.0,44100,bird,1.0
307,./kaggletest/blbpuf2/,XC517285.ogg,14.063990929705215,0,5.0,5.0,44100,bird,1.0
308,./kaggletest/blbpuf2/,XC428713.ogg,36.91102040816327,0,0.0,5.0,44100,bird,1.0
309,./kaggletest/blbpuf2/,XC428713.ogg,36.91102040816327,0,5.0,5.0,44100,bird,1.0
310,./kaggletest/blbpuf2/,XC428713.ogg,36.91102040816327,0,10.0,5.0,44100,bird,1.0
311,./kaggletest/blbpuf2/,XC428713.ogg,36.91102040816327,0,15.0,5.0,44100,bird,1.0
312,./kaggletest/blbpuf2/,XC428713.ogg,36.91102040816327,0,20.0,5.0,44100,bird,1.0
313,./kaggletest/blbpuf2/,XC428713.ogg,36.91102040816327,0,25.0,5.0,44100,bird,1.0
314,./kaggletest/blbpuf2/,XC428713.ogg,36.91102040816327,0,30.0,5.0,44100,bird,1.0
315,./kaggletest/blbpuf2/,XC470578.ogg,41.63918367346939,0,0.0,5.0,44100,bird,1.0
316,./kaggletest/blbpuf2/,XC470578.ogg,41.63918367346939,0,5.0,5.0,44100,bird,1.0
317,./kaggletest/blbpuf2/,XC470578.ogg,41.63918367346939,0,15.0,5.0,44100,bird,1.0
318,./kaggletest/blbpuf2/,XC470578.ogg,41.63918367346939,0,20.0,5.0,44100,bird,1.0
319,./kaggletest/blbpuf2/,XC470578.ogg,41.63918367346939,0,25.0,5.0,44100,bird,1.0
320,./kaggletest/blbpuf2/,XC470578.ogg,41.63918367346939,0,30.0,5.0,44100,bird,1.0
321,./kaggletest/blbpuf2/,XC470578.ogg,41.63918367346939,0,35.0,5.0,44100,bird,1.0
322,./kaggletest/blbpuf2/,XC118433.ogg,20.845714285714287,0,0.0,5.0,44100,bird,1.0
323,./kaggletest/blbpuf2/,XC118433.ogg,20.845714285714287,0,5.0,5.0,44100,bird,1.0
324,./kaggletest/blbpuf2/,XC118433.ogg,20.845714285714287,0,10.0,5.0,44100,bird,1.0
325,./kaggletest/blbpuf2/,XC118433.ogg,20.845714285714287,0,15.0,5.0,44100,bird,1.0
326,./kaggletest/blbpuf2/,XC593230.ogg,18.36,0,0.0,5.0,44100,bird,1.0
327,./kaggletest/blbpuf2/,XC593230.ogg,18.36,0,5.0,5.0,44100,bird,1.0
328,./kaggletest/blbpuf2/,XC593230.ogg,18.36,0,10.0,5.0,44100,bird,1.0
329,./kaggletest/blbpuf2/,XC608043.ogg,16.770612244897958,0,0.0,5.0,44100,bird,1.0
330,./kaggletest/blbpuf2/,XC608043.ogg,16.770612244897958,0,5.0,5.0,44100,bird,1.0
331,./kaggletest/blbpuf2/,XC608043.ogg,16.770612244897958,0,10.0,5.0,44100,bird,1.0
332,./kaggletest/blbpuf2/,XC489296.ogg,8.51498866213152,0,0.0,5.0,44100,bird,1.0
333,./kaggletest/blbpuf2/,XC516549.ogg,9.335986394557823,0,0.0,5.0,44100,bird,1.0
334,./kaggletest/blbpuf2/,XC504415.ogg,45.03507936507936,0,0.0,5.0,44100,bird,1.0
335,./kaggletest/blbpuf2/,XC504415.ogg,45.03507936507936,0,5.0,5.0,44100,bird,1.0
336,./kaggletest/blbpuf2/,XC504415.ogg,45.03507936507936,0,10.0,5.0,44100,bird,1.0
337,./kaggletest/blbpuf2/,XC504415.ogg,45.03507936507936,0,15.0,5.0,44100,bird,1.0
338,./kaggletest/blbpuf2/,XC504415.ogg,45.03507936507936,0,20.0,5.0,44100,bird,1.0
339,./kaggletest/blbpuf2/,XC504415.ogg,45.03507936507936,0,25.0,5.0,44100,bird,1.0
340,./kaggletest/blbpuf2/,XC504415.ogg,45.03507936507936,0,30.0,5.0,44100,bird,1.0
341,./kaggletest/blbpuf2/,XC504415.ogg,45.03507936507936,0,35.0,5.0,44100,bird,1.0
342,./kaggletest/blbpuf2/,XC504415.ogg,45.03507936507936,0,40.0,5.0,44100,bird,1.0
343,./kaggletest/blbpuf2/,XC492715.ogg,68.75399092970521,0,0.0,5.0,44100,bird,1.0
344,./kaggletest/blbpuf2/,XC492715.ogg,68.75399092970521,0,5.0,5.0,44100,bird,1.0
345,./kaggletest/blbpuf2/,XC492715.ogg,68.75399092970521,0,10.0,5.0,44100,bird,1.0
346,./kaggletest/blbpuf2/,XC492715.ogg,68.75399092970521,0,15.0,5.0,44100,bird,1.0
347,./kaggletest/blbpuf2/,XC492715.ogg,68.75399092970521,0,20.0,5.0,44100,bird,1.0
348,./kaggletest/blbpuf2/,XC492715.ogg,68.75399092970521,0,25.0,5.0,44100,bird,1.0
349,./kaggletest/blbpuf2/,XC492715.ogg,68.75399092970521,0,30.0,5.0,44100,bird,1.0
350,./kaggletest/blbpuf2/,XC492715.ogg,68.75399092970521,0,35.0,5.0,44100,bird,1.0
351,./kaggletest/blbpuf2/,XC492715.ogg,68.75399092970521,0,40.0,5.0,44100,bird,1.0
352,./kaggletest/blbpuf2/,XC492715.ogg,68.75399092970521,0,45.0,5.0,44100,bird,1.0
353,./kaggletest/blbpuf2/,XC492715.ogg,68.75399092970521,0,50.0,5.0,44100,bird,1.0
354,./kaggletest/blbpuf2/,XC492715.ogg,68.75399092970521,0,55.0,5.0,44100,bird,1.0
355,./kaggletest/blbpuf2/,XC492715.ogg,68.75399092970521,0,60.0,5.0,44100,bird,1.0
356,./kaggletest/blbpuf2/,XC683649.ogg,75.46698412698413,0,0.0,5.0,44100,bird,1.0
357,./kaggletest/blbpuf2/,XC683649.ogg,75.46698412698413,0,5.0,5.0,44100,bird,1.0
358,./kaggletest/blbpuf2/,XC683649.ogg,75.46698412698413,0,10.0,5.0,44100,bird,1.0
359,./kaggletest/blbpuf2/,XC683649.ogg,75.46698412698413,0,15.0,5.0,44100,bird,1.0
360,./kaggletest/blbpuf2/,XC683649.ogg,75.46698412698413,0,20.0,5.0,44100,bird,1.0
361,./kaggletest/blbpuf2/,XC683649.ogg,75.46698412698413,0,25.0,5.0,44100,bird,1.0
362,./kaggletest/blbpuf2/,XC683649.ogg,75.46698412698413,0,30.0,5.0,44100,bird,1.0
363,./kaggletest/blbpuf2/,XC683649.ogg,75.46698412698413,0,35.0,5.0,44100,bird,1.0
364,./kaggletest/blbpuf2/,XC683649.ogg,75.46698412698413,0,40.0,5.0,44100,bird,1.0
365,./kaggletest/blbpuf2/,XC683649.ogg,75.46698412698413,0,45.0,5.0,44100,bird,1.0
366,./kaggletest/blbpuf2/,XC683649.ogg,75.46698412698413,0,50.0,5.0,44100,bird,1.0
367,./kaggletest/blbpuf2/,XC683649.ogg,75.46698412698413,0,55.0,5.0,44100,bird,1.0
368,./kaggletest/blbpuf2/,XC683649.ogg,75.46698412698413,0,60.0,5.0,44100,bird,1.0
369,./kaggletest/blbpuf2/,XC683649.ogg,75.46698412698413,0,65.0,5.0,44100,bird,1.0
370,./kaggletest/blbpuf2/,XC683649.ogg,75.46698412698413,0,70.0,5.0,44100,bird,1.0
371,./kaggletest/blbpuf2/,XC120636.ogg,51.539591836734694,0,0.0,5.0,44100,bird,1.0
372,./kaggletest/blbpuf2/,XC120636.ogg,51.539591836734694,0,5.0,5.0,44100,bird,1.0
373,./kaggletest/blbpuf2/,XC120636.ogg,51.539591836734694,0,10.0,5.0,44100,bird,1.0
374,./kaggletest/blbpuf2/,XC120636.ogg,51.539591836734694,0,15.0,5.0,44100,bird,1.0
375,./kaggletest/blbpuf2/,XC120636.ogg,51.539591836734694,0,20.0,5.0,44100,bird,1.0
376,./kaggletest/blbpuf2/,XC120636.ogg,51.539591836734694,0,25.0,5.0,44100,bird,1.0
377,./kaggletest/blbpuf2/,XC120636.ogg,51.539591836734694,0,30.0,5.0,44100,bird,1.0
378,./kaggletest/blbpuf2/,XC120636.ogg,51.539591836734694,0,35.0,5.0,44100,bird,1.0
379,./kaggletest/blbpuf2/,XC120636.ogg,51.539591836734694,0,40.0,5.0,44100,bird,1.0
380,./kaggletest/blbpuf2/,XC120636.ogg,51.539591836734694,0,45.0,5.0,44100,bird,1.0
381,./kaggletest/blbpuf2/,XC354669.ogg,28.081609977324263,0,0.0,5.0,44100,bird,1.0
382,./kaggletest/blbpuf2/,XC354669.ogg,28.081609977324263,0,5.0,5.0,44100,bird,1.0
383,./kaggletest/blbpuf2/,XC354669.ogg,28.081609977324263,0,10.0,5.0,44100,bird,1.0
384,./kaggletest/blbpuf2/,XC354669.ogg,28.081609977324263,0,15.0,5.0,44100,bird,1.0
385,./kaggletest/blbpuf2/,XC354669.ogg,28.081609977324263,0,20.0,5.0,44100,bird,1.0
386,./kaggletest/blbpuf2/,XC517286.ogg,10.92,0,0.0,5.0,44100,bird,1.0
387,./kaggletest/blbpuf2/,XC517286.ogg,10.92,0,5.0,5.0,44100,bird,1.0
388,./kaggletest/blbpuf2/,XC443748.ogg,19.151995464852607,0,0.0,5.0,44100,bird,1.0
389,./kaggletest/blbpuf2/,XC443748.ogg,19.151995464852607,0,5.0,5.0,44100,bird,1.0
390,./kaggletest/blbpuf2/,XC443748.ogg,19.151995464852607,0,10.0,5.0,44100,bird,1.0
391,./kaggletest/blbpuf2/,XC374340.ogg,72.0709977324263,0,0.0,5.0,44100,bird,1.0
392,./kaggletest/blbpuf2/,XC374340.ogg,72.0709977324263,0,5.0,5.0,44100,bird,1.0
393,./kaggletest/blbpuf2/,XC374340.ogg,72.0709977324263,0,10.0,5.0,44100,bird,1.0
394,./kaggletest/blbpuf2/,XC374340.ogg,72.0709977324263,0,15.0,5.0,44100,bird,1.0
395,./kaggletest/blbpuf2/,XC374340.ogg,72.0709977324263,0,20.0,5.0,44100,bird,1.0
396,./kaggletest/blbpuf2/,XC374340.ogg,72.0709977324263,0,25.0,5.0,44100,bird,1.0
397,./kaggletest/blbpuf2/,XC374340.ogg,72.0709977324263,0,30.0,5.0,44100,bird,1.0
398,./kaggletest/blbpuf2/,XC374340.ogg,72.0709977324263,0,35.0,5.0,44100,bird,1.0
399,./kaggletest/blbpuf2/,XC374340.ogg,72.0709977324263,0,40.0,5.0,44100,bird,1.0
400,./kaggletest/blbpuf2/,XC374340.ogg,72.0709977324263,0,50.0,5.0,44100,bird,1.0
401,./kaggletest/blbpuf2/,XC374340.ogg,72.0709977324263,0,55.0,5.0,44100,bird,1.0
402,./kaggletest/blbpuf2/,XC374340.ogg,72.0709977324263,0,60.0,5.0,44100,bird,1.0
403,./kaggletest/blbpuf2/,XC374340.ogg,72.0709977324263,0,65.0,5.0,44100,bird,1.0
404,./kaggletest/blbpuf2/,XC429793.ogg,19.748548752834466,0,0.0,5.0,44100,bird,1.0
405,./kaggletest/blbpuf2/,XC429793.ogg,19.748548752834466,0,5.0,5.0,44100,bird,1.0
406,./kaggletest/blbpuf2/,XC429793.ogg,19.748548752834466,0,10.0,5.0,44100,bird,1.0
407,./kaggletest/blbpuf2/,XC294920.ogg,39.70612244897959,0,0.0,5.0,44100,bird,1.0
408,./kaggletest/blbpuf2/,XC294920.ogg,39.70612244897959,0,5.0,5.0,44100,bird,1.0
409,./kaggletest/blbpuf2/,XC294920.ogg,39.70612244897959,0,10.0,5.0,44100,bird,1.0
410,./kaggletest/blbpuf2/,XC294920.ogg,39.70612244897959,0,20.0,5.0,44100,bird,1.0
411,./kaggletest/blbpuf2/,XC294920.ogg,39.70612244897959,0,25.0,5.0,44100,bird,1.0
412,./kaggletest/blbpuf2/,XC294920.ogg,39.70612244897959,0,30.0,5.0,44100,bird,1.0
413,./kaggletest/blbpuf2/,XC294921.ogg,44.53877551020408,0,0.0,5.0,44100,bird,1.0
414,./kaggletest/blbpuf2/,XC294921.ogg,44.53877551020408,0,5.0,5.0,44100,bird,1.0
415,./kaggletest/blbpuf2/,XC294921.ogg,44.53877551020408,0,10.0,5.0,44100,bird,1.0
416,./kaggletest/blbpuf2/,XC294921.ogg,44.53877551020408,0,15.0,5.0,44100,bird,1.0
417,./kaggletest/blbpuf2/,XC294921.ogg,44.53877551020408,0,20.0,5.0,44100,bird,1.0
418,./kaggletest/blbpuf2/,XC294921.ogg,44.53877551020408,0,25.0,5.0,44100,bird,1.0
419,./kaggletest/blbpuf2/,XC294921.ogg,44.53877551020408,0,35.0,5.0,44100,bird,1.0
420,./kaggletest/blbpuf2/,XC122418.ogg,28.081609977324263,0,0.0,5.0,44100,bird,1.0
421,./kaggletest/blbpuf2/,XC122418.ogg,28.081609977324263,0,5.0,5.0,44100,bird,1.0
422,./kaggletest/blbpuf2/,XC122418.ogg,28.081609977324263,0,10.0,5.0,44100,bird,1.0
423,./kaggletest/blbpuf2/,XC122418.ogg,28.081609977324263,0,15.0,5.0,44100,bird,1.0
424,./kaggletest/blbpuf2/,XC122418.ogg,28.081609977324263,0,20.0,5.0,44100,bird,1.0
425,./kaggletest/blbpuf2/,XC593144.ogg,26.831995464852607,0,0.0,5.0,44100,bird,1.0
426,./kaggletest/blbpuf2/,XC593144.ogg,26.831995464852607,0,5.0,5.0,44100,bird,1.0
427,./kaggletest/blbpuf2/,XC593144.ogg,26.831995464852607,0,10.0,5.0,44100,bird,1.0
428,./kaggletest/blbpuf2/,XC593144.ogg,26.831995464852607,0,15.0,5.0,44100,bird,1.0
429,./kaggletest/blbpuf2/,XC593144.ogg,26.831995464852607,0,20.0,5.0,44100,bird,1.0
430,./kaggletest/blbpuf2/,XC523446.ogg,9.795895691609978,0,0.0,5.0,44100,bird,1.0
431,./kaggletest/blbpuf2/,XC590440.ogg,12.015986394557823,0,0.0,5.0,44100,bird,1.0
432,./kaggletest/blbpuf2/,XC590440.ogg,12.015986394557823,0,5.0,5.0,44100,bird,1.0
433,./kaggletest/blbpuf2/,XC316913.ogg,33.36,0,0.0,5.0,44100,bird,1.0
434,./kaggletest/blbpuf2/,XC316913.ogg,33.36,0,5.0,5.0,44100,bird,1.0
435,./kaggletest/blbpuf2/,XC316913.ogg,33.36,0,10.0,5.0,44100,bird,1.0
436,./kaggletest/blbpuf2/,XC316913.ogg,33.36,0,15.0,5.0,44100,bird,1.0
437,./kaggletest/blbpuf2/,XC316913.ogg,33.36,0,20.0,5.0,44100,bird,1.0
438,./kaggletest/blbpuf2/,XC316913.ogg,33.36,0,25.0,5.0,44100,bird,1.0
439,./kaggletest/blbpuf2/,XC592875.ogg,16.142993197278912,0,0.0,5.0,44100,bird,1.0
440,./kaggletest/blbpuf2/,XC592875.ogg,16.142993197278912,0,5.0,5.0,44100,bird,1.0
441,./kaggletest/blbpuf2/,XC592875.ogg,16.142993197278912,0,10.0,5.0,44100,bird,1.0
442,./kaggletest/blbpuf2/,XC609347.ogg,22.8,0,0.0,5.0,44100,bird,1.0
443,./kaggletest/blbpuf2/,XC609347.ogg,22.8,0,5.0,5.0,44100,bird,1.0
444,./kaggletest/blbpuf2/,XC609347.ogg,22.8,0,10.0,5.0,44100,bird,1.0
445,./kaggletest/blbpuf2/,XC609347.ogg,22.8,0,15.0,5.0,44100,bird,1.0
446,./kaggletest/blbpuf2/,XC412720.ogg,30.06691609977324,0,0.0,5.0,44100,bird,1.0
447,./kaggletest/blbpuf2/,XC412720.ogg,30.06691609977324,0,5.0,5.0,44100,bird,1.0
448,./kaggletest/blbpuf2/,XC412720.ogg,30.06691609977324,0,10.0,5.0,44100,bird,1.0
449,./kaggletest/blbpuf2/,XC412720.ogg,30.06691609977324,0,15.0,5.0,44100,bird,1.0
450,./kaggletest/blbpuf2/,XC412720.ogg,30.06691609977324,0,20.0,5.0,44100,bird,1.0
451,./kaggletest/blbpuf2/,XC412720.ogg,30.06691609977324,0,25.0,5.0,44100,bird,1.0
452,./kaggletest/blbpuf2/,XC408750.ogg,11.858979591836734,0,0.0,5.0,44100,bird,1.0
453,./kaggletest/blbpuf2/,XC408750.ogg,11.858979591836734,0,5.0,5.0,44100,bird,1.0
454,./kaggletest/blbpuf2/,XC755772.ogg,11.546122448979592,0,5.0,5.0,44100,bird,1.0
455,./kaggletest/blbpuf2/,XC389413.ogg,8.255986394557823,0,0.0,5.0,44100,bird,1.0
456,./kaggletest/blbpuf2/,XC494194.ogg,18.91265306122449,0,0.0,5.0,44100,bird,1.0
457,./kaggletest/blbpuf2/,XC494194.ogg,18.91265306122449,0,5.0,5.0,44100,bird,1.0
458,./kaggletest/blbpuf2/,XC494194.ogg,18.91265306122449,0,10.0,5.0,44100,bird,1.0
459,./kaggletest/blbpuf2/,XC459520.ogg,10.37061224489796,0,0.0,5.0,44100,bird,1.0
460,./kaggletest/blbpuf2/,XC459520.ogg,10.37061224489796,0,5.0,5.0,44100,bird,1.0
461,./kaggletest/blbpuf2/,XC209366.ogg,38.63507936507936,0,0.0,5.0,44100,bird,1.0
462,./kaggletest/blbpuf2/,XC209366.ogg,38.63507936507936,0,5.0,5.0,44100,bird,1.0
463,./kaggletest/blbpuf2/,XC209366.ogg,38.63507936507936,0,10.0,5.0,44100,bird,1.0
464,./kaggletest/blbpuf2/,XC209366.ogg,38.63507936507936,0,15.0,5.0,44100,bird,1.0
465,./kaggletest/blbpuf2/,XC209366.ogg,38.63507936507936,0,20.0,5.0,44100,bird,1.0
466,./kaggletest/blbpuf2/,XC209366.ogg,38.63507936507936,0,25.0,5.0,44100,bird,1.0
467,./kaggletest/blbpuf2/,XC209366.ogg,38.63507936507936,0,30.0,5.0,44100,bird,1.0
468,./kaggletest/blbpuf2/,XC200965.ogg,14.158367346938775,0,0.0,5.0,44100,bird,1.0
469,./kaggletest/blbpuf2/,XC200965.ogg,14.158367346938775,0,5.0,5.0,44100,bird,1.0
470,./kaggletest/blbpuf2/,XC728775.ogg,20.19265306122449,0,0.0,5.0,44100,bird,1.0
471,./kaggletest/blbpuf2/,XC728775.ogg,20.19265306122449,0,5.0,5.0,44100,bird,1.0
472,./kaggletest/blbpuf2/,XC728775.ogg,20.19265306122449,0,10.0,5.0,44100,bird,1.0
473,./kaggletest/blbpuf2/,XC728775.ogg,20.19265306122449,0,15.0,5.0,44100,bird,1.0
474,./kaggletest/blbpuf2/,XC368159.ogg,33.645714285714284,0,0.0,5.0,44100,bird,1.0
475,./kaggletest/blbpuf2/,XC368159.ogg,33.645714285714284,0,5.0,5.0,44100,bird,1.0
476,./kaggletest/blbpuf2/,XC368159.ogg,33.645714285714284,0,10.0,5.0,44100,bird,1.0
477,./kaggletest/blbpuf2/,XC368159.ogg,33.645714285714284,0,15.0,5.0,44100,bird,1.0
478,./kaggletest/blbpuf2/,XC368159.ogg,33.645714285714284,0,20.0,5.0,44100,bird,1.0
479,./kaggletest/blbpuf2/,XC368159.ogg,33.645714285714284,0,25.0,5.0,44100,bird,1.0
480,./kaggletest/blbpuf2/,XC607147.ogg,38.25598639455782,0,0.0,5.0,44100,bird,1.0
481,./kaggletest/blbpuf2/,XC607147.ogg,38.25598639455782,0,5.0,5.0,44100,bird,1.0
482,./kaggletest/blbpuf2/,XC607147.ogg,38.25598639455782,0,10.0,5.0,44100,bird,1.0
483,./kaggletest/blbpuf2/,XC607147.ogg,38.25598639455782,0,15.0,5.0,44100,bird,1.0
484,./kaggletest/blbpuf2/,XC607147.ogg,38.25598639455782,0,20.0,5.0,44100,bird,1.0
485,./kaggletest/blbpuf2/,XC607147.ogg,38.25598639455782,0,25.0,5.0,44100,bird,1.0
486,./kaggletest/blbpuf2/,XC607147.ogg,38.25598639455782,0,30.0,5.0,44100,bird,1.0
487,./kaggletest/blbpuf2/,XC524295.ogg,8.723990929705215,0,0.0,5.0,44100,bird,1.0
488,./kaggletest/blbpuf2/,XC336384.ogg,26.88,0,0.0,5.0,44100,bird,1.0
489,./kaggletest/blbpuf2/,XC336384.ogg,26.88,0,15.0,5.0,44100,bird,1.0
490,./kaggletest/blbpuf2/,XC336384.ogg,26.88,0,20.0,5.0,44100,bird,1.0
491,./kaggletest/blbpuf2/,XC516569.ogg,71.37598639455783,0,0.0,5.0,44100,bird,1.0
492,./kaggletest/blbpuf2/,XC516569.ogg,71.37598639455783,0,5.0,5.0,44100,bird,1.0
493,./kaggletest/blbpuf2/,XC516569.ogg,71.37598639455783,0,10.0,5.0,44100,bird,1.0
494,./kaggletest/blbpuf2/,XC516569.ogg,71.37598639455783,0,15.0,5.0,44100,bird,1.0
495,./kaggletest/blbpuf2/,XC516569.ogg,71.37598639455783,0,20.0,5.0,44100,bird,1.0
496,./kaggletest/blbpuf2/,XC516569.ogg,71.37598639455783,0,25.0,5.0,44100,bird,1.0
497,./kaggletest/blbpuf2/,XC516569.ogg,71.37598639455783,0,30.0,5.0,44100,bird,1.0
498,./kaggletest/blbpuf2/,XC516569.ogg,71.37598639455783,0,35.0,5.0,44100,bird,1.0
499,./kaggletest/blbpuf2/,XC516569.ogg,71.37598639455783,0,40.0,5.0,44100,bird,1.0
500,./kaggletest/blbpuf2/,XC516569.ogg,71.37598639455783,0,45.0,5.0,44100,bird,1.0
501,./kaggletest/blbpuf2/,XC516569.ogg,71.37598639455783,0,50.0,5.0,44100,bird,1.0
502,./kaggletest/blbpuf2/,XC516569.ogg,71.37598639455783,0,55.0,5.0,44100,bird,1.0
503,./kaggletest/blbpuf2/,XC516569.ogg,71.37598639455783,0,60.0,5.0,44100,bird,1.0
504,./kaggletest/blbpuf2/,XC336385.ogg,30.167981859410432,0,0.0,5.0,44100,bird,1.0
505,./kaggletest/blbpuf2/,XC336385.ogg,30.167981859410432,0,5.0,5.0,44100,bird,1.0
506,./kaggletest/blbpuf2/,XC336385.ogg,30.167981859410432,0,10.0,5.0,44100,bird,1.0
507,./kaggletest/blbpuf2/,XC336385.ogg,30.167981859410432,0,15.0,5.0,44100,bird,1.0
508,./kaggletest/blbpuf2/,XC336385.ogg,30.167981859410432,0,20.0,5.0,44100,bird,1.0
509,./kaggletest/blbpuf2/,XC336385.ogg,30.167981859410432,0,25.0,5.0,44100,bird,1.0
510,./kaggletest/blbpuf2/,XC434252.ogg,17.86698412698413,0,0.0,5.0,44100,bird,1.0
511,./kaggletest/blbpuf2/,XC434252.ogg,17.86698412698413,0,5.0,5.0,44100,bird,1.0
512,./kaggletest/blbpuf2/,XC434252.ogg,17.86698412698413,0,10.0,5.0,44100,bird,1.0
513,./kaggletest/blbpuf2/,XC196941.ogg,27.08895691609977,0,0.0,5.0,44100,bird,1.0
514,./kaggletest/blbpuf2/,XC196941.ogg,27.08895691609977,0,5.0,5.0,44100,bird,1.0
515,./kaggletest/blbpuf2/,XC196941.ogg,27.08895691609977,0,15.0,5.0,44100,bird,1.0
516,./kaggletest/blbpuf2/,XC196941.ogg,27.08895691609977,0,20.0,5.0,44100,bird,1.0
517,./kaggletest/blbpuf2/,XC700039.ogg,14.615986394557822,0,0.0,5.0,44100,bird,1.0
518,./kaggletest/blbpuf2/,XC700039.ogg,14.615986394557822,0,5.0,5.0,44100,bird,1.0
519,./kaggletest/blbpuf2/,XC200594.ogg,13.151995464852607,0,0.0,5.0,44100,bird,1.0
520,./kaggletest/blbpuf2/,XC200594.ogg,13.151995464852607,0,5.0,5.0,44100,bird,1.0
521,./kaggletest/blbpuf2/,XC200740.ogg,14.053854875283447,0,0.0,5.0,44100,bird,1.0
522,./kaggletest/blbpuf2/,XC200740.ogg,14.053854875283447,0,5.0,5.0,44100,bird,1.0
523,./kaggletest/blbpuf2/,XC383461.ogg,34.16798185941043,0,0.0,5.0,44100,bird,1.0
524,./kaggletest/blbpuf2/,XC383461.ogg,34.16798185941043,0,5.0,5.0,44100,bird,1.0
525,./kaggletest/blbpuf2/,XC383461.ogg,34.16798185941043,0,10.0,5.0,44100,bird,1.0
526,./kaggletest/blbpuf2/,XC383461.ogg,34.16798185941043,0,15.0,5.0,44100,bird,1.0
527,./kaggletest/blbpuf2/,XC383461.ogg,34.16798185941043,0,20.0,5.0,44100,bird,1.0
528,./kaggletest/blbpuf2/,XC383461.ogg,34.16798185941043,0,25.0,5.0,44100,bird,1.0
529,./kaggletest/blbpuf2/,XC587611.ogg,12.767981859410432,0,0.0,5.0,44100,bird,1.0
530,./kaggletest/blbpuf2/,XC587611.ogg,12.767981859410432,0,5.0,5.0,44100,bird,1.0
531,./kaggletest/blbpuf2/,XC298620.ogg,9.272993197278911,0,0.0,5.0,44100,bird,1.0
532,./kaggletest/blbpuf2/,XC692105.ogg,22.44,0,0.0,5.0,44100,bird,1.0
533,./kaggletest/blbpuf2/,XC692105.ogg,22.44,0,5.0,5.0,44100,bird,1.0
534,./kaggletest/blbpuf2/,XC692105.ogg,22.44,0,10.0,5.0,44100,bird,1.0
535,./kaggletest/blbpuf2/,XC692105.ogg,22.44,0,15.0,5.0,44100,bird,1.0
536,./kaggletest/blbpuf2/,XC516531.ogg,82.36798185941043,0,0.0,5.0,44100,bird,1.0
537,./kaggletest/blbpuf2/,XC516531.ogg,82.36798185941043,0,5.0,5.0,44100,bird,1.0
538,./kaggletest/blbpuf2/,XC516531.ogg,82.36798185941043,0,10.0,5.0,44100,bird,1.0
539,./kaggletest/blbpuf2/,XC516531.ogg,82.36798185941043,0,15.0,5.0,44100,bird,1.0
540,./kaggletest/blbpuf2/,XC516531.ogg,82.36798185941043,0,20.0,5.0,44100,bird,1.0
541,./kaggletest/blbpuf2/,XC516531.ogg,82.36798185941043,0,25.0,5.0,44100,bird,1.0
542,./kaggletest/blbpuf2/,XC516531.ogg,82.36798185941043,0,30.0,5.0,44100,bird,1.0
543,./kaggletest/blbpuf2/,XC516531.ogg,82.36798185941043,0,35.0,5.0,44100,bird,1.0
544,./kaggletest/blbpuf2/,XC516531.ogg,82.36798185941043,0,40.0,5.0,44100,bird,1.0
545,./kaggletest/blbpuf2/,XC516531.ogg,82.36798185941043,0,45.0,5.0,44100,bird,1.0
546,./kaggletest/blbpuf2/,XC516531.ogg,82.36798185941043,0,50.0,5.0,44100,bird,1.0
547,./kaggletest/blbpuf2/,XC516531.ogg,82.36798185941043,0,55.0,5.0,44100,bird,1.0
548,./kaggletest/blbpuf2/,XC516531.ogg,82.36798185941043,0,60.0,5.0,44100,bird,1.0
549,./kaggletest/blbpuf2/,XC516531.ogg,82.36798185941043,0,65.0,5.0,44100,bird,1.0
550,./kaggletest/blbpuf2/,XC516531.ogg,82.36798185941043,0,70.0,5.0,44100,bird,1.0
551,./kaggletest/blbpuf2/,XC516531.ogg,82.36798185941043,0,75.0,5.0,44100,bird,1.0
552,./kaggletest/blbpuf2/,XC755895.ogg,24.335986394557825,0,0.0,5.0,44100,bird,1.0
553,./kaggletest/blbpuf2/,XC755895.ogg,24.335986394557825,0,5.0,5.0,44100,bird,1.0
554,./kaggletest/blbpuf2/,XC755895.ogg,24.335986394557825,0,10.0,5.0,44100,bird,1.0
555,./kaggletest/blbpuf2/,XC621047.ogg,27.01,0,0.0,5.0,44100,bird,1.0
556,./kaggletest/blbpuf2/,XC621047.ogg,27.01,0,5.0,5.0,44100,bird,1.0
557,./kaggletest/blbpuf2/,XC621047.ogg,27.01,0,10.0,5.0,44100,bird,1.0
558,./kaggletest/blbpuf2/,XC621047.ogg,27.01,0,15.0,5.0,44100,bird,1.0
559,./kaggletest/blbpuf2/,XC621047.ogg,27.01,0,20.0,5.0,44100,bird,1.0
560,./kaggletest/blbpuf2/,XC667012.ogg,82.33795918367348,0,0.0,5.0,44100,bird,1.0
561,./kaggletest/blbpuf2/,XC667012.ogg,82.33795918367348,0,5.0,5.0,44100,bird,1.0
562,./kaggletest/blbpuf2/,XC667012.ogg,82.33795918367348,0,10.0,5.0,44100,bird,1.0
563,./kaggletest/blbpuf2/,XC667012.ogg,82.33795918367348,0,15.0,5.0,44100,bird,1.0
564,./kaggletest/blbpuf2/,XC667012.ogg,82.33795918367348,0,20.0,5.0,44100,bird,1.0
565,./kaggletest/blbpuf2/,XC667012.ogg,82.33795918367348,0,25.0,5.0,44100,bird,1.0
566,./kaggletest/blbpuf2/,XC667012.ogg,82.33795918367348,0,30.0,5.0,44100,bird,1.0
567,./kaggletest/blbpuf2/,XC667012.ogg,82.33795918367348,0,35.0,5.0,44100,bird,1.0
568,./kaggletest/blbpuf2/,XC667012.ogg,82.33795918367348,0,40.0,5.0,44100,bird,1.0
569,./kaggletest/blbpuf2/,XC667012.ogg,82.33795918367348,0,45.0,5.0,44100,bird,1.0
570,./kaggletest/blbpuf2/,XC667012.ogg,82.33795918367348,0,50.0,5.0,44100,bird,1.0
571,./kaggletest/blbpuf2/,XC667012.ogg,82.33795918367348,0,55.0,5.0,44100,bird,1.0
572,./kaggletest/blbpuf2/,XC667012.ogg,82.33795918367348,0,60.0,5.0,44100,bird,1.0
573,./kaggletest/blbpuf2/,XC667012.ogg,82.33795918367348,0,65.0,5.0,44100,bird,1.0
574,./kaggletest/blbpuf2/,XC667012.ogg,82.33795918367348,0,70.0,5.0,44100,bird,1.0
575,./kaggletest/blbpuf2/,XC667012.ogg,82.33795918367348,0,75.0,5.0,44100,bird,1.0
576,./kaggletest/blbpuf2/,XC701815.ogg,34.22399092970522,0,0.0,5.0,44100,bird,1.0
577,./kaggletest/blbpuf2/,XC701815.ogg,34.22399092970522,0,5.0,5.0,44100,bird,1.0
578,./kaggletest/blbpuf2/,XC701815.ogg,34.22399092970522,0,10.0,5.0,44100,bird,1.0
579,./kaggletest/blbpuf2/,XC701815.ogg,34.22399092970522,0,15.0,5.0,44100,bird,1.0
580,./kaggletest/blbpuf2/,XC634110.ogg,6.24,0,0.0,5.0,44100,bird,1.0
581,./kaggletest/blbpuf2/,XC633870.ogg,35.92798185941043,0,0.0,5.0,44100,bird,1.0
582,./kaggletest/blbpuf2/,XC633870.ogg,35.92798185941043,0,5.0,5.0,44100,bird,1.0
583,./kaggletest/blbpuf2/,XC633870.ogg,35.92798185941043,0,15.0,5.0,44100,bird,1.0
584,./kaggletest/blbpuf2/,XC633870.ogg,35.92798185941043,0,20.0,5.0,44100,bird,1.0
585,./kaggletest/blbpuf2/,XC633870.ogg,35.92798185941043,0,25.0,5.0,44100,bird,1.0
586,./kaggletest/blbpuf2/,XC633870.ogg,35.92798185941043,0,30.0,5.0,44100,bird,1.0
587,./kaggletest/blbpuf2/,XC610065.ogg,32.47199546485261,0,0.0,5.0,44100,bird,1.0
588,./kaggletest/blbpuf2/,XC610065.ogg,32.47199546485261,0,5.0,5.0,44100,bird,1.0
589,./kaggletest/blbpuf2/,XC610065.ogg,32.47199546485261,0,10.0,5.0,44100,bird,1.0
590,./kaggletest/blbpuf2/,XC610065.ogg,32.47199546485261,0,15.0,5.0,44100,bird,1.0
591,./kaggletest/blbpuf2/,XC610065.ogg,32.47199546485261,0,20.0,5.0,44100,bird,1.0
592,./kaggletest/blbpuf2/,XC610065.ogg,32.47199546485261,0,25.0,5.0,44100,bird,1.0
593,./kaggletest/blbpuf2/,XC516645.ogg,20.23199546485261,0,0.0,5.0,44100,bird,1.0
594,./kaggletest/blbpuf2/,XC516645.ogg,20.23199546485261,0,5.0,5.0,44100,bird,1.0
595,./kaggletest/blbpuf2/,XC516645.ogg,20.23199546485261,0,10.0,5.0,44100,bird,1.0
596,./kaggletest/blbpuf2/,XC516645.ogg,20.23199546485261,0,15.0,5.0,44100,bird,1.0
597,./kaggletest/blbpuf2/,XC307275.ogg,22.631995464852608,0,0.0,5.0,44100,bird,1.0
598,./kaggletest/blbpuf2/,XC307275.ogg,22.631995464852608,0,5.0,5.0,44100,bird,1.0
599,./kaggletest/blbpuf2/,XC307275.ogg,22.631995464852608,0,10.0,5.0,44100,bird,1.0
600,./kaggletest/blbpuf2/,XC307275.ogg,22.631995464852608,0,15.0,5.0,44100,bird,1.0
601,./kaggletest/blbpuf2/,XC621045.ogg,14.705986394557824,0,0.0,5.0,44100,bird,1.0
602,./kaggletest/blbpuf2/,XC621045.ogg,14.705986394557824,0,5.0,5.0,44100,bird,1.0
603,./kaggletest/blbpuf2/,XC438209.ogg,20.06201814058957,0,0.0,5.0,44100,bird,1.0
604,./kaggletest/blbpuf2/,XC438209.ogg,20.06201814058957,0,5.0,5.0,44100,bird,1.0
605,./kaggletest/blbpuf2/,XC438209.ogg,20.06201814058957,0,10.0,5.0,44100,bird,1.0
606,./kaggletest/blbpuf2/,XC438209.ogg,20.06201814058957,0,15.0,5.0,44100,bird,1.0
607,./kaggletest/blbpuf2/,XC153924.ogg,32.052244897959184,0,0.0,5.0,44100,bird,1.0
608,./kaggletest/blbpuf2/,XC153924.ogg,32.052244897959184,0,5.0,5.0,44100,bird,1.0
609,./kaggletest/blbpuf2/,XC153924.ogg,32.052244897959184,0,10.0,5.0,44100,bird,1.0
610,./kaggletest/blbpuf2/,XC153924.ogg,32.052244897959184,0,15.0,5.0,44100,bird,1.0
611,./kaggletest/blbpuf2/,XC153924.ogg,32.052244897959184,0,20.0,5.0,44100,bird,1.0
612,./kaggletest/blbpuf2/,XC153924.ogg,32.052244897959184,0,25.0,5.0,44100,bird,1.0
613,./kaggletest/blbpuf2/,XC522640.ogg,5.4589795918367345,0,0.0,5.0,44100,bird,1.0
614,./kaggletest/blbpuf2/,XC665000.ogg,9.43,0,0.0,5.0,44100,bird,1.0
615,./kaggletest/blbpuf2/,XC153925.ogg,34.16814058956916,0,0.0,5.0,44100,bird,1.0
616,./kaggletest/blbpuf2/,XC153925.ogg,34.16814058956916,0,5.0,5.0,44100,bird,1.0
617,./kaggletest/blbpuf2/,XC153925.ogg,34.16814058956916,0,10.0,5.0,44100,bird,1.0
618,./kaggletest/blbpuf2/,XC153925.ogg,34.16814058956916,0,15.0,5.0,44100,bird,1.0
619,./kaggletest/blbpuf2/,XC153925.ogg,34.16814058956916,0,20.0,5.0,44100,bird,1.0
620,./kaggletest/blbpuf2/,XC153925.ogg,34.16814058956916,0,25.0,5.0,44100,bird,1.0
621,./kaggletest/blbpuf2/,XC621044.ogg,8.906984126984128,0,0.0,5.0,44100,bird,1.0
622,./kaggletest/blbpuf2/,XC516644.ogg,7.127981859410431,0,0.0,5.0,44100,bird,1.0
623,./kaggletest/blbpuf2/,XC307274.ogg,10.367981859410431,0,0.0,5.0,44100,bird,1.0
624,./kaggletest/blbpuf2/,XC307274.ogg,10.367981859410431,0,5.0,5.0,44100,bird,1.0
625,./kaggletest/blbpuf2/,XC701800.ogg,19.055986394557824,0,0.0,5.0,44100,bird,1.0
626,./kaggletest/blbpuf2/,XC701800.ogg,19.055986394557824,0,5.0,5.0,44100,bird,1.0
627,./kaggletest/blbpuf2/,XC701800.ogg,19.055986394557824,0,10.0,5.0,44100,bird,1.0
628,./kaggletest/blbpuf2/,XC634129.ogg,8.135986394557824,0,0.0,5.0,44100,bird,1.0
629,./kaggletest/blbpuf2/,XC434146.ogg,22.464988662131518,0,5.0,5.0,44100,bird,1.0
630,./kaggletest/blbpuf2/,XC517364.ogg,23.64,0,0.0,5.0,44100,bird,1.0
631,./kaggletest/blbpuf2/,XC517364.ogg,23.64,0,5.0,5.0,44100,bird,1.0
632,./kaggletest/blbpuf2/,XC517364.ogg,23.64,0,15.0,5.0,44100,bird,1.0
633,./kaggletest/blbpuf2/,XC490791.ogg,108.85224489795918,0,0.0,5.0,44100,bird,1.0
634,./kaggletest/blbpuf2/,XC490791.ogg,108.85224489795918,0,5.0,5.0,44100,bird,1.0
635,./kaggletest/blbpuf2/,XC490791.ogg,108.85224489795918,0,10.0,5.0,44100,bird,1.0
636,./kaggletest/blbpuf2/,XC490791.ogg,108.85224489795918,0,15.0,5.0,44100,bird,1.0
637,./kaggletest/blbpuf2/,XC490791.ogg,108.85224489795918,0,20.0,5.0,44100,bird,1.0
638,./kaggletest/blbpuf2/,XC490791.ogg,108.85224489795918,0,25.0,5.0,44100,bird,1.0
639,./kaggletest/blbpuf2/,XC490791.ogg,108.85224489795918,0,30.0,5.0,44100,bird,1.0
640,./kaggletest/blbpuf2/,XC490791.ogg,108.85224489795918,0,35.0,5.0,44100,bird,1.0
641,./kaggletest/blbpuf2/,XC490791.ogg,108.85224489795918,0,40.0,5.0,44100,bird,1.0
642,./kaggletest/blbpuf2/,XC490791.ogg,108.85224489795918,0,45.0,5.0,44100,bird,1.0
643,./kaggletest/blbpuf2/,XC490791.ogg,108.85224489795918,0,50.0,5.0,44100,bird,1.0
644,./kaggletest/blbpuf2/,XC490791.ogg,108.85224489795918,0,55.0,5.0,44100,bird,1.0
645,./kaggletest/blbpuf2/,XC490791.ogg,108.85224489795918,0,60.0,5.0,44100,bird,1.0
646,./kaggletest/blbpuf2/,XC490791.ogg,108.85224489795918,0,65.0,5.0,44100,bird,1.0
647,./kaggletest/blbpuf2/,XC490791.ogg,108.85224489795918,0,70.0,5.0,44100,bird,1.0
648,./kaggletest/blbpuf2/,XC490791.ogg,108.85224489795918,0,75.0,5.0,44100,bird,1.0
649,./kaggletest/blbpuf2/,XC490791.ogg,108.85224489795918,0,80.0,5.0,44100,bird,1.0
650,./kaggletest/blbpuf2/,XC490791.ogg,108.85224489795918,0,85.0,5.0,44100,bird,1.0
651,./kaggletest/blbpuf2/,XC490791.ogg,108.85224489795918,0,90.0,5.0,44100,bird,1.0
652,./kaggletest/blbpuf2/,XC490791.ogg,108.85224489795918,0,95.0,5.0,44100,bird,1.0
653,./kaggletest/blbpuf2/,XC490791.ogg,108.85224489795918,0,100.0,5.0,44100,bird,1.0
654,./kaggletest/blbpuf2/,XC559585.ogg,23.56798185941043,0,0.0,5.0,44100,bird,1.0
655,./kaggletest/blbpuf2/,XC559585.ogg,23.56798185941043,0,5.0,5.0,44100,bird,1.0
656,./kaggletest/blbpuf2/,XC559585.ogg,23.56798185941043,0,10.0,5.0,44100,bird,1.0
657,./kaggletest/blbpuf2/,XC559585.ogg,23.56798185941043,0,15.0,5.0,44100,bird,1.0
658,./kaggletest/blbpuf2/,XC517365.ogg,22.031995464852606,0,0.0,5.0,44100,bird,1.0
659,./kaggletest/blbpuf2/,XC517365.ogg,22.031995464852606,0,5.0,5.0,44100,bird,1.0
660,./kaggletest/blbpuf2/,XC517365.ogg,22.031995464852606,0,10.0,5.0,44100,bird,1.0
661,./kaggletest/blbpuf2/,XC517365.ogg,22.031995464852606,0,15.0,5.0,44100,bird,1.0
662,./kaggletest/blbpuf2/,XC539098.ogg,42.84,0,0.0,5.0,44100,bird,1.0
663,./kaggletest/blbpuf2/,XC539098.ogg,42.84,0,5.0,5.0,44100,bird,1.0
664,./kaggletest/blbpuf2/,XC539098.ogg,42.84,0,10.0,5.0,44100,bird,1.0
665,./kaggletest/blbpuf2/,XC539098.ogg,42.84,0,15.0,5.0,44100,bird,1.0
666,./kaggletest/blbpuf2/,XC539098.ogg,42.84,0,20.0,5.0,44100,bird,1.0
667,./kaggletest/blbpuf2/,XC539098.ogg,42.84,0,25.0,5.0,44100,bird,1.0
668,./kaggletest/blbpuf2/,XC539098.ogg,42.84,0,30.0,5.0,44100,bird,1.0
669,./kaggletest/blbpuf2/,XC539098.ogg,42.84,0,35.0,5.0,44100,bird,1.0
670,./kaggletest/blbpuf2/,XC409985.ogg,6.346984126984127,0,0.0,5.0,44100,bird,1.0
671,./kaggletest/blbpuf2/,XC305314.ogg,29.44798185941043,0,0.0,5.0,44100,bird,1.0
672,./kaggletest/blbpuf2/,XC305314.ogg,29.44798185941043,0,5.0,5.0,44100,bird,1.0
673,./kaggletest/blbpuf2/,XC305314.ogg,29.44798185941043,0,10.0,5.0,44100,bird,1.0
674,./kaggletest/blbpuf2/,XC305314.ogg,29.44798185941043,0,15.0,5.0,44100,bird,1.0
675,./kaggletest/blbpuf2/,XC305314.ogg,29.44798185941043,0,20.0,5.0,44100,bird,1.0
676,./kaggletest/blbpuf2/,XC301600.ogg,61.02199546485261,0,0.0,5.0,44100,bird,1.0
677,./kaggletest/blbpuf2/,XC301600.ogg,61.02199546485261,0,5.0,5.0,44100,bird,1.0
678,./kaggletest/blbpuf2/,XC301600.ogg,61.02199546485261,0,10.0,5.0,44100,bird,1.0
679,./kaggletest/blbpuf2/,XC301600.ogg,61.02199546485261,0,15.0,5.0,44100,bird,1.0
680,./kaggletest/blbpuf2/,XC301600.ogg,61.02199546485261,0,20.0,5.0,44100,bird,1.0
681,./kaggletest/blbpuf2/,XC301600.ogg,61.02199546485261,0,25.0,5.0,44100,bird,1.0
682,./kaggletest/blbpuf2/,XC301600.ogg,61.02199546485261,0,30.0,5.0,44100,bird,1.0
683,./kaggletest/blbpuf2/,XC301600.ogg,61.02199546485261,0,35.0,5.0,44100,bird,1.0
684,./kaggletest/blbpuf2/,XC301600.ogg,61.02199546485261,0,40.0,5.0,44100,bird,1.0
685,./kaggletest/blbpuf2/,XC301600.ogg,61.02199546485261,0,45.0,5.0,44100,bird,1.0
686,./kaggletest/blbpuf2/,XC301600.ogg,61.02199546485261,0,50.0,5.0,44100,bird,1.0
687,./kaggletest/blbpuf2/,XC452598.ogg,6.6,0,0.0,5.0,44100,bird,1.0
688,./kaggletest/blbpuf2/,XC460516.ogg,23.222834467120183,0,0.0,5.0,44100,bird,1.0
689,./kaggletest/blbpuf2/,XC460516.ogg,23.222834467120183,0,5.0,5.0,44100,bird,1.0
690,./kaggletest/blbpuf2/,XC460516.ogg,23.222834467120183,0,10.0,5.0,44100,bird,1.0
691,./kaggletest/blbpuf2/,XC460516.ogg,23.222834467120183,0,15.0,5.0,44100,bird,1.0
692,./kaggletest/blbpuf2/,XC524432.ogg,15.02,0,0.0,5.0,44100,bird,1.0
693,./kaggletest/blbpuf2/,XC524432.ogg,15.02,0,5.0,5.0,44100,bird,1.0
694,./kaggletest/blbpuf2/,XC524432.ogg,15.02,0,10.0,5.0,44100,bird,1.0
695,./kaggletest/blbpuf2/,XC697681.ogg,37.343990929705214,0,0.0,5.0,44100,bird,1.0
696,./kaggletest/blbpuf2/,XC697681.ogg,37.343990929705214,0,5.0,5.0,44100,bird,1.0
697,./kaggletest/blbpuf2/,XC697681.ogg,37.343990929705214,0,10.0,5.0,44100,bird,1.0
698,./kaggletest/blbpuf2/,XC697681.ogg,37.343990929705214,0,15.0,5.0,44100,bird,1.0
699,./kaggletest/blbpuf2/,XC697681.ogg,37.343990929705214,0,20.0,5.0,44100,bird,1.0
700,./kaggletest/blbpuf2/,XC697681.ogg,37.343990929705214,0,25.0,5.0,44100,bird,1.0
701,./kaggletest/blbpuf2/,XC697681.ogg,37.343990929705214,0,30.0,5.0,44100,bird,1.0
702,./kaggletest/blbpuf2/,XC429114.ogg,11.154263038548752,0,0.0,5.0,44100,bird,1.0
703,./kaggletest/blbpuf2/,XC429114.ogg,11.154263038548752,0,5.0,5.0,44100,bird,1.0
704,./kaggletest/blbpuf2/,XC517367.ogg,65.01598639455783,0,0.0,5.0,44100,bird,1.0
705,./kaggletest/blbpuf2/,XC517367.ogg,65.01598639455783,0,5.0,5.0,44100,bird,1.0
706,./kaggletest/blbpuf2/,XC517367.ogg,65.01598639455783,0,10.0,5.0,44100,bird,1.0
707,./kaggletest/blbpuf2/,XC517367.ogg,65.01598639455783,0,15.0,5.0,44100,bird,1.0
708,./kaggletest/blbpuf2/,XC517367.ogg,65.01598639455783,0,20.0,5.0,44100,bird,1.0
709,./kaggletest/blbpuf2/,XC517367.ogg,65.01598639455783,0,25.0,5.0,44100,bird,1.0
710,./kaggletest/blbpuf2/,XC517367.ogg,65.01598639455783,0,30.0,5.0,44100,bird,1.0
711,./kaggletest/blbpuf2/,XC517367.ogg,65.01598639455783,0,35.0,5.0,44100,bird,1.0
712,./kaggletest/blbpuf2/,XC517367.ogg,65.01598639455783,0,40.0,5.0,44100,bird,1.0
713,./kaggletest/blbpuf2/,XC517367.ogg,65.01598639455783,0,45.0,5.0,44100,bird,1.0
714,./kaggletest/blbpuf2/,XC517367.ogg,65.01598639455783,0,50.0,5.0,44100,bird,1.0
715,./kaggletest/blbpuf2/,XC517367.ogg,65.01598639455783,0,55.0,5.0,44100,bird,1.0
716,./kaggletest/blbpuf2/,XC517367.ogg,65.01598639455783,0,60.0,5.0,44100,bird,1.0
717,./kaggletest/blbpuf2/,XC633731.ogg,6.023990929705215,0,0.0,5.0,44100,bird,1.0
718,./kaggletest/blbpuf2/,XC634076.ogg,91.92,0,0.0,5.0,44100,bird,1.0
719,./kaggletest/blbpuf2/,XC634076.ogg,91.92,0,5.0,5.0,44100,bird,1.0
720,./kaggletest/blbpuf2/,XC634076.ogg,91.92,0,20.0,5.0,44100,bird,1.0
721,./kaggletest/blbpuf2/,XC634076.ogg,91.92,0,25.0,5.0,44100,bird,1.0
722,./kaggletest/blbpuf2/,XC634076.ogg,91.92,0,30.0,5.0,44100,bird,1.0
723,./kaggletest/blbpuf2/,XC634076.ogg,91.92,0,35.0,5.0,44100,bird,1.0
724,./kaggletest/blbpuf2/,XC634076.ogg,91.92,0,40.0,5.0,44100,bird,1.0
725,./kaggletest/blbpuf2/,XC634076.ogg,91.92,0,50.0,5.0,44100,bird,1.0
726,./kaggletest/blbpuf2/,XC634076.ogg,91.92,0,55.0,5.0,44100,bird,1.0
727,./kaggletest/blbpuf2/,XC634076.ogg,91.92,0,60.0,5.0,44100,bird,1.0
728,./kaggletest/blbpuf2/,XC634076.ogg,91.92,0,65.0,5.0,44100,bird,1.0
729,./kaggletest/blbpuf2/,XC634076.ogg,91.92,0,70.0,5.0,44100,bird,1.0
730,./kaggletest/blbpuf2/,XC634076.ogg,91.92,0,80.0,5.0,44100,bird,1.0
731,./kaggletest/blbpuf2/,XC634076.ogg,91.92,0,85.0,5.0,44100,bird,1.0
732,./kaggletest/blbpuf2/,XC559586.ogg,15.40798185941043,0,0.0,5.0,44100,bird,1.0
733,./kaggletest/blbpuf2/,XC559586.ogg,15.40798185941043,0,10.0,5.0,44100,bird,1.0
734,./kaggletest/blbpuf2/,XC634077.ogg,38.44798185941043,0,0.0,5.0,44100,bird,1.0
735,./kaggletest/blbpuf2/,XC634077.ogg,38.44798185941043,0,5.0,5.0,44100,bird,1.0
736,./kaggletest/blbpuf2/,XC634077.ogg,38.44798185941043,0,10.0,5.0,44100,bird,1.0
737,./kaggletest/blbpuf2/,XC634077.ogg,38.44798185941043,0,15.0,5.0,44100,bird,1.0
738,./kaggletest/blbpuf2/,XC634077.ogg,38.44798185941043,0,20.0,5.0,44100,bird,1.0
739,./kaggletest/blbpuf2/,XC634077.ogg,38.44798185941043,0,25.0,5.0,44100,bird,1.0
740,./kaggletest/blbpuf2/,XC634077.ogg,38.44798185941043,0,30.0,5.0,44100,bird,1.0
741,./kaggletest/blbpuf2/,XC517366.ogg,73.84798185941042,0,0.0,5.0,44100,bird,1.0
742,./kaggletest/blbpuf2/,XC517366.ogg,73.84798185941042,0,5.0,5.0,44100,bird,1.0
743,./kaggletest/blbpuf2/,XC517366.ogg,73.84798185941042,0,10.0,5.0,44100,bird,1.0
744,./kaggletest/blbpuf2/,XC517366.ogg,73.84798185941042,0,15.0,5.0,44100,bird,1.0
745,./kaggletest/blbpuf2/,XC517366.ogg,73.84798185941042,0,20.0,5.0,44100,bird,1.0
746,./kaggletest/blbpuf2/,XC517366.ogg,73.84798185941042,0,25.0,5.0,44100,bird,1.0
747,./kaggletest/blbpuf2/,XC517366.ogg,73.84798185941042,0,30.0,5.0,44100,bird,1.0
748,./kaggletest/blbpuf2/,XC517366.ogg,73.84798185941042,0,35.0,5.0,44100,bird,1.0
749,./kaggletest/blbpuf2/,XC517366.ogg,73.84798185941042,0,40.0,5.0,44100,bird,1.0
750,./kaggletest/blbpuf2/,XC517366.ogg,73.84798185941042,0,45.0,5.0,44100,bird,1.0
751,./kaggletest/blbpuf2/,XC517366.ogg,73.84798185941042,0,50.0,5.0,44100,bird,1.0
752,./kaggletest/blbpuf2/,XC517366.ogg,73.84798185941042,0,55.0,5.0,44100,bird,1.0
753,./kaggletest/blbpuf2/,XC517366.ogg,73.84798185941042,0,60.0,5.0,44100,bird,1.0
754,./kaggletest/blbpuf2/,XC517366.ogg,73.84798185941042,0,65.0,5.0,44100,bird,1.0
755,./kaggletest/blbpuf2/,XC375828.ogg,18.143990929705215,0,0.0,5.0,44100,bird,1.0
756,./kaggletest/blbpuf2/,XC375828.ogg,18.143990929705215,0,5.0,5.0,44100,bird,1.0
757,./kaggletest/blbpuf2/,XC375828.ogg,18.143990929705215,0,10.0,5.0,44100,bird,1.0
