,FOLDER,IN FILE,CLIP LENGTH,CHANNEL,OFFSET,DURATION,SAMPLE RATE,MANUAL ID,CONFIDENCE
0,./kaggletest/blcapa2/,XC344193.ogg,19.09548752834467,0,0.0,5.0,44100,bird,1.0
1,./kaggletest/blcapa2/,XC344193.ogg,19.09548752834467,0,5.0,5.0,44100,bird,1.0
2,./kaggletest/blcapa2/,XC344193.ogg,19.09548752834467,0,10.0,5.0,44100,bird,1.0
3,./kaggletest/blcapa2/,XC753419.ogg,21.34201814058957,0,0.0,5.0,44100,bird,1.0
4,./kaggletest/blcapa2/,XC753419.ogg,21.34201814058957,0,5.0,5.0,44100,bird,1.0
5,./kaggletest/blcapa2/,XC753419.ogg,21.34201814058957,0,10.0,5.0,44100,bird,1.0
6,./kaggletest/blcapa2/,XC753419.ogg,21.34201814058957,0,15.0,5.0,44100,bird,1.0
7,./kaggletest/blcapa2/,XC753418.ogg,12.773854875283448,0,0.0,5.0,44100,bird,1.0
8,./kaggletest/blcapa2/,XC753418.ogg,12.773854875283448,0,5.0,5.0,44100,bird,1.0
9,./kaggletest/blcapa2/,XC120989.ogg,58.96798185941043,0,0.0,5.0,44100,bird,1.0
10,./kaggletest/blcapa2/,XC120989.ogg,58.96798185941043,0,5.0,5.0,44100,bird,1.0
11,./kaggletest/blcapa2/,XC120989.ogg,58.96798185941043,0,10.0,5.0,44100,bird,1.0
12,./kaggletest/blcapa2/,XC120989.ogg,58.96798185941043,0,15.0,5.0,44100,bird,1.0
13,./kaggletest/blcapa2/,XC120989.ogg,58.96798185941043,0,20.0,5.0,44100,bird,1.0
14,./kaggletest/blcapa2/,XC120989.ogg,58.96798185941043,0,25.0,5.0,44100,bird,1.0
15,./kaggletest/blcapa2/,XC120989.ogg,58.96798185941043,0,30.0,5.0,44100,bird,1.0
16,./kaggletest/blcapa2/,XC120989.ogg,58.96798185941043,0,35.0,5.0,44100,bird,1.0
17,./kaggletest/blcapa2/,XC120989.ogg,58.96798185941043,0,40.0,5.0,44100,bird,1.0
18,./kaggletest/blcapa2/,XC120989.ogg,58.96798185941043,0,45.0,5.0,44100,bird,1.0
19,./kaggletest/blcapa2/,XC120989.ogg,58.96798185941043,0,50.0,5.0,44100,bird,1.0
20,./kaggletest/blcapa2/,XC120194.ogg,28.86530612244898,0,0.0,5.0,44100,bird,1.0
21,./kaggletest/blcapa2/,XC120194.ogg,28.86530612244898,0,5.0,5.0,44100,bird,1.0
22,./kaggletest/blcapa2/,XC120194.ogg,28.86530612244898,0,10.0,5.0,44100,bird,1.0
23,./kaggletest/blcapa2/,XC120194.ogg,28.86530612244898,0,15.0,5.0,44100,bird,1.0
24,./kaggletest/blcapa2/,XC120194.ogg,28.86530612244898,0,20.0,5.0,44100,bird,1.0
25,./kaggletest/blcapa2/,XC120191.ogg,14.968140589569161,0,0.0,5.0,44100,bird,1.0
26,./kaggletest/blcapa2/,XC120193.ogg,36.8065306122449,0,0.0,5.0,44100,bird,1.0
27,./kaggletest/blcapa2/,XC120193.ogg,36.8065306122449,0,5.0,5.0,44100,bird,1.0
28,./kaggletest/blcapa2/,XC120193.ogg,36.8065306122449,0,10.0,5.0,44100,bird,1.0
29,./kaggletest/blcapa2/,XC120193.ogg,36.8065306122449,0,15.0,5.0,44100,bird,1.0
30,./kaggletest/blcapa2/,XC120193.ogg,36.8065306122449,0,20.0,5.0,44100,bird,1.0
31,./kaggletest/blcapa2/,XC120193.ogg,36.8065306122449,0,25.0,5.0,44100,bird,1.0
32,./kaggletest/blcapa2/,XC120193.ogg,36.8065306122449,0,30.0,5.0,44100,bird,1.0
33,./kaggletest/blcapa2/,XC296104.ogg,9.0,0,0.0,5.0,44100,bird,1.0
34,./kaggletest/blcapa2/,XC120192.ogg,44.878367346938774,0,0.0,5.0,44100,bird,1.0
35,./kaggletest/blcapa2/,XC120192.ogg,44.878367346938774,0,5.0,5.0,44100,bird,1.0
36,./kaggletest/blcapa2/,XC120192.ogg,44.878367346938774,0,10.0,5.0,44100,bird,1.0
37,./kaggletest/blcapa2/,XC120192.ogg,44.878367346938774,0,15.0,5.0,44100,bird,1.0
38,./kaggletest/blcapa2/,XC120192.ogg,44.878367346938774,0,20.0,5.0,44100,bird,1.0
39,./kaggletest/blcapa2/,XC120192.ogg,44.878367346938774,0,25.0,5.0,44100,bird,1.0
40,./kaggletest/blcapa2/,XC120192.ogg,44.878367346938774,0,30.0,5.0,44100,bird,1.0
41,./kaggletest/blcapa2/,XC120192.ogg,44.878367346938774,0,35.0,5.0,44100,bird,1.0
42,./kaggletest/blcapa2/,XC396524.ogg,13.583673469387755,0,0.0,5.0,44100,bird,1.0
43,./kaggletest/blcapa2/,XC396524.ogg,13.583673469387755,0,5.0,5.0,44100,bird,1.0
44,./kaggletest/blcapa2/,XC132202.ogg,53.23755102040816,0,0.0,5.0,44100,bird,1.0
45,./kaggletest/blcapa2/,XC132202.ogg,53.23755102040816,0,5.0,5.0,44100,bird,1.0
46,./kaggletest/blcapa2/,XC132202.ogg,53.23755102040816,0,10.0,5.0,44100,bird,1.0
47,./kaggletest/blcapa2/,XC132202.ogg,53.23755102040816,0,15.0,5.0,44100,bird,1.0
48,./kaggletest/blcapa2/,XC132202.ogg,53.23755102040816,0,20.0,5.0,44100,bird,1.0
49,./kaggletest/blcapa2/,XC132202.ogg,53.23755102040816,0,25.0,5.0,44100,bird,1.0
50,./kaggletest/blcapa2/,XC132202.ogg,53.23755102040816,0,30.0,5.0,44100,bird,1.0
51,./kaggletest/blcapa2/,XC132202.ogg,53.23755102040816,0,35.0,5.0,44100,bird,1.0
52,./kaggletest/blcapa2/,XC132202.ogg,53.23755102040816,0,40.0,5.0,44100,bird,1.0
53,./kaggletest/blcapa2/,XC132202.ogg,53.23755102040816,0,45.0,5.0,44100,bird,1.0
54,./kaggletest/blcapa2/,XC132203.ogg,49.606530612244896,0,0.0,5.0,44100,bird,1.0
55,./kaggletest/blcapa2/,XC132203.ogg,49.606530612244896,0,5.0,5.0,44100,bird,1.0
56,./kaggletest/blcapa2/,XC132203.ogg,49.606530612244896,0,10.0,5.0,44100,bird,1.0
57,./kaggletest/blcapa2/,XC132203.ogg,49.606530612244896,0,15.0,5.0,44100,bird,1.0
58,./kaggletest/blcapa2/,XC132203.ogg,49.606530612244896,0,20.0,5.0,44100,bird,1.0
59,./kaggletest/blcapa2/,XC132203.ogg,49.606530612244896,0,25.0,5.0,44100,bird,1.0
60,./kaggletest/blcapa2/,XC132203.ogg,49.606530612244896,0,30.0,5.0,44100,bird,1.0
61,./kaggletest/blcapa2/,XC132203.ogg,49.606530612244896,0,35.0,5.0,44100,bird,1.0
62,./kaggletest/blcapa2/,XC132203.ogg,49.606530612244896,0,40.0,5.0,44100,bird,1.0
63,./kaggletest/blcapa2/,XC364372.ogg,16.22201814058957,0,0.0,5.0,44100,bird,1.0
64,./kaggletest/blcapa2/,XC364372.ogg,16.22201814058957,0,5.0,5.0,44100,bird,1.0
65,./kaggletest/blcapa2/,XC364372.ogg,16.22201814058957,0,10.0,5.0,44100,bird,1.0
66,./kaggletest/blcapa2/,XC310036.ogg,21.393990929705215,0,0.0,5.0,44100,bird,1.0
67,./kaggletest/blcapa2/,XC310036.ogg,21.393990929705215,0,5.0,5.0,44100,bird,1.0
68,./kaggletest/blcapa2/,XC289705.ogg,37.66854875283447,0,0.0,5.0,44100,bird,1.0
69,./kaggletest/blcapa2/,XC289705.ogg,37.66854875283447,0,5.0,5.0,44100,bird,1.0
70,./kaggletest/blcapa2/,XC289705.ogg,37.66854875283447,0,10.0,5.0,44100,bird,1.0
71,./kaggletest/blcapa2/,XC289705.ogg,37.66854875283447,0,15.0,5.0,44100,bird,1.0
72,./kaggletest/blcapa2/,XC289705.ogg,37.66854875283447,0,20.0,5.0,44100,bird,1.0
73,./kaggletest/blcapa2/,XC289705.ogg,37.66854875283447,0,25.0,5.0,44100,bird,1.0
74,./kaggletest/blcapa2/,XC289705.ogg,37.66854875283447,0,30.0,5.0,44100,bird,1.0
75,./kaggletest/blcapa2/,XC365020.ogg,42.263990929705216,0,0.0,5.0,44100,bird,1.0
76,./kaggletest/blcapa2/,XC365020.ogg,42.263990929705216,0,5.0,5.0,44100,bird,1.0
77,./kaggletest/blcapa2/,XC365020.ogg,42.263990929705216,0,10.0,5.0,44100,bird,1.0
78,./kaggletest/blcapa2/,XC365020.ogg,42.263990929705216,0,15.0,5.0,44100,bird,1.0
79,./kaggletest/blcapa2/,XC365020.ogg,42.263990929705216,0,20.0,5.0,44100,bird,1.0
80,./kaggletest/blcapa2/,XC365020.ogg,42.263990929705216,0,25.0,5.0,44100,bird,1.0
81,./kaggletest/blcapa2/,XC365020.ogg,42.263990929705216,0,30.0,5.0,44100,bird,1.0
82,./kaggletest/blcapa2/,XC365020.ogg,42.263990929705216,0,35.0,5.0,44100,bird,1.0
83,./kaggletest/blcapa2/,XC590998.ogg,8.306916099773243,0,0.0,5.0,44100,bird,1.0
84,./kaggletest/blcapa2/,XC352739.ogg,48.52798185941043,0,0.0,5.0,44100,bird,1.0
85,./kaggletest/blcapa2/,XC352739.ogg,48.52798185941043,0,5.0,5.0,44100,bird,1.0
86,./kaggletest/blcapa2/,XC352739.ogg,48.52798185941043,0,10.0,5.0,44100,bird,1.0
87,./kaggletest/blcapa2/,XC352739.ogg,48.52798185941043,0,15.0,5.0,44100,bird,1.0
88,./kaggletest/blcapa2/,XC352739.ogg,48.52798185941043,0,20.0,5.0,44100,bird,1.0
89,./kaggletest/blcapa2/,XC352739.ogg,48.52798185941043,0,25.0,5.0,44100,bird,1.0
90,./kaggletest/blcapa2/,XC352739.ogg,48.52798185941043,0,30.0,5.0,44100,bird,1.0
91,./kaggletest/blcapa2/,XC352739.ogg,48.52798185941043,0,35.0,5.0,44100,bird,1.0
92,./kaggletest/blcapa2/,XC352739.ogg,48.52798185941043,0,40.0,5.0,44100,bird,1.0
93,./kaggletest/blcapa2/,XC289703.ogg,23.222834467120183,0,0.0,5.0,44100,bird,1.0
94,./kaggletest/blcapa2/,XC289703.ogg,23.222834467120183,0,5.0,5.0,44100,bird,1.0
95,./kaggletest/blcapa2/,XC289703.ogg,23.222834467120183,0,10.0,5.0,44100,bird,1.0
96,./kaggletest/blcapa2/,XC289703.ogg,23.222834467120183,0,15.0,5.0,44100,bird,1.0
97,./kaggletest/blcapa2/,XC294021.ogg,55.849773242630384,0,0.0,5.0,44100,bird,1.0
98,./kaggletest/blcapa2/,XC294021.ogg,55.849773242630384,0,5.0,5.0,44100,bird,1.0
99,./kaggletest/blcapa2/,XC294021.ogg,55.849773242630384,0,10.0,5.0,44100,bird,1.0
100,./kaggletest/blcapa2/,XC294021.ogg,55.849773242630384,0,15.0,5.0,44100,bird,1.0
101,./kaggletest/blcapa2/,XC294021.ogg,55.849773242630384,0,20.0,5.0,44100,bird,1.0
102,./kaggletest/blcapa2/,XC294021.ogg,55.849773242630384,0,25.0,5.0,44100,bird,1.0
103,./kaggletest/blcapa2/,XC294021.ogg,55.849773242630384,0,30.0,5.0,44100,bird,1.0
104,./kaggletest/blcapa2/,XC294021.ogg,55.849773242630384,0,35.0,5.0,44100,bird,1.0
105,./kaggletest/blcapa2/,XC294021.ogg,55.849773242630384,0,40.0,5.0,44100,bird,1.0
106,./kaggletest/blcapa2/,XC294021.ogg,55.849773242630384,0,45.0,5.0,44100,bird,1.0
107,./kaggletest/blcapa2/,XC294021.ogg,55.849773242630384,0,50.0,5.0,44100,bird,1.0
108,./kaggletest/blcapa2/,XC294022.ogg,32.88814058956916,0,0.0,5.0,44100,bird,1.0
109,./kaggletest/blcapa2/,XC294022.ogg,32.88814058956916,0,5.0,5.0,44100,bird,1.0
110,./kaggletest/blcapa2/,XC294022.ogg,32.88814058956916,0,10.0,5.0,44100,bird,1.0
111,./kaggletest/blcapa2/,XC294022.ogg,32.88814058956916,0,15.0,5.0,44100,bird,1.0
112,./kaggletest/blcapa2/,XC294022.ogg,32.88814058956916,0,20.0,5.0,44100,bird,1.0
113,./kaggletest/blcapa2/,XC294022.ogg,32.88814058956916,0,25.0,5.0,44100,bird,1.0
