,FOLDER,IN FILE,CLIP LENGTH,CHANNEL,OFFSET,DURATION,SAMPLE RATE,MANUAL ID,CONFIDENCE
0,./kaggletest/blksaw1/,XC516854.ogg,9.40798185941043,0,0.0,5.0,44100,bird,1.0
1,./kaggletest/blksaw1/,XC517147.ogg,21.48,0,0.0,5.0,44100,bird,1.0
2,./kaggletest/blksaw1/,XC517147.ogg,21.48,0,15.0,5.0,44100,bird,1.0
3,./kaggletest/blksaw1/,XC210013.ogg,13.583990929705216,0,0.0,5.0,44100,bird,1.0
4,./kaggletest/blksaw1/,XC210013.ogg,13.583990929705216,0,5.0,5.0,44100,bird,1.0
5,./kaggletest/blksaw1/,XC234825.ogg,7.340385487528344,0,0.0,5.0,44100,bird,1.0
6,./kaggletest/blksaw1/,XC516762.ogg,5.471995464852608,0,0.0,5.0,44100,bird,1.0
7,./kaggletest/blksaw1/,XC517138.ogg,22.295986394557822,0,0.0,5.0,44100,bird,1.0
8,./kaggletest/blksaw1/,XC517138.ogg,22.295986394557822,0,5.0,5.0,44100,bird,1.0
9,./kaggletest/blksaw1/,XC517138.ogg,22.295986394557822,0,15.0,5.0,44100,bird,1.0
10,./kaggletest/blksaw1/,XC517148.ogg,45.48,0,0.0,5.0,44100,bird,1.0
11,./kaggletest/blksaw1/,XC517148.ogg,45.48,0,5.0,5.0,44100,bird,1.0
12,./kaggletest/blksaw1/,XC517148.ogg,45.48,0,10.0,5.0,44100,bird,1.0
13,./kaggletest/blksaw1/,XC517148.ogg,45.48,0,40.0,5.0,44100,bird,1.0
14,./kaggletest/blksaw1/,XC292874.ogg,11.615986394557822,0,0.0,5.0,44100,bird,1.0
15,./kaggletest/blksaw1/,XC292874.ogg,11.615986394557822,0,5.0,5.0,44100,bird,1.0
16,./kaggletest/blksaw1/,XC517359.ogg,10.847981859410432,0,0.0,5.0,44100,bird,1.0
17,./kaggletest/blksaw1/,XC517359.ogg,10.847981859410432,0,5.0,5.0,44100,bird,1.0
18,./kaggletest/blksaw1/,XC516848.wav,5.0,0,0.0,5.0,44100,bird,1.0
19,./kaggletest/blksaw1/,XC236860.wav,5.0,0,0.0,5.0,44100,bird,1.0
