,FOLDER,IN FILE,CLIP LENGTH,CHANNEL,OFFSET,DURATION,SAMPLE RATE,MANUAL ID,CONFIDENCE
0,./kaggletest/blnwea1/,XC405745.ogg,24.42448979591837,0,0.0,5.0,44100,bird,1.0
1,./kaggletest/blnwea1/,XC405745.ogg,24.42448979591837,0,5.0,5.0,44100,bird,1.0
2,./kaggletest/blnwea1/,XC405745.ogg,24.42448979591837,0,10.0,5.0,44100,bird,1.0
3,./kaggletest/blnwea1/,XC405745.ogg,24.42448979591837,0,15.0,5.0,44100,bird,1.0
4,./kaggletest/blnwea1/,XC319127.ogg,20.37548752834467,0,0.0,5.0,44100,bird,1.0
5,./kaggletest/blnwea1/,XC319127.ogg,20.37548752834467,0,5.0,5.0,44100,bird,1.0
6,./kaggletest/blnwea1/,XC319127.ogg,20.37548752834467,0,10.0,5.0,44100,bird,1.0
7,./kaggletest/blnwea1/,XC319127.ogg,20.37548752834467,0,15.0,5.0,44100,bird,1.0
8,./kaggletest/blnwea1/,XC395652.ogg,65.33199546485261,0,0.0,5.0,44100,bird,1.0
9,./kaggletest/blnwea1/,XC395652.ogg,65.33199546485261,0,5.0,5.0,44100,bird,1.0
10,./kaggletest/blnwea1/,XC395652.ogg,65.33199546485261,0,15.0,5.0,44100,bird,1.0
11,./kaggletest/blnwea1/,XC395652.ogg,65.33199546485261,0,20.0,5.0,44100,bird,1.0
12,./kaggletest/blnwea1/,XC395652.ogg,65.33199546485261,0,25.0,5.0,44100,bird,1.0
13,./kaggletest/blnwea1/,XC395652.ogg,65.33199546485261,0,30.0,5.0,44100,bird,1.0
14,./kaggletest/blnwea1/,XC395652.ogg,65.33199546485261,0,35.0,5.0,44100,bird,1.0
15,./kaggletest/blnwea1/,XC395652.ogg,65.33199546485261,0,40.0,5.0,44100,bird,1.0
16,./kaggletest/blnwea1/,XC395652.ogg,65.33199546485261,0,45.0,5.0,44100,bird,1.0
17,./kaggletest/blnwea1/,XC395652.ogg,65.33199546485261,0,50.0,5.0,44100,bird,1.0
18,./kaggletest/blnwea1/,XC395652.ogg,65.33199546485261,0,55.0,5.0,44100,bird,1.0
19,./kaggletest/blnwea1/,XC395652.ogg,65.33199546485261,0,60.0,5.0,44100,bird,1.0
20,./kaggletest/blnwea1/,XC476157.ogg,16.24798185941043,0,0.0,5.0,44100,bird,1.0
21,./kaggletest/blnwea1/,XC476157.ogg,16.24798185941043,0,5.0,5.0,44100,bird,1.0
22,./kaggletest/blnwea1/,XC476157.ogg,16.24798185941043,0,10.0,5.0,44100,bird,1.0
23,./kaggletest/blnwea1/,XC453210.ogg,43.04897959183673,0,0.0,5.0,44100,bird,1.0
24,./kaggletest/blnwea1/,XC453210.ogg,43.04897959183673,0,5.0,5.0,44100,bird,1.0
25,./kaggletest/blnwea1/,XC453210.ogg,43.04897959183673,0,10.0,5.0,44100,bird,1.0
26,./kaggletest/blnwea1/,XC453210.ogg,43.04897959183673,0,15.0,5.0,44100,bird,1.0
27,./kaggletest/blnwea1/,XC453210.ogg,43.04897959183673,0,20.0,5.0,44100,bird,1.0
28,./kaggletest/blnwea1/,XC453210.ogg,43.04897959183673,0,25.0,5.0,44100,bird,1.0
29,./kaggletest/blnwea1/,XC453210.ogg,43.04897959183673,0,30.0,5.0,44100,bird,1.0
30,./kaggletest/blnwea1/,XC453210.ogg,43.04897959183673,0,35.0,5.0,44100,bird,1.0
31,./kaggletest/blnwea1/,XC364369.ogg,37.82530612244898,0,0.0,5.0,44100,bird,1.0
32,./kaggletest/blnwea1/,XC364369.ogg,37.82530612244898,0,5.0,5.0,44100,bird,1.0
33,./kaggletest/blnwea1/,XC364369.ogg,37.82530612244898,0,10.0,5.0,44100,bird,1.0
34,./kaggletest/blnwea1/,XC364369.ogg,37.82530612244898,0,15.0,5.0,44100,bird,1.0
35,./kaggletest/blnwea1/,XC364369.ogg,37.82530612244898,0,20.0,5.0,44100,bird,1.0
36,./kaggletest/blnwea1/,XC364369.ogg,37.82530612244898,0,25.0,5.0,44100,bird,1.0
37,./kaggletest/blnwea1/,XC364369.ogg,37.82530612244898,0,30.0,5.0,44100,bird,1.0
38,./kaggletest/blnwea1/,XC612381.ogg,40.98598639455782,0,0.0,5.0,44100,bird,1.0
39,./kaggletest/blnwea1/,XC612381.ogg,40.98598639455782,0,5.0,5.0,44100,bird,1.0
40,./kaggletest/blnwea1/,XC612381.ogg,40.98598639455782,0,10.0,5.0,44100,bird,1.0
41,./kaggletest/blnwea1/,XC612381.ogg,40.98598639455782,0,15.0,5.0,44100,bird,1.0
42,./kaggletest/blnwea1/,XC612381.ogg,40.98598639455782,0,20.0,5.0,44100,bird,1.0
43,./kaggletest/blnwea1/,XC612381.ogg,40.98598639455782,0,25.0,5.0,44100,bird,1.0
44,./kaggletest/blnwea1/,XC612381.ogg,40.98598639455782,0,30.0,5.0,44100,bird,1.0
45,./kaggletest/blnwea1/,XC612381.ogg,40.98598639455782,0,35.0,5.0,44100,bird,1.0
46,./kaggletest/blnwea1/,XC138902.ogg,34.95183673469388,0,0.0,5.0,44100,bird,1.0
47,./kaggletest/blnwea1/,XC138902.ogg,34.95183673469388,0,5.0,5.0,44100,bird,1.0
48,./kaggletest/blnwea1/,XC138902.ogg,34.95183673469388,0,10.0,5.0,44100,bird,1.0
49,./kaggletest/blnwea1/,XC138902.ogg,34.95183673469388,0,15.0,5.0,44100,bird,1.0
50,./kaggletest/blnwea1/,XC138902.ogg,34.95183673469388,0,20.0,5.0,44100,bird,1.0
51,./kaggletest/blnwea1/,XC138902.ogg,34.95183673469388,0,25.0,5.0,44100,bird,1.0
52,./kaggletest/blnwea1/,XC403545.ogg,10.031020408163265,0,0.0,5.0,44100,bird,1.0
53,./kaggletest/blnwea1/,XC403545.ogg,10.031020408163265,0,5.0,5.0,44100,bird,1.0
54,./kaggletest/blnwea1/,XC608268.ogg,7.548979591836734,0,0.0,5.0,44100,bird,1.0
55,./kaggletest/blnwea1/,XC283736.ogg,20.558367346938777,0,0.0,5.0,44100,bird,1.0
56,./kaggletest/blnwea1/,XC283736.ogg,20.558367346938777,0,5.0,5.0,44100,bird,1.0
57,./kaggletest/blnwea1/,XC283736.ogg,20.558367346938777,0,10.0,5.0,44100,bird,1.0
58,./kaggletest/blnwea1/,XC283736.ogg,20.558367346938777,0,15.0,5.0,44100,bird,1.0
59,./kaggletest/blnwea1/,XC254843.ogg,12.303673469387755,0,0.0,5.0,44100,bird,1.0
60,./kaggletest/blnwea1/,XC254843.ogg,12.303673469387755,0,5.0,5.0,44100,bird,1.0
61,./kaggletest/blnwea1/,XC603442.ogg,7.523242630385488,0,0.0,5.0,44100,bird,1.0
62,./kaggletest/blnwea1/,XC320135.ogg,34.87344671201814,0,5.0,5.0,44100,bird,1.0
63,./kaggletest/blnwea1/,XC320135.ogg,34.87344671201814,0,10.0,5.0,44100,bird,1.0
64,./kaggletest/blnwea1/,XC320135.ogg,34.87344671201814,0,15.0,5.0,44100,bird,1.0
65,./kaggletest/blnwea1/,XC320135.ogg,34.87344671201814,0,20.0,5.0,44100,bird,1.0
66,./kaggletest/blnwea1/,XC320135.ogg,34.87344671201814,0,25.0,5.0,44100,bird,1.0
67,./kaggletest/blnwea1/,XC302340.ogg,43.284897959183674,0,0.0,5.0,44100,bird,1.0
68,./kaggletest/blnwea1/,XC302340.ogg,43.284897959183674,0,5.0,5.0,44100,bird,1.0
69,./kaggletest/blnwea1/,XC302340.ogg,43.284897959183674,0,10.0,5.0,44100,bird,1.0
70,./kaggletest/blnwea1/,XC302340.ogg,43.284897959183674,0,15.0,5.0,44100,bird,1.0
71,./kaggletest/blnwea1/,XC302340.ogg,43.284897959183674,0,20.0,5.0,44100,bird,1.0
72,./kaggletest/blnwea1/,XC302340.ogg,43.284897959183674,0,25.0,5.0,44100,bird,1.0
73,./kaggletest/blnwea1/,XC302340.ogg,43.284897959183674,0,30.0,5.0,44100,bird,1.0
74,./kaggletest/blnwea1/,XC302340.ogg,43.284897959183674,0,35.0,5.0,44100,bird,1.0
75,./kaggletest/blnwea1/,XC399983.ogg,6.661201814058957,0,0.0,5.0,44100,bird,1.0
