,FOLDER,IN FILE,CLIP LENGTH,CHANNEL,OFFSET,DURATION,SAMPLE RATE,MANUAL ID,CONFIDENCE
0,./kaggletest/bltbar1/,XC216066.ogg,50.32798185941043,0,0.0,5.0,44100,bird,1.0
1,./kaggletest/bltbar1/,XC216066.ogg,50.32798185941043,0,5.0,5.0,44100,bird,1.0
2,./kaggletest/bltbar1/,XC216066.ogg,50.32798185941043,0,10.0,5.0,44100,bird,1.0
3,./kaggletest/bltbar1/,XC216066.ogg,50.32798185941043,0,15.0,5.0,44100,bird,1.0
4,./kaggletest/bltbar1/,XC216066.ogg,50.32798185941043,0,20.0,5.0,44100,bird,1.0
5,./kaggletest/bltbar1/,XC216066.ogg,50.32798185941043,0,25.0,5.0,44100,bird,1.0
6,./kaggletest/bltbar1/,XC216066.ogg,50.32798185941043,0,30.0,5.0,44100,bird,1.0
7,./kaggletest/bltbar1/,XC216066.ogg,50.32798185941043,0,35.0,5.0,44100,bird,1.0
8,./kaggletest/bltbar1/,XC216066.ogg,50.32798185941043,0,40.0,5.0,44100,bird,1.0
9,./kaggletest/bltbar1/,XC216066.ogg,50.32798185941043,0,45.0,5.0,44100,bird,1.0
10,./kaggletest/bltbar1/,XC216065.ogg,22.65598639455782,0,0.0,5.0,44100,bird,1.0
11,./kaggletest/bltbar1/,XC216065.ogg,22.65598639455782,0,5.0,5.0,44100,bird,1.0
12,./kaggletest/bltbar1/,XC216065.ogg,22.65598639455782,0,10.0,5.0,44100,bird,1.0
13,./kaggletest/bltbar1/,XC216065.ogg,22.65598639455782,0,15.0,5.0,44100,bird,1.0
14,./kaggletest/bltbar1/,XC294856.ogg,26.30530612244898,0,0.0,5.0,44100,bird,1.0
15,./kaggletest/bltbar1/,XC294856.ogg,26.30530612244898,0,5.0,5.0,44100,bird,1.0
16,./kaggletest/bltbar1/,XC294856.ogg,26.30530612244898,0,10.0,5.0,44100,bird,1.0
17,./kaggletest/bltbar1/,XC294856.ogg,26.30530612244898,0,15.0,5.0,44100,bird,1.0
18,./kaggletest/bltbar1/,XC294856.ogg,26.30530612244898,0,20.0,5.0,44100,bird,1.0
19,./kaggletest/bltbar1/,XC345086.ogg,7.026916099773243,0,0.0,5.0,44100,bird,1.0
20,./kaggletest/bltbar1/,XC172903.ogg,33.46283446712018,0,0.0,5.0,44100,bird,1.0
21,./kaggletest/bltbar1/,XC172903.ogg,33.46283446712018,0,5.0,5.0,44100,bird,1.0
22,./kaggletest/bltbar1/,XC172903.ogg,33.46283446712018,0,10.0,5.0,44100,bird,1.0
23,./kaggletest/bltbar1/,XC172903.ogg,33.46283446712018,0,15.0,5.0,44100,bird,1.0
24,./kaggletest/bltbar1/,XC172903.ogg,33.46283446712018,0,20.0,5.0,44100,bird,1.0
25,./kaggletest/bltbar1/,XC172903.ogg,33.46283446712018,0,25.0,5.0,44100,bird,1.0
26,./kaggletest/bltbar1/,XC172905.ogg,9.142834467120181,0,0.0,5.0,44100,bird,1.0
27,./kaggletest/bltbar1/,XC205263.ogg,8.463673469387755,0,0.0,5.0,44100,bird,1.0
