,FOLDER,IN FILE,CLIP LENGTH,CHANNEL,OFFSET,DURATION,SAMPLE RATE,MANUAL ID,CONFIDENCE
0,./kaggletest/bltori1/,XC753181.ogg,34.351020408163265,0,0.0,5.0,44100,bird,1.0
1,./kaggletest/bltori1/,XC753181.ogg,34.351020408163265,0,5.0,5.0,44100,bird,1.0
2,./kaggletest/bltori1/,XC753181.ogg,34.351020408163265,0,10.0,5.0,44100,bird,1.0
3,./kaggletest/bltori1/,XC753181.ogg,34.351020408163265,0,15.0,5.0,44100,bird,1.0
4,./kaggletest/bltori1/,XC753181.ogg,34.351020408163265,0,20.0,5.0,44100,bird,1.0
5,./kaggletest/bltori1/,XC753181.ogg,34.351020408163265,0,25.0,5.0,44100,bird,1.0
6,./kaggletest/bltori1/,XC537723.ogg,67.57877551020408,0,0.0,5.0,44100,bird,1.0
7,./kaggletest/bltori1/,XC537723.ogg,67.57877551020408,0,5.0,5.0,44100,bird,1.0
8,./kaggletest/bltori1/,XC537723.ogg,67.57877551020408,0,10.0,5.0,44100,bird,1.0
9,./kaggletest/bltori1/,XC537723.ogg,67.57877551020408,0,15.0,5.0,44100,bird,1.0
10,./kaggletest/bltori1/,XC537723.ogg,67.57877551020408,0,20.0,5.0,44100,bird,1.0
11,./kaggletest/bltori1/,XC537723.ogg,67.57877551020408,0,25.0,5.0,44100,bird,1.0
12,./kaggletest/bltori1/,XC537723.ogg,67.57877551020408,0,30.0,5.0,44100,bird,1.0
13,./kaggletest/bltori1/,XC537723.ogg,67.57877551020408,0,35.0,5.0,44100,bird,1.0
14,./kaggletest/bltori1/,XC537723.ogg,67.57877551020408,0,45.0,5.0,44100,bird,1.0
15,./kaggletest/bltori1/,XC537723.ogg,67.57877551020408,0,50.0,5.0,44100,bird,1.0
16,./kaggletest/bltori1/,XC537723.ogg,67.57877551020408,0,55.0,5.0,44100,bird,1.0
17,./kaggletest/bltori1/,XC537723.ogg,67.57877551020408,0,60.0,5.0,44100,bird,1.0
18,./kaggletest/bltori1/,XC467702.ogg,20.165986394557823,0,0.0,5.0,44100,bird,1.0
19,./kaggletest/bltori1/,XC467702.ogg,20.165986394557823,0,5.0,5.0,44100,bird,1.0
20,./kaggletest/bltori1/,XC467702.ogg,20.165986394557823,0,10.0,5.0,44100,bird,1.0
21,./kaggletest/bltori1/,XC467702.ogg,20.165986394557823,0,15.0,5.0,44100,bird,1.0
22,./kaggletest/bltori1/,XC236851.ogg,66.97795918367346,0,0.0,5.0,44100,bird,1.0
23,./kaggletest/bltori1/,XC236851.ogg,66.97795918367346,0,5.0,5.0,44100,bird,1.0
24,./kaggletest/bltori1/,XC236851.ogg,66.97795918367346,0,10.0,5.0,44100,bird,1.0
25,./kaggletest/bltori1/,XC236851.ogg,66.97795918367346,0,15.0,5.0,44100,bird,1.0
26,./kaggletest/bltori1/,XC236851.ogg,66.97795918367346,0,20.0,5.0,44100,bird,1.0
27,./kaggletest/bltori1/,XC236851.ogg,66.97795918367346,0,25.0,5.0,44100,bird,1.0
28,./kaggletest/bltori1/,XC236851.ogg,66.97795918367346,0,30.0,5.0,44100,bird,1.0
29,./kaggletest/bltori1/,XC236851.ogg,66.97795918367346,0,35.0,5.0,44100,bird,1.0
30,./kaggletest/bltori1/,XC236851.ogg,66.97795918367346,0,40.0,5.0,44100,bird,1.0
31,./kaggletest/bltori1/,XC236851.ogg,66.97795918367346,0,45.0,5.0,44100,bird,1.0
32,./kaggletest/bltori1/,XC236851.ogg,66.97795918367346,0,50.0,5.0,44100,bird,1.0
33,./kaggletest/bltori1/,XC236851.ogg,66.97795918367346,0,55.0,5.0,44100,bird,1.0
34,./kaggletest/bltori1/,XC236851.ogg,66.97795918367346,0,60.0,5.0,44100,bird,1.0
35,./kaggletest/bltori1/,XC756886.ogg,10.736303854875283,0,0.0,5.0,44100,bird,1.0
36,./kaggletest/bltori1/,XC756886.ogg,10.736303854875283,0,5.0,5.0,44100,bird,1.0
37,./kaggletest/bltori1/,XC700546.ogg,13.635895691609978,0,0.0,5.0,44100,bird,1.0
38,./kaggletest/bltori1/,XC700546.ogg,13.635895691609978,0,5.0,5.0,44100,bird,1.0
39,./kaggletest/bltori1/,XC239257.ogg,18.677551020408163,0,0.0,5.0,44100,bird,1.0
40,./kaggletest/bltori1/,XC239257.ogg,18.677551020408163,0,5.0,5.0,44100,bird,1.0
41,./kaggletest/bltori1/,XC239257.ogg,18.677551020408163,0,10.0,5.0,44100,bird,1.0
42,./kaggletest/bltori1/,XC157052.ogg,14.053854875283447,0,5.0,5.0,44100,bird,1.0
43,./kaggletest/bltori1/,XC488567.ogg,78.4709977324263,0,0.0,5.0,44100,bird,1.0
44,./kaggletest/bltori1/,XC488567.ogg,78.4709977324263,0,5.0,5.0,44100,bird,1.0
45,./kaggletest/bltori1/,XC488567.ogg,78.4709977324263,0,10.0,5.0,44100,bird,1.0
46,./kaggletest/bltori1/,XC488567.ogg,78.4709977324263,0,15.0,5.0,44100,bird,1.0
47,./kaggletest/bltori1/,XC488567.ogg,78.4709977324263,0,20.0,5.0,44100,bird,1.0
48,./kaggletest/bltori1/,XC488567.ogg,78.4709977324263,0,25.0,5.0,44100,bird,1.0
49,./kaggletest/bltori1/,XC488567.ogg,78.4709977324263,0,35.0,5.0,44100,bird,1.0
50,./kaggletest/bltori1/,XC488567.ogg,78.4709977324263,0,50.0,5.0,44100,bird,1.0
51,./kaggletest/bltori1/,XC488567.ogg,78.4709977324263,0,65.0,5.0,44100,bird,1.0
52,./kaggletest/bltori1/,XC487119.ogg,23.430997732426302,0,0.0,5.0,44100,bird,1.0
53,./kaggletest/bltori1/,XC487119.ogg,23.430997732426302,0,5.0,5.0,44100,bird,1.0
54,./kaggletest/bltori1/,XC487119.ogg,23.430997732426302,0,10.0,5.0,44100,bird,1.0
55,./kaggletest/bltori1/,XC487119.ogg,23.430997732426302,0,15.0,5.0,44100,bird,1.0
56,./kaggletest/bltori1/,XC239715.ogg,23.405714285714286,0,0.0,5.0,44100,bird,1.0
57,./kaggletest/bltori1/,XC239715.ogg,23.405714285714286,0,5.0,5.0,44100,bird,1.0
58,./kaggletest/bltori1/,XC239715.ogg,23.405714285714286,0,10.0,5.0,44100,bird,1.0
59,./kaggletest/bltori1/,XC239715.ogg,23.405714285714286,0,15.0,5.0,44100,bird,1.0
60,./kaggletest/bltori1/,XC237466.ogg,16.3265306122449,0,5.0,5.0,44100,bird,1.0
61,./kaggletest/bltori1/,XC237466.ogg,16.3265306122449,0,10.0,5.0,44100,bird,1.0
62,./kaggletest/bltori1/,XC747572.ogg,19.853061224489796,0,0.0,5.0,44100,bird,1.0
63,./kaggletest/bltori1/,XC747572.ogg,19.853061224489796,0,5.0,5.0,44100,bird,1.0
64,./kaggletest/bltori1/,XC747572.ogg,19.853061224489796,0,10.0,5.0,44100,bird,1.0
65,./kaggletest/bltori1/,XC537158.ogg,11.180385487528344,0,0.0,5.0,44100,bird,1.0
66,./kaggletest/bltori1/,XC537158.ogg,11.180385487528344,0,5.0,5.0,44100,bird,1.0
67,./kaggletest/bltori1/,XC289774.ogg,29.88408163265306,0,0.0,5.0,44100,bird,1.0
68,./kaggletest/bltori1/,XC289774.ogg,29.88408163265306,0,5.0,5.0,44100,bird,1.0
69,./kaggletest/bltori1/,XC289774.ogg,29.88408163265306,0,10.0,5.0,44100,bird,1.0
70,./kaggletest/bltori1/,XC289774.ogg,29.88408163265306,0,20.0,5.0,44100,bird,1.0
71,./kaggletest/bltori1/,XC239713.ogg,14.053854875283447,0,0.0,5.0,44100,bird,1.0
72,./kaggletest/bltori1/,XC239713.ogg,14.053854875283447,0,5.0,5.0,44100,bird,1.0
73,./kaggletest/bltori1/,XC247742.ogg,52.40160997732426,0,0.0,5.0,44100,bird,1.0
74,./kaggletest/bltori1/,XC247742.ogg,52.40160997732426,0,5.0,5.0,44100,bird,1.0
75,./kaggletest/bltori1/,XC247742.ogg,52.40160997732426,0,10.0,5.0,44100,bird,1.0
76,./kaggletest/bltori1/,XC247742.ogg,52.40160997732426,0,15.0,5.0,44100,bird,1.0
77,./kaggletest/bltori1/,XC247742.ogg,52.40160997732426,0,20.0,5.0,44100,bird,1.0
78,./kaggletest/bltori1/,XC247742.ogg,52.40160997732426,0,25.0,5.0,44100,bird,1.0
79,./kaggletest/bltori1/,XC247742.ogg,52.40160997732426,0,30.0,5.0,44100,bird,1.0
80,./kaggletest/bltori1/,XC247742.ogg,52.40160997732426,0,35.0,5.0,44100,bird,1.0
81,./kaggletest/bltori1/,XC396523.ogg,23.013854875283446,0,0.0,5.0,44100,bird,1.0
82,./kaggletest/bltori1/,XC396523.ogg,23.013854875283446,0,5.0,5.0,44100,bird,1.0
83,./kaggletest/bltori1/,XC396523.ogg,23.013854875283446,0,10.0,5.0,44100,bird,1.0
84,./kaggletest/bltori1/,XC396523.ogg,23.013854875283446,0,15.0,5.0,44100,bird,1.0
85,./kaggletest/bltori1/,XC342707.ogg,8.254671201814059,0,0.0,5.0,44100,bird,1.0
86,./kaggletest/bltori1/,XC236858.ogg,13.453061224489796,0,0.0,5.0,44100,bird,1.0
87,./kaggletest/bltori1/,XC236858.ogg,13.453061224489796,0,5.0,5.0,44100,bird,1.0
