,FOLDER,IN FILE,CLIP LENGTH,CHANNEL,OFFSET,DURATION,SAMPLE RATE,MANUAL ID,CONFIDENCE
0,./kaggletest/brcsta1/,XC294767.ogg,45.244081632653064,0,0.0,5.0,44100,bird,1.0
1,./kaggletest/brcsta1/,XC294767.ogg,45.244081632653064,0,5.0,5.0,44100,bird,1.0
2,./kaggletest/brcsta1/,XC294767.ogg,45.244081632653064,0,10.0,5.0,44100,bird,1.0
3,./kaggletest/brcsta1/,XC294767.ogg,45.244081632653064,0,15.0,5.0,44100,bird,1.0
4,./kaggletest/brcsta1/,XC294767.ogg,45.244081632653064,0,20.0,5.0,44100,bird,1.0
5,./kaggletest/brcsta1/,XC294767.ogg,45.244081632653064,0,25.0,5.0,44100,bird,1.0
6,./kaggletest/brcsta1/,XC294767.ogg,45.244081632653064,0,30.0,5.0,44100,bird,1.0
7,./kaggletest/brcsta1/,XC294767.ogg,45.244081632653064,0,35.0,5.0,44100,bird,1.0
8,./kaggletest/brcsta1/,XC294767.ogg,45.244081632653064,0,40.0,5.0,44100,bird,1.0
9,./kaggletest/brcsta1/,XC210319.ogg,69.64798185941044,0,0.0,5.0,44100,bird,1.0
10,./kaggletest/brcsta1/,XC210319.ogg,69.64798185941044,0,5.0,5.0,44100,bird,1.0
11,./kaggletest/brcsta1/,XC210319.ogg,69.64798185941044,0,10.0,5.0,44100,bird,1.0
12,./kaggletest/brcsta1/,XC210319.ogg,69.64798185941044,0,15.0,5.0,44100,bird,1.0
13,./kaggletest/brcsta1/,XC210319.ogg,69.64798185941044,0,20.0,5.0,44100,bird,1.0
14,./kaggletest/brcsta1/,XC210319.ogg,69.64798185941044,0,25.0,5.0,44100,bird,1.0
15,./kaggletest/brcsta1/,XC210319.ogg,69.64798185941044,0,30.0,5.0,44100,bird,1.0
16,./kaggletest/brcsta1/,XC210319.ogg,69.64798185941044,0,35.0,5.0,44100,bird,1.0
17,./kaggletest/brcsta1/,XC210319.ogg,69.64798185941044,0,40.0,5.0,44100,bird,1.0
18,./kaggletest/brcsta1/,XC210319.ogg,69.64798185941044,0,45.0,5.0,44100,bird,1.0
19,./kaggletest/brcsta1/,XC210319.ogg,69.64798185941044,0,50.0,5.0,44100,bird,1.0
20,./kaggletest/brcsta1/,XC210319.ogg,69.64798185941044,0,55.0,5.0,44100,bird,1.0
21,./kaggletest/brcsta1/,XC210319.ogg,69.64798185941044,0,60.0,5.0,44100,bird,1.0
22,./kaggletest/brcsta1/,XC210318.ogg,40.727981859410434,0,0.0,5.0,44100,bird,1.0
23,./kaggletest/brcsta1/,XC210318.ogg,40.727981859410434,0,5.0,5.0,44100,bird,1.0
24,./kaggletest/brcsta1/,XC210318.ogg,40.727981859410434,0,10.0,5.0,44100,bird,1.0
25,./kaggletest/brcsta1/,XC210318.ogg,40.727981859410434,0,15.0,5.0,44100,bird,1.0
26,./kaggletest/brcsta1/,XC210318.ogg,40.727981859410434,0,20.0,5.0,44100,bird,1.0
27,./kaggletest/brcsta1/,XC210318.ogg,40.727981859410434,0,25.0,5.0,44100,bird,1.0
28,./kaggletest/brcsta1/,XC210318.ogg,40.727981859410434,0,30.0,5.0,44100,bird,1.0
29,./kaggletest/brcsta1/,XC210318.ogg,40.727981859410434,0,35.0,5.0,44100,bird,1.0
