,FOLDER,IN FILE,CLIP LENGTH,CHANNEL,OFFSET,DURATION,SAMPLE RATE,MANUAL ID,CONFIDENCE
0,./kaggletest/brctch1/,XC132730.ogg,6.661201814058957,0,0.0,5.0,44100,bird,1.0
1,./kaggletest/brctch1/,XC459010.ogg,34.71673469387755,0,0.0,5.0,44100,bird,1.0
2,./kaggletest/brctch1/,XC459010.ogg,34.71673469387755,0,5.0,5.0,44100,bird,1.0
3,./kaggletest/brctch1/,XC459010.ogg,34.71673469387755,0,10.0,5.0,44100,bird,1.0
4,./kaggletest/brctch1/,XC459010.ogg,34.71673469387755,0,15.0,5.0,44100,bird,1.0
5,./kaggletest/brctch1/,XC459010.ogg,34.71673469387755,0,20.0,5.0,44100,bird,1.0
6,./kaggletest/brctch1/,XC459010.ogg,34.71673469387755,0,25.0,5.0,44100,bird,1.0
7,./kaggletest/brctch1/,XC344756.ogg,32.83589569160998,0,0.0,5.0,44100,bird,1.0
8,./kaggletest/brctch1/,XC344756.ogg,32.83589569160998,0,5.0,5.0,44100,bird,1.0
9,./kaggletest/brctch1/,XC344756.ogg,32.83589569160998,0,15.0,5.0,44100,bird,1.0
10,./kaggletest/brctch1/,XC344756.ogg,32.83589569160998,0,20.0,5.0,44100,bird,1.0
11,./kaggletest/brctch1/,XC344756.ogg,32.83589569160998,0,25.0,5.0,44100,bird,1.0
12,./kaggletest/brctch1/,XC652329.ogg,21.4465306122449,0,0.0,5.0,44100,bird,1.0
13,./kaggletest/brctch1/,XC652329.ogg,21.4465306122449,0,5.0,5.0,44100,bird,1.0
14,./kaggletest/brctch1/,XC652329.ogg,21.4465306122449,0,10.0,5.0,44100,bird,1.0
15,./kaggletest/brctch1/,XC652329.ogg,21.4465306122449,0,15.0,5.0,44100,bird,1.0
16,./kaggletest/brctch1/,XC247704.ogg,10.684081632653061,0,0.0,5.0,44100,bird,1.0
17,./kaggletest/brctch1/,XC247704.ogg,10.684081632653061,0,5.0,5.0,44100,bird,1.0
18,./kaggletest/brctch1/,XC428615.ogg,51.14698412698413,0,0.0,5.0,44100,bird,1.0
19,./kaggletest/brctch1/,XC428615.ogg,51.14698412698413,0,5.0,5.0,44100,bird,1.0
20,./kaggletest/brctch1/,XC428615.ogg,51.14698412698413,0,15.0,5.0,44100,bird,1.0
21,./kaggletest/brctch1/,XC428615.ogg,51.14698412698413,0,20.0,5.0,44100,bird,1.0
22,./kaggletest/brctch1/,XC428615.ogg,51.14698412698413,0,25.0,5.0,44100,bird,1.0
23,./kaggletest/brctch1/,XC428615.ogg,51.14698412698413,0,30.0,5.0,44100,bird,1.0
24,./kaggletest/brctch1/,XC428615.ogg,51.14698412698413,0,35.0,5.0,44100,bird,1.0
25,./kaggletest/brctch1/,XC428615.ogg,51.14698412698413,0,40.0,5.0,44100,bird,1.0
26,./kaggletest/brctch1/,XC428615.ogg,51.14698412698413,0,45.0,5.0,44100,bird,1.0
27,./kaggletest/brctch1/,XC610859.ogg,16.300385487528345,0,0.0,5.0,44100,bird,1.0
28,./kaggletest/brctch1/,XC610859.ogg,16.300385487528345,0,5.0,5.0,44100,bird,1.0
29,./kaggletest/brctch1/,XC610859.ogg,16.300385487528345,0,10.0,5.0,44100,bird,1.0
30,./kaggletest/brctch1/,XC611560.ogg,12.04798185941043,0,0.0,5.0,44100,bird,1.0
31,./kaggletest/brctch1/,XC611560.ogg,12.04798185941043,0,5.0,5.0,44100,bird,1.0
32,./kaggletest/brctch1/,XC464153.ogg,15.647324263038549,0,0.0,5.0,44100,bird,1.0
33,./kaggletest/brctch1/,XC464153.ogg,15.647324263038549,0,5.0,5.0,44100,bird,1.0
34,./kaggletest/brctch1/,XC464153.ogg,15.647324263038549,0,10.0,5.0,44100,bird,1.0
35,./kaggletest/brctch1/,XC723666.ogg,21.263990929705216,0,0.0,5.0,44100,bird,1.0
36,./kaggletest/brctch1/,XC723666.ogg,21.263990929705216,0,5.0,5.0,44100,bird,1.0
37,./kaggletest/brctch1/,XC723666.ogg,21.263990929705216,0,10.0,5.0,44100,bird,1.0
38,./kaggletest/brctch1/,XC723666.ogg,21.263990929705216,0,15.0,5.0,44100,bird,1.0
39,./kaggletest/brctch1/,XC682282.ogg,8.358979591836734,0,0.0,5.0,44100,bird,1.0
40,./kaggletest/brctch1/,XC444523.ogg,15.412244897959184,0,0.0,5.0,44100,bird,1.0
41,./kaggletest/brctch1/,XC444523.ogg,15.412244897959184,0,5.0,5.0,44100,bird,1.0
42,./kaggletest/brctch1/,XC444523.ogg,15.412244897959184,0,10.0,5.0,44100,bird,1.0
43,./kaggletest/brctch1/,XC688185.ogg,22.098979591836734,0,0.0,5.0,44100,bird,1.0
44,./kaggletest/brctch1/,XC688185.ogg,22.098979591836734,0,5.0,5.0,44100,bird,1.0
45,./kaggletest/brctch1/,XC688185.ogg,22.098979591836734,0,10.0,5.0,44100,bird,1.0
46,./kaggletest/brctch1/,XC688185.ogg,22.098979591836734,0,15.0,5.0,44100,bird,1.0
47,./kaggletest/brctch1/,XC397657.ogg,31.293990929705217,0,0.0,5.0,44100,bird,1.0
48,./kaggletest/brctch1/,XC397657.ogg,31.293990929705217,0,5.0,5.0,44100,bird,1.0
49,./kaggletest/brctch1/,XC397657.ogg,31.293990929705217,0,10.0,5.0,44100,bird,1.0
50,./kaggletest/brctch1/,XC397657.ogg,31.293990929705217,0,15.0,5.0,44100,bird,1.0
51,./kaggletest/brctch1/,XC397657.ogg,31.293990929705217,0,20.0,5.0,44100,bird,1.0
52,./kaggletest/brctch1/,XC397657.ogg,31.293990929705217,0,25.0,5.0,44100,bird,1.0
53,./kaggletest/brctch1/,XC622972.ogg,19.74798185941043,0,0.0,5.0,44100,bird,1.0
54,./kaggletest/brctch1/,XC622972.ogg,19.74798185941043,0,5.0,5.0,44100,bird,1.0
55,./kaggletest/brctch1/,XC622972.ogg,19.74798185941043,0,10.0,5.0,44100,bird,1.0
56,./kaggletest/brctch1/,XC627956.ogg,27.82,0,0.0,5.0,44100,bird,1.0
57,./kaggletest/brctch1/,XC627956.ogg,27.82,0,5.0,5.0,44100,bird,1.0
58,./kaggletest/brctch1/,XC627956.ogg,27.82,0,10.0,5.0,44100,bird,1.0
59,./kaggletest/brctch1/,XC627956.ogg,27.82,0,15.0,5.0,44100,bird,1.0
60,./kaggletest/brctch1/,XC627956.ogg,27.82,0,20.0,5.0,44100,bird,1.0
61,./kaggletest/brctch1/,XC348866.ogg,46.47183673469388,0,0.0,5.0,44100,bird,1.0
62,./kaggletest/brctch1/,XC348866.ogg,46.47183673469388,0,15.0,5.0,44100,bird,1.0
63,./kaggletest/brctch1/,XC348866.ogg,46.47183673469388,0,25.0,5.0,44100,bird,1.0
64,./kaggletest/brctch1/,XC348866.ogg,46.47183673469388,0,30.0,5.0,44100,bird,1.0
65,./kaggletest/brctch1/,XC348866.ogg,46.47183673469388,0,35.0,5.0,44100,bird,1.0
66,./kaggletest/brctch1/,XC519683.ogg,26.711995464852606,0,0.0,5.0,44100,bird,1.0
67,./kaggletest/brctch1/,XC519683.ogg,26.711995464852606,0,5.0,5.0,44100,bird,1.0
68,./kaggletest/brctch1/,XC519683.ogg,26.711995464852606,0,10.0,5.0,44100,bird,1.0
69,./kaggletest/brctch1/,XC519683.ogg,26.711995464852606,0,15.0,5.0,44100,bird,1.0
70,./kaggletest/brctch1/,XC519683.ogg,26.711995464852606,0,20.0,5.0,44100,bird,1.0
71,./kaggletest/brctch1/,XC592854.ogg,13.27,0,0.0,5.0,44100,bird,1.0
72,./kaggletest/brctch1/,XC592854.ogg,13.27,0,5.0,5.0,44100,bird,1.0
73,./kaggletest/brctch1/,XC378608.ogg,9.815986394557823,0,0.0,5.0,44100,bird,1.0
74,./kaggletest/brctch1/,XC586766.ogg,32.88798185941043,0,0.0,5.0,44100,bird,1.0
75,./kaggletest/brctch1/,XC586766.ogg,32.88798185941043,0,5.0,5.0,44100,bird,1.0
76,./kaggletest/brctch1/,XC586766.ogg,32.88798185941043,0,10.0,5.0,44100,bird,1.0
77,./kaggletest/brctch1/,XC586766.ogg,32.88798185941043,0,15.0,5.0,44100,bird,1.0
78,./kaggletest/brctch1/,XC586766.ogg,32.88798185941043,0,20.0,5.0,44100,bird,1.0
79,./kaggletest/brctch1/,XC586766.ogg,32.88798185941043,0,25.0,5.0,44100,bird,1.0
80,./kaggletest/brctch1/,XC600437.ogg,10.892993197278912,0,0.0,5.0,44100,bird,1.0
81,./kaggletest/brctch1/,XC600437.ogg,10.892993197278912,0,5.0,5.0,44100,bird,1.0
82,./kaggletest/brctch1/,XC613112.ogg,105.6130612244898,0,10.0,5.0,44100,bird,1.0
83,./kaggletest/brctch1/,XC613112.ogg,105.6130612244898,0,15.0,5.0,44100,bird,1.0
84,./kaggletest/brctch1/,XC613112.ogg,105.6130612244898,0,20.0,5.0,44100,bird,1.0
85,./kaggletest/brctch1/,XC613112.ogg,105.6130612244898,0,25.0,5.0,44100,bird,1.0
86,./kaggletest/brctch1/,XC613112.ogg,105.6130612244898,0,30.0,5.0,44100,bird,1.0
87,./kaggletest/brctch1/,XC613112.ogg,105.6130612244898,0,35.0,5.0,44100,bird,1.0
88,./kaggletest/brctch1/,XC613112.ogg,105.6130612244898,0,40.0,5.0,44100,bird,1.0
89,./kaggletest/brctch1/,XC613112.ogg,105.6130612244898,0,45.0,5.0,44100,bird,1.0
90,./kaggletest/brctch1/,XC613112.ogg,105.6130612244898,0,50.0,5.0,44100,bird,1.0
91,./kaggletest/brctch1/,XC613112.ogg,105.6130612244898,0,55.0,5.0,44100,bird,1.0
92,./kaggletest/brctch1/,XC613112.ogg,105.6130612244898,0,60.0,5.0,44100,bird,1.0
93,./kaggletest/brctch1/,XC613112.ogg,105.6130612244898,0,65.0,5.0,44100,bird,1.0
94,./kaggletest/brctch1/,XC613112.ogg,105.6130612244898,0,80.0,5.0,44100,bird,1.0
95,./kaggletest/brctch1/,XC613112.ogg,105.6130612244898,0,85.0,5.0,44100,bird,1.0
96,./kaggletest/brctch1/,XC613112.ogg,105.6130612244898,0,90.0,5.0,44100,bird,1.0
97,./kaggletest/brctch1/,XC613112.ogg,105.6130612244898,0,95.0,5.0,44100,bird,1.0
98,./kaggletest/brctch1/,XC613112.ogg,105.6130612244898,0,100.0,5.0,44100,bird,1.0
99,./kaggletest/brctch1/,XC545267.ogg,22.125714285714285,0,0.0,5.0,44100,bird,1.0
100,./kaggletest/brctch1/,XC545267.ogg,22.125714285714285,0,5.0,5.0,44100,bird,1.0
101,./kaggletest/brctch1/,XC545267.ogg,22.125714285714285,0,10.0,5.0,44100,bird,1.0
102,./kaggletest/brctch1/,XC545267.ogg,22.125714285714285,0,15.0,5.0,44100,bird,1.0
103,./kaggletest/brctch1/,XC627666.ogg,5.5679818594104304,0,0.0,5.0,44100,bird,1.0
104,./kaggletest/brctch1/,XC460361.ogg,35.78698412698413,0,0.0,5.0,44100,bird,1.0
105,./kaggletest/brctch1/,XC460361.ogg,35.78698412698413,0,5.0,5.0,44100,bird,1.0
106,./kaggletest/brctch1/,XC460361.ogg,35.78698412698413,0,10.0,5.0,44100,bird,1.0
107,./kaggletest/brctch1/,XC460361.ogg,35.78698412698413,0,15.0,5.0,44100,bird,1.0
108,./kaggletest/brctch1/,XC460361.ogg,35.78698412698413,0,20.0,5.0,44100,bird,1.0
109,./kaggletest/brctch1/,XC460361.ogg,35.78698412698413,0,25.0,5.0,44100,bird,1.0
110,./kaggletest/brctch1/,XC460361.ogg,35.78698412698413,0,30.0,5.0,44100,bird,1.0
111,./kaggletest/brctch1/,XC598343.ogg,6.373854875283446,0,0.0,5.0,44100,bird,1.0
112,./kaggletest/brctch1/,XC202636.ogg,30.824489795918367,0,10.0,5.0,44100,bird,1.0
113,./kaggletest/brctch1/,XC247550.ogg,36.44079365079365,0,0.0,5.0,44100,bird,1.0
114,./kaggletest/brctch1/,XC247550.ogg,36.44079365079365,0,5.0,5.0,44100,bird,1.0
115,./kaggletest/brctch1/,XC247550.ogg,36.44079365079365,0,10.0,5.0,44100,bird,1.0
116,./kaggletest/brctch1/,XC247550.ogg,36.44079365079365,0,15.0,5.0,44100,bird,1.0
117,./kaggletest/brctch1/,XC247550.ogg,36.44079365079365,0,20.0,5.0,44100,bird,1.0
118,./kaggletest/brctch1/,XC247550.ogg,36.44079365079365,0,25.0,5.0,44100,bird,1.0
119,./kaggletest/brctch1/,XC344504.ogg,35.31755102040816,0,0.0,5.0,44100,bird,1.0
120,./kaggletest/brctch1/,XC344504.ogg,35.31755102040816,0,5.0,5.0,44100,bird,1.0
121,./kaggletest/brctch1/,XC344504.ogg,35.31755102040816,0,10.0,5.0,44100,bird,1.0
122,./kaggletest/brctch1/,XC344504.ogg,35.31755102040816,0,15.0,5.0,44100,bird,1.0
123,./kaggletest/brctch1/,XC344504.ogg,35.31755102040816,0,20.0,5.0,44100,bird,1.0
124,./kaggletest/brctch1/,XC344504.ogg,35.31755102040816,0,25.0,5.0,44100,bird,1.0
125,./kaggletest/brctch1/,XC344504.ogg,35.31755102040816,0,30.0,5.0,44100,bird,1.0
126,./kaggletest/brctch1/,XC598344.ogg,16.091428571428573,0,0.0,5.0,44100,bird,1.0
127,./kaggletest/brctch1/,XC598344.ogg,16.091428571428573,0,5.0,5.0,44100,bird,1.0
128,./kaggletest/brctch1/,XC580278.ogg,15.750997732426304,0,0.0,5.0,44100,bird,1.0
129,./kaggletest/brctch1/,XC580278.ogg,15.750997732426304,0,5.0,5.0,44100,bird,1.0
130,./kaggletest/brctch1/,XC580278.ogg,15.750997732426304,0,10.0,5.0,44100,bird,1.0
131,./kaggletest/brctch1/,XC598345.ogg,20.897959183673468,0,0.0,5.0,44100,bird,1.0
132,./kaggletest/brctch1/,XC598345.ogg,20.897959183673468,0,5.0,5.0,44100,bird,1.0
133,./kaggletest/brctch1/,XC598345.ogg,20.897959183673468,0,10.0,5.0,44100,bird,1.0
134,./kaggletest/brctch1/,XC598345.ogg,20.897959183673468,0,15.0,5.0,44100,bird,1.0
135,./kaggletest/brctch1/,XC356317.ogg,6.060385487528345,0,0.0,5.0,44100,bird,1.0
136,./kaggletest/brctch1/,XC291338.ogg,48.457142857142856,0,0.0,5.0,44100,bird,1.0
137,./kaggletest/brctch1/,XC291338.ogg,48.457142857142856,0,5.0,5.0,44100,bird,1.0
138,./kaggletest/brctch1/,XC291338.ogg,48.457142857142856,0,10.0,5.0,44100,bird,1.0
139,./kaggletest/brctch1/,XC291338.ogg,48.457142857142856,0,15.0,5.0,44100,bird,1.0
140,./kaggletest/brctch1/,XC291338.ogg,48.457142857142856,0,20.0,5.0,44100,bird,1.0
141,./kaggletest/brctch1/,XC291338.ogg,48.457142857142856,0,25.0,5.0,44100,bird,1.0
142,./kaggletest/brctch1/,XC291338.ogg,48.457142857142856,0,30.0,5.0,44100,bird,1.0
143,./kaggletest/brctch1/,XC291338.ogg,48.457142857142856,0,35.0,5.0,44100,bird,1.0
144,./kaggletest/brctch1/,XC291338.ogg,48.457142857142856,0,40.0,5.0,44100,bird,1.0
145,./kaggletest/brctch1/,XC660644.ogg,27.791995464852608,0,0.0,5.0,44100,bird,1.0
146,./kaggletest/brctch1/,XC660644.ogg,27.791995464852608,0,5.0,5.0,44100,bird,1.0
147,./kaggletest/brctch1/,XC660644.ogg,27.791995464852608,0,10.0,5.0,44100,bird,1.0
148,./kaggletest/brctch1/,XC660644.ogg,27.791995464852608,0,15.0,5.0,44100,bird,1.0
149,./kaggletest/brctch1/,XC660644.ogg,27.791995464852608,0,20.0,5.0,44100,bird,1.0
150,./kaggletest/brctch1/,XC613912.ogg,26.88,0,0.0,5.0,44100,bird,1.0
151,./kaggletest/brctch1/,XC613912.ogg,26.88,0,5.0,5.0,44100,bird,1.0
152,./kaggletest/brctch1/,XC613912.ogg,26.88,0,10.0,5.0,44100,bird,1.0
153,./kaggletest/brctch1/,XC613912.ogg,26.88,0,15.0,5.0,44100,bird,1.0
154,./kaggletest/brctch1/,XC613912.ogg,26.88,0,20.0,5.0,44100,bird,1.0
155,./kaggletest/brctch1/,XC121090.ogg,20.303990929705215,0,0.0,5.0,44100,bird,1.0
156,./kaggletest/brctch1/,XC121090.ogg,20.303990929705215,0,5.0,5.0,44100,bird,1.0
157,./kaggletest/brctch1/,XC121090.ogg,20.303990929705215,0,10.0,5.0,44100,bird,1.0
158,./kaggletest/brctch1/,XC121090.ogg,20.303990929705215,0,15.0,5.0,44100,bird,1.0
159,./kaggletest/brctch1/,XC378607.ogg,9.383990929705215,0,0.0,5.0,44100,bird,1.0
160,./kaggletest/brctch1/,XC446215.ogg,9.064489795918368,0,0.0,5.0,44100,bird,1.0
161,./kaggletest/brctch1/,XC421073.ogg,29.303990929705215,0,0.0,5.0,44100,bird,1.0
162,./kaggletest/brctch1/,XC421073.ogg,29.303990929705215,0,20.0,5.0,44100,bird,1.0
163,./kaggletest/brctch1/,XC598346.ogg,24.372244897959185,0,0.0,5.0,44100,bird,1.0
164,./kaggletest/brctch1/,XC598346.ogg,24.372244897959185,0,5.0,5.0,44100,bird,1.0
165,./kaggletest/brctch1/,XC598346.ogg,24.372244897959185,0,10.0,5.0,44100,bird,1.0
166,./kaggletest/brctch1/,XC598346.ogg,24.372244897959185,0,15.0,5.0,44100,bird,1.0
167,./kaggletest/brctch1/,XC448371.ogg,45.04798185941043,0,0.0,5.0,44100,bird,1.0
168,./kaggletest/brctch1/,XC448371.ogg,45.04798185941043,0,5.0,5.0,44100,bird,1.0
169,./kaggletest/brctch1/,XC448371.ogg,45.04798185941043,0,10.0,5.0,44100,bird,1.0
170,./kaggletest/brctch1/,XC448371.ogg,45.04798185941043,0,15.0,5.0,44100,bird,1.0
171,./kaggletest/brctch1/,XC448371.ogg,45.04798185941043,0,20.0,5.0,44100,bird,1.0
172,./kaggletest/brctch1/,XC448371.ogg,45.04798185941043,0,25.0,5.0,44100,bird,1.0
173,./kaggletest/brctch1/,XC448371.ogg,45.04798185941043,0,30.0,5.0,44100,bird,1.0
174,./kaggletest/brctch1/,XC448371.ogg,45.04798185941043,0,35.0,5.0,44100,bird,1.0
175,./kaggletest/brctch1/,XC448371.ogg,45.04798185941043,0,40.0,5.0,44100,bird,1.0
176,./kaggletest/brctch1/,XC610258.ogg,24.13714285714286,0,0.0,5.0,44100,bird,1.0
177,./kaggletest/brctch1/,XC610258.ogg,24.13714285714286,0,5.0,5.0,44100,bird,1.0
178,./kaggletest/brctch1/,XC610258.ogg,24.13714285714286,0,10.0,5.0,44100,bird,1.0
179,./kaggletest/brctch1/,XC610258.ogg,24.13714285714286,0,15.0,5.0,44100,bird,1.0
180,./kaggletest/brctch1/,XC289507.ogg,95.21630385487528,0,0.0,5.0,44100,bird,1.0
181,./kaggletest/brctch1/,XC289507.ogg,95.21630385487528,0,5.0,5.0,44100,bird,1.0
182,./kaggletest/brctch1/,XC289507.ogg,95.21630385487528,0,15.0,5.0,44100,bird,1.0
183,./kaggletest/brctch1/,XC289507.ogg,95.21630385487528,0,20.0,5.0,44100,bird,1.0
184,./kaggletest/brctch1/,XC289507.ogg,95.21630385487528,0,25.0,5.0,44100,bird,1.0
185,./kaggletest/brctch1/,XC289507.ogg,95.21630385487528,0,30.0,5.0,44100,bird,1.0
186,./kaggletest/brctch1/,XC289507.ogg,95.21630385487528,0,35.0,5.0,44100,bird,1.0
187,./kaggletest/brctch1/,XC289507.ogg,95.21630385487528,0,40.0,5.0,44100,bird,1.0
188,./kaggletest/brctch1/,XC289507.ogg,95.21630385487528,0,45.0,5.0,44100,bird,1.0
189,./kaggletest/brctch1/,XC289507.ogg,95.21630385487528,0,50.0,5.0,44100,bird,1.0
190,./kaggletest/brctch1/,XC289507.ogg,95.21630385487528,0,55.0,5.0,44100,bird,1.0
191,./kaggletest/brctch1/,XC289507.ogg,95.21630385487528,0,60.0,5.0,44100,bird,1.0
192,./kaggletest/brctch1/,XC289507.ogg,95.21630385487528,0,65.0,5.0,44100,bird,1.0
193,./kaggletest/brctch1/,XC289507.ogg,95.21630385487528,0,70.0,5.0,44100,bird,1.0
194,./kaggletest/brctch1/,XC289507.ogg,95.21630385487528,0,75.0,5.0,44100,bird,1.0
195,./kaggletest/brctch1/,XC289507.ogg,95.21630385487528,0,80.0,5.0,44100,bird,1.0
196,./kaggletest/brctch1/,XC289507.ogg,95.21630385487528,0,85.0,5.0,44100,bird,1.0
197,./kaggletest/brctch1/,XC289507.ogg,95.21630385487528,0,90.0,5.0,44100,bird,1.0
198,./kaggletest/brctch1/,XC307302.ogg,59.95199546485261,0,0.0,5.0,44100,bird,1.0
199,./kaggletest/brctch1/,XC307302.ogg,59.95199546485261,0,5.0,5.0,44100,bird,1.0
200,./kaggletest/brctch1/,XC307302.ogg,59.95199546485261,0,10.0,5.0,44100,bird,1.0
201,./kaggletest/brctch1/,XC307302.ogg,59.95199546485261,0,15.0,5.0,44100,bird,1.0
202,./kaggletest/brctch1/,XC307302.ogg,59.95199546485261,0,25.0,5.0,44100,bird,1.0
203,./kaggletest/brctch1/,XC307302.ogg,59.95199546485261,0,30.0,5.0,44100,bird,1.0
204,./kaggletest/brctch1/,XC307302.ogg,59.95199546485261,0,35.0,5.0,44100,bird,1.0
205,./kaggletest/brctch1/,XC307302.ogg,59.95199546485261,0,40.0,5.0,44100,bird,1.0
206,./kaggletest/brctch1/,XC307302.ogg,59.95199546485261,0,45.0,5.0,44100,bird,1.0
207,./kaggletest/brctch1/,XC307302.ogg,59.95199546485261,0,50.0,5.0,44100,bird,1.0
208,./kaggletest/brctch1/,XC289506.ogg,58.723242630385485,0,0.0,5.0,44100,bird,1.0
209,./kaggletest/brctch1/,XC289506.ogg,58.723242630385485,0,5.0,5.0,44100,bird,1.0
210,./kaggletest/brctch1/,XC289506.ogg,58.723242630385485,0,10.0,5.0,44100,bird,1.0
211,./kaggletest/brctch1/,XC289506.ogg,58.723242630385485,0,15.0,5.0,44100,bird,1.0
212,./kaggletest/brctch1/,XC289506.ogg,58.723242630385485,0,20.0,5.0,44100,bird,1.0
213,./kaggletest/brctch1/,XC289506.ogg,58.723242630385485,0,25.0,5.0,44100,bird,1.0
214,./kaggletest/brctch1/,XC289506.ogg,58.723242630385485,0,30.0,5.0,44100,bird,1.0
215,./kaggletest/brctch1/,XC289506.ogg,58.723242630385485,0,35.0,5.0,44100,bird,1.0
216,./kaggletest/brctch1/,XC289506.ogg,58.723242630385485,0,40.0,5.0,44100,bird,1.0
217,./kaggletest/brctch1/,XC289506.ogg,58.723242630385485,0,45.0,5.0,44100,bird,1.0
218,./kaggletest/brctch1/,XC289506.ogg,58.723242630385485,0,50.0,5.0,44100,bird,1.0
219,./kaggletest/brctch1/,XC404294.ogg,89.05099773242631,0,0.0,5.0,44100,bird,1.0
220,./kaggletest/brctch1/,XC404294.ogg,89.05099773242631,0,5.0,5.0,44100,bird,1.0
221,./kaggletest/brctch1/,XC404294.ogg,89.05099773242631,0,10.0,5.0,44100,bird,1.0
222,./kaggletest/brctch1/,XC404294.ogg,89.05099773242631,0,15.0,5.0,44100,bird,1.0
223,./kaggletest/brctch1/,XC404294.ogg,89.05099773242631,0,20.0,5.0,44100,bird,1.0
224,./kaggletest/brctch1/,XC404294.ogg,89.05099773242631,0,25.0,5.0,44100,bird,1.0
225,./kaggletest/brctch1/,XC404294.ogg,89.05099773242631,0,30.0,5.0,44100,bird,1.0
226,./kaggletest/brctch1/,XC404294.ogg,89.05099773242631,0,40.0,5.0,44100,bird,1.0
227,./kaggletest/brctch1/,XC404294.ogg,89.05099773242631,0,45.0,5.0,44100,bird,1.0
228,./kaggletest/brctch1/,XC404294.ogg,89.05099773242631,0,50.0,5.0,44100,bird,1.0
229,./kaggletest/brctch1/,XC404294.ogg,89.05099773242631,0,55.0,5.0,44100,bird,1.0
230,./kaggletest/brctch1/,XC404294.ogg,89.05099773242631,0,60.0,5.0,44100,bird,1.0
231,./kaggletest/brctch1/,XC404294.ogg,89.05099773242631,0,65.0,5.0,44100,bird,1.0
232,./kaggletest/brctch1/,XC404294.ogg,89.05099773242631,0,70.0,5.0,44100,bird,1.0
233,./kaggletest/brctch1/,XC404294.ogg,89.05099773242631,0,75.0,5.0,44100,bird,1.0
234,./kaggletest/brctch1/,XC404294.ogg,89.05099773242631,0,80.0,5.0,44100,bird,1.0
235,./kaggletest/brctch1/,XC512190.ogg,15.02,0,0.0,5.0,44100,bird,1.0
236,./kaggletest/brctch1/,XC512190.ogg,15.02,0,5.0,5.0,44100,bird,1.0
237,./kaggletest/brctch1/,XC512190.ogg,15.02,0,10.0,5.0,44100,bird,1.0
238,./kaggletest/brctch1/,XC622968.ogg,19.773990929705214,0,0.0,5.0,44100,bird,1.0
239,./kaggletest/brctch1/,XC622968.ogg,19.773990929705214,0,5.0,5.0,44100,bird,1.0
240,./kaggletest/brctch1/,XC622968.ogg,19.773990929705214,0,10.0,5.0,44100,bird,1.0
241,./kaggletest/brctch1/,XC418719.ogg,7.706122448979592,0,0.0,5.0,44100,bird,1.0
242,./kaggletest/brctch1/,XC247278.ogg,84.55836734693878,0,0.0,5.0,44100,bird,1.0
243,./kaggletest/brctch1/,XC247278.ogg,84.55836734693878,0,5.0,5.0,44100,bird,1.0
244,./kaggletest/brctch1/,XC247278.ogg,84.55836734693878,0,10.0,5.0,44100,bird,1.0
245,./kaggletest/brctch1/,XC247278.ogg,84.55836734693878,0,20.0,5.0,44100,bird,1.0
246,./kaggletest/brctch1/,XC247278.ogg,84.55836734693878,0,25.0,5.0,44100,bird,1.0
247,./kaggletest/brctch1/,XC247278.ogg,84.55836734693878,0,30.0,5.0,44100,bird,1.0
248,./kaggletest/brctch1/,XC247278.ogg,84.55836734693878,0,35.0,5.0,44100,bird,1.0
249,./kaggletest/brctch1/,XC247278.ogg,84.55836734693878,0,40.0,5.0,44100,bird,1.0
250,./kaggletest/brctch1/,XC247278.ogg,84.55836734693878,0,45.0,5.0,44100,bird,1.0
251,./kaggletest/brctch1/,XC247278.ogg,84.55836734693878,0,50.0,5.0,44100,bird,1.0
252,./kaggletest/brctch1/,XC247278.ogg,84.55836734693878,0,55.0,5.0,44100,bird,1.0
253,./kaggletest/brctch1/,XC247278.ogg,84.55836734693878,0,65.0,5.0,44100,bird,1.0
254,./kaggletest/brctch1/,XC247278.ogg,84.55836734693878,0,70.0,5.0,44100,bird,1.0
255,./kaggletest/brctch1/,XC247278.ogg,84.55836734693878,0,75.0,5.0,44100,bird,1.0
256,./kaggletest/brctch1/,XC315729.ogg,28.943673469387754,0,0.0,5.0,44100,bird,1.0
257,./kaggletest/brctch1/,XC315729.ogg,28.943673469387754,0,5.0,5.0,44100,bird,1.0
258,./kaggletest/brctch1/,XC315729.ogg,28.943673469387754,0,10.0,5.0,44100,bird,1.0
259,./kaggletest/brctch1/,XC315729.ogg,28.943673469387754,0,15.0,5.0,44100,bird,1.0
260,./kaggletest/brctch1/,XC315729.ogg,28.943673469387754,0,20.0,5.0,44100,bird,1.0
261,./kaggletest/brctch1/,XC444461.ogg,23.196734693877552,0,0.0,5.0,44100,bird,1.0
262,./kaggletest/brctch1/,XC444461.ogg,23.196734693877552,0,5.0,5.0,44100,bird,1.0
263,./kaggletest/brctch1/,XC444461.ogg,23.196734693877552,0,10.0,5.0,44100,bird,1.0
264,./kaggletest/brctch1/,XC444461.ogg,23.196734693877552,0,15.0,5.0,44100,bird,1.0
265,./kaggletest/brctch1/,XC270159.ogg,8.045714285714286,0,0.0,5.0,44100,bird,1.0
266,./kaggletest/brctch1/,XC444138.ogg,49.68489795918367,0,0.0,5.0,44100,bird,1.0
267,./kaggletest/brctch1/,XC444138.ogg,49.68489795918367,0,15.0,5.0,44100,bird,1.0
268,./kaggletest/brctch1/,XC444138.ogg,49.68489795918367,0,20.0,5.0,44100,bird,1.0
269,./kaggletest/brctch1/,XC444138.ogg,49.68489795918367,0,25.0,5.0,44100,bird,1.0
270,./kaggletest/brctch1/,XC205673.ogg,18.390204081632653,0,5.0,5.0,44100,bird,1.0
271,./kaggletest/brctch1/,XC205673.ogg,18.390204081632653,0,10.0,5.0,44100,bird,1.0
