,FOLDER,IN FILE,CLIP LENGTH,CHANNEL,OFFSET,DURATION,SAMPLE RATE,MANUAL ID,CONFIDENCE
0,./kaggletest/broman1/,XC487553.ogg,14.663990929705216,0,0.0,5.0,44100,bird,1.0
1,./kaggletest/broman1/,XC487553.ogg,14.663990929705216,0,5.0,5.0,44100,bird,1.0
2,./kaggletest/broman1/,XC359074.ogg,28.34199546485261,0,0.0,5.0,44100,bird,1.0
3,./kaggletest/broman1/,XC359074.ogg,28.34199546485261,0,5.0,5.0,44100,bird,1.0
4,./kaggletest/broman1/,XC359074.ogg,28.34199546485261,0,10.0,5.0,44100,bird,1.0
5,./kaggletest/broman1/,XC359074.ogg,28.34199546485261,0,15.0,5.0,44100,bird,1.0
6,./kaggletest/broman1/,XC359074.ogg,28.34199546485261,0,20.0,5.0,44100,bird,1.0
7,./kaggletest/broman1/,XC372191.ogg,31.764897959183674,0,0.0,5.0,44100,bird,1.0
8,./kaggletest/broman1/,XC372191.ogg,31.764897959183674,0,5.0,5.0,44100,bird,1.0
9,./kaggletest/broman1/,XC372191.ogg,31.764897959183674,0,10.0,5.0,44100,bird,1.0
10,./kaggletest/broman1/,XC372191.ogg,31.764897959183674,0,15.0,5.0,44100,bird,1.0
11,./kaggletest/broman1/,XC372191.ogg,31.764897959183674,0,20.0,5.0,44100,bird,1.0
12,./kaggletest/broman1/,XC372191.ogg,31.764897959183674,0,25.0,5.0,44100,bird,1.0
13,./kaggletest/broman1/,XC368136.ogg,144.06498866213153,0,65.0,5.0,44100,bird,1.0
14,./kaggletest/broman1/,XC368136.ogg,144.06498866213153,0,85.0,5.0,44100,bird,1.0
15,./kaggletest/broman1/,XC368136.ogg,144.06498866213153,0,90.0,5.0,44100,bird,1.0
16,./kaggletest/broman1/,XC368136.ogg,144.06498866213153,0,95.0,5.0,44100,bird,1.0
17,./kaggletest/broman1/,XC253598.ogg,33.436734693877554,0,5.0,5.0,44100,bird,1.0
18,./kaggletest/broman1/,XC253598.ogg,33.436734693877554,0,15.0,5.0,44100,bird,1.0
19,./kaggletest/broman1/,XC372184.ogg,17.136303854875283,0,0.0,5.0,44100,bird,1.0
20,./kaggletest/broman1/,XC372184.ogg,17.136303854875283,0,5.0,5.0,44100,bird,1.0
21,./kaggletest/broman1/,XC372184.ogg,17.136303854875283,0,10.0,5.0,44100,bird,1.0
22,./kaggletest/broman1/,XC278132.ogg,23.807981859410432,0,0.0,5.0,44100,bird,1.0
23,./kaggletest/broman1/,XC278132.ogg,23.807981859410432,0,5.0,5.0,44100,bird,1.0
24,./kaggletest/broman1/,XC278132.ogg,23.807981859410432,0,10.0,5.0,44100,bird,1.0
25,./kaggletest/broman1/,XC278132.ogg,23.807981859410432,0,15.0,5.0,44100,bird,1.0
26,./kaggletest/broman1/,XC659643.ogg,12.335986394557823,0,0.0,5.0,44100,bird,1.0
27,./kaggletest/broman1/,XC659643.ogg,12.335986394557823,0,5.0,5.0,44100,bird,1.0
28,./kaggletest/broman1/,XC755468.ogg,90.06154195011338,0,0.0,5.0,44100,bird,1.0
29,./kaggletest/broman1/,XC755468.ogg,90.06154195011338,0,5.0,5.0,44100,bird,1.0
30,./kaggletest/broman1/,XC755468.ogg,90.06154195011338,0,10.0,5.0,44100,bird,1.0
31,./kaggletest/broman1/,XC755468.ogg,90.06154195011338,0,15.0,5.0,44100,bird,1.0
32,./kaggletest/broman1/,XC755468.ogg,90.06154195011338,0,20.0,5.0,44100,bird,1.0
33,./kaggletest/broman1/,XC755468.ogg,90.06154195011338,0,25.0,5.0,44100,bird,1.0
34,./kaggletest/broman1/,XC755468.ogg,90.06154195011338,0,30.0,5.0,44100,bird,1.0
35,./kaggletest/broman1/,XC755468.ogg,90.06154195011338,0,35.0,5.0,44100,bird,1.0
36,./kaggletest/broman1/,XC755468.ogg,90.06154195011338,0,40.0,5.0,44100,bird,1.0
37,./kaggletest/broman1/,XC755468.ogg,90.06154195011338,0,45.0,5.0,44100,bird,1.0
38,./kaggletest/broman1/,XC755468.ogg,90.06154195011338,0,50.0,5.0,44100,bird,1.0
39,./kaggletest/broman1/,XC755468.ogg,90.06154195011338,0,60.0,5.0,44100,bird,1.0
40,./kaggletest/broman1/,XC755468.ogg,90.06154195011338,0,65.0,5.0,44100,bird,1.0
41,./kaggletest/broman1/,XC755468.ogg,90.06154195011338,0,70.0,5.0,44100,bird,1.0
42,./kaggletest/broman1/,XC755468.ogg,90.06154195011338,0,75.0,5.0,44100,bird,1.0
43,./kaggletest/broman1/,XC755468.ogg,90.06154195011338,0,80.0,5.0,44100,bird,1.0
44,./kaggletest/broman1/,XC755468.ogg,90.06154195011338,0,85.0,5.0,44100,bird,1.0
45,./kaggletest/broman1/,XC645337.ogg,21.13299319727891,0,0.0,5.0,44100,bird,1.0
46,./kaggletest/broman1/,XC645337.ogg,21.13299319727891,0,5.0,5.0,44100,bird,1.0
47,./kaggletest/broman1/,XC645337.ogg,21.13299319727891,0,10.0,5.0,44100,bird,1.0
48,./kaggletest/broman1/,XC645337.ogg,21.13299319727891,0,15.0,5.0,44100,bird,1.0
49,./kaggletest/broman1/,XC303022.ogg,5.087981859410431,0,0.0,5.0,44100,bird,1.0
50,./kaggletest/broman1/,XC116734.ogg,64.23507936507937,0,0.0,5.0,44100,bird,1.0
51,./kaggletest/broman1/,XC116734.ogg,64.23507936507937,0,5.0,5.0,44100,bird,1.0
52,./kaggletest/broman1/,XC116734.ogg,64.23507936507937,0,10.0,5.0,44100,bird,1.0
53,./kaggletest/broman1/,XC116734.ogg,64.23507936507937,0,15.0,5.0,44100,bird,1.0
54,./kaggletest/broman1/,XC116734.ogg,64.23507936507937,0,20.0,5.0,44100,bird,1.0
55,./kaggletest/broman1/,XC116734.ogg,64.23507936507937,0,25.0,5.0,44100,bird,1.0
56,./kaggletest/broman1/,XC116734.ogg,64.23507936507937,0,30.0,5.0,44100,bird,1.0
57,./kaggletest/broman1/,XC116734.ogg,64.23507936507937,0,35.0,5.0,44100,bird,1.0
58,./kaggletest/broman1/,XC116734.ogg,64.23507936507937,0,40.0,5.0,44100,bird,1.0
59,./kaggletest/broman1/,XC116734.ogg,64.23507936507937,0,45.0,5.0,44100,bird,1.0
60,./kaggletest/broman1/,XC116734.ogg,64.23507936507937,0,50.0,5.0,44100,bird,1.0
61,./kaggletest/broman1/,XC116734.ogg,64.23507936507937,0,55.0,5.0,44100,bird,1.0
62,./kaggletest/broman1/,XC235251.ogg,10.52732426303855,0,0.0,5.0,44100,bird,1.0
63,./kaggletest/broman1/,XC235251.ogg,10.52732426303855,0,5.0,5.0,44100,bird,1.0
64,./kaggletest/broman1/,XC429755.ogg,50.855986394557824,0,0.0,5.0,44100,bird,1.0
65,./kaggletest/broman1/,XC429755.ogg,50.855986394557824,0,5.0,5.0,44100,bird,1.0
66,./kaggletest/broman1/,XC429755.ogg,50.855986394557824,0,10.0,5.0,44100,bird,1.0
67,./kaggletest/broman1/,XC429755.ogg,50.855986394557824,0,15.0,5.0,44100,bird,1.0
68,./kaggletest/broman1/,XC429755.ogg,50.855986394557824,0,20.0,5.0,44100,bird,1.0
69,./kaggletest/broman1/,XC429755.ogg,50.855986394557824,0,25.0,5.0,44100,bird,1.0
70,./kaggletest/broman1/,XC429755.ogg,50.855986394557824,0,30.0,5.0,44100,bird,1.0
71,./kaggletest/broman1/,XC429755.ogg,50.855986394557824,0,35.0,5.0,44100,bird,1.0
72,./kaggletest/broman1/,XC429755.ogg,50.855986394557824,0,40.0,5.0,44100,bird,1.0
73,./kaggletest/broman1/,XC429755.ogg,50.855986394557824,0,45.0,5.0,44100,bird,1.0
74,./kaggletest/broman1/,XC453211.ogg,31.293990929705217,0,0.0,5.0,44100,bird,1.0
75,./kaggletest/broman1/,XC453211.ogg,31.293990929705217,0,5.0,5.0,44100,bird,1.0
76,./kaggletest/broman1/,XC453211.ogg,31.293990929705217,0,10.0,5.0,44100,bird,1.0
77,./kaggletest/broman1/,XC453211.ogg,31.293990929705217,0,15.0,5.0,44100,bird,1.0
78,./kaggletest/broman1/,XC453211.ogg,31.293990929705217,0,20.0,5.0,44100,bird,1.0
79,./kaggletest/broman1/,XC453211.ogg,31.293990929705217,0,25.0,5.0,44100,bird,1.0
80,./kaggletest/broman1/,XC598348.ogg,24.03265306122449,0,0.0,5.0,44100,bird,1.0
81,./kaggletest/broman1/,XC598348.ogg,24.03265306122449,0,5.0,5.0,44100,bird,1.0
82,./kaggletest/broman1/,XC598348.ogg,24.03265306122449,0,10.0,5.0,44100,bird,1.0
83,./kaggletest/broman1/,XC598348.ogg,24.03265306122449,0,15.0,5.0,44100,bird,1.0
84,./kaggletest/broman1/,XC315020.ogg,13.007981859410432,0,0.0,5.0,44100,bird,1.0
85,./kaggletest/broman1/,XC315020.ogg,13.007981859410432,0,5.0,5.0,44100,bird,1.0
86,./kaggletest/broman1/,XC445070.ogg,25.155895691609977,0,0.0,5.0,44100,bird,1.0
87,./kaggletest/broman1/,XC445070.ogg,25.155895691609977,0,5.0,5.0,44100,bird,1.0
88,./kaggletest/broman1/,XC445070.ogg,25.155895691609977,0,10.0,5.0,44100,bird,1.0
89,./kaggletest/broman1/,XC445070.ogg,25.155895691609977,0,15.0,5.0,44100,bird,1.0
90,./kaggletest/broman1/,XC445070.ogg,25.155895691609977,0,20.0,5.0,44100,bird,1.0
91,./kaggletest/broman1/,XC429753.ogg,64.77598639455782,0,0.0,5.0,44100,bird,1.0
92,./kaggletest/broman1/,XC429753.ogg,64.77598639455782,0,5.0,5.0,44100,bird,1.0
93,./kaggletest/broman1/,XC429753.ogg,64.77598639455782,0,10.0,5.0,44100,bird,1.0
94,./kaggletest/broman1/,XC429753.ogg,64.77598639455782,0,15.0,5.0,44100,bird,1.0
95,./kaggletest/broman1/,XC429753.ogg,64.77598639455782,0,20.0,5.0,44100,bird,1.0
96,./kaggletest/broman1/,XC429753.ogg,64.77598639455782,0,25.0,5.0,44100,bird,1.0
97,./kaggletest/broman1/,XC429753.ogg,64.77598639455782,0,30.0,5.0,44100,bird,1.0
98,./kaggletest/broman1/,XC429753.ogg,64.77598639455782,0,35.0,5.0,44100,bird,1.0
99,./kaggletest/broman1/,XC429753.ogg,64.77598639455782,0,40.0,5.0,44100,bird,1.0
100,./kaggletest/broman1/,XC429753.ogg,64.77598639455782,0,45.0,5.0,44100,bird,1.0
101,./kaggletest/broman1/,XC429753.ogg,64.77598639455782,0,50.0,5.0,44100,bird,1.0
102,./kaggletest/broman1/,XC429753.ogg,64.77598639455782,0,55.0,5.0,44100,bird,1.0
103,./kaggletest/broman1/,XC607402.ogg,27.335986394557825,0,0.0,5.0,44100,bird,1.0
104,./kaggletest/broman1/,XC607402.ogg,27.335986394557825,0,5.0,5.0,44100,bird,1.0
105,./kaggletest/broman1/,XC607402.ogg,27.335986394557825,0,10.0,5.0,44100,bird,1.0
106,./kaggletest/broman1/,XC607402.ogg,27.335986394557825,0,15.0,5.0,44100,bird,1.0
107,./kaggletest/broman1/,XC607402.ogg,27.335986394557825,0,20.0,5.0,44100,bird,1.0
108,./kaggletest/broman1/,XC120623.ogg,12.956734693877552,0,0.0,5.0,44100,bird,1.0
109,./kaggletest/broman1/,XC120623.ogg,12.956734693877552,0,5.0,5.0,44100,bird,1.0
110,./kaggletest/broman1/,XC288065.ogg,26.984489795918368,0,5.0,5.0,44100,bird,1.0
111,./kaggletest/broman1/,XC288065.ogg,26.984489795918368,0,10.0,5.0,44100,bird,1.0
112,./kaggletest/broman1/,XC288065.ogg,26.984489795918368,0,20.0,5.0,44100,bird,1.0
113,./kaggletest/broman1/,XC590640.ogg,26.52,0,0.0,5.0,44100,bird,1.0
114,./kaggletest/broman1/,XC590640.ogg,26.52,0,5.0,5.0,44100,bird,1.0
115,./kaggletest/broman1/,XC590640.ogg,26.52,0,10.0,5.0,44100,bird,1.0
116,./kaggletest/broman1/,XC590640.ogg,26.52,0,15.0,5.0,44100,bird,1.0
117,./kaggletest/broman1/,XC590640.ogg,26.52,0,20.0,5.0,44100,bird,1.0
118,./kaggletest/broman1/,XC585261.ogg,13.055986394557824,0,0.0,5.0,44100,bird,1.0
119,./kaggletest/broman1/,XC585261.ogg,13.055986394557824,0,5.0,5.0,44100,bird,1.0
120,./kaggletest/broman1/,XC347608.ogg,5.3028344671201815,0,0.0,5.0,44100,bird,1.0
121,./kaggletest/broman1/,XC326584.ogg,6.608956916099773,0,0.0,5.0,44100,bird,1.0
122,./kaggletest/broman1/,XC348467.ogg,6.451995464852608,0,0.0,5.0,44100,bird,1.0
123,./kaggletest/broman1/,XC206286.ogg,6.948548752834467,0,0.0,5.0,44100,bird,1.0
124,./kaggletest/broman1/,XC453157.ogg,56.19598639455782,0,0.0,5.0,44100,bird,1.0
125,./kaggletest/broman1/,XC453157.ogg,56.19598639455782,0,5.0,5.0,44100,bird,1.0
126,./kaggletest/broman1/,XC453157.ogg,56.19598639455782,0,10.0,5.0,44100,bird,1.0
127,./kaggletest/broman1/,XC453157.ogg,56.19598639455782,0,15.0,5.0,44100,bird,1.0
128,./kaggletest/broman1/,XC453157.ogg,56.19598639455782,0,20.0,5.0,44100,bird,1.0
129,./kaggletest/broman1/,XC453157.ogg,56.19598639455782,0,25.0,5.0,44100,bird,1.0
130,./kaggletest/broman1/,XC453157.ogg,56.19598639455782,0,30.0,5.0,44100,bird,1.0
131,./kaggletest/broman1/,XC453157.ogg,56.19598639455782,0,35.0,5.0,44100,bird,1.0
132,./kaggletest/broman1/,XC453157.ogg,56.19598639455782,0,40.0,5.0,44100,bird,1.0
133,./kaggletest/broman1/,XC453157.ogg,56.19598639455782,0,45.0,5.0,44100,bird,1.0
134,./kaggletest/broman1/,XC453157.ogg,56.19598639455782,0,50.0,5.0,44100,bird,1.0
135,./kaggletest/broman1/,XC569692.ogg,57.5209977324263,0,0.0,5.0,44100,bird,1.0
136,./kaggletest/broman1/,XC569692.ogg,57.5209977324263,0,5.0,5.0,44100,bird,1.0
137,./kaggletest/broman1/,XC569692.ogg,57.5209977324263,0,15.0,5.0,44100,bird,1.0
138,./kaggletest/broman1/,XC569692.ogg,57.5209977324263,0,20.0,5.0,44100,bird,1.0
139,./kaggletest/broman1/,XC569692.ogg,57.5209977324263,0,25.0,5.0,44100,bird,1.0
140,./kaggletest/broman1/,XC569692.ogg,57.5209977324263,0,30.0,5.0,44100,bird,1.0
141,./kaggletest/broman1/,XC569692.ogg,57.5209977324263,0,35.0,5.0,44100,bird,1.0
142,./kaggletest/broman1/,XC569692.ogg,57.5209977324263,0,40.0,5.0,44100,bird,1.0
143,./kaggletest/broman1/,XC569692.ogg,57.5209977324263,0,50.0,5.0,44100,bird,1.0
144,./kaggletest/broman1/,XC125451.ogg,8.542018140589569,0,0.0,5.0,44100,bird,1.0
145,./kaggletest/broman1/,XC294948.ogg,20.845714285714287,0,0.0,5.0,44100,bird,1.0
146,./kaggletest/broman1/,XC294948.ogg,20.845714285714287,0,5.0,5.0,44100,bird,1.0
147,./kaggletest/broman1/,XC294948.ogg,20.845714285714287,0,10.0,5.0,44100,bird,1.0
148,./kaggletest/broman1/,XC294948.ogg,20.845714285714287,0,15.0,5.0,44100,bird,1.0
149,./kaggletest/broman1/,XC605875.ogg,74.13598639455782,0,0.0,5.0,44100,bird,1.0
150,./kaggletest/broman1/,XC605875.ogg,74.13598639455782,0,5.0,5.0,44100,bird,1.0
151,./kaggletest/broman1/,XC605875.ogg,74.13598639455782,0,10.0,5.0,44100,bird,1.0
152,./kaggletest/broman1/,XC605875.ogg,74.13598639455782,0,15.0,5.0,44100,bird,1.0
153,./kaggletest/broman1/,XC605875.ogg,74.13598639455782,0,20.0,5.0,44100,bird,1.0
154,./kaggletest/broman1/,XC605875.ogg,74.13598639455782,0,25.0,5.0,44100,bird,1.0
155,./kaggletest/broman1/,XC605875.ogg,74.13598639455782,0,30.0,5.0,44100,bird,1.0
156,./kaggletest/broman1/,XC605875.ogg,74.13598639455782,0,35.0,5.0,44100,bird,1.0
157,./kaggletest/broman1/,XC605875.ogg,74.13598639455782,0,40.0,5.0,44100,bird,1.0
158,./kaggletest/broman1/,XC605875.ogg,74.13598639455782,0,45.0,5.0,44100,bird,1.0
159,./kaggletest/broman1/,XC605875.ogg,74.13598639455782,0,50.0,5.0,44100,bird,1.0
160,./kaggletest/broman1/,XC605875.ogg,74.13598639455782,0,55.0,5.0,44100,bird,1.0
161,./kaggletest/broman1/,XC605875.ogg,74.13598639455782,0,60.0,5.0,44100,bird,1.0
162,./kaggletest/broman1/,XC605875.ogg,74.13598639455782,0,65.0,5.0,44100,bird,1.0
163,./kaggletest/broman1/,XC403663.ogg,47.15102040816326,0,0.0,5.0,44100,bird,1.0
164,./kaggletest/broman1/,XC403663.ogg,47.15102040816326,0,5.0,5.0,44100,bird,1.0
165,./kaggletest/broman1/,XC403663.ogg,47.15102040816326,0,10.0,5.0,44100,bird,1.0
166,./kaggletest/broman1/,XC403663.ogg,47.15102040816326,0,15.0,5.0,44100,bird,1.0
167,./kaggletest/broman1/,XC403663.ogg,47.15102040816326,0,20.0,5.0,44100,bird,1.0
168,./kaggletest/broman1/,XC403663.ogg,47.15102040816326,0,25.0,5.0,44100,bird,1.0
169,./kaggletest/broman1/,XC403663.ogg,47.15102040816326,0,30.0,5.0,44100,bird,1.0
170,./kaggletest/broman1/,XC403663.ogg,47.15102040816326,0,35.0,5.0,44100,bird,1.0
171,./kaggletest/broman1/,XC403663.ogg,47.15102040816326,0,40.0,5.0,44100,bird,1.0
172,./kaggletest/broman1/,XC667407.ogg,6.407981859410431,0,0.0,5.0,44100,bird,1.0
