,FOLDER,IN FILE,CLIP LENGTH,CHANNEL,OFFSET,DURATION,SAMPLE RATE,MANUAL ID,CONFIDENCE
0,./kaggletest/brwwar1/,XC129676.ogg,75.8595918367347,0,0.0,5.0,44100,bird,1.0
1,./kaggletest/brwwar1/,XC129676.ogg,75.8595918367347,0,5.0,5.0,44100,bird,1.0
2,./kaggletest/brwwar1/,XC129676.ogg,75.8595918367347,0,10.0,5.0,44100,bird,1.0
3,./kaggletest/brwwar1/,XC129676.ogg,75.8595918367347,0,15.0,5.0,44100,bird,1.0
4,./kaggletest/brwwar1/,XC129676.ogg,75.8595918367347,0,20.0,5.0,44100,bird,1.0
5,./kaggletest/brwwar1/,XC129676.ogg,75.8595918367347,0,25.0,5.0,44100,bird,1.0
6,./kaggletest/brwwar1/,XC129676.ogg,75.8595918367347,0,30.0,5.0,44100,bird,1.0
7,./kaggletest/brwwar1/,XC129676.ogg,75.8595918367347,0,35.0,5.0,44100,bird,1.0
8,./kaggletest/brwwar1/,XC129676.ogg,75.8595918367347,0,40.0,5.0,44100,bird,1.0
9,./kaggletest/brwwar1/,XC129676.ogg,75.8595918367347,0,45.0,5.0,44100,bird,1.0
10,./kaggletest/brwwar1/,XC129676.ogg,75.8595918367347,0,50.0,5.0,44100,bird,1.0
11,./kaggletest/brwwar1/,XC129676.ogg,75.8595918367347,0,55.0,5.0,44100,bird,1.0
12,./kaggletest/brwwar1/,XC129676.ogg,75.8595918367347,0,60.0,5.0,44100,bird,1.0
13,./kaggletest/brwwar1/,XC129676.ogg,75.8595918367347,0,65.0,5.0,44100,bird,1.0
14,./kaggletest/brwwar1/,XC129676.ogg,75.8595918367347,0,70.0,5.0,44100,bird,1.0
15,./kaggletest/brwwar1/,XC266320.ogg,30.96,0,0.0,5.0,44100,bird,1.0
16,./kaggletest/brwwar1/,XC266320.ogg,30.96,0,5.0,5.0,44100,bird,1.0
17,./kaggletest/brwwar1/,XC266320.ogg,30.96,0,10.0,5.0,44100,bird,1.0
18,./kaggletest/brwwar1/,XC266320.ogg,30.96,0,15.0,5.0,44100,bird,1.0
19,./kaggletest/brwwar1/,XC266320.ogg,30.96,0,20.0,5.0,44100,bird,1.0
20,./kaggletest/brwwar1/,XC266320.ogg,30.96,0,25.0,5.0,44100,bird,1.0
21,./kaggletest/brwwar1/,XC474283.ogg,56.32,0,0.0,5.0,44100,bird,1.0
22,./kaggletest/brwwar1/,XC474283.ogg,56.32,0,5.0,5.0,44100,bird,1.0
23,./kaggletest/brwwar1/,XC474283.ogg,56.32,0,15.0,5.0,44100,bird,1.0
24,./kaggletest/brwwar1/,XC474283.ogg,56.32,0,20.0,5.0,44100,bird,1.0
25,./kaggletest/brwwar1/,XC474283.ogg,56.32,0,25.0,5.0,44100,bird,1.0
26,./kaggletest/brwwar1/,XC474283.ogg,56.32,0,30.0,5.0,44100,bird,1.0
27,./kaggletest/brwwar1/,XC474283.ogg,56.32,0,35.0,5.0,44100,bird,1.0
28,./kaggletest/brwwar1/,XC474283.ogg,56.32,0,40.0,5.0,44100,bird,1.0
29,./kaggletest/brwwar1/,XC474283.ogg,56.32,0,50.0,5.0,44100,bird,1.0
30,./kaggletest/brwwar1/,XC352744.ogg,39.19199546485261,0,0.0,5.0,44100,bird,1.0
31,./kaggletest/brwwar1/,XC352744.ogg,39.19199546485261,0,5.0,5.0,44100,bird,1.0
32,./kaggletest/brwwar1/,XC352744.ogg,39.19199546485261,0,10.0,5.0,44100,bird,1.0
33,./kaggletest/brwwar1/,XC352744.ogg,39.19199546485261,0,15.0,5.0,44100,bird,1.0
34,./kaggletest/brwwar1/,XC352744.ogg,39.19199546485261,0,20.0,5.0,44100,bird,1.0
35,./kaggletest/brwwar1/,XC352744.ogg,39.19199546485261,0,25.0,5.0,44100,bird,1.0
36,./kaggletest/brwwar1/,XC352744.ogg,39.19199546485261,0,30.0,5.0,44100,bird,1.0
37,./kaggletest/brwwar1/,XC313530.ogg,14.837551020408164,0,0.0,5.0,44100,bird,1.0
38,./kaggletest/brwwar1/,XC313530.ogg,14.837551020408164,0,5.0,5.0,44100,bird,1.0
39,./kaggletest/brwwar1/,XC288856.ogg,42.05714285714286,0,0.0,5.0,44100,bird,1.0
40,./kaggletest/brwwar1/,XC288856.ogg,42.05714285714286,0,5.0,5.0,44100,bird,1.0
41,./kaggletest/brwwar1/,XC288856.ogg,42.05714285714286,0,10.0,5.0,44100,bird,1.0
42,./kaggletest/brwwar1/,XC288856.ogg,42.05714285714286,0,15.0,5.0,44100,bird,1.0
43,./kaggletest/brwwar1/,XC288856.ogg,42.05714285714286,0,20.0,5.0,44100,bird,1.0
44,./kaggletest/brwwar1/,XC288856.ogg,42.05714285714286,0,25.0,5.0,44100,bird,1.0
45,./kaggletest/brwwar1/,XC288856.ogg,42.05714285714286,0,30.0,5.0,44100,bird,1.0
46,./kaggletest/brwwar1/,XC288856.ogg,42.05714285714286,0,35.0,5.0,44100,bird,1.0
47,./kaggletest/brwwar1/,XC293490.ogg,33.41061224489796,0,0.0,5.0,44100,bird,1.0
48,./kaggletest/brwwar1/,XC293490.ogg,33.41061224489796,0,5.0,5.0,44100,bird,1.0
49,./kaggletest/brwwar1/,XC293490.ogg,33.41061224489796,0,10.0,5.0,44100,bird,1.0
50,./kaggletest/brwwar1/,XC293490.ogg,33.41061224489796,0,15.0,5.0,44100,bird,1.0
51,./kaggletest/brwwar1/,XC293490.ogg,33.41061224489796,0,20.0,5.0,44100,bird,1.0
52,./kaggletest/brwwar1/,XC293490.ogg,33.41061224489796,0,25.0,5.0,44100,bird,1.0
53,./kaggletest/brwwar1/,XC315586.wav,5.0,0,0.0,5.0,44100,bird,1.0
54,./kaggletest/brwwar1/,XC640833.ogg,49.893854875283445,0,0.0,5.0,44100,bird,1.0
55,./kaggletest/brwwar1/,XC640833.ogg,49.893854875283445,0,5.0,5.0,44100,bird,1.0
56,./kaggletest/brwwar1/,XC640833.ogg,49.893854875283445,0,10.0,5.0,44100,bird,1.0
57,./kaggletest/brwwar1/,XC640833.ogg,49.893854875283445,0,15.0,5.0,44100,bird,1.0
58,./kaggletest/brwwar1/,XC640833.ogg,49.893854875283445,0,20.0,5.0,44100,bird,1.0
59,./kaggletest/brwwar1/,XC640833.ogg,49.893854875283445,0,25.0,5.0,44100,bird,1.0
60,./kaggletest/brwwar1/,XC640833.ogg,49.893854875283445,0,30.0,5.0,44100,bird,1.0
61,./kaggletest/brwwar1/,XC640833.ogg,49.893854875283445,0,35.0,5.0,44100,bird,1.0
62,./kaggletest/brwwar1/,XC640833.ogg,49.893854875283445,0,40.0,5.0,44100,bird,1.0
63,./kaggletest/brwwar1/,XC552533.ogg,113.89385487528345,0,0.0,5.0,44100,bird,1.0
64,./kaggletest/brwwar1/,XC552533.ogg,113.89385487528345,0,5.0,5.0,44100,bird,1.0
65,./kaggletest/brwwar1/,XC552533.ogg,113.89385487528345,0,10.0,5.0,44100,bird,1.0
66,./kaggletest/brwwar1/,XC552533.ogg,113.89385487528345,0,15.0,5.0,44100,bird,1.0
67,./kaggletest/brwwar1/,XC552533.ogg,113.89385487528345,0,20.0,5.0,44100,bird,1.0
68,./kaggletest/brwwar1/,XC552533.ogg,113.89385487528345,0,25.0,5.0,44100,bird,1.0
69,./kaggletest/brwwar1/,XC552533.ogg,113.89385487528345,0,30.0,5.0,44100,bird,1.0
70,./kaggletest/brwwar1/,XC552533.ogg,113.89385487528345,0,35.0,5.0,44100,bird,1.0
71,./kaggletest/brwwar1/,XC552533.ogg,113.89385487528345,0,40.0,5.0,44100,bird,1.0
72,./kaggletest/brwwar1/,XC552533.ogg,113.89385487528345,0,45.0,5.0,44100,bird,1.0
73,./kaggletest/brwwar1/,XC552533.ogg,113.89385487528345,0,50.0,5.0,44100,bird,1.0
74,./kaggletest/brwwar1/,XC552533.ogg,113.89385487528345,0,55.0,5.0,44100,bird,1.0
75,./kaggletest/brwwar1/,XC552533.ogg,113.89385487528345,0,60.0,5.0,44100,bird,1.0
76,./kaggletest/brwwar1/,XC552533.ogg,113.89385487528345,0,65.0,5.0,44100,bird,1.0
77,./kaggletest/brwwar1/,XC552533.ogg,113.89385487528345,0,70.0,5.0,44100,bird,1.0
78,./kaggletest/brwwar1/,XC552533.ogg,113.89385487528345,0,75.0,5.0,44100,bird,1.0
79,./kaggletest/brwwar1/,XC552533.ogg,113.89385487528345,0,80.0,5.0,44100,bird,1.0
80,./kaggletest/brwwar1/,XC552533.ogg,113.89385487528345,0,85.0,5.0,44100,bird,1.0
81,./kaggletest/brwwar1/,XC552533.ogg,113.89385487528345,0,90.0,5.0,44100,bird,1.0
82,./kaggletest/brwwar1/,XC552533.ogg,113.89385487528345,0,95.0,5.0,44100,bird,1.0
83,./kaggletest/brwwar1/,XC552533.ogg,113.89385487528345,0,100.0,5.0,44100,bird,1.0
84,./kaggletest/brwwar1/,XC552533.ogg,113.89385487528345,0,105.0,5.0,44100,bird,1.0
85,./kaggletest/brwwar1/,XC293478.ogg,23.719183673469388,0,0.0,5.0,44100,bird,1.0
86,./kaggletest/brwwar1/,XC293478.ogg,23.719183673469388,0,5.0,5.0,44100,bird,1.0
87,./kaggletest/brwwar1/,XC293478.ogg,23.719183673469388,0,10.0,5.0,44100,bird,1.0
88,./kaggletest/brwwar1/,XC293478.ogg,23.719183673469388,0,15.0,5.0,44100,bird,1.0
89,./kaggletest/brwwar1/,XC746139.ogg,9.84,0,0.0,5.0,44100,bird,1.0
90,./kaggletest/brwwar1/,XC293479.ogg,54.021201814058955,0,0.0,5.0,44100,bird,1.0
91,./kaggletest/brwwar1/,XC293479.ogg,54.021201814058955,0,5.0,5.0,44100,bird,1.0
92,./kaggletest/brwwar1/,XC293479.ogg,54.021201814058955,0,10.0,5.0,44100,bird,1.0
93,./kaggletest/brwwar1/,XC293479.ogg,54.021201814058955,0,15.0,5.0,44100,bird,1.0
94,./kaggletest/brwwar1/,XC293479.ogg,54.021201814058955,0,20.0,5.0,44100,bird,1.0
95,./kaggletest/brwwar1/,XC293479.ogg,54.021201814058955,0,25.0,5.0,44100,bird,1.0
96,./kaggletest/brwwar1/,XC293479.ogg,54.021201814058955,0,30.0,5.0,44100,bird,1.0
97,./kaggletest/brwwar1/,XC293479.ogg,54.021201814058955,0,35.0,5.0,44100,bird,1.0
98,./kaggletest/brwwar1/,XC293479.ogg,54.021201814058955,0,40.0,5.0,44100,bird,1.0
99,./kaggletest/brwwar1/,XC293479.ogg,54.021201814058955,0,45.0,5.0,44100,bird,1.0
100,./kaggletest/brwwar1/,XC352741.ogg,26.11199546485261,0,0.0,5.0,44100,bird,1.0
101,./kaggletest/brwwar1/,XC352741.ogg,26.11199546485261,0,5.0,5.0,44100,bird,1.0
102,./kaggletest/brwwar1/,XC352741.ogg,26.11199546485261,0,10.0,5.0,44100,bird,1.0
103,./kaggletest/brwwar1/,XC352741.ogg,26.11199546485261,0,15.0,5.0,44100,bird,1.0
104,./kaggletest/brwwar1/,XC352741.ogg,26.11199546485261,0,20.0,5.0,44100,bird,1.0
105,./kaggletest/brwwar1/,XC676949.ogg,13.415986394557823,0,0.0,5.0,44100,bird,1.0
106,./kaggletest/brwwar1/,XC488568.ogg,109.34798185941042,0,0.0,5.0,44100,bird,1.0
107,./kaggletest/brwwar1/,XC488568.ogg,109.34798185941042,0,5.0,5.0,44100,bird,1.0
108,./kaggletest/brwwar1/,XC488568.ogg,109.34798185941042,0,10.0,5.0,44100,bird,1.0
109,./kaggletest/brwwar1/,XC488568.ogg,109.34798185941042,0,15.0,5.0,44100,bird,1.0
110,./kaggletest/brwwar1/,XC488568.ogg,109.34798185941042,0,20.0,5.0,44100,bird,1.0
111,./kaggletest/brwwar1/,XC488568.ogg,109.34798185941042,0,25.0,5.0,44100,bird,1.0
112,./kaggletest/brwwar1/,XC488568.ogg,109.34798185941042,0,30.0,5.0,44100,bird,1.0
113,./kaggletest/brwwar1/,XC488568.ogg,109.34798185941042,0,35.0,5.0,44100,bird,1.0
114,./kaggletest/brwwar1/,XC488568.ogg,109.34798185941042,0,40.0,5.0,44100,bird,1.0
115,./kaggletest/brwwar1/,XC488568.ogg,109.34798185941042,0,45.0,5.0,44100,bird,1.0
116,./kaggletest/brwwar1/,XC488568.ogg,109.34798185941042,0,50.0,5.0,44100,bird,1.0
117,./kaggletest/brwwar1/,XC488568.ogg,109.34798185941042,0,55.0,5.0,44100,bird,1.0
118,./kaggletest/brwwar1/,XC488568.ogg,109.34798185941042,0,70.0,5.0,44100,bird,1.0
119,./kaggletest/brwwar1/,XC488568.ogg,109.34798185941042,0,75.0,5.0,44100,bird,1.0
120,./kaggletest/brwwar1/,XC488568.ogg,109.34798185941042,0,80.0,5.0,44100,bird,1.0
121,./kaggletest/brwwar1/,XC488568.ogg,109.34798185941042,0,90.0,5.0,44100,bird,1.0
122,./kaggletest/brwwar1/,XC488568.ogg,109.34798185941042,0,95.0,5.0,44100,bird,1.0
123,./kaggletest/brwwar1/,XC488568.ogg,109.34798185941042,0,100.0,5.0,44100,bird,1.0
124,./kaggletest/brwwar1/,XC676962.ogg,32.97598639455782,0,0.0,5.0,44100,bird,1.0
125,./kaggletest/brwwar1/,XC676962.ogg,32.97598639455782,0,10.0,5.0,44100,bird,1.0
126,./kaggletest/brwwar1/,XC676962.ogg,32.97598639455782,0,20.0,5.0,44100,bird,1.0
127,./kaggletest/brwwar1/,XC676966.ogg,29.44798185941043,0,0.0,5.0,44100,bird,1.0
128,./kaggletest/brwwar1/,XC676966.ogg,29.44798185941043,0,10.0,5.0,44100,bird,1.0
129,./kaggletest/brwwar1/,XC676966.ogg,29.44798185941043,0,15.0,5.0,44100,bird,1.0
130,./kaggletest/brwwar1/,XC676966.ogg,29.44798185941043,0,20.0,5.0,44100,bird,1.0
131,./kaggletest/brwwar1/,XC650037.ogg,27.062834467120183,0,0.0,5.0,44100,bird,1.0
132,./kaggletest/brwwar1/,XC650037.ogg,27.062834467120183,0,10.0,5.0,44100,bird,1.0
133,./kaggletest/brwwar1/,XC650037.ogg,27.062834467120183,0,15.0,5.0,44100,bird,1.0
134,./kaggletest/brwwar1/,XC650037.ogg,27.062834467120183,0,20.0,5.0,44100,bird,1.0
135,./kaggletest/brwwar1/,XC474475.ogg,25.781995464852606,0,0.0,5.0,44100,bird,1.0
136,./kaggletest/brwwar1/,XC474475.ogg,25.781995464852606,0,5.0,5.0,44100,bird,1.0
137,./kaggletest/brwwar1/,XC474475.ogg,25.781995464852606,0,10.0,5.0,44100,bird,1.0
138,./kaggletest/brwwar1/,XC474475.ogg,25.781995464852606,0,15.0,5.0,44100,bird,1.0
139,./kaggletest/brwwar1/,XC474475.ogg,25.781995464852606,0,20.0,5.0,44100,bird,1.0
140,./kaggletest/brwwar1/,XC474474.ogg,19.486984126984126,0,0.0,5.0,44100,bird,1.0
141,./kaggletest/brwwar1/,XC474474.ogg,19.486984126984126,0,5.0,5.0,44100,bird,1.0
142,./kaggletest/brwwar1/,XC474474.ogg,19.486984126984126,0,10.0,5.0,44100,bird,1.0
143,./kaggletest/brwwar1/,XC444576.ogg,15.908548752834466,0,0.0,5.0,44100,bird,1.0
144,./kaggletest/brwwar1/,XC444576.ogg,15.908548752834466,0,5.0,5.0,44100,bird,1.0
145,./kaggletest/brwwar1/,XC444576.ogg,15.908548752834466,0,10.0,5.0,44100,bird,1.0
146,./kaggletest/brwwar1/,XC746119.ogg,25.36798185941043,0,0.0,5.0,44100,bird,1.0
147,./kaggletest/brwwar1/,XC746119.ogg,25.36798185941043,0,5.0,5.0,44100,bird,1.0
148,./kaggletest/brwwar1/,XC746119.ogg,25.36798185941043,0,10.0,5.0,44100,bird,1.0
149,./kaggletest/brwwar1/,XC746119.ogg,25.36798185941043,0,15.0,5.0,44100,bird,1.0
150,./kaggletest/brwwar1/,XC746119.ogg,25.36798185941043,0,20.0,5.0,44100,bird,1.0
151,./kaggletest/brwwar1/,XC268629.ogg,23.015986394557824,0,0.0,5.0,44100,bird,1.0
152,./kaggletest/brwwar1/,XC268629.ogg,23.015986394557824,0,5.0,5.0,44100,bird,1.0
153,./kaggletest/brwwar1/,XC268629.ogg,23.015986394557824,0,10.0,5.0,44100,bird,1.0
154,./kaggletest/brwwar1/,XC268629.ogg,23.015986394557824,0,15.0,5.0,44100,bird,1.0
155,./kaggletest/brwwar1/,XC746142.ogg,19.463990929705215,0,0.0,5.0,44100,bird,1.0
156,./kaggletest/brwwar1/,XC746142.ogg,19.463990929705215,0,5.0,5.0,44100,bird,1.0
157,./kaggletest/brwwar1/,XC746142.ogg,19.463990929705215,0,10.0,5.0,44100,bird,1.0
158,./kaggletest/brwwar1/,XC537448.ogg,29.779591836734692,0,0.0,5.0,44100,bird,1.0
159,./kaggletest/brwwar1/,XC537448.ogg,29.779591836734692,0,5.0,5.0,44100,bird,1.0
160,./kaggletest/brwwar1/,XC537448.ogg,29.779591836734692,0,10.0,5.0,44100,bird,1.0
161,./kaggletest/brwwar1/,XC537448.ogg,29.779591836734692,0,15.0,5.0,44100,bird,1.0
162,./kaggletest/brwwar1/,XC537448.ogg,29.779591836734692,0,20.0,5.0,44100,bird,1.0
163,./kaggletest/brwwar1/,XC319249.ogg,19.853061224489796,0,0.0,5.0,44100,bird,1.0
164,./kaggletest/brwwar1/,XC319249.ogg,19.853061224489796,0,5.0,5.0,44100,bird,1.0
165,./kaggletest/brwwar1/,XC319249.ogg,19.853061224489796,0,10.0,5.0,44100,bird,1.0
166,./kaggletest/brwwar1/,XC746140.ogg,13.055986394557824,0,0.0,5.0,44100,bird,1.0
167,./kaggletest/brwwar1/,XC746140.ogg,13.055986394557824,0,5.0,5.0,44100,bird,1.0
168,./kaggletest/brwwar1/,XC749267.ogg,22.151836734693877,0,0.0,5.0,44100,bird,1.0
169,./kaggletest/brwwar1/,XC749267.ogg,22.151836734693877,0,5.0,5.0,44100,bird,1.0
170,./kaggletest/brwwar1/,XC749267.ogg,22.151836734693877,0,10.0,5.0,44100,bird,1.0
171,./kaggletest/brwwar1/,XC749267.ogg,22.151836734693877,0,15.0,5.0,44100,bird,1.0
172,./kaggletest/brwwar1/,XC640864.ogg,15.36,0,0.0,5.0,44100,bird,1.0
173,./kaggletest/brwwar1/,XC640864.ogg,15.36,0,5.0,5.0,44100,bird,1.0
174,./kaggletest/brwwar1/,XC640864.ogg,15.36,0,10.0,5.0,44100,bird,1.0
175,./kaggletest/brwwar1/,XC445032.ogg,33.72408163265306,0,0.0,5.0,44100,bird,1.0
176,./kaggletest/brwwar1/,XC445032.ogg,33.72408163265306,0,5.0,5.0,44100,bird,1.0
177,./kaggletest/brwwar1/,XC445032.ogg,33.72408163265306,0,10.0,5.0,44100,bird,1.0
178,./kaggletest/brwwar1/,XC445032.ogg,33.72408163265306,0,15.0,5.0,44100,bird,1.0
179,./kaggletest/brwwar1/,XC445032.ogg,33.72408163265306,0,20.0,5.0,44100,bird,1.0
180,./kaggletest/brwwar1/,XC445032.ogg,33.72408163265306,0,25.0,5.0,44100,bird,1.0
181,./kaggletest/brwwar1/,XC755925.ogg,39.263990929705216,0,0.0,5.0,44100,bird,1.0
182,./kaggletest/brwwar1/,XC755925.ogg,39.263990929705216,0,5.0,5.0,44100,bird,1.0
183,./kaggletest/brwwar1/,XC755925.ogg,39.263990929705216,0,10.0,5.0,44100,bird,1.0
184,./kaggletest/brwwar1/,XC755925.ogg,39.263990929705216,0,15.0,5.0,44100,bird,1.0
185,./kaggletest/brwwar1/,XC755925.ogg,39.263990929705216,0,20.0,5.0,44100,bird,1.0
186,./kaggletest/brwwar1/,XC755925.ogg,39.263990929705216,0,25.0,5.0,44100,bird,1.0
187,./kaggletest/brwwar1/,XC755925.ogg,39.263990929705216,0,30.0,5.0,44100,bird,1.0
188,./kaggletest/brwwar1/,XC746141.wav,5.0,0,0.0,5.0,44100,bird,1.0
189,./kaggletest/brwwar1/,XC289702.ogg,46.49795918367347,0,0.0,5.0,44100,bird,1.0
190,./kaggletest/brwwar1/,XC289702.ogg,46.49795918367347,0,5.0,5.0,44100,bird,1.0
191,./kaggletest/brwwar1/,XC289702.ogg,46.49795918367347,0,10.0,5.0,44100,bird,1.0
192,./kaggletest/brwwar1/,XC289702.ogg,46.49795918367347,0,15.0,5.0,44100,bird,1.0
193,./kaggletest/brwwar1/,XC289702.ogg,46.49795918367347,0,20.0,5.0,44100,bird,1.0
194,./kaggletest/brwwar1/,XC289702.ogg,46.49795918367347,0,25.0,5.0,44100,bird,1.0
195,./kaggletest/brwwar1/,XC289702.ogg,46.49795918367347,0,30.0,5.0,44100,bird,1.0
196,./kaggletest/brwwar1/,XC289702.ogg,46.49795918367347,0,35.0,5.0,44100,bird,1.0
197,./kaggletest/brwwar1/,XC289702.ogg,46.49795918367347,0,40.0,5.0,44100,bird,1.0
198,./kaggletest/brwwar1/,XC640865.ogg,16.666122448979593,0,10.0,5.0,44100,bird,1.0
199,./kaggletest/brwwar1/,XC347482.ogg,9.978775510204082,0,0.0,5.0,44100,bird,1.0
200,./kaggletest/brwwar1/,XC205712.ogg,21.15918367346939,0,0.0,5.0,44100,bird,1.0
201,./kaggletest/brwwar1/,XC205712.ogg,21.15918367346939,0,5.0,5.0,44100,bird,1.0
202,./kaggletest/brwwar1/,XC205712.ogg,21.15918367346939,0,10.0,5.0,44100,bird,1.0
203,./kaggletest/brwwar1/,XC205712.ogg,21.15918367346939,0,15.0,5.0,44100,bird,1.0
204,./kaggletest/brwwar1/,XC289701.ogg,73.48242630385488,0,0.0,5.0,44100,bird,1.0
205,./kaggletest/brwwar1/,XC289701.ogg,73.48242630385488,0,5.0,5.0,44100,bird,1.0
206,./kaggletest/brwwar1/,XC289701.ogg,73.48242630385488,0,10.0,5.0,44100,bird,1.0
207,./kaggletest/brwwar1/,XC289701.ogg,73.48242630385488,0,15.0,5.0,44100,bird,1.0
208,./kaggletest/brwwar1/,XC289701.ogg,73.48242630385488,0,20.0,5.0,44100,bird,1.0
209,./kaggletest/brwwar1/,XC289701.ogg,73.48242630385488,0,25.0,5.0,44100,bird,1.0
210,./kaggletest/brwwar1/,XC289701.ogg,73.48242630385488,0,30.0,5.0,44100,bird,1.0
211,./kaggletest/brwwar1/,XC289701.ogg,73.48242630385488,0,35.0,5.0,44100,bird,1.0
212,./kaggletest/brwwar1/,XC289701.ogg,73.48242630385488,0,40.0,5.0,44100,bird,1.0
213,./kaggletest/brwwar1/,XC289701.ogg,73.48242630385488,0,45.0,5.0,44100,bird,1.0
214,./kaggletest/brwwar1/,XC289701.ogg,73.48242630385488,0,50.0,5.0,44100,bird,1.0
215,./kaggletest/brwwar1/,XC289701.ogg,73.48242630385488,0,55.0,5.0,44100,bird,1.0
216,./kaggletest/brwwar1/,XC289701.ogg,73.48242630385488,0,60.0,5.0,44100,bird,1.0
217,./kaggletest/brwwar1/,XC289701.ogg,73.48242630385488,0,65.0,5.0,44100,bird,1.0
218,./kaggletest/brwwar1/,XC702062.ogg,57.835079365079366,0,0.0,5.0,44100,bird,1.0
219,./kaggletest/brwwar1/,XC702062.ogg,57.835079365079366,0,10.0,5.0,44100,bird,1.0
220,./kaggletest/brwwar1/,XC702062.ogg,57.835079365079366,0,15.0,5.0,44100,bird,1.0
221,./kaggletest/brwwar1/,XC702062.ogg,57.835079365079366,0,20.0,5.0,44100,bird,1.0
222,./kaggletest/brwwar1/,XC702062.ogg,57.835079365079366,0,35.0,5.0,44100,bird,1.0
223,./kaggletest/brwwar1/,XC702062.ogg,57.835079365079366,0,40.0,5.0,44100,bird,1.0
224,./kaggletest/brwwar1/,XC702062.ogg,57.835079365079366,0,50.0,5.0,44100,bird,1.0
225,./kaggletest/brwwar1/,XC640866.ogg,37.32895691609977,0,0.0,5.0,44100,bird,1.0
226,./kaggletest/brwwar1/,XC640866.ogg,37.32895691609977,0,5.0,5.0,44100,bird,1.0
227,./kaggletest/brwwar1/,XC640866.ogg,37.32895691609977,0,10.0,5.0,44100,bird,1.0
228,./kaggletest/brwwar1/,XC640866.ogg,37.32895691609977,0,15.0,5.0,44100,bird,1.0
229,./kaggletest/brwwar1/,XC640866.ogg,37.32895691609977,0,20.0,5.0,44100,bird,1.0
230,./kaggletest/brwwar1/,XC640866.ogg,37.32895691609977,0,30.0,5.0,44100,bird,1.0
