,FOLDER,IN FILE,CLIP LENGTH,CHANNEL,OFFSET,DURATION,SAMPLE RATE,MANUAL ID,CONFIDENCE
0,./kaggletest/bubwar2/,XC289547.ogg,7.6538548752834465,0,0.0,5.0,44100,bird,1.0
1,./kaggletest/bubwar2/,XC574327.ogg,23.23199546485261,0,0.0,5.0,44100,bird,1.0
2,./kaggletest/bubwar2/,XC647030.ogg,20.255986394557823,0,0.0,5.0,44100,bird,1.0
3,./kaggletest/bubwar2/,XC647030.ogg,20.255986394557823,0,5.0,5.0,44100,bird,1.0
4,./kaggletest/bubwar2/,XC647030.ogg,20.255986394557823,0,10.0,5.0,44100,bird,1.0
5,./kaggletest/bubwar2/,XC647030.ogg,20.255986394557823,0,15.0,5.0,44100,bird,1.0
6,./kaggletest/bubwar2/,XC398909.ogg,29.125986394557824,0,0.0,5.0,44100,bird,1.0
7,./kaggletest/bubwar2/,XC398909.ogg,29.125986394557824,0,5.0,5.0,44100,bird,1.0
8,./kaggletest/bubwar2/,XC398909.ogg,29.125986394557824,0,10.0,5.0,44100,bird,1.0
9,./kaggletest/bubwar2/,XC398909.ogg,29.125986394557824,0,15.0,5.0,44100,bird,1.0
10,./kaggletest/bubwar2/,XC398909.ogg,29.125986394557824,0,20.0,5.0,44100,bird,1.0
11,./kaggletest/bubwar2/,XC282004.ogg,50.5730612244898,0,5.0,5.0,44100,bird,1.0
12,./kaggletest/bubwar2/,XC282004.ogg,50.5730612244898,0,10.0,5.0,44100,bird,1.0
13,./kaggletest/bubwar2/,XC282004.ogg,50.5730612244898,0,15.0,5.0,44100,bird,1.0
14,./kaggletest/bubwar2/,XC282004.ogg,50.5730612244898,0,20.0,5.0,44100,bird,1.0
15,./kaggletest/bubwar2/,XC282004.ogg,50.5730612244898,0,25.0,5.0,44100,bird,1.0
16,./kaggletest/bubwar2/,XC282004.ogg,50.5730612244898,0,30.0,5.0,44100,bird,1.0
17,./kaggletest/bubwar2/,XC282004.ogg,50.5730612244898,0,35.0,5.0,44100,bird,1.0
18,./kaggletest/bubwar2/,XC282004.ogg,50.5730612244898,0,40.0,5.0,44100,bird,1.0
19,./kaggletest/bubwar2/,XC282004.ogg,50.5730612244898,0,45.0,5.0,44100,bird,1.0
20,./kaggletest/bubwar2/,XC398907.ogg,35.39498866213152,0,0.0,5.0,44100,bird,1.0
21,./kaggletest/bubwar2/,XC398907.ogg,35.39498866213152,0,5.0,5.0,44100,bird,1.0
22,./kaggletest/bubwar2/,XC398907.ogg,35.39498866213152,0,10.0,5.0,44100,bird,1.0
23,./kaggletest/bubwar2/,XC398907.ogg,35.39498866213152,0,15.0,5.0,44100,bird,1.0
24,./kaggletest/bubwar2/,XC398907.ogg,35.39498866213152,0,20.0,5.0,44100,bird,1.0
25,./kaggletest/bubwar2/,XC398907.ogg,35.39498866213152,0,25.0,5.0,44100,bird,1.0
26,./kaggletest/bubwar2/,XC398907.ogg,35.39498866213152,0,30.0,5.0,44100,bird,1.0
27,./kaggletest/bubwar2/,XC281985.ogg,46.60242630385488,0,0.0,5.0,44100,bird,1.0
28,./kaggletest/bubwar2/,XC281985.ogg,46.60242630385488,0,5.0,5.0,44100,bird,1.0
29,./kaggletest/bubwar2/,XC281985.ogg,46.60242630385488,0,15.0,5.0,44100,bird,1.0
30,./kaggletest/bubwar2/,XC281985.ogg,46.60242630385488,0,20.0,5.0,44100,bird,1.0
31,./kaggletest/bubwar2/,XC281985.ogg,46.60242630385488,0,25.0,5.0,44100,bird,1.0
32,./kaggletest/bubwar2/,XC281985.ogg,46.60242630385488,0,30.0,5.0,44100,bird,1.0
33,./kaggletest/bubwar2/,XC281985.ogg,46.60242630385488,0,35.0,5.0,44100,bird,1.0
34,./kaggletest/bubwar2/,XC281985.ogg,46.60242630385488,0,40.0,5.0,44100,bird,1.0
