,FOLDER,IN FILE,CLIP LENGTH,CHANNEL,OFFSET,DURATION,SAMPLE RATE,MANUAL ID,CONFIDENCE
0,./kaggletest/chtapa3/,XC465846.ogg,10.004897959183673,0,0.0,5.0,44100,bird,1.0
1,./kaggletest/chtapa3/,XC465846.ogg,10.004897959183673,0,5.0,5.0,44100,bird,1.0
2,./kaggletest/chtapa3/,XC234846.ogg,108.04242630385488,0,0.0,5.0,44100,bird,1.0
3,./kaggletest/chtapa3/,XC234846.ogg,108.04242630385488,0,5.0,5.0,44100,bird,1.0
4,./kaggletest/chtapa3/,XC234846.ogg,108.04242630385488,0,10.0,5.0,44100,bird,1.0
5,./kaggletest/chtapa3/,XC234846.ogg,108.04242630385488,0,25.0,5.0,44100,bird,1.0
6,./kaggletest/chtapa3/,XC234846.ogg,108.04242630385488,0,35.0,5.0,44100,bird,1.0
7,./kaggletest/chtapa3/,XC234846.ogg,108.04242630385488,0,40.0,5.0,44100,bird,1.0
8,./kaggletest/chtapa3/,XC234846.ogg,108.04242630385488,0,55.0,5.0,44100,bird,1.0
9,./kaggletest/chtapa3/,XC234846.ogg,108.04242630385488,0,60.0,5.0,44100,bird,1.0
10,./kaggletest/chtapa3/,XC234846.ogg,108.04242630385488,0,65.0,5.0,44100,bird,1.0
11,./kaggletest/chtapa3/,XC234846.ogg,108.04242630385488,0,70.0,5.0,44100,bird,1.0
12,./kaggletest/chtapa3/,XC234846.ogg,108.04242630385488,0,75.0,5.0,44100,bird,1.0
13,./kaggletest/chtapa3/,XC234846.ogg,108.04242630385488,0,80.0,5.0,44100,bird,1.0
14,./kaggletest/chtapa3/,XC234846.ogg,108.04242630385488,0,85.0,5.0,44100,bird,1.0
15,./kaggletest/chtapa3/,XC234846.ogg,108.04242630385488,0,90.0,5.0,44100,bird,1.0
16,./kaggletest/chtapa3/,XC234846.ogg,108.04242630385488,0,100.0,5.0,44100,bird,1.0
17,./kaggletest/chtapa3/,XC749269.ogg,30.85061224489796,0,0.0,5.0,44100,bird,1.0
18,./kaggletest/chtapa3/,XC749269.ogg,30.85061224489796,0,5.0,5.0,44100,bird,1.0
19,./kaggletest/chtapa3/,XC749269.ogg,30.85061224489796,0,15.0,5.0,44100,bird,1.0
20,./kaggletest/chtapa3/,XC749269.ogg,30.85061224489796,0,20.0,5.0,44100,bird,1.0
21,./kaggletest/chtapa3/,XC749269.ogg,30.85061224489796,0,25.0,5.0,44100,bird,1.0
22,./kaggletest/chtapa3/,XC433321.ogg,37.98201814058957,0,0.0,5.0,44100,bird,1.0
23,./kaggletest/chtapa3/,XC433321.ogg,37.98201814058957,0,5.0,5.0,44100,bird,1.0
24,./kaggletest/chtapa3/,XC433321.ogg,37.98201814058957,0,15.0,5.0,44100,bird,1.0
25,./kaggletest/chtapa3/,XC433321.ogg,37.98201814058957,0,20.0,5.0,44100,bird,1.0
26,./kaggletest/chtapa3/,XC433321.ogg,37.98201814058957,0,25.0,5.0,44100,bird,1.0
27,./kaggletest/chtapa3/,XC433321.ogg,37.98201814058957,0,30.0,5.0,44100,bird,1.0
28,./kaggletest/chtapa3/,XC467604.ogg,13.63498866213152,0,0.0,5.0,44100,bird,1.0
29,./kaggletest/chtapa3/,XC467604.ogg,13.63498866213152,0,5.0,5.0,44100,bird,1.0
30,./kaggletest/chtapa3/,XC701935.ogg,13.714263038548753,0,0.0,5.0,44100,bird,1.0
31,./kaggletest/chtapa3/,XC701935.ogg,13.714263038548753,0,5.0,5.0,44100,bird,1.0
32,./kaggletest/chtapa3/,XC205581.ogg,13.244081632653062,0,0.0,5.0,44100,bird,1.0
33,./kaggletest/chtapa3/,XC205581.ogg,13.244081632653062,0,5.0,5.0,44100,bird,1.0
34,./kaggletest/chtapa3/,XC288927.ogg,14.994263038548754,0,0.0,5.0,44100,bird,1.0
35,./kaggletest/chtapa3/,XC288927.ogg,14.994263038548754,0,5.0,5.0,44100,bird,1.0
36,./kaggletest/chtapa3/,XC487125.ogg,19.486984126984126,0,0.0,5.0,44100,bird,1.0
37,./kaggletest/chtapa3/,XC487125.ogg,19.486984126984126,0,5.0,5.0,44100,bird,1.0
38,./kaggletest/chtapa3/,XC487125.ogg,19.486984126984126,0,10.0,5.0,44100,bird,1.0
39,./kaggletest/chtapa3/,XC235932.ogg,59.87265306122449,0,0.0,5.0,44100,bird,1.0
40,./kaggletest/chtapa3/,XC235932.ogg,59.87265306122449,0,10.0,5.0,44100,bird,1.0
41,./kaggletest/chtapa3/,XC235932.ogg,59.87265306122449,0,15.0,5.0,44100,bird,1.0
42,./kaggletest/chtapa3/,XC235932.ogg,59.87265306122449,0,20.0,5.0,44100,bird,1.0
43,./kaggletest/chtapa3/,XC235932.ogg,59.87265306122449,0,30.0,5.0,44100,bird,1.0
44,./kaggletest/chtapa3/,XC235932.ogg,59.87265306122449,0,40.0,5.0,44100,bird,1.0
45,./kaggletest/chtapa3/,XC235932.ogg,59.87265306122449,0,45.0,5.0,44100,bird,1.0
46,./kaggletest/chtapa3/,XC235932.ogg,59.87265306122449,0,50.0,5.0,44100,bird,1.0
47,./kaggletest/chtapa3/,XC237128.ogg,28.917551020408162,0,0.0,5.0,44100,bird,1.0
48,./kaggletest/chtapa3/,XC237128.ogg,28.917551020408162,0,5.0,5.0,44100,bird,1.0
49,./kaggletest/chtapa3/,XC237128.ogg,28.917551020408162,0,10.0,5.0,44100,bird,1.0
50,./kaggletest/chtapa3/,XC237128.ogg,28.917551020408162,0,15.0,5.0,44100,bird,1.0
51,./kaggletest/chtapa3/,XC237128.ogg,28.917551020408162,0,20.0,5.0,44100,bird,1.0
52,./kaggletest/chtapa3/,XC113422.ogg,18.963990929705215,0,0.0,5.0,44100,bird,1.0
53,./kaggletest/chtapa3/,XC113422.ogg,18.963990929705215,0,5.0,5.0,44100,bird,1.0
54,./kaggletest/chtapa3/,XC113422.ogg,18.963990929705215,0,10.0,5.0,44100,bird,1.0
55,./kaggletest/chtapa3/,XC113423.ogg,13.922993197278911,0,0.0,5.0,44100,bird,1.0
56,./kaggletest/chtapa3/,XC113423.ogg,13.922993197278911,0,5.0,5.0,44100,bird,1.0
57,./kaggletest/chtapa3/,XC434323.ogg,32.39099773242631,0,0.0,5.0,44100,bird,1.0
58,./kaggletest/chtapa3/,XC434323.ogg,32.39099773242631,0,5.0,5.0,44100,bird,1.0
59,./kaggletest/chtapa3/,XC434323.ogg,32.39099773242631,0,10.0,5.0,44100,bird,1.0
60,./kaggletest/chtapa3/,XC434323.ogg,32.39099773242631,0,15.0,5.0,44100,bird,1.0
61,./kaggletest/chtapa3/,XC434323.ogg,32.39099773242631,0,20.0,5.0,44100,bird,1.0
62,./kaggletest/chtapa3/,XC434323.ogg,32.39099773242631,0,25.0,5.0,44100,bird,1.0
63,./kaggletest/chtapa3/,XC703484.ogg,49.84160997732426,0,0.0,5.0,44100,bird,1.0
64,./kaggletest/chtapa3/,XC703484.ogg,49.84160997732426,0,5.0,5.0,44100,bird,1.0
65,./kaggletest/chtapa3/,XC703484.ogg,49.84160997732426,0,10.0,5.0,44100,bird,1.0
66,./kaggletest/chtapa3/,XC703484.ogg,49.84160997732426,0,15.0,5.0,44100,bird,1.0
67,./kaggletest/chtapa3/,XC703484.ogg,49.84160997732426,0,20.0,5.0,44100,bird,1.0
68,./kaggletest/chtapa3/,XC703484.ogg,49.84160997732426,0,25.0,5.0,44100,bird,1.0
69,./kaggletest/chtapa3/,XC703484.ogg,49.84160997732426,0,30.0,5.0,44100,bird,1.0
70,./kaggletest/chtapa3/,XC703484.ogg,49.84160997732426,0,35.0,5.0,44100,bird,1.0
71,./kaggletest/chtapa3/,XC703484.ogg,49.84160997732426,0,40.0,5.0,44100,bird,1.0
72,./kaggletest/chtapa3/,XC444575.ogg,27.951020408163266,0,0.0,5.0,44100,bird,1.0
73,./kaggletest/chtapa3/,XC444575.ogg,27.951020408163266,0,5.0,5.0,44100,bird,1.0
74,./kaggletest/chtapa3/,XC444575.ogg,27.951020408163266,0,10.0,5.0,44100,bird,1.0
75,./kaggletest/chtapa3/,XC444575.ogg,27.951020408163266,0,15.0,5.0,44100,bird,1.0
76,./kaggletest/chtapa3/,XC444575.ogg,27.951020408163266,0,20.0,5.0,44100,bird,1.0
77,./kaggletest/chtapa3/,XC444574.ogg,33.515079365079366,0,0.0,5.0,44100,bird,1.0
78,./kaggletest/chtapa3/,XC444574.ogg,33.515079365079366,0,5.0,5.0,44100,bird,1.0
79,./kaggletest/chtapa3/,XC444574.ogg,33.515079365079366,0,10.0,5.0,44100,bird,1.0
80,./kaggletest/chtapa3/,XC444574.ogg,33.515079365079366,0,15.0,5.0,44100,bird,1.0
81,./kaggletest/chtapa3/,XC444574.ogg,33.515079365079366,0,20.0,5.0,44100,bird,1.0
82,./kaggletest/chtapa3/,XC444574.ogg,33.515079365079366,0,25.0,5.0,44100,bird,1.0
83,./kaggletest/chtapa3/,XC704473.ogg,40.176303854875286,0,0.0,5.0,44100,bird,1.0
84,./kaggletest/chtapa3/,XC704473.ogg,40.176303854875286,0,5.0,5.0,44100,bird,1.0
85,./kaggletest/chtapa3/,XC704473.ogg,40.176303854875286,0,10.0,5.0,44100,bird,1.0
86,./kaggletest/chtapa3/,XC704473.ogg,40.176303854875286,0,15.0,5.0,44100,bird,1.0
87,./kaggletest/chtapa3/,XC704473.ogg,40.176303854875286,0,20.0,5.0,44100,bird,1.0
88,./kaggletest/chtapa3/,XC704473.ogg,40.176303854875286,0,25.0,5.0,44100,bird,1.0
89,./kaggletest/chtapa3/,XC704473.ogg,40.176303854875286,0,35.0,5.0,44100,bird,1.0
90,./kaggletest/chtapa3/,XC233772.ogg,15.699591836734694,0,0.0,5.0,44100,bird,1.0
91,./kaggletest/chtapa3/,XC233772.ogg,15.699591836734694,0,10.0,5.0,44100,bird,1.0
92,./kaggletest/chtapa3/,XC541546.ogg,22.700385487528344,0,0.0,5.0,44100,bird,1.0
93,./kaggletest/chtapa3/,XC541546.ogg,22.700385487528344,0,5.0,5.0,44100,bird,1.0
94,./kaggletest/chtapa3/,XC541546.ogg,22.700385487528344,0,10.0,5.0,44100,bird,1.0
95,./kaggletest/chtapa3/,XC541546.ogg,22.700385487528344,0,15.0,5.0,44100,bird,1.0
96,./kaggletest/chtapa3/,XC434324.ogg,17.396984126984126,0,0.0,5.0,44100,bird,1.0
97,./kaggletest/chtapa3/,XC434324.ogg,17.396984126984126,0,5.0,5.0,44100,bird,1.0
98,./kaggletest/chtapa3/,XC434324.ogg,17.396984126984126,0,10.0,5.0,44100,bird,1.0
99,./kaggletest/chtapa3/,XC608263.ogg,43.9109977324263,0,0.0,5.0,44100,bird,1.0
100,./kaggletest/chtapa3/,XC608263.ogg,43.9109977324263,0,5.0,5.0,44100,bird,1.0
101,./kaggletest/chtapa3/,XC608263.ogg,43.9109977324263,0,10.0,5.0,44100,bird,1.0
102,./kaggletest/chtapa3/,XC608263.ogg,43.9109977324263,0,15.0,5.0,44100,bird,1.0
103,./kaggletest/chtapa3/,XC608263.ogg,43.9109977324263,0,20.0,5.0,44100,bird,1.0
104,./kaggletest/chtapa3/,XC608263.ogg,43.9109977324263,0,25.0,5.0,44100,bird,1.0
105,./kaggletest/chtapa3/,XC608263.ogg,43.9109977324263,0,30.0,5.0,44100,bird,1.0
106,./kaggletest/chtapa3/,XC608263.ogg,43.9109977324263,0,35.0,5.0,44100,bird,1.0
107,./kaggletest/chtapa3/,XC703486.ogg,27.454671201814058,0,0.0,5.0,44100,bird,1.0
108,./kaggletest/chtapa3/,XC703486.ogg,27.454671201814058,0,5.0,5.0,44100,bird,1.0
109,./kaggletest/chtapa3/,XC703486.ogg,27.454671201814058,0,10.0,5.0,44100,bird,1.0
110,./kaggletest/chtapa3/,XC703486.ogg,27.454671201814058,0,15.0,5.0,44100,bird,1.0
111,./kaggletest/chtapa3/,XC703486.ogg,27.454671201814058,0,20.0,5.0,44100,bird,1.0
112,./kaggletest/chtapa3/,XC537887.ogg,116.79344671201814,0,0.0,5.0,44100,bird,1.0
113,./kaggletest/chtapa3/,XC537887.ogg,116.79344671201814,0,5.0,5.0,44100,bird,1.0
114,./kaggletest/chtapa3/,XC537887.ogg,116.79344671201814,0,10.0,5.0,44100,bird,1.0
115,./kaggletest/chtapa3/,XC537887.ogg,116.79344671201814,0,15.0,5.0,44100,bird,1.0
116,./kaggletest/chtapa3/,XC537887.ogg,116.79344671201814,0,20.0,5.0,44100,bird,1.0
117,./kaggletest/chtapa3/,XC537887.ogg,116.79344671201814,0,25.0,5.0,44100,bird,1.0
118,./kaggletest/chtapa3/,XC537887.ogg,116.79344671201814,0,30.0,5.0,44100,bird,1.0
119,./kaggletest/chtapa3/,XC537887.ogg,116.79344671201814,0,35.0,5.0,44100,bird,1.0
120,./kaggletest/chtapa3/,XC537887.ogg,116.79344671201814,0,40.0,5.0,44100,bird,1.0
121,./kaggletest/chtapa3/,XC537887.ogg,116.79344671201814,0,55.0,5.0,44100,bird,1.0
122,./kaggletest/chtapa3/,XC537887.ogg,116.79344671201814,0,60.0,5.0,44100,bird,1.0
123,./kaggletest/chtapa3/,XC537887.ogg,116.79344671201814,0,65.0,5.0,44100,bird,1.0
124,./kaggletest/chtapa3/,XC537887.ogg,116.79344671201814,0,70.0,5.0,44100,bird,1.0
125,./kaggletest/chtapa3/,XC537887.ogg,116.79344671201814,0,75.0,5.0,44100,bird,1.0
126,./kaggletest/chtapa3/,XC537887.ogg,116.79344671201814,0,80.0,5.0,44100,bird,1.0
127,./kaggletest/chtapa3/,XC537887.ogg,116.79344671201814,0,85.0,5.0,44100,bird,1.0
128,./kaggletest/chtapa3/,XC537887.ogg,116.79344671201814,0,90.0,5.0,44100,bird,1.0
129,./kaggletest/chtapa3/,XC537887.ogg,116.79344671201814,0,95.0,5.0,44100,bird,1.0
130,./kaggletest/chtapa3/,XC537887.ogg,116.79344671201814,0,100.0,5.0,44100,bird,1.0
131,./kaggletest/chtapa3/,XC537887.ogg,116.79344671201814,0,105.0,5.0,44100,bird,1.0
132,./kaggletest/chtapa3/,XC537887.ogg,116.79344671201814,0,110.0,5.0,44100,bird,1.0
133,./kaggletest/chtapa3/,XC419749.ogg,16.84798185941043,0,0.0,5.0,44100,bird,1.0
134,./kaggletest/chtapa3/,XC419749.ogg,16.84798185941043,0,5.0,5.0,44100,bird,1.0
135,./kaggletest/chtapa3/,XC419749.ogg,16.84798185941043,0,10.0,5.0,44100,bird,1.0
136,./kaggletest/chtapa3/,XC703424.ogg,19.565714285714286,0,0.0,5.0,44100,bird,1.0
137,./kaggletest/chtapa3/,XC703424.ogg,19.565714285714286,0,10.0,5.0,44100,bird,1.0
