,FOLDER,IN FILE,CLIP LENGTH,CHANNEL,OFFSET,DURATION,SAMPLE RATE,MANUAL ID,CONFIDENCE
0,./kaggletest/chucis1/,XC236854.ogg,64.31344671201813,0,0.0,5.0,44100,bird,1.0
1,./kaggletest/chucis1/,XC236854.ogg,64.31344671201813,0,5.0,5.0,44100,bird,1.0
2,./kaggletest/chucis1/,XC236854.ogg,64.31344671201813,0,10.0,5.0,44100,bird,1.0
3,./kaggletest/chucis1/,XC236854.ogg,64.31344671201813,0,15.0,5.0,44100,bird,1.0
4,./kaggletest/chucis1/,XC236854.ogg,64.31344671201813,0,20.0,5.0,44100,bird,1.0
5,./kaggletest/chucis1/,XC236854.ogg,64.31344671201813,0,25.0,5.0,44100,bird,1.0
6,./kaggletest/chucis1/,XC236854.ogg,64.31344671201813,0,30.0,5.0,44100,bird,1.0
7,./kaggletest/chucis1/,XC236854.ogg,64.31344671201813,0,35.0,5.0,44100,bird,1.0
8,./kaggletest/chucis1/,XC236854.ogg,64.31344671201813,0,40.0,5.0,44100,bird,1.0
9,./kaggletest/chucis1/,XC236854.ogg,64.31344671201813,0,45.0,5.0,44100,bird,1.0
10,./kaggletest/chucis1/,XC236854.ogg,64.31344671201813,0,50.0,5.0,44100,bird,1.0
11,./kaggletest/chucis1/,XC236854.ogg,64.31344671201813,0,55.0,5.0,44100,bird,1.0
12,./kaggletest/chucis1/,XC233079.ogg,30.798367346938775,0,0.0,5.0,44100,bird,1.0
13,./kaggletest/chucis1/,XC233079.ogg,30.798367346938775,0,5.0,5.0,44100,bird,1.0
14,./kaggletest/chucis1/,XC233079.ogg,30.798367346938775,0,10.0,5.0,44100,bird,1.0
15,./kaggletest/chucis1/,XC233079.ogg,30.798367346938775,0,15.0,5.0,44100,bird,1.0
16,./kaggletest/chucis1/,XC233079.ogg,30.798367346938775,0,20.0,5.0,44100,bird,1.0
17,./kaggletest/chucis1/,XC233079.ogg,30.798367346938775,0,25.0,5.0,44100,bird,1.0
18,./kaggletest/chucis1/,XC233078.ogg,5.381201814058957,0,0.0,5.0,44100,bird,1.0
19,./kaggletest/chucis1/,XC537319.ogg,15.51673469387755,0,0.0,5.0,44100,bird,1.0
20,./kaggletest/chucis1/,XC537319.ogg,15.51673469387755,0,5.0,5.0,44100,bird,1.0
21,./kaggletest/chucis1/,XC537319.ogg,15.51673469387755,0,10.0,5.0,44100,bird,1.0
22,./kaggletest/chucis1/,XC487420.ogg,42.89299319727891,0,0.0,5.0,44100,bird,1.0
23,./kaggletest/chucis1/,XC487420.ogg,42.89299319727891,0,5.0,5.0,44100,bird,1.0
24,./kaggletest/chucis1/,XC487420.ogg,42.89299319727891,0,10.0,5.0,44100,bird,1.0
25,./kaggletest/chucis1/,XC487420.ogg,42.89299319727891,0,15.0,5.0,44100,bird,1.0
26,./kaggletest/chucis1/,XC487420.ogg,42.89299319727891,0,20.0,5.0,44100,bird,1.0
27,./kaggletest/chucis1/,XC487420.ogg,42.89299319727891,0,35.0,5.0,44100,bird,1.0
28,./kaggletest/chucis1/,XC233080.ogg,8.542018140589569,0,0.0,5.0,44100,bird,1.0
29,./kaggletest/chucis1/,XC233056.ogg,9.351836734693878,0,0.0,5.0,44100,bird,1.0
30,./kaggletest/chucis1/,XC121049.ogg,15.743990929705216,0,0.0,5.0,44100,bird,1.0
31,./kaggletest/chucis1/,XC121049.ogg,15.743990929705216,0,5.0,5.0,44100,bird,1.0
32,./kaggletest/chucis1/,XC121049.ogg,15.743990929705216,0,10.0,5.0,44100,bird,1.0
33,./kaggletest/chucis1/,XC233780.ogg,28.05548752834467,0,0.0,5.0,44100,bird,1.0
34,./kaggletest/chucis1/,XC233780.ogg,28.05548752834467,0,5.0,5.0,44100,bird,1.0
35,./kaggletest/chucis1/,XC233780.ogg,28.05548752834467,0,10.0,5.0,44100,bird,1.0
36,./kaggletest/chucis1/,XC233780.ogg,28.05548752834467,0,15.0,5.0,44100,bird,1.0
37,./kaggletest/chucis1/,XC744067.ogg,15.438367346938776,0,0.0,5.0,44100,bird,1.0
38,./kaggletest/chucis1/,XC744067.ogg,15.438367346938776,0,5.0,5.0,44100,bird,1.0
39,./kaggletest/chucis1/,XC744067.ogg,15.438367346938776,0,10.0,5.0,44100,bird,1.0
40,./kaggletest/chucis1/,XC703489.ogg,39.54936507936508,0,0.0,5.0,44100,bird,1.0
41,./kaggletest/chucis1/,XC703489.ogg,39.54936507936508,0,5.0,5.0,44100,bird,1.0
42,./kaggletest/chucis1/,XC703489.ogg,39.54936507936508,0,10.0,5.0,44100,bird,1.0
43,./kaggletest/chucis1/,XC703489.ogg,39.54936507936508,0,15.0,5.0,44100,bird,1.0
44,./kaggletest/chucis1/,XC703489.ogg,39.54936507936508,0,20.0,5.0,44100,bird,1.0
45,./kaggletest/chucis1/,XC703489.ogg,39.54936507936508,0,25.0,5.0,44100,bird,1.0
46,./kaggletest/chucis1/,XC703489.ogg,39.54936507936508,0,30.0,5.0,44100,bird,1.0
47,./kaggletest/chucis1/,XC235938.ogg,19.77467120181406,0,0.0,5.0,44100,bird,1.0
48,./kaggletest/chucis1/,XC235938.ogg,19.77467120181406,0,5.0,5.0,44100,bird,1.0
49,./kaggletest/chucis1/,XC235938.ogg,19.77467120181406,0,10.0,5.0,44100,bird,1.0
50,./kaggletest/chucis1/,XC704484.ogg,35.474263038548756,0,0.0,5.0,44100,bird,1.0
51,./kaggletest/chucis1/,XC704484.ogg,35.474263038548756,0,5.0,5.0,44100,bird,1.0
52,./kaggletest/chucis1/,XC704484.ogg,35.474263038548756,0,10.0,5.0,44100,bird,1.0
53,./kaggletest/chucis1/,XC704484.ogg,35.474263038548756,0,15.0,5.0,44100,bird,1.0
54,./kaggletest/chucis1/,XC704484.ogg,35.474263038548756,0,20.0,5.0,44100,bird,1.0
55,./kaggletest/chucis1/,XC704484.ogg,35.474263038548756,0,25.0,5.0,44100,bird,1.0
56,./kaggletest/chucis1/,XC704484.ogg,35.474263038548756,0,30.0,5.0,44100,bird,1.0
57,./kaggletest/chucis1/,XC266021.ogg,48.35265306122449,0,0.0,5.0,44100,bird,1.0
58,./kaggletest/chucis1/,XC266021.ogg,48.35265306122449,0,5.0,5.0,44100,bird,1.0
59,./kaggletest/chucis1/,XC266021.ogg,48.35265306122449,0,10.0,5.0,44100,bird,1.0
60,./kaggletest/chucis1/,XC266021.ogg,48.35265306122449,0,15.0,5.0,44100,bird,1.0
61,./kaggletest/chucis1/,XC266021.ogg,48.35265306122449,0,25.0,5.0,44100,bird,1.0
62,./kaggletest/chucis1/,XC266021.ogg,48.35265306122449,0,30.0,5.0,44100,bird,1.0
63,./kaggletest/chucis1/,XC266021.ogg,48.35265306122449,0,35.0,5.0,44100,bird,1.0
64,./kaggletest/chucis1/,XC266021.ogg,48.35265306122449,0,40.0,5.0,44100,bird,1.0
65,./kaggletest/chucis1/,XC205752.ogg,30.693854875283446,0,0.0,5.0,44100,bird,1.0
66,./kaggletest/chucis1/,XC205752.ogg,30.693854875283446,0,5.0,5.0,44100,bird,1.0
67,./kaggletest/chucis1/,XC205752.ogg,30.693854875283446,0,10.0,5.0,44100,bird,1.0
68,./kaggletest/chucis1/,XC205752.ogg,30.693854875283446,0,15.0,5.0,44100,bird,1.0
69,./kaggletest/chucis1/,XC205752.ogg,30.693854875283446,0,20.0,5.0,44100,bird,1.0
70,./kaggletest/chucis1/,XC205752.ogg,30.693854875283446,0,25.0,5.0,44100,bird,1.0
71,./kaggletest/chucis1/,XC396444.ogg,7.471020408163265,0,0.0,5.0,44100,bird,1.0
72,./kaggletest/chucis1/,XC396447.ogg,10.057142857142857,0,0.0,5.0,44100,bird,1.0
73,./kaggletest/chucis1/,XC396447.ogg,10.057142857142857,0,5.0,5.0,44100,bird,1.0
74,./kaggletest/chucis1/,XC120759.ogg,23.08798185941043,0,0.0,5.0,44100,bird,1.0
75,./kaggletest/chucis1/,XC120759.ogg,23.08798185941043,0,5.0,5.0,44100,bird,1.0
76,./kaggletest/chucis1/,XC120759.ogg,23.08798185941043,0,10.0,5.0,44100,bird,1.0
77,./kaggletest/chucis1/,XC120759.ogg,23.08798185941043,0,15.0,5.0,44100,bird,1.0
78,./kaggletest/chucis1/,XC396446.ogg,16.431020408163267,0,0.0,5.0,44100,bird,1.0
79,./kaggletest/chucis1/,XC396446.ogg,16.431020408163267,0,5.0,5.0,44100,bird,1.0
80,./kaggletest/chucis1/,XC396446.ogg,16.431020408163267,0,10.0,5.0,44100,bird,1.0
81,./kaggletest/chucis1/,XC121091.ogg,16.055986394557824,0,0.0,5.0,44100,bird,1.0
82,./kaggletest/chucis1/,XC121091.ogg,16.055986394557824,0,5.0,5.0,44100,bird,1.0
83,./kaggletest/chucis1/,XC121091.ogg,16.055986394557824,0,10.0,5.0,44100,bird,1.0
84,./kaggletest/chucis1/,XC153957.ogg,23.196734693877552,0,0.0,5.0,44100,bird,1.0
85,./kaggletest/chucis1/,XC153957.ogg,23.196734693877552,0,5.0,5.0,44100,bird,1.0
86,./kaggletest/chucis1/,XC153957.ogg,23.196734693877552,0,10.0,5.0,44100,bird,1.0
87,./kaggletest/chucis1/,XC153957.ogg,23.196734693877552,0,15.0,5.0,44100,bird,1.0
88,./kaggletest/chucis1/,XC470844.ogg,9.298979591836735,0,0.0,5.0,44100,bird,1.0
89,./kaggletest/chucis1/,XC113292.ogg,25.468956916099774,0,0.0,5.0,44100,bird,1.0
90,./kaggletest/chucis1/,XC113292.ogg,25.468956916099774,0,5.0,5.0,44100,bird,1.0
91,./kaggletest/chucis1/,XC113292.ogg,25.468956916099774,0,10.0,5.0,44100,bird,1.0
92,./kaggletest/chucis1/,XC113292.ogg,25.468956916099774,0,15.0,5.0,44100,bird,1.0
93,./kaggletest/chucis1/,XC113292.ogg,25.468956916099774,0,20.0,5.0,44100,bird,1.0
94,./kaggletest/chucis1/,XC266271.ogg,6.661201814058957,0,0.0,5.0,44100,bird,1.0
95,./kaggletest/chucis1/,XC234735.ogg,15.046530612244897,0,0.0,5.0,44100,bird,1.0
96,./kaggletest/chucis1/,XC234735.ogg,15.046530612244897,0,5.0,5.0,44100,bird,1.0
97,./kaggletest/chucis1/,XC234735.ogg,15.046530612244897,0,10.0,5.0,44100,bird,1.0
98,./kaggletest/chucis1/,XC233076.ogg,15.67344671201814,0,0.0,5.0,44100,bird,1.0
99,./kaggletest/chucis1/,XC233076.ogg,15.67344671201814,0,5.0,5.0,44100,bird,1.0
100,./kaggletest/chucis1/,XC233076.ogg,15.67344671201814,0,10.0,5.0,44100,bird,1.0
101,./kaggletest/chucis1/,XC234731.ogg,33.828548752834465,0,0.0,5.0,44100,bird,1.0
102,./kaggletest/chucis1/,XC234731.ogg,33.828548752834465,0,5.0,5.0,44100,bird,1.0
103,./kaggletest/chucis1/,XC234731.ogg,33.828548752834465,0,10.0,5.0,44100,bird,1.0
104,./kaggletest/chucis1/,XC234731.ogg,33.828548752834465,0,15.0,5.0,44100,bird,1.0
105,./kaggletest/chucis1/,XC234731.ogg,33.828548752834465,0,20.0,5.0,44100,bird,1.0
106,./kaggletest/chucis1/,XC234731.ogg,33.828548752834465,0,25.0,5.0,44100,bird,1.0
107,./kaggletest/chucis1/,XC233077.ogg,17.21467120181406,0,0.0,5.0,44100,bird,1.0
108,./kaggletest/chucis1/,XC233077.ogg,17.21467120181406,0,5.0,5.0,44100,bird,1.0
109,./kaggletest/chucis1/,XC233077.ogg,17.21467120181406,0,10.0,5.0,44100,bird,1.0
