,FOLDER,IN FILE,CLIP LENGTH,CHANNEL,OFFSET,DURATION,SAMPLE RATE,MANUAL ID,CONFIDENCE
0,./kaggletest/colsun2/,XC517237.ogg,175.7519954648526,0,0.0,5.0,44100,bird,1.0
1,./kaggletest/colsun2/,XC517237.ogg,175.7519954648526,0,10.0,5.0,44100,bird,1.0
2,./kaggletest/colsun2/,XC517237.ogg,175.7519954648526,0,15.0,5.0,44100,bird,1.0
3,./kaggletest/colsun2/,XC517237.ogg,175.7519954648526,0,20.0,5.0,44100,bird,1.0
4,./kaggletest/colsun2/,XC517237.ogg,175.7519954648526,0,25.0,5.0,44100,bird,1.0
5,./kaggletest/colsun2/,XC517237.ogg,175.7519954648526,0,30.0,5.0,44100,bird,1.0
6,./kaggletest/colsun2/,XC517237.ogg,175.7519954648526,0,35.0,5.0,44100,bird,1.0
7,./kaggletest/colsun2/,XC517237.ogg,175.7519954648526,0,40.0,5.0,44100,bird,1.0
8,./kaggletest/colsun2/,XC517237.ogg,175.7519954648526,0,45.0,5.0,44100,bird,1.0
9,./kaggletest/colsun2/,XC517237.ogg,175.7519954648526,0,50.0,5.0,44100,bird,1.0
10,./kaggletest/colsun2/,XC517237.ogg,175.7519954648526,0,55.0,5.0,44100,bird,1.0
11,./kaggletest/colsun2/,XC517237.ogg,175.7519954648526,0,60.0,5.0,44100,bird,1.0
12,./kaggletest/colsun2/,XC517237.ogg,175.7519954648526,0,65.0,5.0,44100,bird,1.0
13,./kaggletest/colsun2/,XC517237.ogg,175.7519954648526,0,70.0,5.0,44100,bird,1.0
14,./kaggletest/colsun2/,XC517237.ogg,175.7519954648526,0,75.0,5.0,44100,bird,1.0
15,./kaggletest/colsun2/,XC517237.ogg,175.7519954648526,0,80.0,5.0,44100,bird,1.0
16,./kaggletest/colsun2/,XC517237.ogg,175.7519954648526,0,85.0,5.0,44100,bird,1.0
17,./kaggletest/colsun2/,XC517237.ogg,175.7519954648526,0,90.0,5.0,44100,bird,1.0
18,./kaggletest/colsun2/,XC517237.ogg,175.7519954648526,0,95.0,5.0,44100,bird,1.0
19,./kaggletest/colsun2/,XC517237.ogg,175.7519954648526,0,100.0,5.0,44100,bird,1.0
20,./kaggletest/colsun2/,XC517237.ogg,175.7519954648526,0,105.0,5.0,44100,bird,1.0
21,./kaggletest/colsun2/,XC517237.ogg,175.7519954648526,0,110.0,5.0,44100,bird,1.0
22,./kaggletest/colsun2/,XC517237.ogg,175.7519954648526,0,115.0,5.0,44100,bird,1.0
23,./kaggletest/colsun2/,XC517237.ogg,175.7519954648526,0,120.0,5.0,44100,bird,1.0
24,./kaggletest/colsun2/,XC517237.ogg,175.7519954648526,0,125.0,5.0,44100,bird,1.0
25,./kaggletest/colsun2/,XC517237.ogg,175.7519954648526,0,130.0,5.0,44100,bird,1.0
26,./kaggletest/colsun2/,XC517237.ogg,175.7519954648526,0,135.0,5.0,44100,bird,1.0
27,./kaggletest/colsun2/,XC517237.ogg,175.7519954648526,0,140.0,5.0,44100,bird,1.0
28,./kaggletest/colsun2/,XC517237.ogg,175.7519954648526,0,145.0,5.0,44100,bird,1.0
29,./kaggletest/colsun2/,XC517237.ogg,175.7519954648526,0,150.0,5.0,44100,bird,1.0
30,./kaggletest/colsun2/,XC517237.ogg,175.7519954648526,0,155.0,5.0,44100,bird,1.0
31,./kaggletest/colsun2/,XC517237.ogg,175.7519954648526,0,160.0,5.0,44100,bird,1.0
32,./kaggletest/colsun2/,XC517237.ogg,175.7519954648526,0,165.0,5.0,44100,bird,1.0
33,./kaggletest/colsun2/,XC517237.ogg,175.7519954648526,0,170.0,5.0,44100,bird,1.0
34,./kaggletest/colsun2/,XC433381.ogg,16.991995464852607,0,0.0,5.0,44100,bird,1.0
35,./kaggletest/colsun2/,XC433381.ogg,16.991995464852607,0,5.0,5.0,44100,bird,1.0
36,./kaggletest/colsun2/,XC433381.ogg,16.991995464852607,0,10.0,5.0,44100,bird,1.0
37,./kaggletest/colsun2/,XC517357.ogg,22.75199546485261,0,0.0,5.0,44100,bird,1.0
38,./kaggletest/colsun2/,XC517357.ogg,22.75199546485261,0,5.0,5.0,44100,bird,1.0
39,./kaggletest/colsun2/,XC517357.ogg,22.75199546485261,0,10.0,5.0,44100,bird,1.0
40,./kaggletest/colsun2/,XC517357.ogg,22.75199546485261,0,15.0,5.0,44100,bird,1.0
41,./kaggletest/colsun2/,XC517356.ogg,62.01598639455782,0,0.0,5.0,44100,bird,1.0
42,./kaggletest/colsun2/,XC517356.ogg,62.01598639455782,0,5.0,5.0,44100,bird,1.0
43,./kaggletest/colsun2/,XC517356.ogg,62.01598639455782,0,10.0,5.0,44100,bird,1.0
44,./kaggletest/colsun2/,XC517356.ogg,62.01598639455782,0,15.0,5.0,44100,bird,1.0
45,./kaggletest/colsun2/,XC517356.ogg,62.01598639455782,0,20.0,5.0,44100,bird,1.0
46,./kaggletest/colsun2/,XC517356.ogg,62.01598639455782,0,25.0,5.0,44100,bird,1.0
47,./kaggletest/colsun2/,XC517356.ogg,62.01598639455782,0,30.0,5.0,44100,bird,1.0
48,./kaggletest/colsun2/,XC517356.ogg,62.01598639455782,0,35.0,5.0,44100,bird,1.0
49,./kaggletest/colsun2/,XC517356.ogg,62.01598639455782,0,40.0,5.0,44100,bird,1.0
50,./kaggletest/colsun2/,XC517356.ogg,62.01598639455782,0,45.0,5.0,44100,bird,1.0
51,./kaggletest/colsun2/,XC517356.ogg,62.01598639455782,0,50.0,5.0,44100,bird,1.0
52,./kaggletest/colsun2/,XC517356.ogg,62.01598639455782,0,55.0,5.0,44100,bird,1.0
53,./kaggletest/colsun2/,XC267761.ogg,12.863990929705215,0,0.0,5.0,44100,bird,1.0
54,./kaggletest/colsun2/,XC267761.ogg,12.863990929705215,0,5.0,5.0,44100,bird,1.0
55,./kaggletest/colsun2/,XC652464.ogg,27.115079365079364,0,0.0,5.0,44100,bird,1.0
56,./kaggletest/colsun2/,XC652464.ogg,27.115079365079364,0,5.0,5.0,44100,bird,1.0
57,./kaggletest/colsun2/,XC652464.ogg,27.115079365079364,0,10.0,5.0,44100,bird,1.0
58,./kaggletest/colsun2/,XC652464.ogg,27.115079365079364,0,15.0,5.0,44100,bird,1.0
59,./kaggletest/colsun2/,XC652464.ogg,27.115079365079364,0,20.0,5.0,44100,bird,1.0
60,./kaggletest/colsun2/,XC633924.ogg,17.183990929705214,0,0.0,5.0,44100,bird,1.0
61,./kaggletest/colsun2/,XC633924.ogg,17.183990929705214,0,5.0,5.0,44100,bird,1.0
62,./kaggletest/colsun2/,XC633924.ogg,17.183990929705214,0,10.0,5.0,44100,bird,1.0
63,./kaggletest/colsun2/,XC516705.ogg,118.96798185941043,0,0.0,5.0,44100,bird,1.0
64,./kaggletest/colsun2/,XC516705.ogg,118.96798185941043,0,20.0,5.0,44100,bird,1.0
65,./kaggletest/colsun2/,XC516705.ogg,118.96798185941043,0,25.0,5.0,44100,bird,1.0
66,./kaggletest/colsun2/,XC516705.ogg,118.96798185941043,0,30.0,5.0,44100,bird,1.0
67,./kaggletest/colsun2/,XC516705.ogg,118.96798185941043,0,35.0,5.0,44100,bird,1.0
68,./kaggletest/colsun2/,XC516705.ogg,118.96798185941043,0,40.0,5.0,44100,bird,1.0
69,./kaggletest/colsun2/,XC516705.ogg,118.96798185941043,0,45.0,5.0,44100,bird,1.0
70,./kaggletest/colsun2/,XC516705.ogg,118.96798185941043,0,50.0,5.0,44100,bird,1.0
71,./kaggletest/colsun2/,XC516705.ogg,118.96798185941043,0,60.0,5.0,44100,bird,1.0
72,./kaggletest/colsun2/,XC516705.ogg,118.96798185941043,0,65.0,5.0,44100,bird,1.0
73,./kaggletest/colsun2/,XC516705.ogg,118.96798185941043,0,70.0,5.0,44100,bird,1.0
74,./kaggletest/colsun2/,XC516705.ogg,118.96798185941043,0,75.0,5.0,44100,bird,1.0
75,./kaggletest/colsun2/,XC516705.ogg,118.96798185941043,0,85.0,5.0,44100,bird,1.0
76,./kaggletest/colsun2/,XC516705.ogg,118.96798185941043,0,90.0,5.0,44100,bird,1.0
77,./kaggletest/colsun2/,XC516705.ogg,118.96798185941043,0,95.0,5.0,44100,bird,1.0
78,./kaggletest/colsun2/,XC516705.ogg,118.96798185941043,0,100.0,5.0,44100,bird,1.0
79,./kaggletest/colsun2/,XC516705.ogg,118.96798185941043,0,105.0,5.0,44100,bird,1.0
80,./kaggletest/colsun2/,XC267760.ogg,39.96,0,0.0,5.0,44100,bird,1.0
81,./kaggletest/colsun2/,XC267760.ogg,39.96,0,5.0,5.0,44100,bird,1.0
82,./kaggletest/colsun2/,XC267760.ogg,39.96,0,10.0,5.0,44100,bird,1.0
83,./kaggletest/colsun2/,XC267760.ogg,39.96,0,15.0,5.0,44100,bird,1.0
84,./kaggletest/colsun2/,XC267760.ogg,39.96,0,20.0,5.0,44100,bird,1.0
85,./kaggletest/colsun2/,XC267760.ogg,39.96,0,25.0,5.0,44100,bird,1.0
86,./kaggletest/colsun2/,XC267760.ogg,39.96,0,30.0,5.0,44100,bird,1.0
87,./kaggletest/colsun2/,XC267758.ogg,55.89598639455782,0,0.0,5.0,44100,bird,1.0
88,./kaggletest/colsun2/,XC267758.ogg,55.89598639455782,0,5.0,5.0,44100,bird,1.0
89,./kaggletest/colsun2/,XC267758.ogg,55.89598639455782,0,10.0,5.0,44100,bird,1.0
90,./kaggletest/colsun2/,XC267758.ogg,55.89598639455782,0,15.0,5.0,44100,bird,1.0
91,./kaggletest/colsun2/,XC267758.ogg,55.89598639455782,0,25.0,5.0,44100,bird,1.0
92,./kaggletest/colsun2/,XC267758.ogg,55.89598639455782,0,30.0,5.0,44100,bird,1.0
93,./kaggletest/colsun2/,XC267758.ogg,55.89598639455782,0,35.0,5.0,44100,bird,1.0
94,./kaggletest/colsun2/,XC267758.ogg,55.89598639455782,0,40.0,5.0,44100,bird,1.0
95,./kaggletest/colsun2/,XC267758.ogg,55.89598639455782,0,45.0,5.0,44100,bird,1.0
96,./kaggletest/colsun2/,XC267758.ogg,55.89598639455782,0,50.0,5.0,44100,bird,1.0
97,./kaggletest/colsun2/,XC398565.ogg,6.973990929705216,0,0.0,5.0,44100,bird,1.0
98,./kaggletest/colsun2/,XC163960.ogg,14.49795918367347,0,0.0,5.0,44100,bird,1.0
99,./kaggletest/colsun2/,XC163960.ogg,14.49795918367347,0,5.0,5.0,44100,bird,1.0
100,./kaggletest/colsun2/,XC237231.ogg,59.71589569160998,0,0.0,5.0,44100,bird,1.0
101,./kaggletest/colsun2/,XC237231.ogg,59.71589569160998,0,5.0,5.0,44100,bird,1.0
102,./kaggletest/colsun2/,XC237231.ogg,59.71589569160998,0,10.0,5.0,44100,bird,1.0
103,./kaggletest/colsun2/,XC237231.ogg,59.71589569160998,0,15.0,5.0,44100,bird,1.0
104,./kaggletest/colsun2/,XC237231.ogg,59.71589569160998,0,20.0,5.0,44100,bird,1.0
105,./kaggletest/colsun2/,XC237231.ogg,59.71589569160998,0,25.0,5.0,44100,bird,1.0
106,./kaggletest/colsun2/,XC237231.ogg,59.71589569160998,0,30.0,5.0,44100,bird,1.0
107,./kaggletest/colsun2/,XC237231.ogg,59.71589569160998,0,35.0,5.0,44100,bird,1.0
108,./kaggletest/colsun2/,XC237231.ogg,59.71589569160998,0,40.0,5.0,44100,bird,1.0
109,./kaggletest/colsun2/,XC237231.ogg,59.71589569160998,0,45.0,5.0,44100,bird,1.0
110,./kaggletest/colsun2/,XC237231.ogg,59.71589569160998,0,50.0,5.0,44100,bird,1.0
111,./kaggletest/colsun2/,XC516517.ogg,31.24798185941043,0,0.0,5.0,44100,bird,1.0
112,./kaggletest/colsun2/,XC516517.ogg,31.24798185941043,0,10.0,5.0,44100,bird,1.0
113,./kaggletest/colsun2/,XC516517.ogg,31.24798185941043,0,15.0,5.0,44100,bird,1.0
114,./kaggletest/colsun2/,XC517190.ogg,126.09598639455783,0,35.0,5.0,44100,bird,1.0
115,./kaggletest/colsun2/,XC517190.ogg,126.09598639455783,0,40.0,5.0,44100,bird,1.0
116,./kaggletest/colsun2/,XC517190.ogg,126.09598639455783,0,45.0,5.0,44100,bird,1.0
117,./kaggletest/colsun2/,XC517190.ogg,126.09598639455783,0,55.0,5.0,44100,bird,1.0
118,./kaggletest/colsun2/,XC517190.ogg,126.09598639455783,0,60.0,5.0,44100,bird,1.0
119,./kaggletest/colsun2/,XC517190.ogg,126.09598639455783,0,80.0,5.0,44100,bird,1.0
120,./kaggletest/colsun2/,XC517190.ogg,126.09598639455783,0,85.0,5.0,44100,bird,1.0
121,./kaggletest/colsun2/,XC517190.ogg,126.09598639455783,0,90.0,5.0,44100,bird,1.0
122,./kaggletest/colsun2/,XC517190.ogg,126.09598639455783,0,105.0,5.0,44100,bird,1.0
123,./kaggletest/colsun2/,XC517190.ogg,126.09598639455783,0,115.0,5.0,44100,bird,1.0
124,./kaggletest/colsun2/,XC517190.ogg,126.09598639455783,0,120.0,5.0,44100,bird,1.0
125,./kaggletest/colsun2/,XC517191.ogg,154.32,0,0.0,5.0,44100,bird,1.0
126,./kaggletest/colsun2/,XC517191.ogg,154.32,0,5.0,5.0,44100,bird,1.0
127,./kaggletest/colsun2/,XC517191.ogg,154.32,0,10.0,5.0,44100,bird,1.0
128,./kaggletest/colsun2/,XC517191.ogg,154.32,0,15.0,5.0,44100,bird,1.0
129,./kaggletest/colsun2/,XC517191.ogg,154.32,0,25.0,5.0,44100,bird,1.0
130,./kaggletest/colsun2/,XC517191.ogg,154.32,0,30.0,5.0,44100,bird,1.0
131,./kaggletest/colsun2/,XC517191.ogg,154.32,0,35.0,5.0,44100,bird,1.0
132,./kaggletest/colsun2/,XC517191.ogg,154.32,0,40.0,5.0,44100,bird,1.0
133,./kaggletest/colsun2/,XC517191.ogg,154.32,0,45.0,5.0,44100,bird,1.0
134,./kaggletest/colsun2/,XC517191.ogg,154.32,0,50.0,5.0,44100,bird,1.0
135,./kaggletest/colsun2/,XC517191.ogg,154.32,0,55.0,5.0,44100,bird,1.0
136,./kaggletest/colsun2/,XC517191.ogg,154.32,0,60.0,5.0,44100,bird,1.0
137,./kaggletest/colsun2/,XC517191.ogg,154.32,0,65.0,5.0,44100,bird,1.0
138,./kaggletest/colsun2/,XC517191.ogg,154.32,0,70.0,5.0,44100,bird,1.0
139,./kaggletest/colsun2/,XC517191.ogg,154.32,0,75.0,5.0,44100,bird,1.0
140,./kaggletest/colsun2/,XC517191.ogg,154.32,0,80.0,5.0,44100,bird,1.0
141,./kaggletest/colsun2/,XC517191.ogg,154.32,0,85.0,5.0,44100,bird,1.0
142,./kaggletest/colsun2/,XC517191.ogg,154.32,0,90.0,5.0,44100,bird,1.0
143,./kaggletest/colsun2/,XC517191.ogg,154.32,0,95.0,5.0,44100,bird,1.0
144,./kaggletest/colsun2/,XC517191.ogg,154.32,0,100.0,5.0,44100,bird,1.0
145,./kaggletest/colsun2/,XC517191.ogg,154.32,0,105.0,5.0,44100,bird,1.0
146,./kaggletest/colsun2/,XC517191.ogg,154.32,0,110.0,5.0,44100,bird,1.0
147,./kaggletest/colsun2/,XC517191.ogg,154.32,0,115.0,5.0,44100,bird,1.0
148,./kaggletest/colsun2/,XC517191.ogg,154.32,0,120.0,5.0,44100,bird,1.0
149,./kaggletest/colsun2/,XC517191.ogg,154.32,0,125.0,5.0,44100,bird,1.0
150,./kaggletest/colsun2/,XC517191.ogg,154.32,0,130.0,5.0,44100,bird,1.0
151,./kaggletest/colsun2/,XC517191.ogg,154.32,0,135.0,5.0,44100,bird,1.0
152,./kaggletest/colsun2/,XC517191.ogg,154.32,0,140.0,5.0,44100,bird,1.0
153,./kaggletest/colsun2/,XC517191.ogg,154.32,0,145.0,5.0,44100,bird,1.0
154,./kaggletest/colsun2/,XC517344.ogg,21.91199546485261,0,0.0,5.0,44100,bird,1.0
155,./kaggletest/colsun2/,XC517344.ogg,21.91199546485261,0,5.0,5.0,44100,bird,1.0
156,./kaggletest/colsun2/,XC517344.ogg,21.91199546485261,0,10.0,5.0,44100,bird,1.0
157,./kaggletest/colsun2/,XC517344.ogg,21.91199546485261,0,15.0,5.0,44100,bird,1.0
158,./kaggletest/colsun2/,XC650666.ogg,17.345306122448978,0,0.0,5.0,44100,bird,1.0
159,./kaggletest/colsun2/,XC650666.ogg,17.345306122448978,0,5.0,5.0,44100,bird,1.0
160,./kaggletest/colsun2/,XC650666.ogg,17.345306122448978,0,10.0,5.0,44100,bird,1.0
161,./kaggletest/colsun2/,XC537447.ogg,55.536303854875285,0,0.0,5.0,44100,bird,1.0
162,./kaggletest/colsun2/,XC537447.ogg,55.536303854875285,0,5.0,5.0,44100,bird,1.0
163,./kaggletest/colsun2/,XC537447.ogg,55.536303854875285,0,10.0,5.0,44100,bird,1.0
164,./kaggletest/colsun2/,XC537447.ogg,55.536303854875285,0,15.0,5.0,44100,bird,1.0
165,./kaggletest/colsun2/,XC537447.ogg,55.536303854875285,0,20.0,5.0,44100,bird,1.0
166,./kaggletest/colsun2/,XC537447.ogg,55.536303854875285,0,25.0,5.0,44100,bird,1.0
167,./kaggletest/colsun2/,XC537447.ogg,55.536303854875285,0,30.0,5.0,44100,bird,1.0
168,./kaggletest/colsun2/,XC537447.ogg,55.536303854875285,0,35.0,5.0,44100,bird,1.0
169,./kaggletest/colsun2/,XC537447.ogg,55.536303854875285,0,40.0,5.0,44100,bird,1.0
170,./kaggletest/colsun2/,XC537447.ogg,55.536303854875285,0,45.0,5.0,44100,bird,1.0
171,./kaggletest/colsun2/,XC537447.ogg,55.536303854875285,0,50.0,5.0,44100,bird,1.0
172,./kaggletest/colsun2/,XC401888.ogg,12.878367346938775,0,0.0,5.0,44100,bird,1.0
173,./kaggletest/colsun2/,XC401888.ogg,12.878367346938775,0,5.0,5.0,44100,bird,1.0
174,./kaggletest/colsun2/,XC205445.ogg,10.553446712018141,0,0.0,5.0,44100,bird,1.0
175,./kaggletest/colsun2/,XC205445.ogg,10.553446712018141,0,5.0,5.0,44100,bird,1.0
176,./kaggletest/colsun2/,XC345101.ogg,27.270997732426302,0,15.0,5.0,44100,bird,1.0
177,./kaggletest/colsun2/,XC649916.ogg,39.732244897959184,0,0.0,5.0,44100,bird,1.0
178,./kaggletest/colsun2/,XC649916.ogg,39.732244897959184,0,5.0,5.0,44100,bird,1.0
179,./kaggletest/colsun2/,XC649916.ogg,39.732244897959184,0,10.0,5.0,44100,bird,1.0
180,./kaggletest/colsun2/,XC649916.ogg,39.732244897959184,0,15.0,5.0,44100,bird,1.0
181,./kaggletest/colsun2/,XC649916.ogg,39.732244897959184,0,20.0,5.0,44100,bird,1.0
182,./kaggletest/colsun2/,XC649916.ogg,39.732244897959184,0,25.0,5.0,44100,bird,1.0
183,./kaggletest/colsun2/,XC649916.ogg,39.732244897959184,0,30.0,5.0,44100,bird,1.0
184,./kaggletest/colsun2/,XC516528.ogg,80.01598639455783,0,0.0,5.0,44100,bird,1.0
185,./kaggletest/colsun2/,XC516528.ogg,80.01598639455783,0,5.0,5.0,44100,bird,1.0
186,./kaggletest/colsun2/,XC516528.ogg,80.01598639455783,0,10.0,5.0,44100,bird,1.0
187,./kaggletest/colsun2/,XC516528.ogg,80.01598639455783,0,15.0,5.0,44100,bird,1.0
188,./kaggletest/colsun2/,XC516528.ogg,80.01598639455783,0,20.0,5.0,44100,bird,1.0
189,./kaggletest/colsun2/,XC516528.ogg,80.01598639455783,0,25.0,5.0,44100,bird,1.0
190,./kaggletest/colsun2/,XC516528.ogg,80.01598639455783,0,30.0,5.0,44100,bird,1.0
191,./kaggletest/colsun2/,XC516528.ogg,80.01598639455783,0,35.0,5.0,44100,bird,1.0
192,./kaggletest/colsun2/,XC516528.ogg,80.01598639455783,0,40.0,5.0,44100,bird,1.0
193,./kaggletest/colsun2/,XC516528.ogg,80.01598639455783,0,45.0,5.0,44100,bird,1.0
194,./kaggletest/colsun2/,XC516528.ogg,80.01598639455783,0,50.0,5.0,44100,bird,1.0
195,./kaggletest/colsun2/,XC516528.ogg,80.01598639455783,0,55.0,5.0,44100,bird,1.0
196,./kaggletest/colsun2/,XC516528.ogg,80.01598639455783,0,60.0,5.0,44100,bird,1.0
197,./kaggletest/colsun2/,XC516528.ogg,80.01598639455783,0,65.0,5.0,44100,bird,1.0
198,./kaggletest/colsun2/,XC516528.ogg,80.01598639455783,0,70.0,5.0,44100,bird,1.0
199,./kaggletest/colsun2/,XC516528.ogg,80.01598639455783,0,75.0,5.0,44100,bird,1.0
200,./kaggletest/colsun2/,XC649917.ogg,60.916984126984126,0,0.0,5.0,44100,bird,1.0
201,./kaggletest/colsun2/,XC649917.ogg,60.916984126984126,0,5.0,5.0,44100,bird,1.0
202,./kaggletest/colsun2/,XC649917.ogg,60.916984126984126,0,10.0,5.0,44100,bird,1.0
203,./kaggletest/colsun2/,XC649917.ogg,60.916984126984126,0,15.0,5.0,44100,bird,1.0
204,./kaggletest/colsun2/,XC649917.ogg,60.916984126984126,0,20.0,5.0,44100,bird,1.0
205,./kaggletest/colsun2/,XC649917.ogg,60.916984126984126,0,25.0,5.0,44100,bird,1.0
206,./kaggletest/colsun2/,XC649917.ogg,60.916984126984126,0,30.0,5.0,44100,bird,1.0
207,./kaggletest/colsun2/,XC649917.ogg,60.916984126984126,0,35.0,5.0,44100,bird,1.0
208,./kaggletest/colsun2/,XC649917.ogg,60.916984126984126,0,40.0,5.0,44100,bird,1.0
209,./kaggletest/colsun2/,XC649917.ogg,60.916984126984126,0,45.0,5.0,44100,bird,1.0
210,./kaggletest/colsun2/,XC649917.ogg,60.916984126984126,0,50.0,5.0,44100,bird,1.0
211,./kaggletest/colsun2/,XC649917.ogg,60.916984126984126,0,55.0,5.0,44100,bird,1.0
212,./kaggletest/colsun2/,XC289287.ogg,34.089773242630386,0,0.0,5.0,44100,bird,1.0
213,./kaggletest/colsun2/,XC289287.ogg,34.089773242630386,0,5.0,5.0,44100,bird,1.0
214,./kaggletest/colsun2/,XC289287.ogg,34.089773242630386,0,10.0,5.0,44100,bird,1.0
215,./kaggletest/colsun2/,XC289287.ogg,34.089773242630386,0,15.0,5.0,44100,bird,1.0
216,./kaggletest/colsun2/,XC289287.ogg,34.089773242630386,0,20.0,5.0,44100,bird,1.0
217,./kaggletest/colsun2/,XC289287.ogg,34.089773242630386,0,25.0,5.0,44100,bird,1.0
218,./kaggletest/colsun2/,XC365415.ogg,20.558367346938777,0,0.0,5.0,44100,bird,1.0
219,./kaggletest/colsun2/,XC365415.ogg,20.558367346938777,0,5.0,5.0,44100,bird,1.0
220,./kaggletest/colsun2/,XC365415.ogg,20.558367346938777,0,10.0,5.0,44100,bird,1.0
221,./kaggletest/colsun2/,XC365415.ogg,20.558367346938777,0,15.0,5.0,44100,bird,1.0
222,./kaggletest/colsun2/,XC516893.ogg,115.84798185941042,0,0.0,5.0,44100,bird,1.0
223,./kaggletest/colsun2/,XC516893.ogg,115.84798185941042,0,10.0,5.0,44100,bird,1.0
224,./kaggletest/colsun2/,XC516893.ogg,115.84798185941042,0,20.0,5.0,44100,bird,1.0
225,./kaggletest/colsun2/,XC516893.ogg,115.84798185941042,0,25.0,5.0,44100,bird,1.0
226,./kaggletest/colsun2/,XC516893.ogg,115.84798185941042,0,30.0,5.0,44100,bird,1.0
227,./kaggletest/colsun2/,XC516893.ogg,115.84798185941042,0,35.0,5.0,44100,bird,1.0
228,./kaggletest/colsun2/,XC516893.ogg,115.84798185941042,0,40.0,5.0,44100,bird,1.0
229,./kaggletest/colsun2/,XC516893.ogg,115.84798185941042,0,45.0,5.0,44100,bird,1.0
230,./kaggletest/colsun2/,XC516893.ogg,115.84798185941042,0,50.0,5.0,44100,bird,1.0
231,./kaggletest/colsun2/,XC516893.ogg,115.84798185941042,0,55.0,5.0,44100,bird,1.0
232,./kaggletest/colsun2/,XC516893.ogg,115.84798185941042,0,60.0,5.0,44100,bird,1.0
233,./kaggletest/colsun2/,XC516893.ogg,115.84798185941042,0,65.0,5.0,44100,bird,1.0
234,./kaggletest/colsun2/,XC516893.ogg,115.84798185941042,0,70.0,5.0,44100,bird,1.0
235,./kaggletest/colsun2/,XC516893.ogg,115.84798185941042,0,75.0,5.0,44100,bird,1.0
236,./kaggletest/colsun2/,XC516893.ogg,115.84798185941042,0,85.0,5.0,44100,bird,1.0
237,./kaggletest/colsun2/,XC516893.ogg,115.84798185941042,0,90.0,5.0,44100,bird,1.0
238,./kaggletest/colsun2/,XC516893.ogg,115.84798185941042,0,95.0,5.0,44100,bird,1.0
239,./kaggletest/colsun2/,XC516893.ogg,115.84798185941042,0,100.0,5.0,44100,bird,1.0
240,./kaggletest/colsun2/,XC516893.ogg,115.84798185941042,0,105.0,5.0,44100,bird,1.0
241,./kaggletest/colsun2/,XC460520.ogg,22.047324263038547,0,0.0,5.0,44100,bird,1.0
242,./kaggletest/colsun2/,XC460520.ogg,22.047324263038547,0,5.0,5.0,44100,bird,1.0
243,./kaggletest/colsun2/,XC460520.ogg,22.047324263038547,0,10.0,5.0,44100,bird,1.0
244,./kaggletest/colsun2/,XC460520.ogg,22.047324263038547,0,15.0,5.0,44100,bird,1.0
245,./kaggletest/colsun2/,XC517019.ogg,20.855986394557824,0,0.0,5.0,44100,bird,1.0
246,./kaggletest/colsun2/,XC517019.ogg,20.855986394557824,0,5.0,5.0,44100,bird,1.0
247,./kaggletest/colsun2/,XC517019.ogg,20.855986394557824,0,10.0,5.0,44100,bird,1.0
248,./kaggletest/colsun2/,XC517019.ogg,20.855986394557824,0,15.0,5.0,44100,bird,1.0
249,./kaggletest/colsun2/,XC393630.ogg,13.655986394557823,0,0.0,5.0,44100,bird,1.0
250,./kaggletest/colsun2/,XC393630.ogg,13.655986394557823,0,5.0,5.0,44100,bird,1.0
251,./kaggletest/colsun2/,XC278812.ogg,7.68,0,0.0,5.0,44100,bird,1.0
252,./kaggletest/colsun2/,XC664996.ogg,43.2,0,0.0,5.0,44100,bird,1.0
253,./kaggletest/colsun2/,XC664996.ogg,43.2,0,5.0,5.0,44100,bird,1.0
254,./kaggletest/colsun2/,XC664996.ogg,43.2,0,10.0,5.0,44100,bird,1.0
255,./kaggletest/colsun2/,XC664996.ogg,43.2,0,15.0,5.0,44100,bird,1.0
256,./kaggletest/colsun2/,XC664996.ogg,43.2,0,20.0,5.0,44100,bird,1.0
257,./kaggletest/colsun2/,XC664996.ogg,43.2,0,25.0,5.0,44100,bird,1.0
258,./kaggletest/colsun2/,XC664996.ogg,43.2,0,30.0,5.0,44100,bird,1.0
259,./kaggletest/colsun2/,XC664996.ogg,43.2,0,35.0,5.0,44100,bird,1.0
260,./kaggletest/colsun2/,XC517095.ogg,147.12,0,0.0,5.0,44100,bird,1.0
261,./kaggletest/colsun2/,XC517095.ogg,147.12,0,5.0,5.0,44100,bird,1.0
262,./kaggletest/colsun2/,XC517095.ogg,147.12,0,20.0,5.0,44100,bird,1.0
263,./kaggletest/colsun2/,XC517095.ogg,147.12,0,25.0,5.0,44100,bird,1.0
264,./kaggletest/colsun2/,XC517095.ogg,147.12,0,30.0,5.0,44100,bird,1.0
265,./kaggletest/colsun2/,XC517095.ogg,147.12,0,35.0,5.0,44100,bird,1.0
266,./kaggletest/colsun2/,XC517095.ogg,147.12,0,40.0,5.0,44100,bird,1.0
267,./kaggletest/colsun2/,XC517095.ogg,147.12,0,45.0,5.0,44100,bird,1.0
268,./kaggletest/colsun2/,XC517095.ogg,147.12,0,55.0,5.0,44100,bird,1.0
269,./kaggletest/colsun2/,XC517095.ogg,147.12,0,60.0,5.0,44100,bird,1.0
270,./kaggletest/colsun2/,XC517095.ogg,147.12,0,65.0,5.0,44100,bird,1.0
271,./kaggletest/colsun2/,XC517095.ogg,147.12,0,75.0,5.0,44100,bird,1.0
272,./kaggletest/colsun2/,XC517095.ogg,147.12,0,80.0,5.0,44100,bird,1.0
273,./kaggletest/colsun2/,XC517095.ogg,147.12,0,85.0,5.0,44100,bird,1.0
274,./kaggletest/colsun2/,XC517095.ogg,147.12,0,90.0,5.0,44100,bird,1.0
275,./kaggletest/colsun2/,XC517095.ogg,147.12,0,95.0,5.0,44100,bird,1.0
276,./kaggletest/colsun2/,XC517095.ogg,147.12,0,100.0,5.0,44100,bird,1.0
277,./kaggletest/colsun2/,XC517095.ogg,147.12,0,105.0,5.0,44100,bird,1.0
278,./kaggletest/colsun2/,XC517095.ogg,147.12,0,110.0,5.0,44100,bird,1.0
279,./kaggletest/colsun2/,XC517095.ogg,147.12,0,115.0,5.0,44100,bird,1.0
280,./kaggletest/colsun2/,XC517095.ogg,147.12,0,120.0,5.0,44100,bird,1.0
281,./kaggletest/colsun2/,XC517095.ogg,147.12,0,125.0,5.0,44100,bird,1.0
282,./kaggletest/colsun2/,XC517095.ogg,147.12,0,130.0,5.0,44100,bird,1.0
283,./kaggletest/colsun2/,XC517095.ogg,147.12,0,135.0,5.0,44100,bird,1.0
284,./kaggletest/colsun2/,XC517095.ogg,147.12,0,140.0,5.0,44100,bird,1.0
285,./kaggletest/colsun2/,XC472396.ogg,90.04408163265306,0,0.0,5.0,44100,bird,1.0
286,./kaggletest/colsun2/,XC472396.ogg,90.04408163265306,0,5.0,5.0,44100,bird,1.0
287,./kaggletest/colsun2/,XC472396.ogg,90.04408163265306,0,10.0,5.0,44100,bird,1.0
288,./kaggletest/colsun2/,XC472396.ogg,90.04408163265306,0,15.0,5.0,44100,bird,1.0
289,./kaggletest/colsun2/,XC472396.ogg,90.04408163265306,0,20.0,5.0,44100,bird,1.0
290,./kaggletest/colsun2/,XC472396.ogg,90.04408163265306,0,25.0,5.0,44100,bird,1.0
291,./kaggletest/colsun2/,XC472396.ogg,90.04408163265306,0,30.0,5.0,44100,bird,1.0
292,./kaggletest/colsun2/,XC472396.ogg,90.04408163265306,0,35.0,5.0,44100,bird,1.0
293,./kaggletest/colsun2/,XC472396.ogg,90.04408163265306,0,40.0,5.0,44100,bird,1.0
294,./kaggletest/colsun2/,XC472396.ogg,90.04408163265306,0,45.0,5.0,44100,bird,1.0
295,./kaggletest/colsun2/,XC472396.ogg,90.04408163265306,0,50.0,5.0,44100,bird,1.0
296,./kaggletest/colsun2/,XC472396.ogg,90.04408163265306,0,55.0,5.0,44100,bird,1.0
297,./kaggletest/colsun2/,XC472396.ogg,90.04408163265306,0,60.0,5.0,44100,bird,1.0
298,./kaggletest/colsun2/,XC472396.ogg,90.04408163265306,0,65.0,5.0,44100,bird,1.0
299,./kaggletest/colsun2/,XC472396.ogg,90.04408163265306,0,70.0,5.0,44100,bird,1.0
300,./kaggletest/colsun2/,XC472396.ogg,90.04408163265306,0,75.0,5.0,44100,bird,1.0
301,./kaggletest/colsun2/,XC472396.ogg,90.04408163265306,0,80.0,5.0,44100,bird,1.0
302,./kaggletest/colsun2/,XC472396.ogg,90.04408163265306,0,85.0,5.0,44100,bird,1.0
303,./kaggletest/colsun2/,XC516994.ogg,61.175986394557825,0,0.0,5.0,44100,bird,1.0
304,./kaggletest/colsun2/,XC516994.ogg,61.175986394557825,0,5.0,5.0,44100,bird,1.0
305,./kaggletest/colsun2/,XC516994.ogg,61.175986394557825,0,10.0,5.0,44100,bird,1.0
306,./kaggletest/colsun2/,XC516994.ogg,61.175986394557825,0,15.0,5.0,44100,bird,1.0
307,./kaggletest/colsun2/,XC516994.ogg,61.175986394557825,0,20.0,5.0,44100,bird,1.0
308,./kaggletest/colsun2/,XC516994.ogg,61.175986394557825,0,25.0,5.0,44100,bird,1.0
309,./kaggletest/colsun2/,XC516994.ogg,61.175986394557825,0,30.0,5.0,44100,bird,1.0
310,./kaggletest/colsun2/,XC516994.ogg,61.175986394557825,0,35.0,5.0,44100,bird,1.0
311,./kaggletest/colsun2/,XC516994.ogg,61.175986394557825,0,40.0,5.0,44100,bird,1.0
312,./kaggletest/colsun2/,XC516994.ogg,61.175986394557825,0,45.0,5.0,44100,bird,1.0
313,./kaggletest/colsun2/,XC516994.ogg,61.175986394557825,0,50.0,5.0,44100,bird,1.0
314,./kaggletest/colsun2/,XC516994.ogg,61.175986394557825,0,55.0,5.0,44100,bird,1.0
315,./kaggletest/colsun2/,XC537033.ogg,20.035895691609976,0,0.0,5.0,44100,bird,1.0
316,./kaggletest/colsun2/,XC537033.ogg,20.035895691609976,0,10.0,5.0,44100,bird,1.0
317,./kaggletest/colsun2/,XC537033.ogg,20.035895691609976,0,15.0,5.0,44100,bird,1.0
318,./kaggletest/colsun2/,XC354081.ogg,23.24895691609977,0,0.0,5.0,44100,bird,1.0
319,./kaggletest/colsun2/,XC354081.ogg,23.24895691609977,0,5.0,5.0,44100,bird,1.0
320,./kaggletest/colsun2/,XC354081.ogg,23.24895691609977,0,10.0,5.0,44100,bird,1.0
321,./kaggletest/colsun2/,XC354081.ogg,23.24895691609977,0,15.0,5.0,44100,bird,1.0
322,./kaggletest/colsun2/,XC378027.ogg,17.240793650793652,0,0.0,5.0,44100,bird,1.0
323,./kaggletest/colsun2/,XC378027.ogg,17.240793650793652,0,5.0,5.0,44100,bird,1.0
324,./kaggletest/colsun2/,XC378027.ogg,17.240793650793652,0,10.0,5.0,44100,bird,1.0
325,./kaggletest/colsun2/,XC542693.ogg,71.7319954648526,0,0.0,5.0,44100,bird,1.0
326,./kaggletest/colsun2/,XC542693.ogg,71.7319954648526,0,5.0,5.0,44100,bird,1.0
327,./kaggletest/colsun2/,XC542693.ogg,71.7319954648526,0,10.0,5.0,44100,bird,1.0
328,./kaggletest/colsun2/,XC542693.ogg,71.7319954648526,0,15.0,5.0,44100,bird,1.0
329,./kaggletest/colsun2/,XC542693.ogg,71.7319954648526,0,20.0,5.0,44100,bird,1.0
330,./kaggletest/colsun2/,XC542693.ogg,71.7319954648526,0,25.0,5.0,44100,bird,1.0
331,./kaggletest/colsun2/,XC542693.ogg,71.7319954648526,0,30.0,5.0,44100,bird,1.0
332,./kaggletest/colsun2/,XC542693.ogg,71.7319954648526,0,35.0,5.0,44100,bird,1.0
333,./kaggletest/colsun2/,XC542693.ogg,71.7319954648526,0,40.0,5.0,44100,bird,1.0
334,./kaggletest/colsun2/,XC542693.ogg,71.7319954648526,0,45.0,5.0,44100,bird,1.0
335,./kaggletest/colsun2/,XC542693.ogg,71.7319954648526,0,50.0,5.0,44100,bird,1.0
336,./kaggletest/colsun2/,XC542693.ogg,71.7319954648526,0,55.0,5.0,44100,bird,1.0
337,./kaggletest/colsun2/,XC542693.ogg,71.7319954648526,0,60.0,5.0,44100,bird,1.0
338,./kaggletest/colsun2/,XC542693.ogg,71.7319954648526,0,65.0,5.0,44100,bird,1.0
339,./kaggletest/colsun2/,XC516598.ogg,86.61598639455782,0,0.0,5.0,44100,bird,1.0
340,./kaggletest/colsun2/,XC516598.ogg,86.61598639455782,0,5.0,5.0,44100,bird,1.0
341,./kaggletest/colsun2/,XC516598.ogg,86.61598639455782,0,10.0,5.0,44100,bird,1.0
342,./kaggletest/colsun2/,XC516598.ogg,86.61598639455782,0,15.0,5.0,44100,bird,1.0
343,./kaggletest/colsun2/,XC516598.ogg,86.61598639455782,0,20.0,5.0,44100,bird,1.0
344,./kaggletest/colsun2/,XC516598.ogg,86.61598639455782,0,25.0,5.0,44100,bird,1.0
345,./kaggletest/colsun2/,XC516598.ogg,86.61598639455782,0,30.0,5.0,44100,bird,1.0
346,./kaggletest/colsun2/,XC516598.ogg,86.61598639455782,0,35.0,5.0,44100,bird,1.0
347,./kaggletest/colsun2/,XC516598.ogg,86.61598639455782,0,40.0,5.0,44100,bird,1.0
348,./kaggletest/colsun2/,XC516598.ogg,86.61598639455782,0,45.0,5.0,44100,bird,1.0
349,./kaggletest/colsun2/,XC516598.ogg,86.61598639455782,0,50.0,5.0,44100,bird,1.0
350,./kaggletest/colsun2/,XC516598.ogg,86.61598639455782,0,55.0,5.0,44100,bird,1.0
351,./kaggletest/colsun2/,XC516598.ogg,86.61598639455782,0,60.0,5.0,44100,bird,1.0
352,./kaggletest/colsun2/,XC516598.ogg,86.61598639455782,0,65.0,5.0,44100,bird,1.0
353,./kaggletest/colsun2/,XC516598.ogg,86.61598639455782,0,70.0,5.0,44100,bird,1.0
354,./kaggletest/colsun2/,XC516598.ogg,86.61598639455782,0,75.0,5.0,44100,bird,1.0
355,./kaggletest/colsun2/,XC516598.ogg,86.61598639455782,0,80.0,5.0,44100,bird,1.0
356,./kaggletest/colsun2/,XC174854.ogg,30.06691609977324,0,0.0,5.0,44100,bird,1.0
357,./kaggletest/colsun2/,XC174854.ogg,30.06691609977324,0,5.0,5.0,44100,bird,1.0
358,./kaggletest/colsun2/,XC174854.ogg,30.06691609977324,0,10.0,5.0,44100,bird,1.0
359,./kaggletest/colsun2/,XC174854.ogg,30.06691609977324,0,15.0,5.0,44100,bird,1.0
360,./kaggletest/colsun2/,XC174854.ogg,30.06691609977324,0,20.0,5.0,44100,bird,1.0
361,./kaggletest/colsun2/,XC174854.ogg,30.06691609977324,0,25.0,5.0,44100,bird,1.0
362,./kaggletest/colsun2/,XC633950.ogg,105.86399092970521,0,0.0,5.0,44100,bird,1.0
363,./kaggletest/colsun2/,XC633950.ogg,105.86399092970521,0,5.0,5.0,44100,bird,1.0
364,./kaggletest/colsun2/,XC633950.ogg,105.86399092970521,0,10.0,5.0,44100,bird,1.0
365,./kaggletest/colsun2/,XC633950.ogg,105.86399092970521,0,15.0,5.0,44100,bird,1.0
366,./kaggletest/colsun2/,XC633950.ogg,105.86399092970521,0,20.0,5.0,44100,bird,1.0
367,./kaggletest/colsun2/,XC633950.ogg,105.86399092970521,0,25.0,5.0,44100,bird,1.0
368,./kaggletest/colsun2/,XC633950.ogg,105.86399092970521,0,30.0,5.0,44100,bird,1.0
369,./kaggletest/colsun2/,XC633950.ogg,105.86399092970521,0,35.0,5.0,44100,bird,1.0
370,./kaggletest/colsun2/,XC633950.ogg,105.86399092970521,0,40.0,5.0,44100,bird,1.0
371,./kaggletest/colsun2/,XC633950.ogg,105.86399092970521,0,45.0,5.0,44100,bird,1.0
372,./kaggletest/colsun2/,XC633950.ogg,105.86399092970521,0,50.0,5.0,44100,bird,1.0
373,./kaggletest/colsun2/,XC633950.ogg,105.86399092970521,0,55.0,5.0,44100,bird,1.0
374,./kaggletest/colsun2/,XC633950.ogg,105.86399092970521,0,60.0,5.0,44100,bird,1.0
375,./kaggletest/colsun2/,XC633950.ogg,105.86399092970521,0,65.0,5.0,44100,bird,1.0
376,./kaggletest/colsun2/,XC633950.ogg,105.86399092970521,0,70.0,5.0,44100,bird,1.0
377,./kaggletest/colsun2/,XC633950.ogg,105.86399092970521,0,75.0,5.0,44100,bird,1.0
378,./kaggletest/colsun2/,XC633950.ogg,105.86399092970521,0,80.0,5.0,44100,bird,1.0
379,./kaggletest/colsun2/,XC633950.ogg,105.86399092970521,0,85.0,5.0,44100,bird,1.0
380,./kaggletest/colsun2/,XC633950.ogg,105.86399092970521,0,90.0,5.0,44100,bird,1.0
381,./kaggletest/colsun2/,XC633950.ogg,105.86399092970521,0,95.0,5.0,44100,bird,1.0
382,./kaggletest/colsun2/,XC633950.ogg,105.86399092970521,0,100.0,5.0,44100,bird,1.0
383,./kaggletest/colsun2/,XC205754.ogg,30.380385487528343,0,0.0,5.0,44100,bird,1.0
384,./kaggletest/colsun2/,XC205754.ogg,30.380385487528343,0,5.0,5.0,44100,bird,1.0
385,./kaggletest/colsun2/,XC205754.ogg,30.380385487528343,0,10.0,5.0,44100,bird,1.0
386,./kaggletest/colsun2/,XC205754.ogg,30.380385487528343,0,15.0,5.0,44100,bird,1.0
387,./kaggletest/colsun2/,XC205754.ogg,30.380385487528343,0,20.0,5.0,44100,bird,1.0
388,./kaggletest/colsun2/,XC205754.ogg,30.380385487528343,0,25.0,5.0,44100,bird,1.0
389,./kaggletest/colsun2/,XC489086.ogg,55.92814058956916,0,0.0,5.0,44100,bird,1.0
390,./kaggletest/colsun2/,XC489086.ogg,55.92814058956916,0,5.0,5.0,44100,bird,1.0
391,./kaggletest/colsun2/,XC489086.ogg,55.92814058956916,0,10.0,5.0,44100,bird,1.0
392,./kaggletest/colsun2/,XC489086.ogg,55.92814058956916,0,15.0,5.0,44100,bird,1.0
393,./kaggletest/colsun2/,XC489086.ogg,55.92814058956916,0,20.0,5.0,44100,bird,1.0
394,./kaggletest/colsun2/,XC489086.ogg,55.92814058956916,0,25.0,5.0,44100,bird,1.0
395,./kaggletest/colsun2/,XC489086.ogg,55.92814058956916,0,30.0,5.0,44100,bird,1.0
396,./kaggletest/colsun2/,XC489086.ogg,55.92814058956916,0,35.0,5.0,44100,bird,1.0
397,./kaggletest/colsun2/,XC489086.ogg,55.92814058956916,0,40.0,5.0,44100,bird,1.0
398,./kaggletest/colsun2/,XC489086.ogg,55.92814058956916,0,45.0,5.0,44100,bird,1.0
399,./kaggletest/colsun2/,XC489086.ogg,55.92814058956916,0,50.0,5.0,44100,bird,1.0
400,./kaggletest/colsun2/,XC516995.ogg,167.52,0,0.0,5.0,44100,bird,1.0
401,./kaggletest/colsun2/,XC516995.ogg,167.52,0,10.0,5.0,44100,bird,1.0
402,./kaggletest/colsun2/,XC516995.ogg,167.52,0,20.0,5.0,44100,bird,1.0
403,./kaggletest/colsun2/,XC516995.ogg,167.52,0,25.0,5.0,44100,bird,1.0
404,./kaggletest/colsun2/,XC516995.ogg,167.52,0,30.0,5.0,44100,bird,1.0
405,./kaggletest/colsun2/,XC516995.ogg,167.52,0,35.0,5.0,44100,bird,1.0
406,./kaggletest/colsun2/,XC516995.ogg,167.52,0,40.0,5.0,44100,bird,1.0
407,./kaggletest/colsun2/,XC516995.ogg,167.52,0,45.0,5.0,44100,bird,1.0
408,./kaggletest/colsun2/,XC516995.ogg,167.52,0,50.0,5.0,44100,bird,1.0
409,./kaggletest/colsun2/,XC516995.ogg,167.52,0,55.0,5.0,44100,bird,1.0
410,./kaggletest/colsun2/,XC516995.ogg,167.52,0,60.0,5.0,44100,bird,1.0
411,./kaggletest/colsun2/,XC516995.ogg,167.52,0,65.0,5.0,44100,bird,1.0
412,./kaggletest/colsun2/,XC516995.ogg,167.52,0,80.0,5.0,44100,bird,1.0
413,./kaggletest/colsun2/,XC516995.ogg,167.52,0,85.0,5.0,44100,bird,1.0
414,./kaggletest/colsun2/,XC516995.ogg,167.52,0,90.0,5.0,44100,bird,1.0
415,./kaggletest/colsun2/,XC516995.ogg,167.52,0,95.0,5.0,44100,bird,1.0
416,./kaggletest/colsun2/,XC516995.ogg,167.52,0,105.0,5.0,44100,bird,1.0
417,./kaggletest/colsun2/,XC516995.ogg,167.52,0,110.0,5.0,44100,bird,1.0
418,./kaggletest/colsun2/,XC516995.ogg,167.52,0,115.0,5.0,44100,bird,1.0
419,./kaggletest/colsun2/,XC516995.ogg,167.52,0,120.0,5.0,44100,bird,1.0
420,./kaggletest/colsun2/,XC516995.ogg,167.52,0,125.0,5.0,44100,bird,1.0
421,./kaggletest/colsun2/,XC516995.ogg,167.52,0,130.0,5.0,44100,bird,1.0
422,./kaggletest/colsun2/,XC516995.ogg,167.52,0,135.0,5.0,44100,bird,1.0
423,./kaggletest/colsun2/,XC516995.ogg,167.52,0,140.0,5.0,44100,bird,1.0
424,./kaggletest/colsun2/,XC516995.ogg,167.52,0,145.0,5.0,44100,bird,1.0
425,./kaggletest/colsun2/,XC516995.ogg,167.52,0,150.0,5.0,44100,bird,1.0
426,./kaggletest/colsun2/,XC516995.ogg,167.52,0,155.0,5.0,44100,bird,1.0
427,./kaggletest/colsun2/,XC516995.ogg,167.52,0,160.0,5.0,44100,bird,1.0
428,./kaggletest/colsun2/,XC394501.ogg,7.54936507936508,0,0.0,5.0,44100,bird,1.0
429,./kaggletest/colsun2/,XC254686.ogg,31.085714285714285,0,0.0,5.0,44100,bird,1.0
430,./kaggletest/colsun2/,XC254686.ogg,31.085714285714285,0,10.0,5.0,44100,bird,1.0
431,./kaggletest/colsun2/,XC254686.ogg,31.085714285714285,0,15.0,5.0,44100,bird,1.0
432,./kaggletest/colsun2/,XC254686.ogg,31.085714285714285,0,20.0,5.0,44100,bird,1.0
433,./kaggletest/colsun2/,XC254686.ogg,31.085714285714285,0,25.0,5.0,44100,bird,1.0
434,./kaggletest/colsun2/,XC740404.ogg,60.132993197278914,0,0.0,5.0,44100,bird,1.0
435,./kaggletest/colsun2/,XC740404.ogg,60.132993197278914,0,5.0,5.0,44100,bird,1.0
436,./kaggletest/colsun2/,XC740404.ogg,60.132993197278914,0,10.0,5.0,44100,bird,1.0
437,./kaggletest/colsun2/,XC740404.ogg,60.132993197278914,0,15.0,5.0,44100,bird,1.0
438,./kaggletest/colsun2/,XC740404.ogg,60.132993197278914,0,20.0,5.0,44100,bird,1.0
439,./kaggletest/colsun2/,XC740404.ogg,60.132993197278914,0,25.0,5.0,44100,bird,1.0
440,./kaggletest/colsun2/,XC740404.ogg,60.132993197278914,0,30.0,5.0,44100,bird,1.0
441,./kaggletest/colsun2/,XC740404.ogg,60.132993197278914,0,35.0,5.0,44100,bird,1.0
442,./kaggletest/colsun2/,XC740404.ogg,60.132993197278914,0,40.0,5.0,44100,bird,1.0
443,./kaggletest/colsun2/,XC740404.ogg,60.132993197278914,0,45.0,5.0,44100,bird,1.0
444,./kaggletest/colsun2/,XC740404.ogg,60.132993197278914,0,50.0,5.0,44100,bird,1.0
445,./kaggletest/colsun2/,XC740404.ogg,60.132993197278914,0,55.0,5.0,44100,bird,1.0
446,./kaggletest/colsun2/,XC395743.ogg,16.82283446712018,0,0.0,5.0,44100,bird,1.0
447,./kaggletest/colsun2/,XC395743.ogg,16.82283446712018,0,5.0,5.0,44100,bird,1.0
448,./kaggletest/colsun2/,XC395743.ogg,16.82283446712018,0,10.0,5.0,44100,bird,1.0
449,./kaggletest/colsun2/,XC517241.ogg,113.66399092970522,0,0.0,5.0,44100,bird,1.0
450,./kaggletest/colsun2/,XC517241.ogg,113.66399092970522,0,10.0,5.0,44100,bird,1.0
451,./kaggletest/colsun2/,XC517241.ogg,113.66399092970522,0,15.0,5.0,44100,bird,1.0
452,./kaggletest/colsun2/,XC517241.ogg,113.66399092970522,0,20.0,5.0,44100,bird,1.0
453,./kaggletest/colsun2/,XC517241.ogg,113.66399092970522,0,35.0,5.0,44100,bird,1.0
454,./kaggletest/colsun2/,XC517241.ogg,113.66399092970522,0,45.0,5.0,44100,bird,1.0
455,./kaggletest/colsun2/,XC517241.ogg,113.66399092970522,0,50.0,5.0,44100,bird,1.0
456,./kaggletest/colsun2/,XC517241.ogg,113.66399092970522,0,55.0,5.0,44100,bird,1.0
457,./kaggletest/colsun2/,XC517241.ogg,113.66399092970522,0,60.0,5.0,44100,bird,1.0
458,./kaggletest/colsun2/,XC517241.ogg,113.66399092970522,0,65.0,5.0,44100,bird,1.0
459,./kaggletest/colsun2/,XC517241.ogg,113.66399092970522,0,70.0,5.0,44100,bird,1.0
460,./kaggletest/colsun2/,XC517241.ogg,113.66399092970522,0,75.0,5.0,44100,bird,1.0
461,./kaggletest/colsun2/,XC517241.ogg,113.66399092970522,0,80.0,5.0,44100,bird,1.0
462,./kaggletest/colsun2/,XC517241.ogg,113.66399092970522,0,85.0,5.0,44100,bird,1.0
463,./kaggletest/colsun2/,XC517241.ogg,113.66399092970522,0,90.0,5.0,44100,bird,1.0
464,./kaggletest/colsun2/,XC517241.ogg,113.66399092970522,0,95.0,5.0,44100,bird,1.0
465,./kaggletest/colsun2/,XC517241.ogg,113.66399092970522,0,100.0,5.0,44100,bird,1.0
466,./kaggletest/colsun2/,XC517241.ogg,113.66399092970522,0,105.0,5.0,44100,bird,1.0
467,./kaggletest/colsun2/,XC634150.ogg,32.135986394557825,0,0.0,5.0,44100,bird,1.0
468,./kaggletest/colsun2/,XC634150.ogg,32.135986394557825,0,5.0,5.0,44100,bird,1.0
469,./kaggletest/colsun2/,XC634150.ogg,32.135986394557825,0,10.0,5.0,44100,bird,1.0
470,./kaggletest/colsun2/,XC634150.ogg,32.135986394557825,0,15.0,5.0,44100,bird,1.0
471,./kaggletest/colsun2/,XC634150.ogg,32.135986394557825,0,20.0,5.0,44100,bird,1.0
472,./kaggletest/colsun2/,XC442068.ogg,46.68,0,0.0,5.0,44100,bird,1.0
473,./kaggletest/colsun2/,XC442068.ogg,46.68,0,5.0,5.0,44100,bird,1.0
474,./kaggletest/colsun2/,XC442068.ogg,46.68,0,10.0,5.0,44100,bird,1.0
475,./kaggletest/colsun2/,XC442068.ogg,46.68,0,15.0,5.0,44100,bird,1.0
476,./kaggletest/colsun2/,XC442068.ogg,46.68,0,20.0,5.0,44100,bird,1.0
477,./kaggletest/colsun2/,XC442068.ogg,46.68,0,25.0,5.0,44100,bird,1.0
478,./kaggletest/colsun2/,XC442068.ogg,46.68,0,30.0,5.0,44100,bird,1.0
479,./kaggletest/colsun2/,XC442068.ogg,46.68,0,35.0,5.0,44100,bird,1.0
480,./kaggletest/colsun2/,XC442068.ogg,46.68,0,40.0,5.0,44100,bird,1.0
481,./kaggletest/colsun2/,XC392012.ogg,5.9819954648526075,0,0.0,5.0,44100,bird,1.0
482,./kaggletest/colsun2/,XC472395.ogg,60.02936507936508,0,0.0,5.0,44100,bird,1.0
483,./kaggletest/colsun2/,XC472395.ogg,60.02936507936508,0,5.0,5.0,44100,bird,1.0
484,./kaggletest/colsun2/,XC472395.ogg,60.02936507936508,0,10.0,5.0,44100,bird,1.0
485,./kaggletest/colsun2/,XC472395.ogg,60.02936507936508,0,15.0,5.0,44100,bird,1.0
486,./kaggletest/colsun2/,XC472395.ogg,60.02936507936508,0,20.0,5.0,44100,bird,1.0
487,./kaggletest/colsun2/,XC472395.ogg,60.02936507936508,0,25.0,5.0,44100,bird,1.0
488,./kaggletest/colsun2/,XC472395.ogg,60.02936507936508,0,30.0,5.0,44100,bird,1.0
489,./kaggletest/colsun2/,XC472395.ogg,60.02936507936508,0,35.0,5.0,44100,bird,1.0
490,./kaggletest/colsun2/,XC472395.ogg,60.02936507936508,0,40.0,5.0,44100,bird,1.0
491,./kaggletest/colsun2/,XC472395.ogg,60.02936507936508,0,45.0,5.0,44100,bird,1.0
492,./kaggletest/colsun2/,XC472395.ogg,60.02936507936508,0,50.0,5.0,44100,bird,1.0
493,./kaggletest/colsun2/,XC472395.ogg,60.02936507936508,0,55.0,5.0,44100,bird,1.0
494,./kaggletest/colsun2/,XC395741.ogg,37.51183673469388,0,0.0,5.0,44100,bird,1.0
495,./kaggletest/colsun2/,XC395741.ogg,37.51183673469388,0,5.0,5.0,44100,bird,1.0
496,./kaggletest/colsun2/,XC395741.ogg,37.51183673469388,0,10.0,5.0,44100,bird,1.0
497,./kaggletest/colsun2/,XC395741.ogg,37.51183673469388,0,15.0,5.0,44100,bird,1.0
498,./kaggletest/colsun2/,XC395741.ogg,37.51183673469388,0,20.0,5.0,44100,bird,1.0
499,./kaggletest/colsun2/,XC395741.ogg,37.51183673469388,0,25.0,5.0,44100,bird,1.0
500,./kaggletest/colsun2/,XC395741.ogg,37.51183673469388,0,30.0,5.0,44100,bird,1.0
501,./kaggletest/colsun2/,XC399999.ogg,38.34773242630386,0,0.0,5.0,44100,bird,1.0
502,./kaggletest/colsun2/,XC399999.ogg,38.34773242630386,0,5.0,5.0,44100,bird,1.0
503,./kaggletest/colsun2/,XC399999.ogg,38.34773242630386,0,10.0,5.0,44100,bird,1.0
504,./kaggletest/colsun2/,XC399999.ogg,38.34773242630386,0,15.0,5.0,44100,bird,1.0
505,./kaggletest/colsun2/,XC399999.ogg,38.34773242630386,0,20.0,5.0,44100,bird,1.0
506,./kaggletest/colsun2/,XC399999.ogg,38.34773242630386,0,25.0,5.0,44100,bird,1.0
507,./kaggletest/colsun2/,XC399999.ogg,38.34773242630386,0,30.0,5.0,44100,bird,1.0
508,./kaggletest/colsun2/,XC346492.ogg,12.068548752834467,0,0.0,5.0,44100,bird,1.0
509,./kaggletest/colsun2/,XC346492.ogg,12.068548752834467,0,5.0,5.0,44100,bird,1.0
510,./kaggletest/colsun2/,XC744259.ogg,14.235986394557823,0,0.0,5.0,44100,bird,1.0
511,./kaggletest/colsun2/,XC316918.ogg,29.4,0,0.0,5.0,44100,bird,1.0
512,./kaggletest/colsun2/,XC316918.ogg,29.4,0,5.0,5.0,44100,bird,1.0
513,./kaggletest/colsun2/,XC316918.ogg,29.4,0,10.0,5.0,44100,bird,1.0
514,./kaggletest/colsun2/,XC316918.ogg,29.4,0,15.0,5.0,44100,bird,1.0
515,./kaggletest/colsun2/,XC316918.ogg,29.4,0,20.0,5.0,44100,bird,1.0
516,./kaggletest/colsun2/,XC293906.ogg,83.25224489795919,0,0.0,5.0,44100,bird,1.0
517,./kaggletest/colsun2/,XC293906.ogg,83.25224489795919,0,5.0,5.0,44100,bird,1.0
518,./kaggletest/colsun2/,XC293906.ogg,83.25224489795919,0,25.0,5.0,44100,bird,1.0
519,./kaggletest/colsun2/,XC293906.ogg,83.25224489795919,0,30.0,5.0,44100,bird,1.0
520,./kaggletest/colsun2/,XC293906.ogg,83.25224489795919,0,35.0,5.0,44100,bird,1.0
521,./kaggletest/colsun2/,XC293906.ogg,83.25224489795919,0,45.0,5.0,44100,bird,1.0
522,./kaggletest/colsun2/,XC293906.ogg,83.25224489795919,0,55.0,5.0,44100,bird,1.0
523,./kaggletest/colsun2/,XC293906.ogg,83.25224489795919,0,60.0,5.0,44100,bird,1.0
524,./kaggletest/colsun2/,XC293906.ogg,83.25224489795919,0,65.0,5.0,44100,bird,1.0
525,./kaggletest/colsun2/,XC293906.ogg,83.25224489795919,0,70.0,5.0,44100,bird,1.0
526,./kaggletest/colsun2/,XC293906.ogg,83.25224489795919,0,75.0,5.0,44100,bird,1.0
527,./kaggletest/colsun2/,XC516996.ogg,164.08798185941043,0,0.0,5.0,44100,bird,1.0
528,./kaggletest/colsun2/,XC516996.ogg,164.08798185941043,0,5.0,5.0,44100,bird,1.0
529,./kaggletest/colsun2/,XC516996.ogg,164.08798185941043,0,10.0,5.0,44100,bird,1.0
530,./kaggletest/colsun2/,XC516996.ogg,164.08798185941043,0,15.0,5.0,44100,bird,1.0
531,./kaggletest/colsun2/,XC516996.ogg,164.08798185941043,0,20.0,5.0,44100,bird,1.0
532,./kaggletest/colsun2/,XC516996.ogg,164.08798185941043,0,25.0,5.0,44100,bird,1.0
533,./kaggletest/colsun2/,XC516996.ogg,164.08798185941043,0,30.0,5.0,44100,bird,1.0
534,./kaggletest/colsun2/,XC516996.ogg,164.08798185941043,0,35.0,5.0,44100,bird,1.0
535,./kaggletest/colsun2/,XC516996.ogg,164.08798185941043,0,40.0,5.0,44100,bird,1.0
536,./kaggletest/colsun2/,XC516996.ogg,164.08798185941043,0,45.0,5.0,44100,bird,1.0
537,./kaggletest/colsun2/,XC516996.ogg,164.08798185941043,0,50.0,5.0,44100,bird,1.0
538,./kaggletest/colsun2/,XC516996.ogg,164.08798185941043,0,55.0,5.0,44100,bird,1.0
539,./kaggletest/colsun2/,XC516996.ogg,164.08798185941043,0,60.0,5.0,44100,bird,1.0
540,./kaggletest/colsun2/,XC516996.ogg,164.08798185941043,0,65.0,5.0,44100,bird,1.0
541,./kaggletest/colsun2/,XC516996.ogg,164.08798185941043,0,75.0,5.0,44100,bird,1.0
542,./kaggletest/colsun2/,XC516996.ogg,164.08798185941043,0,120.0,5.0,44100,bird,1.0
543,./kaggletest/colsun2/,XC326978.ogg,34.533854875283446,0,0.0,5.0,44100,bird,1.0
544,./kaggletest/colsun2/,XC326978.ogg,34.533854875283446,0,5.0,5.0,44100,bird,1.0
545,./kaggletest/colsun2/,XC326978.ogg,34.533854875283446,0,10.0,5.0,44100,bird,1.0
546,./kaggletest/colsun2/,XC326978.ogg,34.533854875283446,0,15.0,5.0,44100,bird,1.0
547,./kaggletest/colsun2/,XC326978.ogg,34.533854875283446,0,20.0,5.0,44100,bird,1.0
548,./kaggletest/colsun2/,XC326978.ogg,34.533854875283446,0,25.0,5.0,44100,bird,1.0
549,./kaggletest/colsun2/,XC634147.ogg,7.487981859410431,0,0.0,5.0,44100,bird,1.0
550,./kaggletest/colsun2/,XC634194.ogg,13.68,0,0.0,5.0,44100,bird,1.0
551,./kaggletest/colsun2/,XC634194.ogg,13.68,0,5.0,5.0,44100,bird,1.0
552,./kaggletest/colsun2/,XC516992.ogg,90.64798185941044,0,0.0,5.0,44100,bird,1.0
553,./kaggletest/colsun2/,XC516992.ogg,90.64798185941044,0,5.0,5.0,44100,bird,1.0
554,./kaggletest/colsun2/,XC516992.ogg,90.64798185941044,0,15.0,5.0,44100,bird,1.0
555,./kaggletest/colsun2/,XC516992.ogg,90.64798185941044,0,20.0,5.0,44100,bird,1.0
556,./kaggletest/colsun2/,XC516992.ogg,90.64798185941044,0,25.0,5.0,44100,bird,1.0
557,./kaggletest/colsun2/,XC516992.ogg,90.64798185941044,0,35.0,5.0,44100,bird,1.0
558,./kaggletest/colsun2/,XC516992.ogg,90.64798185941044,0,45.0,5.0,44100,bird,1.0
559,./kaggletest/colsun2/,XC516992.ogg,90.64798185941044,0,50.0,5.0,44100,bird,1.0
560,./kaggletest/colsun2/,XC516992.ogg,90.64798185941044,0,60.0,5.0,44100,bird,1.0
561,./kaggletest/colsun2/,XC516992.ogg,90.64798185941044,0,65.0,5.0,44100,bird,1.0
562,./kaggletest/colsun2/,XC516992.ogg,90.64798185941044,0,75.0,5.0,44100,bird,1.0
563,./kaggletest/colsun2/,XC516992.ogg,90.64798185941044,0,80.0,5.0,44100,bird,1.0
564,./kaggletest/colsun2/,XC516992.ogg,90.64798185941044,0,85.0,5.0,44100,bird,1.0
565,./kaggletest/colsun2/,XC649553.ogg,49.81548752834467,0,0.0,5.0,44100,bird,1.0
566,./kaggletest/colsun2/,XC649553.ogg,49.81548752834467,0,5.0,5.0,44100,bird,1.0
567,./kaggletest/colsun2/,XC649553.ogg,49.81548752834467,0,10.0,5.0,44100,bird,1.0
568,./kaggletest/colsun2/,XC649553.ogg,49.81548752834467,0,15.0,5.0,44100,bird,1.0
569,./kaggletest/colsun2/,XC649553.ogg,49.81548752834467,0,20.0,5.0,44100,bird,1.0
570,./kaggletest/colsun2/,XC649553.ogg,49.81548752834467,0,25.0,5.0,44100,bird,1.0
571,./kaggletest/colsun2/,XC649553.ogg,49.81548752834467,0,30.0,5.0,44100,bird,1.0
572,./kaggletest/colsun2/,XC649553.ogg,49.81548752834467,0,35.0,5.0,44100,bird,1.0
573,./kaggletest/colsun2/,XC649553.ogg,49.81548752834467,0,40.0,5.0,44100,bird,1.0
574,./kaggletest/colsun2/,XC633764.ogg,23.327981859410432,0,0.0,5.0,44100,bird,1.0
575,./kaggletest/colsun2/,XC633764.ogg,23.327981859410432,0,5.0,5.0,44100,bird,1.0
576,./kaggletest/colsun2/,XC633764.ogg,23.327981859410432,0,10.0,5.0,44100,bird,1.0
577,./kaggletest/colsun2/,XC633764.ogg,23.327981859410432,0,15.0,5.0,44100,bird,1.0
578,./kaggletest/colsun2/,XC516560.ogg,6.071995464852607,0,0.0,5.0,44100,bird,1.0
579,./kaggletest/colsun2/,XC649552.ogg,52.63673469387755,0,0.0,5.0,44100,bird,1.0
580,./kaggletest/colsun2/,XC649552.ogg,52.63673469387755,0,5.0,5.0,44100,bird,1.0
581,./kaggletest/colsun2/,XC649552.ogg,52.63673469387755,0,10.0,5.0,44100,bird,1.0
582,./kaggletest/colsun2/,XC649552.ogg,52.63673469387755,0,15.0,5.0,44100,bird,1.0
583,./kaggletest/colsun2/,XC649552.ogg,52.63673469387755,0,20.0,5.0,44100,bird,1.0
584,./kaggletest/colsun2/,XC649552.ogg,52.63673469387755,0,25.0,5.0,44100,bird,1.0
585,./kaggletest/colsun2/,XC649552.ogg,52.63673469387755,0,30.0,5.0,44100,bird,1.0
586,./kaggletest/colsun2/,XC649552.ogg,52.63673469387755,0,35.0,5.0,44100,bird,1.0
587,./kaggletest/colsun2/,XC649552.ogg,52.63673469387755,0,40.0,5.0,44100,bird,1.0
588,./kaggletest/colsun2/,XC649552.ogg,52.63673469387755,0,45.0,5.0,44100,bird,1.0
589,./kaggletest/colsun2/,XC517333.ogg,65.5919954648526,0,0.0,5.0,44100,bird,1.0
590,./kaggletest/colsun2/,XC517333.ogg,65.5919954648526,0,5.0,5.0,44100,bird,1.0
591,./kaggletest/colsun2/,XC517333.ogg,65.5919954648526,0,10.0,5.0,44100,bird,1.0
592,./kaggletest/colsun2/,XC517333.ogg,65.5919954648526,0,15.0,5.0,44100,bird,1.0
593,./kaggletest/colsun2/,XC517333.ogg,65.5919954648526,0,20.0,5.0,44100,bird,1.0
594,./kaggletest/colsun2/,XC517333.ogg,65.5919954648526,0,25.0,5.0,44100,bird,1.0
595,./kaggletest/colsun2/,XC517333.ogg,65.5919954648526,0,30.0,5.0,44100,bird,1.0
596,./kaggletest/colsun2/,XC517333.ogg,65.5919954648526,0,35.0,5.0,44100,bird,1.0
597,./kaggletest/colsun2/,XC517333.ogg,65.5919954648526,0,40.0,5.0,44100,bird,1.0
598,./kaggletest/colsun2/,XC517333.ogg,65.5919954648526,0,45.0,5.0,44100,bird,1.0
599,./kaggletest/colsun2/,XC517333.ogg,65.5919954648526,0,50.0,5.0,44100,bird,1.0
600,./kaggletest/colsun2/,XC517333.ogg,65.5919954648526,0,55.0,5.0,44100,bird,1.0
601,./kaggletest/colsun2/,XC517333.ogg,65.5919954648526,0,60.0,5.0,44100,bird,1.0
602,./kaggletest/colsun2/,XC516824.ogg,9.503990929705216,0,0.0,5.0,44100,bird,1.0
603,./kaggletest/colsun2/,XC517247.ogg,28.27199546485261,0,0.0,5.0,44100,bird,1.0
604,./kaggletest/colsun2/,XC517247.ogg,28.27199546485261,0,5.0,5.0,44100,bird,1.0
605,./kaggletest/colsun2/,XC517247.ogg,28.27199546485261,0,10.0,5.0,44100,bird,1.0
606,./kaggletest/colsun2/,XC517247.ogg,28.27199546485261,0,15.0,5.0,44100,bird,1.0
607,./kaggletest/colsun2/,XC517247.ogg,28.27199546485261,0,20.0,5.0,44100,bird,1.0
608,./kaggletest/colsun2/,XC323385.ogg,48.455986394557826,0,0.0,5.0,44100,bird,1.0
609,./kaggletest/colsun2/,XC323385.ogg,48.455986394557826,0,5.0,5.0,44100,bird,1.0
610,./kaggletest/colsun2/,XC323385.ogg,48.455986394557826,0,10.0,5.0,44100,bird,1.0
611,./kaggletest/colsun2/,XC323385.ogg,48.455986394557826,0,15.0,5.0,44100,bird,1.0
612,./kaggletest/colsun2/,XC323385.ogg,48.455986394557826,0,20.0,5.0,44100,bird,1.0
613,./kaggletest/colsun2/,XC323385.ogg,48.455986394557826,0,25.0,5.0,44100,bird,1.0
614,./kaggletest/colsun2/,XC323385.ogg,48.455986394557826,0,30.0,5.0,44100,bird,1.0
615,./kaggletest/colsun2/,XC323385.ogg,48.455986394557826,0,35.0,5.0,44100,bird,1.0
616,./kaggletest/colsun2/,XC323385.ogg,48.455986394557826,0,40.0,5.0,44100,bird,1.0
617,./kaggletest/colsun2/,XC634195.ogg,234.7439909297052,0,0.0,5.0,44100,bird,1.0
618,./kaggletest/colsun2/,XC634195.ogg,234.7439909297052,0,5.0,5.0,44100,bird,1.0
619,./kaggletest/colsun2/,XC634195.ogg,234.7439909297052,0,10.0,5.0,44100,bird,1.0
620,./kaggletest/colsun2/,XC634195.ogg,234.7439909297052,0,15.0,5.0,44100,bird,1.0
621,./kaggletest/colsun2/,XC634195.ogg,234.7439909297052,0,20.0,5.0,44100,bird,1.0
622,./kaggletest/colsun2/,XC634195.ogg,234.7439909297052,0,25.0,5.0,44100,bird,1.0
623,./kaggletest/colsun2/,XC634195.ogg,234.7439909297052,0,30.0,5.0,44100,bird,1.0
624,./kaggletest/colsun2/,XC634195.ogg,234.7439909297052,0,35.0,5.0,44100,bird,1.0
625,./kaggletest/colsun2/,XC634195.ogg,234.7439909297052,0,40.0,5.0,44100,bird,1.0
626,./kaggletest/colsun2/,XC634195.ogg,234.7439909297052,0,45.0,5.0,44100,bird,1.0
627,./kaggletest/colsun2/,XC634195.ogg,234.7439909297052,0,50.0,5.0,44100,bird,1.0
628,./kaggletest/colsun2/,XC634195.ogg,234.7439909297052,0,55.0,5.0,44100,bird,1.0
629,./kaggletest/colsun2/,XC634195.ogg,234.7439909297052,0,60.0,5.0,44100,bird,1.0
630,./kaggletest/colsun2/,XC634195.ogg,234.7439909297052,0,65.0,5.0,44100,bird,1.0
631,./kaggletest/colsun2/,XC634195.ogg,234.7439909297052,0,70.0,5.0,44100,bird,1.0
632,./kaggletest/colsun2/,XC634195.ogg,234.7439909297052,0,75.0,5.0,44100,bird,1.0
633,./kaggletest/colsun2/,XC634195.ogg,234.7439909297052,0,80.0,5.0,44100,bird,1.0
634,./kaggletest/colsun2/,XC634195.ogg,234.7439909297052,0,85.0,5.0,44100,bird,1.0
635,./kaggletest/colsun2/,XC634195.ogg,234.7439909297052,0,90.0,5.0,44100,bird,1.0
636,./kaggletest/colsun2/,XC634195.ogg,234.7439909297052,0,95.0,5.0,44100,bird,1.0
637,./kaggletest/colsun2/,XC634195.ogg,234.7439909297052,0,100.0,5.0,44100,bird,1.0
638,./kaggletest/colsun2/,XC634195.ogg,234.7439909297052,0,105.0,5.0,44100,bird,1.0
639,./kaggletest/colsun2/,XC634195.ogg,234.7439909297052,0,110.0,5.0,44100,bird,1.0
640,./kaggletest/colsun2/,XC634195.ogg,234.7439909297052,0,115.0,5.0,44100,bird,1.0
641,./kaggletest/colsun2/,XC634195.ogg,234.7439909297052,0,120.0,5.0,44100,bird,1.0
642,./kaggletest/colsun2/,XC634195.ogg,234.7439909297052,0,125.0,5.0,44100,bird,1.0
643,./kaggletest/colsun2/,XC634195.ogg,234.7439909297052,0,130.0,5.0,44100,bird,1.0
644,./kaggletest/colsun2/,XC634195.ogg,234.7439909297052,0,135.0,5.0,44100,bird,1.0
645,./kaggletest/colsun2/,XC634195.ogg,234.7439909297052,0,140.0,5.0,44100,bird,1.0
646,./kaggletest/colsun2/,XC634195.ogg,234.7439909297052,0,145.0,5.0,44100,bird,1.0
647,./kaggletest/colsun2/,XC634195.ogg,234.7439909297052,0,150.0,5.0,44100,bird,1.0
648,./kaggletest/colsun2/,XC634195.ogg,234.7439909297052,0,155.0,5.0,44100,bird,1.0
649,./kaggletest/colsun2/,XC634195.ogg,234.7439909297052,0,160.0,5.0,44100,bird,1.0
650,./kaggletest/colsun2/,XC634195.ogg,234.7439909297052,0,165.0,5.0,44100,bird,1.0
651,./kaggletest/colsun2/,XC634195.ogg,234.7439909297052,0,170.0,5.0,44100,bird,1.0
652,./kaggletest/colsun2/,XC634195.ogg,234.7439909297052,0,175.0,5.0,44100,bird,1.0
653,./kaggletest/colsun2/,XC634195.ogg,234.7439909297052,0,180.0,5.0,44100,bird,1.0
654,./kaggletest/colsun2/,XC634195.ogg,234.7439909297052,0,185.0,5.0,44100,bird,1.0
655,./kaggletest/colsun2/,XC634195.ogg,234.7439909297052,0,190.0,5.0,44100,bird,1.0
656,./kaggletest/colsun2/,XC634195.ogg,234.7439909297052,0,195.0,5.0,44100,bird,1.0
657,./kaggletest/colsun2/,XC634195.ogg,234.7439909297052,0,200.0,5.0,44100,bird,1.0
658,./kaggletest/colsun2/,XC634195.ogg,234.7439909297052,0,205.0,5.0,44100,bird,1.0
659,./kaggletest/colsun2/,XC634195.ogg,234.7439909297052,0,210.0,5.0,44100,bird,1.0
660,./kaggletest/colsun2/,XC634195.ogg,234.7439909297052,0,215.0,5.0,44100,bird,1.0
661,./kaggletest/colsun2/,XC634195.ogg,234.7439909297052,0,220.0,5.0,44100,bird,1.0
662,./kaggletest/colsun2/,XC634195.ogg,234.7439909297052,0,225.0,5.0,44100,bird,1.0
663,./kaggletest/colsun2/,XC428504.ogg,38.478367346938775,0,0.0,5.0,44100,bird,1.0
664,./kaggletest/colsun2/,XC428504.ogg,38.478367346938775,0,5.0,5.0,44100,bird,1.0
665,./kaggletest/colsun2/,XC428504.ogg,38.478367346938775,0,10.0,5.0,44100,bird,1.0
666,./kaggletest/colsun2/,XC428504.ogg,38.478367346938775,0,15.0,5.0,44100,bird,1.0
667,./kaggletest/colsun2/,XC428504.ogg,38.478367346938775,0,20.0,5.0,44100,bird,1.0
668,./kaggletest/colsun2/,XC428504.ogg,38.478367346938775,0,25.0,5.0,44100,bird,1.0
669,./kaggletest/colsun2/,XC428504.ogg,38.478367346938775,0,30.0,5.0,44100,bird,1.0
670,./kaggletest/colsun2/,XC590128.ogg,19.39199546485261,0,5.0,5.0,44100,bird,1.0
671,./kaggletest/colsun2/,XC377503.ogg,38.661201814058956,0,0.0,5.0,44100,bird,1.0
672,./kaggletest/colsun2/,XC377503.ogg,38.661201814058956,0,5.0,5.0,44100,bird,1.0
673,./kaggletest/colsun2/,XC377503.ogg,38.661201814058956,0,10.0,5.0,44100,bird,1.0
674,./kaggletest/colsun2/,XC377503.ogg,38.661201814058956,0,15.0,5.0,44100,bird,1.0
675,./kaggletest/colsun2/,XC377503.ogg,38.661201814058956,0,20.0,5.0,44100,bird,1.0
676,./kaggletest/colsun2/,XC377503.ogg,38.661201814058956,0,25.0,5.0,44100,bird,1.0
677,./kaggletest/colsun2/,XC377503.ogg,38.661201814058956,0,30.0,5.0,44100,bird,1.0
678,./kaggletest/colsun2/,XC323387.ogg,51.815986394557825,0,0.0,5.0,44100,bird,1.0
679,./kaggletest/colsun2/,XC323387.ogg,51.815986394557825,0,5.0,5.0,44100,bird,1.0
680,./kaggletest/colsun2/,XC323387.ogg,51.815986394557825,0,10.0,5.0,44100,bird,1.0
681,./kaggletest/colsun2/,XC323387.ogg,51.815986394557825,0,15.0,5.0,44100,bird,1.0
682,./kaggletest/colsun2/,XC323387.ogg,51.815986394557825,0,20.0,5.0,44100,bird,1.0
683,./kaggletest/colsun2/,XC323387.ogg,51.815986394557825,0,25.0,5.0,44100,bird,1.0
684,./kaggletest/colsun2/,XC323387.ogg,51.815986394557825,0,30.0,5.0,44100,bird,1.0
685,./kaggletest/colsun2/,XC323387.ogg,51.815986394557825,0,35.0,5.0,44100,bird,1.0
686,./kaggletest/colsun2/,XC323387.ogg,51.815986394557825,0,40.0,5.0,44100,bird,1.0
687,./kaggletest/colsun2/,XC323387.ogg,51.815986394557825,0,45.0,5.0,44100,bird,1.0
688,./kaggletest/colsun2/,XC516601.ogg,344.90399092970523,0,0.0,5.0,44100,bird,1.0
689,./kaggletest/colsun2/,XC516601.ogg,344.90399092970523,0,5.0,5.0,44100,bird,1.0
690,./kaggletest/colsun2/,XC516601.ogg,344.90399092970523,0,10.0,5.0,44100,bird,1.0
691,./kaggletest/colsun2/,XC516601.ogg,344.90399092970523,0,15.0,5.0,44100,bird,1.0
692,./kaggletest/colsun2/,XC516601.ogg,344.90399092970523,0,20.0,5.0,44100,bird,1.0
693,./kaggletest/colsun2/,XC516601.ogg,344.90399092970523,0,25.0,5.0,44100,bird,1.0
694,./kaggletest/colsun2/,XC516601.ogg,344.90399092970523,0,30.0,5.0,44100,bird,1.0
695,./kaggletest/colsun2/,XC516601.ogg,344.90399092970523,0,35.0,5.0,44100,bird,1.0
696,./kaggletest/colsun2/,XC516601.ogg,344.90399092970523,0,40.0,5.0,44100,bird,1.0
697,./kaggletest/colsun2/,XC516601.ogg,344.90399092970523,0,45.0,5.0,44100,bird,1.0
698,./kaggletest/colsun2/,XC516601.ogg,344.90399092970523,0,50.0,5.0,44100,bird,1.0
699,./kaggletest/colsun2/,XC516601.ogg,344.90399092970523,0,55.0,5.0,44100,bird,1.0
700,./kaggletest/colsun2/,XC516601.ogg,344.90399092970523,0,60.0,5.0,44100,bird,1.0
701,./kaggletest/colsun2/,XC516601.ogg,344.90399092970523,0,65.0,5.0,44100,bird,1.0
702,./kaggletest/colsun2/,XC516601.ogg,344.90399092970523,0,70.0,5.0,44100,bird,1.0
703,./kaggletest/colsun2/,XC516601.ogg,344.90399092970523,0,75.0,5.0,44100,bird,1.0
704,./kaggletest/colsun2/,XC516601.ogg,344.90399092970523,0,80.0,5.0,44100,bird,1.0
705,./kaggletest/colsun2/,XC516601.ogg,344.90399092970523,0,85.0,5.0,44100,bird,1.0
706,./kaggletest/colsun2/,XC516601.ogg,344.90399092970523,0,90.0,5.0,44100,bird,1.0
707,./kaggletest/colsun2/,XC516601.ogg,344.90399092970523,0,95.0,5.0,44100,bird,1.0
708,./kaggletest/colsun2/,XC516601.ogg,344.90399092970523,0,100.0,5.0,44100,bird,1.0
709,./kaggletest/colsun2/,XC516601.ogg,344.90399092970523,0,105.0,5.0,44100,bird,1.0
710,./kaggletest/colsun2/,XC516601.ogg,344.90399092970523,0,110.0,5.0,44100,bird,1.0
711,./kaggletest/colsun2/,XC516601.ogg,344.90399092970523,0,115.0,5.0,44100,bird,1.0
712,./kaggletest/colsun2/,XC516601.ogg,344.90399092970523,0,120.0,5.0,44100,bird,1.0
713,./kaggletest/colsun2/,XC516601.ogg,344.90399092970523,0,125.0,5.0,44100,bird,1.0
714,./kaggletest/colsun2/,XC516601.ogg,344.90399092970523,0,130.0,5.0,44100,bird,1.0
715,./kaggletest/colsun2/,XC516601.ogg,344.90399092970523,0,135.0,5.0,44100,bird,1.0
716,./kaggletest/colsun2/,XC516601.ogg,344.90399092970523,0,140.0,5.0,44100,bird,1.0
717,./kaggletest/colsun2/,XC516601.ogg,344.90399092970523,0,145.0,5.0,44100,bird,1.0
718,./kaggletest/colsun2/,XC516601.ogg,344.90399092970523,0,150.0,5.0,44100,bird,1.0
719,./kaggletest/colsun2/,XC516601.ogg,344.90399092970523,0,155.0,5.0,44100,bird,1.0
720,./kaggletest/colsun2/,XC516601.ogg,344.90399092970523,0,160.0,5.0,44100,bird,1.0
721,./kaggletest/colsun2/,XC516601.ogg,344.90399092970523,0,165.0,5.0,44100,bird,1.0
722,./kaggletest/colsun2/,XC516601.ogg,344.90399092970523,0,170.0,5.0,44100,bird,1.0
723,./kaggletest/colsun2/,XC516601.ogg,344.90399092970523,0,175.0,5.0,44100,bird,1.0
724,./kaggletest/colsun2/,XC516601.ogg,344.90399092970523,0,180.0,5.0,44100,bird,1.0
725,./kaggletest/colsun2/,XC516601.ogg,344.90399092970523,0,185.0,5.0,44100,bird,1.0
726,./kaggletest/colsun2/,XC516601.ogg,344.90399092970523,0,190.0,5.0,44100,bird,1.0
727,./kaggletest/colsun2/,XC516601.ogg,344.90399092970523,0,195.0,5.0,44100,bird,1.0
728,./kaggletest/colsun2/,XC516601.ogg,344.90399092970523,0,200.0,5.0,44100,bird,1.0
729,./kaggletest/colsun2/,XC516601.ogg,344.90399092970523,0,205.0,5.0,44100,bird,1.0
730,./kaggletest/colsun2/,XC516601.ogg,344.90399092970523,0,210.0,5.0,44100,bird,1.0
731,./kaggletest/colsun2/,XC516601.ogg,344.90399092970523,0,215.0,5.0,44100,bird,1.0
732,./kaggletest/colsun2/,XC516601.ogg,344.90399092970523,0,220.0,5.0,44100,bird,1.0
733,./kaggletest/colsun2/,XC516601.ogg,344.90399092970523,0,225.0,5.0,44100,bird,1.0
734,./kaggletest/colsun2/,XC516601.ogg,344.90399092970523,0,230.0,5.0,44100,bird,1.0
735,./kaggletest/colsun2/,XC516601.ogg,344.90399092970523,0,235.0,5.0,44100,bird,1.0
736,./kaggletest/colsun2/,XC516601.ogg,344.90399092970523,0,240.0,5.0,44100,bird,1.0
737,./kaggletest/colsun2/,XC516601.ogg,344.90399092970523,0,245.0,5.0,44100,bird,1.0
738,./kaggletest/colsun2/,XC516601.ogg,344.90399092970523,0,250.0,5.0,44100,bird,1.0
739,./kaggletest/colsun2/,XC516601.ogg,344.90399092970523,0,255.0,5.0,44100,bird,1.0
740,./kaggletest/colsun2/,XC516601.ogg,344.90399092970523,0,260.0,5.0,44100,bird,1.0
741,./kaggletest/colsun2/,XC516601.ogg,344.90399092970523,0,265.0,5.0,44100,bird,1.0
742,./kaggletest/colsun2/,XC516601.ogg,344.90399092970523,0,270.0,5.0,44100,bird,1.0
743,./kaggletest/colsun2/,XC516601.ogg,344.90399092970523,0,275.0,5.0,44100,bird,1.0
744,./kaggletest/colsun2/,XC516601.ogg,344.90399092970523,0,280.0,5.0,44100,bird,1.0
745,./kaggletest/colsun2/,XC516601.ogg,344.90399092970523,0,285.0,5.0,44100,bird,1.0
746,./kaggletest/colsun2/,XC516601.ogg,344.90399092970523,0,290.0,5.0,44100,bird,1.0
747,./kaggletest/colsun2/,XC516601.ogg,344.90399092970523,0,295.0,5.0,44100,bird,1.0
748,./kaggletest/colsun2/,XC516601.ogg,344.90399092970523,0,300.0,5.0,44100,bird,1.0
749,./kaggletest/colsun2/,XC516601.ogg,344.90399092970523,0,305.0,5.0,44100,bird,1.0
750,./kaggletest/colsun2/,XC516601.ogg,344.90399092970523,0,310.0,5.0,44100,bird,1.0
751,./kaggletest/colsun2/,XC516601.ogg,344.90399092970523,0,315.0,5.0,44100,bird,1.0
752,./kaggletest/colsun2/,XC516601.ogg,344.90399092970523,0,320.0,5.0,44100,bird,1.0
753,./kaggletest/colsun2/,XC516601.ogg,344.90399092970523,0,325.0,5.0,44100,bird,1.0
754,./kaggletest/colsun2/,XC516601.ogg,344.90399092970523,0,330.0,5.0,44100,bird,1.0
755,./kaggletest/colsun2/,XC516601.ogg,344.90399092970523,0,335.0,5.0,44100,bird,1.0
756,./kaggletest/colsun2/,XC349228.ogg,26.90612244897959,0,0.0,5.0,44100,bird,1.0
757,./kaggletest/colsun2/,XC349228.ogg,26.90612244897959,0,5.0,5.0,44100,bird,1.0
758,./kaggletest/colsun2/,XC349228.ogg,26.90612244897959,0,10.0,5.0,44100,bird,1.0
759,./kaggletest/colsun2/,XC349228.ogg,26.90612244897959,0,15.0,5.0,44100,bird,1.0
760,./kaggletest/colsun2/,XC349228.ogg,26.90612244897959,0,20.0,5.0,44100,bird,1.0
761,./kaggletest/colsun2/,XC516833.ogg,57.791995464852604,0,0.0,5.0,44100,bird,1.0
762,./kaggletest/colsun2/,XC516833.ogg,57.791995464852604,0,5.0,5.0,44100,bird,1.0
763,./kaggletest/colsun2/,XC516833.ogg,57.791995464852604,0,10.0,5.0,44100,bird,1.0
764,./kaggletest/colsun2/,XC516833.ogg,57.791995464852604,0,15.0,5.0,44100,bird,1.0
765,./kaggletest/colsun2/,XC516833.ogg,57.791995464852604,0,20.0,5.0,44100,bird,1.0
766,./kaggletest/colsun2/,XC516833.ogg,57.791995464852604,0,25.0,5.0,44100,bird,1.0
767,./kaggletest/colsun2/,XC516833.ogg,57.791995464852604,0,30.0,5.0,44100,bird,1.0
768,./kaggletest/colsun2/,XC516833.ogg,57.791995464852604,0,35.0,5.0,44100,bird,1.0
769,./kaggletest/colsun2/,XC516833.ogg,57.791995464852604,0,40.0,5.0,44100,bird,1.0
770,./kaggletest/colsun2/,XC516833.ogg,57.791995464852604,0,45.0,5.0,44100,bird,1.0
771,./kaggletest/colsun2/,XC516833.ogg,57.791995464852604,0,50.0,5.0,44100,bird,1.0
772,./kaggletest/colsun2/,XC205396.ogg,48.326530612244895,0,0.0,5.0,44100,bird,1.0
773,./kaggletest/colsun2/,XC205396.ogg,48.326530612244895,0,5.0,5.0,44100,bird,1.0
774,./kaggletest/colsun2/,XC205396.ogg,48.326530612244895,0,10.0,5.0,44100,bird,1.0
775,./kaggletest/colsun2/,XC205396.ogg,48.326530612244895,0,15.0,5.0,44100,bird,1.0
776,./kaggletest/colsun2/,XC205396.ogg,48.326530612244895,0,20.0,5.0,44100,bird,1.0
777,./kaggletest/colsun2/,XC205396.ogg,48.326530612244895,0,25.0,5.0,44100,bird,1.0
778,./kaggletest/colsun2/,XC205396.ogg,48.326530612244895,0,30.0,5.0,44100,bird,1.0
779,./kaggletest/colsun2/,XC205396.ogg,48.326530612244895,0,35.0,5.0,44100,bird,1.0
780,./kaggletest/colsun2/,XC205396.ogg,48.326530612244895,0,40.0,5.0,44100,bird,1.0
781,./kaggletest/colsun2/,XC216301.ogg,36.67589569160998,0,0.0,5.0,44100,bird,1.0
782,./kaggletest/colsun2/,XC216301.ogg,36.67589569160998,0,5.0,5.0,44100,bird,1.0
783,./kaggletest/colsun2/,XC216301.ogg,36.67589569160998,0,10.0,5.0,44100,bird,1.0
784,./kaggletest/colsun2/,XC216301.ogg,36.67589569160998,0,15.0,5.0,44100,bird,1.0
785,./kaggletest/colsun2/,XC216301.ogg,36.67589569160998,0,20.0,5.0,44100,bird,1.0
786,./kaggletest/colsun2/,XC216301.ogg,36.67589569160998,0,25.0,5.0,44100,bird,1.0
787,./kaggletest/colsun2/,XC216301.ogg,36.67589569160998,0,30.0,5.0,44100,bird,1.0
788,./kaggletest/colsun2/,XC323386.ogg,16.487981859410432,0,0.0,5.0,44100,bird,1.0
789,./kaggletest/colsun2/,XC323386.ogg,16.487981859410432,0,5.0,5.0,44100,bird,1.0
790,./kaggletest/colsun2/,XC323386.ogg,16.487981859410432,0,10.0,5.0,44100,bird,1.0
791,./kaggletest/colsun2/,XC736024.ogg,16.953446712018142,0,0.0,5.0,44100,bird,1.0
792,./kaggletest/colsun2/,XC736024.ogg,16.953446712018142,0,5.0,5.0,44100,bird,1.0
793,./kaggletest/colsun2/,XC736024.ogg,16.953446712018142,0,10.0,5.0,44100,bird,1.0
794,./kaggletest/colsun2/,XC489307.ogg,40.8809977324263,0,0.0,5.0,44100,bird,1.0
795,./kaggletest/colsun2/,XC489307.ogg,40.8809977324263,0,5.0,5.0,44100,bird,1.0
796,./kaggletest/colsun2/,XC489307.ogg,40.8809977324263,0,10.0,5.0,44100,bird,1.0
797,./kaggletest/colsun2/,XC489307.ogg,40.8809977324263,0,15.0,5.0,44100,bird,1.0
798,./kaggletest/colsun2/,XC489307.ogg,40.8809977324263,0,20.0,5.0,44100,bird,1.0
799,./kaggletest/colsun2/,XC489307.ogg,40.8809977324263,0,25.0,5.0,44100,bird,1.0
800,./kaggletest/colsun2/,XC489307.ogg,40.8809977324263,0,30.0,5.0,44100,bird,1.0
801,./kaggletest/colsun2/,XC489307.ogg,40.8809977324263,0,35.0,5.0,44100,bird,1.0
802,./kaggletest/colsun2/,XC517249.ogg,101.08798185941043,0,0.0,5.0,44100,bird,1.0
803,./kaggletest/colsun2/,XC517249.ogg,101.08798185941043,0,5.0,5.0,44100,bird,1.0
804,./kaggletest/colsun2/,XC517249.ogg,101.08798185941043,0,10.0,5.0,44100,bird,1.0
805,./kaggletest/colsun2/,XC517249.ogg,101.08798185941043,0,15.0,5.0,44100,bird,1.0
806,./kaggletest/colsun2/,XC517249.ogg,101.08798185941043,0,20.0,5.0,44100,bird,1.0
807,./kaggletest/colsun2/,XC517249.ogg,101.08798185941043,0,25.0,5.0,44100,bird,1.0
808,./kaggletest/colsun2/,XC517249.ogg,101.08798185941043,0,30.0,5.0,44100,bird,1.0
809,./kaggletest/colsun2/,XC517249.ogg,101.08798185941043,0,35.0,5.0,44100,bird,1.0
810,./kaggletest/colsun2/,XC517249.ogg,101.08798185941043,0,40.0,5.0,44100,bird,1.0
811,./kaggletest/colsun2/,XC517249.ogg,101.08798185941043,0,45.0,5.0,44100,bird,1.0
812,./kaggletest/colsun2/,XC517249.ogg,101.08798185941043,0,50.0,5.0,44100,bird,1.0
813,./kaggletest/colsun2/,XC517249.ogg,101.08798185941043,0,55.0,5.0,44100,bird,1.0
814,./kaggletest/colsun2/,XC517249.ogg,101.08798185941043,0,60.0,5.0,44100,bird,1.0
815,./kaggletest/colsun2/,XC517249.ogg,101.08798185941043,0,65.0,5.0,44100,bird,1.0
816,./kaggletest/colsun2/,XC517249.ogg,101.08798185941043,0,70.0,5.0,44100,bird,1.0
817,./kaggletest/colsun2/,XC517249.ogg,101.08798185941043,0,75.0,5.0,44100,bird,1.0
818,./kaggletest/colsun2/,XC517249.ogg,101.08798185941043,0,80.0,5.0,44100,bird,1.0
819,./kaggletest/colsun2/,XC517249.ogg,101.08798185941043,0,85.0,5.0,44100,bird,1.0
820,./kaggletest/colsun2/,XC517249.ogg,101.08798185941043,0,90.0,5.0,44100,bird,1.0
821,./kaggletest/colsun2/,XC517249.ogg,101.08798185941043,0,95.0,5.0,44100,bird,1.0
822,./kaggletest/colsun2/,XC701726.ogg,9.023990929705215,0,0.0,5.0,44100,bird,1.0
823,./kaggletest/colsun2/,XC402282.ogg,11.441609977324264,0,0.0,5.0,44100,bird,1.0
824,./kaggletest/colsun2/,XC402282.ogg,11.441609977324264,0,5.0,5.0,44100,bird,1.0
825,./kaggletest/colsun2/,XC630277.ogg,29.04,0,0.0,5.0,44100,bird,1.0
826,./kaggletest/colsun2/,XC630277.ogg,29.04,0,5.0,5.0,44100,bird,1.0
827,./kaggletest/colsun2/,XC630277.ogg,29.04,0,10.0,5.0,44100,bird,1.0
828,./kaggletest/colsun2/,XC630277.ogg,29.04,0,15.0,5.0,44100,bird,1.0
829,./kaggletest/colsun2/,XC630277.ogg,29.04,0,20.0,5.0,44100,bird,1.0
830,./kaggletest/colsun2/,XC245635.ogg,9.72,0,0.0,5.0,44100,bird,1.0
831,./kaggletest/colsun2/,XC517314.ogg,5.5679818594104304,0,0.0,5.0,44100,bird,1.0
832,./kaggletest/colsun2/,XC315994.ogg,16.24814058956916,0,0.0,5.0,44100,bird,1.0
833,./kaggletest/colsun2/,XC315994.ogg,16.24814058956916,0,5.0,5.0,44100,bird,1.0
834,./kaggletest/colsun2/,XC315994.ogg,16.24814058956916,0,10.0,5.0,44100,bird,1.0
835,./kaggletest/colsun2/,XC188947.ogg,21.524897959183672,0,0.0,5.0,44100,bird,1.0
836,./kaggletest/colsun2/,XC188947.ogg,21.524897959183672,0,5.0,5.0,44100,bird,1.0
837,./kaggletest/colsun2/,XC188947.ogg,21.524897959183672,0,10.0,5.0,44100,bird,1.0
838,./kaggletest/colsun2/,XC188947.ogg,21.524897959183672,0,15.0,5.0,44100,bird,1.0
839,./kaggletest/colsun2/,XC252565.ogg,31.487981859410432,0,0.0,5.0,44100,bird,1.0
840,./kaggletest/colsun2/,XC252565.ogg,31.487981859410432,0,5.0,5.0,44100,bird,1.0
841,./kaggletest/colsun2/,XC252565.ogg,31.487981859410432,0,10.0,5.0,44100,bird,1.0
842,./kaggletest/colsun2/,XC252565.ogg,31.487981859410432,0,15.0,5.0,44100,bird,1.0
843,./kaggletest/colsun2/,XC252565.ogg,31.487981859410432,0,20.0,5.0,44100,bird,1.0
844,./kaggletest/colsun2/,XC252565.ogg,31.487981859410432,0,25.0,5.0,44100,bird,1.0
845,./kaggletest/colsun2/,XC516632.ogg,41.04,0,0.0,5.0,44100,bird,1.0
846,./kaggletest/colsun2/,XC516632.ogg,41.04,0,5.0,5.0,44100,bird,1.0
847,./kaggletest/colsun2/,XC516632.ogg,41.04,0,10.0,5.0,44100,bird,1.0
848,./kaggletest/colsun2/,XC516632.ogg,41.04,0,15.0,5.0,44100,bird,1.0
849,./kaggletest/colsun2/,XC516632.ogg,41.04,0,20.0,5.0,44100,bird,1.0
850,./kaggletest/colsun2/,XC516632.ogg,41.04,0,25.0,5.0,44100,bird,1.0
851,./kaggletest/colsun2/,XC516632.ogg,41.04,0,30.0,5.0,44100,bird,1.0
852,./kaggletest/colsun2/,XC516632.ogg,41.04,0,35.0,5.0,44100,bird,1.0
853,./kaggletest/colsun2/,XC516800.ogg,16.967981859410433,0,0.0,5.0,44100,bird,1.0
854,./kaggletest/colsun2/,XC516800.ogg,16.967981859410433,0,5.0,5.0,44100,bird,1.0
855,./kaggletest/colsun2/,XC516800.ogg,16.967981859410433,0,10.0,5.0,44100,bird,1.0
856,./kaggletest/colsun2/,XC253652.ogg,22.02120181405896,0,0.0,5.0,44100,bird,1.0
857,./kaggletest/colsun2/,XC253652.ogg,22.02120181405896,0,5.0,5.0,44100,bird,1.0
858,./kaggletest/colsun2/,XC756913.ogg,19.957551020408165,0,0.0,5.0,44100,bird,1.0
859,./kaggletest/colsun2/,XC756913.ogg,19.957551020408165,0,5.0,5.0,44100,bird,1.0
860,./kaggletest/colsun2/,XC756913.ogg,19.957551020408165,0,10.0,5.0,44100,bird,1.0
861,./kaggletest/colsun2/,XC620895.ogg,26.92798185941043,0,0.0,5.0,44100,bird,1.0
862,./kaggletest/colsun2/,XC620895.ogg,26.92798185941043,0,5.0,5.0,44100,bird,1.0
863,./kaggletest/colsun2/,XC620895.ogg,26.92798185941043,0,10.0,5.0,44100,bird,1.0
864,./kaggletest/colsun2/,XC620895.ogg,26.92798185941043,0,15.0,5.0,44100,bird,1.0
865,./kaggletest/colsun2/,XC620895.ogg,26.92798185941043,0,20.0,5.0,44100,bird,1.0
866,./kaggletest/colsun2/,XC664999.ogg,51.01698412698413,0,0.0,5.0,44100,bird,1.0
867,./kaggletest/colsun2/,XC664999.ogg,51.01698412698413,0,5.0,5.0,44100,bird,1.0
868,./kaggletest/colsun2/,XC664999.ogg,51.01698412698413,0,10.0,5.0,44100,bird,1.0
869,./kaggletest/colsun2/,XC664999.ogg,51.01698412698413,0,15.0,5.0,44100,bird,1.0
870,./kaggletest/colsun2/,XC664999.ogg,51.01698412698413,0,20.0,5.0,44100,bird,1.0
871,./kaggletest/colsun2/,XC664999.ogg,51.01698412698413,0,25.0,5.0,44100,bird,1.0
872,./kaggletest/colsun2/,XC664999.ogg,51.01698412698413,0,30.0,5.0,44100,bird,1.0
873,./kaggletest/colsun2/,XC664999.ogg,51.01698412698413,0,35.0,5.0,44100,bird,1.0
874,./kaggletest/colsun2/,XC664999.ogg,51.01698412698413,0,40.0,5.0,44100,bird,1.0
875,./kaggletest/colsun2/,XC664999.ogg,51.01698412698413,0,45.0,5.0,44100,bird,1.0
876,./kaggletest/colsun2/,XC656718.ogg,31.476984126984128,0,0.0,5.0,44100,bird,1.0
877,./kaggletest/colsun2/,XC656718.ogg,31.476984126984128,0,5.0,5.0,44100,bird,1.0
878,./kaggletest/colsun2/,XC656718.ogg,31.476984126984128,0,10.0,5.0,44100,bird,1.0
879,./kaggletest/colsun2/,XC656718.ogg,31.476984126984128,0,15.0,5.0,44100,bird,1.0
880,./kaggletest/colsun2/,XC656718.ogg,31.476984126984128,0,20.0,5.0,44100,bird,1.0
881,./kaggletest/colsun2/,XC656718.ogg,31.476984126984128,0,25.0,5.0,44100,bird,1.0
882,./kaggletest/colsun2/,XC634200.ogg,76.58399092970521,0,0.0,5.0,44100,bird,1.0
883,./kaggletest/colsun2/,XC634200.ogg,76.58399092970521,0,5.0,5.0,44100,bird,1.0
884,./kaggletest/colsun2/,XC634200.ogg,76.58399092970521,0,10.0,5.0,44100,bird,1.0
885,./kaggletest/colsun2/,XC634200.ogg,76.58399092970521,0,15.0,5.0,44100,bird,1.0
886,./kaggletest/colsun2/,XC634200.ogg,76.58399092970521,0,20.0,5.0,44100,bird,1.0
887,./kaggletest/colsun2/,XC634200.ogg,76.58399092970521,0,25.0,5.0,44100,bird,1.0
888,./kaggletest/colsun2/,XC634200.ogg,76.58399092970521,0,30.0,5.0,44100,bird,1.0
889,./kaggletest/colsun2/,XC634200.ogg,76.58399092970521,0,35.0,5.0,44100,bird,1.0
890,./kaggletest/colsun2/,XC634200.ogg,76.58399092970521,0,40.0,5.0,44100,bird,1.0
891,./kaggletest/colsun2/,XC634200.ogg,76.58399092970521,0,45.0,5.0,44100,bird,1.0
892,./kaggletest/colsun2/,XC634200.ogg,76.58399092970521,0,50.0,5.0,44100,bird,1.0
893,./kaggletest/colsun2/,XC634200.ogg,76.58399092970521,0,55.0,5.0,44100,bird,1.0
894,./kaggletest/colsun2/,XC634200.ogg,76.58399092970521,0,60.0,5.0,44100,bird,1.0
895,./kaggletest/colsun2/,XC634200.ogg,76.58399092970521,0,65.0,5.0,44100,bird,1.0
896,./kaggletest/colsun2/,XC634200.ogg,76.58399092970521,0,70.0,5.0,44100,bird,1.0
897,./kaggletest/colsun2/,XC516794.ogg,58.63199546485261,0,0.0,5.0,44100,bird,1.0
898,./kaggletest/colsun2/,XC516794.ogg,58.63199546485261,0,5.0,5.0,44100,bird,1.0
899,./kaggletest/colsun2/,XC516794.ogg,58.63199546485261,0,10.0,5.0,44100,bird,1.0
900,./kaggletest/colsun2/,XC516794.ogg,58.63199546485261,0,15.0,5.0,44100,bird,1.0
901,./kaggletest/colsun2/,XC516794.ogg,58.63199546485261,0,20.0,5.0,44100,bird,1.0
902,./kaggletest/colsun2/,XC516794.ogg,58.63199546485261,0,25.0,5.0,44100,bird,1.0
903,./kaggletest/colsun2/,XC516794.ogg,58.63199546485261,0,30.0,5.0,44100,bird,1.0
904,./kaggletest/colsun2/,XC516794.ogg,58.63199546485261,0,35.0,5.0,44100,bird,1.0
905,./kaggletest/colsun2/,XC516794.ogg,58.63199546485261,0,45.0,5.0,44100,bird,1.0
906,./kaggletest/colsun2/,XC516794.ogg,58.63199546485261,0,50.0,5.0,44100,bird,1.0
907,./kaggletest/colsun2/,XC601536.ogg,15.143990929705215,0,5.0,5.0,44100,bird,1.0
908,./kaggletest/colsun2/,XC601536.ogg,15.143990929705215,0,10.0,5.0,44100,bird,1.0
909,./kaggletest/colsun2/,XC622674.ogg,25.86120181405896,0,0.0,5.0,44100,bird,1.0
910,./kaggletest/colsun2/,XC622674.ogg,25.86120181405896,0,5.0,5.0,44100,bird,1.0
911,./kaggletest/colsun2/,XC622674.ogg,25.86120181405896,0,10.0,5.0,44100,bird,1.0
912,./kaggletest/colsun2/,XC622674.ogg,25.86120181405896,0,15.0,5.0,44100,bird,1.0
913,./kaggletest/colsun2/,XC622674.ogg,25.86120181405896,0,20.0,5.0,44100,bird,1.0
914,./kaggletest/colsun2/,XC465551.ogg,35.16,0,0.0,5.0,44100,bird,1.0
915,./kaggletest/colsun2/,XC465551.ogg,35.16,0,5.0,5.0,44100,bird,1.0
916,./kaggletest/colsun2/,XC465551.ogg,35.16,0,10.0,5.0,44100,bird,1.0
917,./kaggletest/colsun2/,XC465551.ogg,35.16,0,15.0,5.0,44100,bird,1.0
918,./kaggletest/colsun2/,XC465551.ogg,35.16,0,20.0,5.0,44100,bird,1.0
919,./kaggletest/colsun2/,XC465551.ogg,35.16,0,25.0,5.0,44100,bird,1.0
920,./kaggletest/colsun2/,XC465551.ogg,35.16,0,30.0,5.0,44100,bird,1.0
921,./kaggletest/colsun2/,XC378029.ogg,19.121609977324262,0,0.0,5.0,44100,bird,1.0
922,./kaggletest/colsun2/,XC378029.ogg,19.121609977324262,0,5.0,5.0,44100,bird,1.0
923,./kaggletest/colsun2/,XC378029.ogg,19.121609977324262,0,10.0,5.0,44100,bird,1.0
924,./kaggletest/colsun2/,XC634201.ogg,14.64,0,0.0,5.0,44100,bird,1.0
925,./kaggletest/colsun2/,XC516805.ogg,28.895986394557823,0,0.0,5.0,44100,bird,1.0
926,./kaggletest/colsun2/,XC516805.ogg,28.895986394557823,0,20.0,5.0,44100,bird,1.0
927,./kaggletest/colsun2/,XC517266.ogg,25.75199546485261,0,0.0,5.0,44100,bird,1.0
928,./kaggletest/colsun2/,XC517266.ogg,25.75199546485261,0,5.0,5.0,44100,bird,1.0
929,./kaggletest/colsun2/,XC517266.ogg,25.75199546485261,0,10.0,5.0,44100,bird,1.0
930,./kaggletest/colsun2/,XC517266.ogg,25.75199546485261,0,15.0,5.0,44100,bird,1.0
931,./kaggletest/colsun2/,XC517266.ogg,25.75199546485261,0,20.0,5.0,44100,bird,1.0
932,./kaggletest/colsun2/,XC664998.ogg,7.031995464852607,0,0.0,5.0,44100,bird,1.0
933,./kaggletest/colsun2/,XC620894.ogg,16.991995464852607,0,0.0,5.0,44100,bird,1.0
934,./kaggletest/colsun2/,XC620894.ogg,16.991995464852607,0,5.0,5.0,44100,bird,1.0
935,./kaggletest/colsun2/,XC620894.ogg,16.991995464852607,0,10.0,5.0,44100,bird,1.0
936,./kaggletest/colsun2/,XC634149.ogg,9.88798185941043,0,0.0,5.0,44100,bird,1.0
937,./kaggletest/colsun2/,XC516807.ogg,6.455986394557823,0,0.0,5.0,44100,bird,1.0
938,./kaggletest/colsun2/,XC517310.ogg,63.6,0,0.0,5.0,44100,bird,1.0
939,./kaggletest/colsun2/,XC517310.ogg,63.6,0,5.0,5.0,44100,bird,1.0
940,./kaggletest/colsun2/,XC517310.ogg,63.6,0,10.0,5.0,44100,bird,1.0
941,./kaggletest/colsun2/,XC517310.ogg,63.6,0,15.0,5.0,44100,bird,1.0
942,./kaggletest/colsun2/,XC517310.ogg,63.6,0,20.0,5.0,44100,bird,1.0
943,./kaggletest/colsun2/,XC517310.ogg,63.6,0,25.0,5.0,44100,bird,1.0
944,./kaggletest/colsun2/,XC517310.ogg,63.6,0,30.0,5.0,44100,bird,1.0
945,./kaggletest/colsun2/,XC517310.ogg,63.6,0,35.0,5.0,44100,bird,1.0
946,./kaggletest/colsun2/,XC517310.ogg,63.6,0,40.0,5.0,44100,bird,1.0
947,./kaggletest/colsun2/,XC517310.ogg,63.6,0,45.0,5.0,44100,bird,1.0
948,./kaggletest/colsun2/,XC517310.ogg,63.6,0,55.0,5.0,44100,bird,1.0
949,./kaggletest/colsun2/,XC336620.ogg,32.80798185941043,0,0.0,5.0,44100,bird,1.0
950,./kaggletest/colsun2/,XC336620.ogg,32.80798185941043,0,5.0,5.0,44100,bird,1.0
951,./kaggletest/colsun2/,XC336620.ogg,32.80798185941043,0,10.0,5.0,44100,bird,1.0
952,./kaggletest/colsun2/,XC336620.ogg,32.80798185941043,0,15.0,5.0,44100,bird,1.0
953,./kaggletest/colsun2/,XC336620.ogg,32.80798185941043,0,20.0,5.0,44100,bird,1.0
954,./kaggletest/colsun2/,XC336620.ogg,32.80798185941043,0,25.0,5.0,44100,bird,1.0
955,./kaggletest/colsun2/,XC200609.ogg,24.21548752834467,0,0.0,5.0,44100,bird,1.0
956,./kaggletest/colsun2/,XC200609.ogg,24.21548752834467,0,5.0,5.0,44100,bird,1.0
957,./kaggletest/colsun2/,XC200609.ogg,24.21548752834467,0,10.0,5.0,44100,bird,1.0
958,./kaggletest/colsun2/,XC200609.ogg,24.21548752834467,0,15.0,5.0,44100,bird,1.0
959,./kaggletest/colsun2/,XC523506.ogg,37.04160997732426,0,0.0,5.0,44100,bird,1.0
960,./kaggletest/colsun2/,XC523506.ogg,37.04160997732426,0,5.0,5.0,44100,bird,1.0
961,./kaggletest/colsun2/,XC523506.ogg,37.04160997732426,0,10.0,5.0,44100,bird,1.0
962,./kaggletest/colsun2/,XC523506.ogg,37.04160997732426,0,15.0,5.0,44100,bird,1.0
963,./kaggletest/colsun2/,XC523506.ogg,37.04160997732426,0,20.0,5.0,44100,bird,1.0
964,./kaggletest/colsun2/,XC523506.ogg,37.04160997732426,0,25.0,5.0,44100,bird,1.0
965,./kaggletest/colsun2/,XC523506.ogg,37.04160997732426,0,30.0,5.0,44100,bird,1.0
966,./kaggletest/colsun2/,XC122411.ogg,26.671020408163265,0,0.0,5.0,44100,bird,1.0
967,./kaggletest/colsun2/,XC122411.ogg,26.671020408163265,0,5.0,5.0,44100,bird,1.0
968,./kaggletest/colsun2/,XC122411.ogg,26.671020408163265,0,10.0,5.0,44100,bird,1.0
969,./kaggletest/colsun2/,XC122411.ogg,26.671020408163265,0,15.0,5.0,44100,bird,1.0
970,./kaggletest/colsun2/,XC122411.ogg,26.671020408163265,0,20.0,5.0,44100,bird,1.0
971,./kaggletest/colsun2/,XC517311.ogg,80.04,0,0.0,5.0,44100,bird,1.0
972,./kaggletest/colsun2/,XC517311.ogg,80.04,0,5.0,5.0,44100,bird,1.0
973,./kaggletest/colsun2/,XC517311.ogg,80.04,0,10.0,5.0,44100,bird,1.0
974,./kaggletest/colsun2/,XC517311.ogg,80.04,0,15.0,5.0,44100,bird,1.0
975,./kaggletest/colsun2/,XC517311.ogg,80.04,0,20.0,5.0,44100,bird,1.0
976,./kaggletest/colsun2/,XC517311.ogg,80.04,0,25.0,5.0,44100,bird,1.0
977,./kaggletest/colsun2/,XC517311.ogg,80.04,0,35.0,5.0,44100,bird,1.0
978,./kaggletest/colsun2/,XC517311.ogg,80.04,0,40.0,5.0,44100,bird,1.0
979,./kaggletest/colsun2/,XC517311.ogg,80.04,0,45.0,5.0,44100,bird,1.0
980,./kaggletest/colsun2/,XC517311.ogg,80.04,0,50.0,5.0,44100,bird,1.0
981,./kaggletest/colsun2/,XC517311.ogg,80.04,0,55.0,5.0,44100,bird,1.0
982,./kaggletest/colsun2/,XC517311.ogg,80.04,0,65.0,5.0,44100,bird,1.0
983,./kaggletest/colsun2/,XC517311.ogg,80.04,0,70.0,5.0,44100,bird,1.0
984,./kaggletest/colsun2/,XC517311.ogg,80.04,0,75.0,5.0,44100,bird,1.0
985,./kaggletest/colsun2/,XC634202.ogg,52.05598639455782,0,0.0,5.0,44100,bird,1.0
986,./kaggletest/colsun2/,XC634202.ogg,52.05598639455782,0,10.0,5.0,44100,bird,1.0
987,./kaggletest/colsun2/,XC634202.ogg,52.05598639455782,0,15.0,5.0,44100,bird,1.0
988,./kaggletest/colsun2/,XC634202.ogg,52.05598639455782,0,25.0,5.0,44100,bird,1.0
989,./kaggletest/colsun2/,XC634202.ogg,52.05598639455782,0,30.0,5.0,44100,bird,1.0
990,./kaggletest/colsun2/,XC634202.ogg,52.05598639455782,0,45.0,5.0,44100,bird,1.0
991,./kaggletest/colsun2/,XC516812.ogg,6.215986394557823,0,0.0,5.0,44100,bird,1.0
992,./kaggletest/colsun2/,XC486568.ogg,16.24798185941043,0,0.0,5.0,44100,bird,1.0
993,./kaggletest/colsun2/,XC486568.ogg,16.24798185941043,0,5.0,5.0,44100,bird,1.0
994,./kaggletest/colsun2/,XC486568.ogg,16.24798185941043,0,10.0,5.0,44100,bird,1.0
995,./kaggletest/colsun2/,XC393629.ogg,18.215986394557824,0,0.0,5.0,44100,bird,1.0
996,./kaggletest/colsun2/,XC393629.ogg,18.215986394557824,0,5.0,5.0,44100,bird,1.0
997,./kaggletest/colsun2/,XC393629.ogg,18.215986394557824,0,10.0,5.0,44100,bird,1.0
998,./kaggletest/colsun2/,XC650873.ogg,21.603242630385488,0,0.0,5.0,44100,bird,1.0
999,./kaggletest/colsun2/,XC650873.ogg,21.603242630385488,0,5.0,5.0,44100,bird,1.0
1000,./kaggletest/colsun2/,XC650873.ogg,21.603242630385488,0,10.0,5.0,44100,bird,1.0
1001,./kaggletest/colsun2/,XC650873.ogg,21.603242630385488,0,15.0,5.0,44100,bird,1.0
1002,./kaggletest/colsun2/,XC513845.ogg,21.028548752834467,0,0.0,5.0,44100,bird,1.0
1003,./kaggletest/colsun2/,XC513845.ogg,21.028548752834467,0,5.0,5.0,44100,bird,1.0
1004,./kaggletest/colsun2/,XC513845.ogg,21.028548752834467,0,10.0,5.0,44100,bird,1.0
1005,./kaggletest/colsun2/,XC513845.ogg,21.028548752834467,0,15.0,5.0,44100,bird,1.0
1006,./kaggletest/colsun2/,XC620984.ogg,9.56,0,0.0,5.0,44100,bird,1.0
1007,./kaggletest/colsun2/,XC635387.ogg,25.2865306122449,0,0.0,5.0,44100,bird,1.0
1008,./kaggletest/colsun2/,XC635387.ogg,25.2865306122449,0,5.0,5.0,44100,bird,1.0
1009,./kaggletest/colsun2/,XC635387.ogg,25.2865306122449,0,10.0,5.0,44100,bird,1.0
1010,./kaggletest/colsun2/,XC635387.ogg,25.2865306122449,0,15.0,5.0,44100,bird,1.0
1011,./kaggletest/colsun2/,XC635387.ogg,25.2865306122449,0,20.0,5.0,44100,bird,1.0
1012,./kaggletest/colsun2/,XC664679.ogg,32.13061224489796,0,0.0,5.0,44100,bird,1.0
1013,./kaggletest/colsun2/,XC664679.ogg,32.13061224489796,0,5.0,5.0,44100,bird,1.0
1014,./kaggletest/colsun2/,XC664679.ogg,32.13061224489796,0,10.0,5.0,44100,bird,1.0
1015,./kaggletest/colsun2/,XC664679.ogg,32.13061224489796,0,15.0,5.0,44100,bird,1.0
1016,./kaggletest/colsun2/,XC664679.ogg,32.13061224489796,0,20.0,5.0,44100,bird,1.0
1017,./kaggletest/colsun2/,XC664679.ogg,32.13061224489796,0,25.0,5.0,44100,bird,1.0
1018,./kaggletest/colsun2/,XC377169.ogg,32.41795918367347,0,0.0,5.0,44100,bird,1.0
1019,./kaggletest/colsun2/,XC377169.ogg,32.41795918367347,0,5.0,5.0,44100,bird,1.0
1020,./kaggletest/colsun2/,XC377169.ogg,32.41795918367347,0,10.0,5.0,44100,bird,1.0
1021,./kaggletest/colsun2/,XC377169.ogg,32.41795918367347,0,15.0,5.0,44100,bird,1.0
1022,./kaggletest/colsun2/,XC377169.ogg,32.41795918367347,0,20.0,5.0,44100,bird,1.0
1023,./kaggletest/colsun2/,XC377169.ogg,32.41795918367347,0,25.0,5.0,44100,bird,1.0
1024,./kaggletest/colsun2/,XC516860.ogg,8.28,0,0.0,5.0,44100,bird,1.0
1025,./kaggletest/colsun2/,XC660755.ogg,14.831995464852607,0,0.0,5.0,44100,bird,1.0
1026,./kaggletest/colsun2/,XC660755.ogg,14.831995464852607,0,5.0,5.0,44100,bird,1.0
1027,./kaggletest/colsun2/,XC267756.ogg,53.111995464852605,0,0.0,5.0,44100,bird,1.0
1028,./kaggletest/colsun2/,XC267756.ogg,53.111995464852605,0,5.0,5.0,44100,bird,1.0
1029,./kaggletest/colsun2/,XC267756.ogg,53.111995464852605,0,10.0,5.0,44100,bird,1.0
1030,./kaggletest/colsun2/,XC267756.ogg,53.111995464852605,0,15.0,5.0,44100,bird,1.0
1031,./kaggletest/colsun2/,XC267756.ogg,53.111995464852605,0,20.0,5.0,44100,bird,1.0
1032,./kaggletest/colsun2/,XC267756.ogg,53.111995464852605,0,25.0,5.0,44100,bird,1.0
1033,./kaggletest/colsun2/,XC267756.ogg,53.111995464852605,0,30.0,5.0,44100,bird,1.0
1034,./kaggletest/colsun2/,XC267756.ogg,53.111995464852605,0,35.0,5.0,44100,bird,1.0
1035,./kaggletest/colsun2/,XC267756.ogg,53.111995464852605,0,40.0,5.0,44100,bird,1.0
1036,./kaggletest/colsun2/,XC267756.ogg,53.111995464852605,0,45.0,5.0,44100,bird,1.0
1037,./kaggletest/colsun2/,XC649919.ogg,59.193446712018144,0,0.0,5.0,44100,bird,1.0
1038,./kaggletest/colsun2/,XC649919.ogg,59.193446712018144,0,5.0,5.0,44100,bird,1.0
1039,./kaggletest/colsun2/,XC649919.ogg,59.193446712018144,0,10.0,5.0,44100,bird,1.0
1040,./kaggletest/colsun2/,XC649919.ogg,59.193446712018144,0,15.0,5.0,44100,bird,1.0
1041,./kaggletest/colsun2/,XC649919.ogg,59.193446712018144,0,20.0,5.0,44100,bird,1.0
1042,./kaggletest/colsun2/,XC649919.ogg,59.193446712018144,0,25.0,5.0,44100,bird,1.0
1043,./kaggletest/colsun2/,XC649919.ogg,59.193446712018144,0,30.0,5.0,44100,bird,1.0
1044,./kaggletest/colsun2/,XC649919.ogg,59.193446712018144,0,35.0,5.0,44100,bird,1.0
1045,./kaggletest/colsun2/,XC649919.ogg,59.193446712018144,0,40.0,5.0,44100,bird,1.0
1046,./kaggletest/colsun2/,XC649919.ogg,59.193446712018144,0,45.0,5.0,44100,bird,1.0
1047,./kaggletest/colsun2/,XC649919.ogg,59.193446712018144,0,50.0,5.0,44100,bird,1.0
1048,./kaggletest/colsun2/,XC516527.ogg,19.175986394557825,0,0.0,5.0,44100,bird,1.0
1049,./kaggletest/colsun2/,XC516532.ogg,20.44798185941043,0,5.0,5.0,44100,bird,1.0
1050,./kaggletest/colsun2/,XC516532.ogg,20.44798185941043,0,10.0,5.0,44100,bird,1.0
1051,./kaggletest/colsun2/,XC516532.ogg,20.44798185941043,0,15.0,5.0,44100,bird,1.0
1052,./kaggletest/colsun2/,XC289288.ogg,94.17142857142858,0,0.0,5.0,44100,bird,1.0
1053,./kaggletest/colsun2/,XC289288.ogg,94.17142857142858,0,5.0,5.0,44100,bird,1.0
1054,./kaggletest/colsun2/,XC289288.ogg,94.17142857142858,0,10.0,5.0,44100,bird,1.0
1055,./kaggletest/colsun2/,XC289288.ogg,94.17142857142858,0,20.0,5.0,44100,bird,1.0
1056,./kaggletest/colsun2/,XC289288.ogg,94.17142857142858,0,25.0,5.0,44100,bird,1.0
1057,./kaggletest/colsun2/,XC289288.ogg,94.17142857142858,0,30.0,5.0,44100,bird,1.0
1058,./kaggletest/colsun2/,XC289288.ogg,94.17142857142858,0,35.0,5.0,44100,bird,1.0
1059,./kaggletest/colsun2/,XC289288.ogg,94.17142857142858,0,40.0,5.0,44100,bird,1.0
1060,./kaggletest/colsun2/,XC289288.ogg,94.17142857142858,0,50.0,5.0,44100,bird,1.0
1061,./kaggletest/colsun2/,XC289288.ogg,94.17142857142858,0,55.0,5.0,44100,bird,1.0
1062,./kaggletest/colsun2/,XC289288.ogg,94.17142857142858,0,60.0,5.0,44100,bird,1.0
1063,./kaggletest/colsun2/,XC289288.ogg,94.17142857142858,0,65.0,5.0,44100,bird,1.0
1064,./kaggletest/colsun2/,XC289288.ogg,94.17142857142858,0,70.0,5.0,44100,bird,1.0
1065,./kaggletest/colsun2/,XC289288.ogg,94.17142857142858,0,75.0,5.0,44100,bird,1.0
1066,./kaggletest/colsun2/,XC289288.ogg,94.17142857142858,0,80.0,5.0,44100,bird,1.0
1067,./kaggletest/colsun2/,XC289288.ogg,94.17142857142858,0,85.0,5.0,44100,bird,1.0
1068,./kaggletest/colsun2/,XC375769.ogg,22.535986394557824,0,5.0,5.0,44100,bird,1.0
1069,./kaggletest/colsun2/,XC375769.ogg,22.535986394557824,0,15.0,5.0,44100,bird,1.0
1070,./kaggletest/colsun2/,XC590141.ogg,16.75199546485261,0,0.0,5.0,44100,bird,1.0
1071,./kaggletest/colsun2/,XC590141.ogg,16.75199546485261,0,5.0,5.0,44100,bird,1.0
1072,./kaggletest/colsun2/,XC590141.ogg,16.75199546485261,0,10.0,5.0,44100,bird,1.0
1073,./kaggletest/colsun2/,XC517238.ogg,73.48798185941043,0,5.0,5.0,44100,bird,1.0
1074,./kaggletest/colsun2/,XC517238.ogg,73.48798185941043,0,10.0,5.0,44100,bird,1.0
1075,./kaggletest/colsun2/,XC517238.ogg,73.48798185941043,0,15.0,5.0,44100,bird,1.0
1076,./kaggletest/colsun2/,XC517238.ogg,73.48798185941043,0,20.0,5.0,44100,bird,1.0
1077,./kaggletest/colsun2/,XC517238.ogg,73.48798185941043,0,25.0,5.0,44100,bird,1.0
1078,./kaggletest/colsun2/,XC517238.ogg,73.48798185941043,0,30.0,5.0,44100,bird,1.0
1079,./kaggletest/colsun2/,XC517238.ogg,73.48798185941043,0,35.0,5.0,44100,bird,1.0
1080,./kaggletest/colsun2/,XC517238.ogg,73.48798185941043,0,50.0,5.0,44100,bird,1.0
1081,./kaggletest/colsun2/,XC517238.ogg,73.48798185941043,0,55.0,5.0,44100,bird,1.0
1082,./kaggletest/colsun2/,XC517238.ogg,73.48798185941043,0,60.0,5.0,44100,bird,1.0
1083,./kaggletest/colsun2/,XC517238.ogg,73.48798185941043,0,65.0,5.0,44100,bird,1.0
1084,./kaggletest/colsun2/,XC517358.ogg,66.40798185941043,0,0.0,5.0,44100,bird,1.0
1085,./kaggletest/colsun2/,XC517358.ogg,66.40798185941043,0,5.0,5.0,44100,bird,1.0
1086,./kaggletest/colsun2/,XC517358.ogg,66.40798185941043,0,10.0,5.0,44100,bird,1.0
1087,./kaggletest/colsun2/,XC517358.ogg,66.40798185941043,0,15.0,5.0,44100,bird,1.0
1088,./kaggletest/colsun2/,XC517358.ogg,66.40798185941043,0,20.0,5.0,44100,bird,1.0
1089,./kaggletest/colsun2/,XC517358.ogg,66.40798185941043,0,25.0,5.0,44100,bird,1.0
1090,./kaggletest/colsun2/,XC517358.ogg,66.40798185941043,0,30.0,5.0,44100,bird,1.0
1091,./kaggletest/colsun2/,XC517358.ogg,66.40798185941043,0,35.0,5.0,44100,bird,1.0
1092,./kaggletest/colsun2/,XC517358.ogg,66.40798185941043,0,40.0,5.0,44100,bird,1.0
1093,./kaggletest/colsun2/,XC517358.ogg,66.40798185941043,0,45.0,5.0,44100,bird,1.0
1094,./kaggletest/colsun2/,XC517358.ogg,66.40798185941043,0,50.0,5.0,44100,bird,1.0
1095,./kaggletest/colsun2/,XC517358.ogg,66.40798185941043,0,60.0,5.0,44100,bird,1.0
1096,./kaggletest/colsun2/,XC623079.ogg,29.595986394557823,0,0.0,5.0,44100,bird,1.0
1097,./kaggletest/colsun2/,XC623079.ogg,29.595986394557823,0,5.0,5.0,44100,bird,1.0
1098,./kaggletest/colsun2/,XC623079.ogg,29.595986394557823,0,10.0,5.0,44100,bird,1.0
1099,./kaggletest/colsun2/,XC623079.ogg,29.595986394557823,0,15.0,5.0,44100,bird,1.0
1100,./kaggletest/colsun2/,XC623079.ogg,29.595986394557823,0,20.0,5.0,44100,bird,1.0
1101,./kaggletest/colsun2/,XC418725.ogg,12.643242630385487,0,0.0,5.0,44100,bird,1.0
1102,./kaggletest/colsun2/,XC418725.ogg,12.643242630385487,0,5.0,5.0,44100,bird,1.0
1103,./kaggletest/colsun2/,XC755892.ogg,22.151995464852607,0,0.0,5.0,44100,bird,1.0
1104,./kaggletest/colsun2/,XC755892.ogg,22.151995464852607,0,5.0,5.0,44100,bird,1.0
1105,./kaggletest/colsun2/,XC755892.ogg,22.151995464852607,0,10.0,5.0,44100,bird,1.0
1106,./kaggletest/colsun2/,XC755892.ogg,22.151995464852607,0,15.0,5.0,44100,bird,1.0
1107,./kaggletest/colsun2/,XC516536.ogg,59.135986394557825,0,0.0,5.0,44100,bird,1.0
1108,./kaggletest/colsun2/,XC516536.ogg,59.135986394557825,0,5.0,5.0,44100,bird,1.0
1109,./kaggletest/colsun2/,XC516536.ogg,59.135986394557825,0,10.0,5.0,44100,bird,1.0
1110,./kaggletest/colsun2/,XC516536.ogg,59.135986394557825,0,15.0,5.0,44100,bird,1.0
1111,./kaggletest/colsun2/,XC516536.ogg,59.135986394557825,0,20.0,5.0,44100,bird,1.0
1112,./kaggletest/colsun2/,XC516536.ogg,59.135986394557825,0,25.0,5.0,44100,bird,1.0
1113,./kaggletest/colsun2/,XC516536.ogg,59.135986394557825,0,35.0,5.0,44100,bird,1.0
1114,./kaggletest/colsun2/,XC516536.ogg,59.135986394557825,0,40.0,5.0,44100,bird,1.0
1115,./kaggletest/colsun2/,XC516536.ogg,59.135986394557825,0,45.0,5.0,44100,bird,1.0
1116,./kaggletest/colsun2/,XC516536.ogg,59.135986394557825,0,50.0,5.0,44100,bird,1.0
1117,./kaggletest/colsun2/,XC459547.ogg,27.141201814058956,0,0.0,5.0,44100,bird,1.0
1118,./kaggletest/colsun2/,XC459547.ogg,27.141201814058956,0,5.0,5.0,44100,bird,1.0
1119,./kaggletest/colsun2/,XC459547.ogg,27.141201814058956,0,10.0,5.0,44100,bird,1.0
1120,./kaggletest/colsun2/,XC459547.ogg,27.141201814058956,0,15.0,5.0,44100,bird,1.0
1121,./kaggletest/colsun2/,XC459547.ogg,27.141201814058956,0,20.0,5.0,44100,bird,1.0
1122,./kaggletest/colsun2/,XC517172.ogg,180.72,0,0.0,5.0,44100,bird,1.0
1123,./kaggletest/colsun2/,XC517172.ogg,180.72,0,5.0,5.0,44100,bird,1.0
1124,./kaggletest/colsun2/,XC517172.ogg,180.72,0,10.0,5.0,44100,bird,1.0
1125,./kaggletest/colsun2/,XC517172.ogg,180.72,0,15.0,5.0,44100,bird,1.0
1126,./kaggletest/colsun2/,XC517172.ogg,180.72,0,30.0,5.0,44100,bird,1.0
1127,./kaggletest/colsun2/,XC517172.ogg,180.72,0,60.0,5.0,44100,bird,1.0
1128,./kaggletest/colsun2/,XC517172.ogg,180.72,0,75.0,5.0,44100,bird,1.0
1129,./kaggletest/colsun2/,XC517172.ogg,180.72,0,85.0,5.0,44100,bird,1.0
1130,./kaggletest/colsun2/,XC517172.ogg,180.72,0,90.0,5.0,44100,bird,1.0
1131,./kaggletest/colsun2/,XC517172.ogg,180.72,0,100.0,5.0,44100,bird,1.0
1132,./kaggletest/colsun2/,XC517172.ogg,180.72,0,105.0,5.0,44100,bird,1.0
1133,./kaggletest/colsun2/,XC517172.ogg,180.72,0,110.0,5.0,44100,bird,1.0
1134,./kaggletest/colsun2/,XC517172.ogg,180.72,0,130.0,5.0,44100,bird,1.0
1135,./kaggletest/colsun2/,XC517172.ogg,180.72,0,150.0,5.0,44100,bird,1.0
1136,./kaggletest/colsun2/,XC517172.ogg,180.72,0,155.0,5.0,44100,bird,1.0
1137,./kaggletest/colsun2/,XC517172.ogg,180.72,0,160.0,5.0,44100,bird,1.0
1138,./kaggletest/colsun2/,XC517172.ogg,180.72,0,165.0,5.0,44100,bird,1.0
1139,./kaggletest/colsun2/,XC517172.ogg,180.72,0,170.0,5.0,44100,bird,1.0
1140,./kaggletest/colsun2/,XC517172.ogg,180.72,0,175.0,5.0,44100,bird,1.0
1141,./kaggletest/colsun2/,XC547989.ogg,26.543990929705217,0,0.0,5.0,44100,bird,1.0
1142,./kaggletest/colsun2/,XC547989.ogg,26.543990929705217,0,5.0,5.0,44100,bird,1.0
1143,./kaggletest/colsun2/,XC547989.ogg,26.543990929705217,0,10.0,5.0,44100,bird,1.0
1144,./kaggletest/colsun2/,XC547989.ogg,26.543990929705217,0,15.0,5.0,44100,bird,1.0
1145,./kaggletest/colsun2/,XC547989.ogg,26.543990929705217,0,20.0,5.0,44100,bird,1.0
1146,./kaggletest/colsun2/,XC755893.ogg,33.0,0,0.0,5.0,44100,bird,1.0
1147,./kaggletest/colsun2/,XC755893.ogg,33.0,0,5.0,5.0,44100,bird,1.0
1148,./kaggletest/colsun2/,XC755893.ogg,33.0,0,10.0,5.0,44100,bird,1.0
1149,./kaggletest/colsun2/,XC755893.ogg,33.0,0,15.0,5.0,44100,bird,1.0
1150,./kaggletest/colsun2/,XC755893.ogg,33.0,0,20.0,5.0,44100,bird,1.0
1151,./kaggletest/colsun2/,XC755893.ogg,33.0,0,25.0,5.0,44100,bird,1.0
1152,./kaggletest/colsun2/,XC476823.ogg,34.58598639455782,0,0.0,5.0,44100,bird,1.0
1153,./kaggletest/colsun2/,XC476823.ogg,34.58598639455782,0,5.0,5.0,44100,bird,1.0
1154,./kaggletest/colsun2/,XC476823.ogg,34.58598639455782,0,10.0,5.0,44100,bird,1.0
1155,./kaggletest/colsun2/,XC476823.ogg,34.58598639455782,0,15.0,5.0,44100,bird,1.0
1156,./kaggletest/colsun2/,XC476823.ogg,34.58598639455782,0,20.0,5.0,44100,bird,1.0
1157,./kaggletest/colsun2/,XC476823.ogg,34.58598639455782,0,25.0,5.0,44100,bird,1.0
1158,./kaggletest/colsun2/,XC517239.ogg,22.895986394557823,0,0.0,5.0,44100,bird,1.0
1159,./kaggletest/colsun2/,XC517239.ogg,22.895986394557823,0,5.0,5.0,44100,bird,1.0
1160,./kaggletest/colsun2/,XC517239.ogg,22.895986394557823,0,10.0,5.0,44100,bird,1.0
1161,./kaggletest/colsun2/,XC517239.ogg,22.895986394557823,0,15.0,5.0,44100,bird,1.0
1162,./kaggletest/colsun2/,XC348980.ogg,30.249773242630386,0,0.0,5.0,44100,bird,1.0
1163,./kaggletest/colsun2/,XC348980.ogg,30.249773242630386,0,5.0,5.0,44100,bird,1.0
1164,./kaggletest/colsun2/,XC348980.ogg,30.249773242630386,0,10.0,5.0,44100,bird,1.0
1165,./kaggletest/colsun2/,XC348980.ogg,30.249773242630386,0,15.0,5.0,44100,bird,1.0
1166,./kaggletest/colsun2/,XC348980.ogg,30.249773242630386,0,20.0,5.0,44100,bird,1.0
1167,./kaggletest/colsun2/,XC348980.ogg,30.249773242630386,0,25.0,5.0,44100,bird,1.0
1168,./kaggletest/colsun2/,XC590142.ogg,36.6,0,0.0,5.0,44100,bird,1.0
1169,./kaggletest/colsun2/,XC590142.ogg,36.6,0,5.0,5.0,44100,bird,1.0
1170,./kaggletest/colsun2/,XC590142.ogg,36.6,0,10.0,5.0,44100,bird,1.0
1171,./kaggletest/colsun2/,XC590142.ogg,36.6,0,15.0,5.0,44100,bird,1.0
1172,./kaggletest/colsun2/,XC590142.ogg,36.6,0,20.0,5.0,44100,bird,1.0
1173,./kaggletest/colsun2/,XC590142.ogg,36.6,0,25.0,5.0,44100,bird,1.0
1174,./kaggletest/colsun2/,XC590142.ogg,36.6,0,30.0,5.0,44100,bird,1.0
1175,./kaggletest/colsun2/,XC755891.ogg,22.151995464852607,0,0.0,5.0,44100,bird,1.0
1176,./kaggletest/colsun2/,XC755891.ogg,22.151995464852607,0,5.0,5.0,44100,bird,1.0
1177,./kaggletest/colsun2/,XC755891.ogg,22.151995464852607,0,10.0,5.0,44100,bird,1.0
1178,./kaggletest/colsun2/,XC755891.ogg,22.151995464852607,0,15.0,5.0,44100,bird,1.0
1179,./kaggletest/colsun2/,XC504680.ogg,46.96219954648526,0,0.0,5.0,44100,bird,1.0
1180,./kaggletest/colsun2/,XC504680.ogg,46.96219954648526,0,5.0,5.0,44100,bird,1.0
1181,./kaggletest/colsun2/,XC504680.ogg,46.96219954648526,0,10.0,5.0,44100,bird,1.0
1182,./kaggletest/colsun2/,XC504680.ogg,46.96219954648526,0,15.0,5.0,44100,bird,1.0
1183,./kaggletest/colsun2/,XC504680.ogg,46.96219954648526,0,20.0,5.0,44100,bird,1.0
1184,./kaggletest/colsun2/,XC504680.ogg,46.96219954648526,0,25.0,5.0,44100,bird,1.0
1185,./kaggletest/colsun2/,XC504680.ogg,46.96219954648526,0,30.0,5.0,44100,bird,1.0
1186,./kaggletest/colsun2/,XC504680.ogg,46.96219954648526,0,35.0,5.0,44100,bird,1.0
1187,./kaggletest/colsun2/,XC504680.ogg,46.96219954648526,0,40.0,5.0,44100,bird,1.0
1188,./kaggletest/colsun2/,XC617123.ogg,8.231995464852607,0,0.0,5.0,44100,bird,1.0
1189,./kaggletest/colsun2/,XC332183.ogg,20.845714285714287,0,0.0,5.0,44100,bird,1.0
1190,./kaggletest/colsun2/,XC332183.ogg,20.845714285714287,0,5.0,5.0,44100,bird,1.0
1191,./kaggletest/colsun2/,XC332183.ogg,20.845714285714287,0,10.0,5.0,44100,bird,1.0
1192,./kaggletest/colsun2/,XC332183.ogg,20.845714285714287,0,15.0,5.0,44100,bird,1.0
1193,./kaggletest/colsun2/,XC459545.ogg,26.43589569160998,0,0.0,5.0,44100,bird,1.0
1194,./kaggletest/colsun2/,XC459545.ogg,26.43589569160998,0,5.0,5.0,44100,bird,1.0
1195,./kaggletest/colsun2/,XC459545.ogg,26.43589569160998,0,10.0,5.0,44100,bird,1.0
1196,./kaggletest/colsun2/,XC459545.ogg,26.43589569160998,0,15.0,5.0,44100,bird,1.0
1197,./kaggletest/colsun2/,XC459545.ogg,26.43589569160998,0,20.0,5.0,44100,bird,1.0
1198,./kaggletest/colsun2/,XC516859.ogg,6.52798185941043,0,0.0,5.0,44100,bird,1.0
1199,./kaggletest/colsun2/,XC517206.ogg,46.46399092970522,0,0.0,5.0,44100,bird,1.0
1200,./kaggletest/colsun2/,XC517206.ogg,46.46399092970522,0,5.0,5.0,44100,bird,1.0
1201,./kaggletest/colsun2/,XC517206.ogg,46.46399092970522,0,15.0,5.0,44100,bird,1.0
1202,./kaggletest/colsun2/,XC142225.ogg,7.08,0,0.0,5.0,44100,bird,1.0
