,FOLDER,IN FILE,CLIP LENGTH,CHANNEL,OFFSET,DURATION,SAMPLE RATE,MANUAL ID,CONFIDENCE
0,./kaggletest/crheag1/,XC514289.ogg,6.023990929705215,0,0.0,5.0,44100,bird,1.0
1,./kaggletest/crheag1/,XC367488.ogg,8.437551020408163,0,0.0,5.0,44100,bird,1.0
2,./kaggletest/crheag1/,XC379064.ogg,16.404897959183675,0,0.0,5.0,44100,bird,1.0
3,./kaggletest/crheag1/,XC379064.ogg,16.404897959183675,0,5.0,5.0,44100,bird,1.0
4,./kaggletest/crheag1/,XC379064.ogg,16.404897959183675,0,10.0,5.0,44100,bird,1.0
5,./kaggletest/crheag1/,XC513380.ogg,21.28798185941043,0,5.0,5.0,44100,bird,1.0
6,./kaggletest/crheag1/,XC513380.ogg,21.28798185941043,0,10.0,5.0,44100,bird,1.0
7,./kaggletest/crheag1/,XC513380.ogg,21.28798185941043,0,15.0,5.0,44100,bird,1.0
8,./kaggletest/crheag1/,XC267909.ogg,13.271995464852608,0,0.0,5.0,44100,bird,1.0
9,./kaggletest/crheag1/,XC267909.ogg,13.271995464852608,0,5.0,5.0,44100,bird,1.0
10,./kaggletest/crheag1/,XC517279.ogg,12.311995464852608,0,0.0,5.0,44100,bird,1.0
11,./kaggletest/crheag1/,XC517279.ogg,12.311995464852608,0,5.0,5.0,44100,bird,1.0
12,./kaggletest/crheag1/,XC374397.ogg,17.998367346938775,0,0.0,5.0,44100,bird,1.0
13,./kaggletest/crheag1/,XC374397.ogg,17.998367346938775,0,5.0,5.0,44100,bird,1.0
14,./kaggletest/crheag1/,XC374397.ogg,17.998367346938775,0,10.0,5.0,44100,bird,1.0
15,./kaggletest/crheag1/,XC399961.ogg,19.879183673469388,0,5.0,5.0,44100,bird,1.0
16,./kaggletest/crheag1/,XC429221.ogg,6.623990929705215,0,0.0,5.0,44100,bird,1.0
17,./kaggletest/crheag1/,XC532198.ogg,64.63199546485261,0,0.0,5.0,44100,bird,1.0
18,./kaggletest/crheag1/,XC532198.ogg,64.63199546485261,0,5.0,5.0,44100,bird,1.0
19,./kaggletest/crheag1/,XC532198.ogg,64.63199546485261,0,10.0,5.0,44100,bird,1.0
20,./kaggletest/crheag1/,XC532198.ogg,64.63199546485261,0,15.0,5.0,44100,bird,1.0
21,./kaggletest/crheag1/,XC532198.ogg,64.63199546485261,0,20.0,5.0,44100,bird,1.0
22,./kaggletest/crheag1/,XC532198.ogg,64.63199546485261,0,25.0,5.0,44100,bird,1.0
23,./kaggletest/crheag1/,XC532198.ogg,64.63199546485261,0,30.0,5.0,44100,bird,1.0
24,./kaggletest/crheag1/,XC532198.ogg,64.63199546485261,0,35.0,5.0,44100,bird,1.0
25,./kaggletest/crheag1/,XC532198.ogg,64.63199546485261,0,40.0,5.0,44100,bird,1.0
26,./kaggletest/crheag1/,XC532198.ogg,64.63199546485261,0,45.0,5.0,44100,bird,1.0
27,./kaggletest/crheag1/,XC532198.ogg,64.63199546485261,0,50.0,5.0,44100,bird,1.0
28,./kaggletest/crheag1/,XC532198.ogg,64.63199546485261,0,55.0,5.0,44100,bird,1.0
29,./kaggletest/crheag1/,XC517278.ogg,18.07199546485261,0,0.0,5.0,44100,bird,1.0
30,./kaggletest/crheag1/,XC517278.ogg,18.07199546485261,0,5.0,5.0,44100,bird,1.0
31,./kaggletest/crheag1/,XC517278.ogg,18.07199546485261,0,10.0,5.0,44100,bird,1.0
32,./kaggletest/crheag1/,XC149326.ogg,20.166530612244898,0,0.0,5.0,44100,bird,1.0
33,./kaggletest/crheag1/,XC149326.ogg,20.166530612244898,0,5.0,5.0,44100,bird,1.0
34,./kaggletest/crheag1/,XC149326.ogg,20.166530612244898,0,10.0,5.0,44100,bird,1.0
35,./kaggletest/crheag1/,XC149326.ogg,20.166530612244898,0,15.0,5.0,44100,bird,1.0
36,./kaggletest/crheag1/,XC292024.ogg,20.950204081632652,0,0.0,5.0,44100,bird,1.0
37,./kaggletest/crheag1/,XC292024.ogg,20.950204081632652,0,5.0,5.0,44100,bird,1.0
38,./kaggletest/crheag1/,XC292024.ogg,20.950204081632652,0,10.0,5.0,44100,bird,1.0
39,./kaggletest/crheag1/,XC292024.ogg,20.950204081632652,0,15.0,5.0,44100,bird,1.0
40,./kaggletest/crheag1/,XC450936.ogg,11.927981859410432,0,0.0,5.0,44100,bird,1.0
41,./kaggletest/crheag1/,XC450936.ogg,11.927981859410432,0,5.0,5.0,44100,bird,1.0
42,./kaggletest/crheag1/,XC325704.ogg,35.030204081632654,0,0.0,5.0,44100,bird,1.0
43,./kaggletest/crheag1/,XC325704.ogg,35.030204081632654,0,5.0,5.0,44100,bird,1.0
44,./kaggletest/crheag1/,XC325704.ogg,35.030204081632654,0,10.0,5.0,44100,bird,1.0
45,./kaggletest/crheag1/,XC325704.ogg,35.030204081632654,0,15.0,5.0,44100,bird,1.0
46,./kaggletest/crheag1/,XC325704.ogg,35.030204081632654,0,20.0,5.0,44100,bird,1.0
47,./kaggletest/crheag1/,XC325704.ogg,35.030204081632654,0,25.0,5.0,44100,bird,1.0
48,./kaggletest/crheag1/,XC325704.ogg,35.030204081632654,0,30.0,5.0,44100,bird,1.0
49,./kaggletest/crheag1/,XC517274.ogg,17.255986394557823,0,0.0,5.0,44100,bird,1.0
50,./kaggletest/crheag1/,XC517274.ogg,17.255986394557823,0,5.0,5.0,44100,bird,1.0
51,./kaggletest/crheag1/,XC517274.ogg,17.255986394557823,0,10.0,5.0,44100,bird,1.0
52,./kaggletest/crheag1/,XC450935.ogg,14.32798185941043,0,0.0,5.0,44100,bird,1.0
53,./kaggletest/crheag1/,XC450935.ogg,14.32798185941043,0,5.0,5.0,44100,bird,1.0
54,./kaggletest/crheag1/,XC194410.ogg,7.627732426303855,0,0.0,5.0,44100,bird,1.0
55,./kaggletest/crheag1/,XC351910.ogg,14.733061224489797,0,0.0,5.0,44100,bird,1.0
56,./kaggletest/crheag1/,XC325714.ogg,23.875895691609976,0,0.0,5.0,44100,bird,1.0
57,./kaggletest/crheag1/,XC325714.ogg,23.875895691609976,0,5.0,5.0,44100,bird,1.0
58,./kaggletest/crheag1/,XC325714.ogg,23.875895691609976,0,10.0,5.0,44100,bird,1.0
59,./kaggletest/crheag1/,XC325714.ogg,23.875895691609976,0,15.0,5.0,44100,bird,1.0
60,./kaggletest/crheag1/,XC424268.ogg,36.41467120181406,0,0.0,5.0,44100,bird,1.0
61,./kaggletest/crheag1/,XC424268.ogg,36.41467120181406,0,5.0,5.0,44100,bird,1.0
62,./kaggletest/crheag1/,XC424268.ogg,36.41467120181406,0,10.0,5.0,44100,bird,1.0
63,./kaggletest/crheag1/,XC424268.ogg,36.41467120181406,0,15.0,5.0,44100,bird,1.0
64,./kaggletest/crheag1/,XC424268.ogg,36.41467120181406,0,20.0,5.0,44100,bird,1.0
65,./kaggletest/crheag1/,XC424268.ogg,36.41467120181406,0,25.0,5.0,44100,bird,1.0
66,./kaggletest/crheag1/,XC424268.ogg,36.41467120181406,0,30.0,5.0,44100,bird,1.0
67,./kaggletest/crheag1/,XC442476.ogg,25.129773242630385,0,0.0,5.0,44100,bird,1.0
68,./kaggletest/crheag1/,XC442476.ogg,25.129773242630385,0,5.0,5.0,44100,bird,1.0
69,./kaggletest/crheag1/,XC442476.ogg,25.129773242630385,0,10.0,5.0,44100,bird,1.0
70,./kaggletest/crheag1/,XC442476.ogg,25.129773242630385,0,15.0,5.0,44100,bird,1.0
71,./kaggletest/crheag1/,XC442476.ogg,25.129773242630385,0,20.0,5.0,44100,bird,1.0
72,./kaggletest/crheag1/,XC461381.ogg,35.57877551020408,0,0.0,5.0,44100,bird,1.0
73,./kaggletest/crheag1/,XC461381.ogg,35.57877551020408,0,5.0,5.0,44100,bird,1.0
74,./kaggletest/crheag1/,XC461381.ogg,35.57877551020408,0,10.0,5.0,44100,bird,1.0
75,./kaggletest/crheag1/,XC461381.ogg,35.57877551020408,0,15.0,5.0,44100,bird,1.0
76,./kaggletest/crheag1/,XC461381.ogg,35.57877551020408,0,20.0,5.0,44100,bird,1.0
77,./kaggletest/crheag1/,XC461381.ogg,35.57877551020408,0,25.0,5.0,44100,bird,1.0
78,./kaggletest/crheag1/,XC461381.ogg,35.57877551020408,0,30.0,5.0,44100,bird,1.0
79,./kaggletest/crheag1/,XC514291.ogg,21.575986394557823,0,0.0,5.0,44100,bird,1.0
80,./kaggletest/crheag1/,XC514291.ogg,21.575986394557823,0,15.0,5.0,44100,bird,1.0
81,./kaggletest/crheag1/,XC514293.ogg,352.58399092970524,0,0.0,5.0,44100,bird,1.0
82,./kaggletest/crheag1/,XC514293.ogg,352.58399092970524,0,5.0,5.0,44100,bird,1.0
83,./kaggletest/crheag1/,XC514293.ogg,352.58399092970524,0,20.0,5.0,44100,bird,1.0
84,./kaggletest/crheag1/,XC514293.ogg,352.58399092970524,0,25.0,5.0,44100,bird,1.0
85,./kaggletest/crheag1/,XC514293.ogg,352.58399092970524,0,30.0,5.0,44100,bird,1.0
86,./kaggletest/crheag1/,XC514293.ogg,352.58399092970524,0,35.0,5.0,44100,bird,1.0
87,./kaggletest/crheag1/,XC514293.ogg,352.58399092970524,0,45.0,5.0,44100,bird,1.0
88,./kaggletest/crheag1/,XC514293.ogg,352.58399092970524,0,50.0,5.0,44100,bird,1.0
89,./kaggletest/crheag1/,XC514293.ogg,352.58399092970524,0,55.0,5.0,44100,bird,1.0
90,./kaggletest/crheag1/,XC514293.ogg,352.58399092970524,0,60.0,5.0,44100,bird,1.0
91,./kaggletest/crheag1/,XC514293.ogg,352.58399092970524,0,70.0,5.0,44100,bird,1.0
92,./kaggletest/crheag1/,XC514293.ogg,352.58399092970524,0,75.0,5.0,44100,bird,1.0
93,./kaggletest/crheag1/,XC514293.ogg,352.58399092970524,0,80.0,5.0,44100,bird,1.0
94,./kaggletest/crheag1/,XC514293.ogg,352.58399092970524,0,85.0,5.0,44100,bird,1.0
95,./kaggletest/crheag1/,XC514293.ogg,352.58399092970524,0,90.0,5.0,44100,bird,1.0
96,./kaggletest/crheag1/,XC514293.ogg,352.58399092970524,0,95.0,5.0,44100,bird,1.0
97,./kaggletest/crheag1/,XC514293.ogg,352.58399092970524,0,115.0,5.0,44100,bird,1.0
98,./kaggletest/crheag1/,XC514293.ogg,352.58399092970524,0,120.0,5.0,44100,bird,1.0
99,./kaggletest/crheag1/,XC514293.ogg,352.58399092970524,0,125.0,5.0,44100,bird,1.0
100,./kaggletest/crheag1/,XC514293.ogg,352.58399092970524,0,130.0,5.0,44100,bird,1.0
101,./kaggletest/crheag1/,XC514293.ogg,352.58399092970524,0,135.0,5.0,44100,bird,1.0
102,./kaggletest/crheag1/,XC514293.ogg,352.58399092970524,0,140.0,5.0,44100,bird,1.0
103,./kaggletest/crheag1/,XC514293.ogg,352.58399092970524,0,145.0,5.0,44100,bird,1.0
104,./kaggletest/crheag1/,XC514293.ogg,352.58399092970524,0,155.0,5.0,44100,bird,1.0
105,./kaggletest/crheag1/,XC514293.ogg,352.58399092970524,0,160.0,5.0,44100,bird,1.0
106,./kaggletest/crheag1/,XC514293.ogg,352.58399092970524,0,165.0,5.0,44100,bird,1.0
107,./kaggletest/crheag1/,XC514293.ogg,352.58399092970524,0,170.0,5.0,44100,bird,1.0
108,./kaggletest/crheag1/,XC514293.ogg,352.58399092970524,0,175.0,5.0,44100,bird,1.0
109,./kaggletest/crheag1/,XC514293.ogg,352.58399092970524,0,180.0,5.0,44100,bird,1.0
110,./kaggletest/crheag1/,XC514293.ogg,352.58399092970524,0,185.0,5.0,44100,bird,1.0
111,./kaggletest/crheag1/,XC514293.ogg,352.58399092970524,0,200.0,5.0,44100,bird,1.0
112,./kaggletest/crheag1/,XC514293.ogg,352.58399092970524,0,205.0,5.0,44100,bird,1.0
113,./kaggletest/crheag1/,XC514293.ogg,352.58399092970524,0,210.0,5.0,44100,bird,1.0
114,./kaggletest/crheag1/,XC514293.ogg,352.58399092970524,0,215.0,5.0,44100,bird,1.0
115,./kaggletest/crheag1/,XC514293.ogg,352.58399092970524,0,220.0,5.0,44100,bird,1.0
116,./kaggletest/crheag1/,XC514293.ogg,352.58399092970524,0,225.0,5.0,44100,bird,1.0
117,./kaggletest/crheag1/,XC514293.ogg,352.58399092970524,0,230.0,5.0,44100,bird,1.0
118,./kaggletest/crheag1/,XC514293.ogg,352.58399092970524,0,235.0,5.0,44100,bird,1.0
119,./kaggletest/crheag1/,XC514293.ogg,352.58399092970524,0,240.0,5.0,44100,bird,1.0
120,./kaggletest/crheag1/,XC514293.ogg,352.58399092970524,0,245.0,5.0,44100,bird,1.0
121,./kaggletest/crheag1/,XC514293.ogg,352.58399092970524,0,250.0,5.0,44100,bird,1.0
122,./kaggletest/crheag1/,XC514293.ogg,352.58399092970524,0,255.0,5.0,44100,bird,1.0
123,./kaggletest/crheag1/,XC514293.ogg,352.58399092970524,0,265.0,5.0,44100,bird,1.0
124,./kaggletest/crheag1/,XC514293.ogg,352.58399092970524,0,270.0,5.0,44100,bird,1.0
125,./kaggletest/crheag1/,XC514293.ogg,352.58399092970524,0,275.0,5.0,44100,bird,1.0
126,./kaggletest/crheag1/,XC514293.ogg,352.58399092970524,0,285.0,5.0,44100,bird,1.0
127,./kaggletest/crheag1/,XC514293.ogg,352.58399092970524,0,290.0,5.0,44100,bird,1.0
128,./kaggletest/crheag1/,XC514293.ogg,352.58399092970524,0,295.0,5.0,44100,bird,1.0
129,./kaggletest/crheag1/,XC514293.ogg,352.58399092970524,0,300.0,5.0,44100,bird,1.0
130,./kaggletest/crheag1/,XC514293.ogg,352.58399092970524,0,305.0,5.0,44100,bird,1.0
131,./kaggletest/crheag1/,XC514293.ogg,352.58399092970524,0,310.0,5.0,44100,bird,1.0
132,./kaggletest/crheag1/,XC514293.ogg,352.58399092970524,0,315.0,5.0,44100,bird,1.0
133,./kaggletest/crheag1/,XC514293.ogg,352.58399092970524,0,320.0,5.0,44100,bird,1.0
134,./kaggletest/crheag1/,XC514293.ogg,352.58399092970524,0,335.0,5.0,44100,bird,1.0
135,./kaggletest/crheag1/,XC514293.ogg,352.58399092970524,0,340.0,5.0,44100,bird,1.0
136,./kaggletest/crheag1/,XC514293.ogg,352.58399092970524,0,345.0,5.0,44100,bird,1.0
137,./kaggletest/crheag1/,XC514292.ogg,22.511995464852607,0,0.0,5.0,44100,bird,1.0
138,./kaggletest/crheag1/,XC514292.ogg,22.511995464852607,0,5.0,5.0,44100,bird,1.0
139,./kaggletest/crheag1/,XC514292.ogg,22.511995464852607,0,10.0,5.0,44100,bird,1.0
140,./kaggletest/crheag1/,XC514292.ogg,22.511995464852607,0,15.0,5.0,44100,bird,1.0
141,./kaggletest/crheag1/,XC756794.ogg,22.517551020408163,0,0.0,5.0,44100,bird,1.0
142,./kaggletest/crheag1/,XC756794.ogg,22.517551020408163,0,5.0,5.0,44100,bird,1.0
143,./kaggletest/crheag1/,XC756794.ogg,22.517551020408163,0,10.0,5.0,44100,bird,1.0
144,./kaggletest/crheag1/,XC756794.ogg,22.517551020408163,0,15.0,5.0,44100,bird,1.0
145,./kaggletest/crheag1/,XC430724.ogg,25.128979591836735,0,0.0,5.0,44100,bird,1.0
146,./kaggletest/crheag1/,XC430724.ogg,25.128979591836735,0,5.0,5.0,44100,bird,1.0
147,./kaggletest/crheag1/,XC430724.ogg,25.128979591836735,0,10.0,5.0,44100,bird,1.0
148,./kaggletest/crheag1/,XC430724.ogg,25.128979591836735,0,15.0,5.0,44100,bird,1.0
149,./kaggletest/crheag1/,XC430724.ogg,25.128979591836735,0,20.0,5.0,44100,bird,1.0
150,./kaggletest/crheag1/,XC721282.ogg,20.688956916099773,0,0.0,5.0,44100,bird,1.0
151,./kaggletest/crheag1/,XC721282.ogg,20.688956916099773,0,5.0,5.0,44100,bird,1.0
152,./kaggletest/crheag1/,XC721282.ogg,20.688956916099773,0,10.0,5.0,44100,bird,1.0
153,./kaggletest/crheag1/,XC721282.ogg,20.688956916099773,0,15.0,5.0,44100,bird,1.0
154,./kaggletest/crheag1/,XC443695.ogg,22.46530612244898,0,0.0,5.0,44100,bird,1.0
155,./kaggletest/crheag1/,XC443695.ogg,22.46530612244898,0,5.0,5.0,44100,bird,1.0
156,./kaggletest/crheag1/,XC443695.ogg,22.46530612244898,0,10.0,5.0,44100,bird,1.0
157,./kaggletest/crheag1/,XC443695.ogg,22.46530612244898,0,15.0,5.0,44100,bird,1.0
158,./kaggletest/crheag1/,XC344766.ogg,41.79589569160998,0,0.0,5.0,44100,bird,1.0
159,./kaggletest/crheag1/,XC344766.ogg,41.79589569160998,0,5.0,5.0,44100,bird,1.0
160,./kaggletest/crheag1/,XC344766.ogg,41.79589569160998,0,10.0,5.0,44100,bird,1.0
161,./kaggletest/crheag1/,XC344766.ogg,41.79589569160998,0,15.0,5.0,44100,bird,1.0
162,./kaggletest/crheag1/,XC344766.ogg,41.79589569160998,0,20.0,5.0,44100,bird,1.0
163,./kaggletest/crheag1/,XC344766.ogg,41.79589569160998,0,25.0,5.0,44100,bird,1.0
164,./kaggletest/crheag1/,XC344766.ogg,41.79589569160998,0,30.0,5.0,44100,bird,1.0
165,./kaggletest/crheag1/,XC344766.ogg,41.79589569160998,0,35.0,5.0,44100,bird,1.0
166,./kaggletest/crheag1/,XC514294.ogg,58.775986394557826,0,0.0,5.0,44100,bird,1.0
167,./kaggletest/crheag1/,XC514294.ogg,58.775986394557826,0,5.0,5.0,44100,bird,1.0
168,./kaggletest/crheag1/,XC514294.ogg,58.775986394557826,0,10.0,5.0,44100,bird,1.0
169,./kaggletest/crheag1/,XC514294.ogg,58.775986394557826,0,15.0,5.0,44100,bird,1.0
170,./kaggletest/crheag1/,XC514294.ogg,58.775986394557826,0,20.0,5.0,44100,bird,1.0
171,./kaggletest/crheag1/,XC514294.ogg,58.775986394557826,0,25.0,5.0,44100,bird,1.0
172,./kaggletest/crheag1/,XC514294.ogg,58.775986394557826,0,30.0,5.0,44100,bird,1.0
173,./kaggletest/crheag1/,XC514294.ogg,58.775986394557826,0,35.0,5.0,44100,bird,1.0
174,./kaggletest/crheag1/,XC514294.ogg,58.775986394557826,0,40.0,5.0,44100,bird,1.0
175,./kaggletest/crheag1/,XC514294.ogg,58.775986394557826,0,45.0,5.0,44100,bird,1.0
