,FOLDER,IN FILE,CLIP LENGTH,CHANNEL,OFFSET,DURATION,SAMPLE RATE,MANUAL ID,CONFIDENCE
0,./kaggletest/crohor1/,XC633852.ogg,126.50399092970521,0,0.0,5.0,44100,bird,1.0
1,./kaggletest/crohor1/,XC633852.ogg,126.50399092970521,0,5.0,5.0,44100,bird,1.0
2,./kaggletest/crohor1/,XC633852.ogg,126.50399092970521,0,10.0,5.0,44100,bird,1.0
3,./kaggletest/crohor1/,XC633852.ogg,126.50399092970521,0,15.0,5.0,44100,bird,1.0
4,./kaggletest/crohor1/,XC633852.ogg,126.50399092970521,0,20.0,5.0,44100,bird,1.0
5,./kaggletest/crohor1/,XC633852.ogg,126.50399092970521,0,25.0,5.0,44100,bird,1.0
6,./kaggletest/crohor1/,XC633852.ogg,126.50399092970521,0,30.0,5.0,44100,bird,1.0
7,./kaggletest/crohor1/,XC633852.ogg,126.50399092970521,0,35.0,5.0,44100,bird,1.0
8,./kaggletest/crohor1/,XC633852.ogg,126.50399092970521,0,40.0,5.0,44100,bird,1.0
9,./kaggletest/crohor1/,XC633852.ogg,126.50399092970521,0,45.0,5.0,44100,bird,1.0
10,./kaggletest/crohor1/,XC633852.ogg,126.50399092970521,0,50.0,5.0,44100,bird,1.0
11,./kaggletest/crohor1/,XC633852.ogg,126.50399092970521,0,55.0,5.0,44100,bird,1.0
12,./kaggletest/crohor1/,XC633852.ogg,126.50399092970521,0,60.0,5.0,44100,bird,1.0
13,./kaggletest/crohor1/,XC633852.ogg,126.50399092970521,0,65.0,5.0,44100,bird,1.0
14,./kaggletest/crohor1/,XC633852.ogg,126.50399092970521,0,70.0,5.0,44100,bird,1.0
15,./kaggletest/crohor1/,XC633852.ogg,126.50399092970521,0,75.0,5.0,44100,bird,1.0
16,./kaggletest/crohor1/,XC633852.ogg,126.50399092970521,0,80.0,5.0,44100,bird,1.0
17,./kaggletest/crohor1/,XC633852.ogg,126.50399092970521,0,85.0,5.0,44100,bird,1.0
18,./kaggletest/crohor1/,XC633852.ogg,126.50399092970521,0,90.0,5.0,44100,bird,1.0
19,./kaggletest/crohor1/,XC633852.ogg,126.50399092970521,0,95.0,5.0,44100,bird,1.0
20,./kaggletest/crohor1/,XC633852.ogg,126.50399092970521,0,100.0,5.0,44100,bird,1.0
21,./kaggletest/crohor1/,XC633852.ogg,126.50399092970521,0,105.0,5.0,44100,bird,1.0
22,./kaggletest/crohor1/,XC633852.ogg,126.50399092970521,0,110.0,5.0,44100,bird,1.0
23,./kaggletest/crohor1/,XC633852.ogg,126.50399092970521,0,115.0,5.0,44100,bird,1.0
24,./kaggletest/crohor1/,XC633852.ogg,126.50399092970521,0,120.0,5.0,44100,bird,1.0
25,./kaggletest/crohor1/,XC444684.ogg,50.25959183673469,0,0.0,5.0,44100,bird,1.0
26,./kaggletest/crohor1/,XC444684.ogg,50.25959183673469,0,5.0,5.0,44100,bird,1.0
27,./kaggletest/crohor1/,XC444684.ogg,50.25959183673469,0,10.0,5.0,44100,bird,1.0
28,./kaggletest/crohor1/,XC444684.ogg,50.25959183673469,0,15.0,5.0,44100,bird,1.0
29,./kaggletest/crohor1/,XC444684.ogg,50.25959183673469,0,20.0,5.0,44100,bird,1.0
30,./kaggletest/crohor1/,XC444684.ogg,50.25959183673469,0,25.0,5.0,44100,bird,1.0
31,./kaggletest/crohor1/,XC444684.ogg,50.25959183673469,0,30.0,5.0,44100,bird,1.0
32,./kaggletest/crohor1/,XC444684.ogg,50.25959183673469,0,35.0,5.0,44100,bird,1.0
33,./kaggletest/crohor1/,XC444684.ogg,50.25959183673469,0,40.0,5.0,44100,bird,1.0
34,./kaggletest/crohor1/,XC444684.ogg,50.25959183673469,0,45.0,5.0,44100,bird,1.0
35,./kaggletest/crohor1/,XC248025.ogg,12.287981859410431,0,0.0,5.0,44100,bird,1.0
36,./kaggletest/crohor1/,XC221293.ogg,10.94530612244898,0,0.0,5.0,44100,bird,1.0
37,./kaggletest/crohor1/,XC221293.ogg,10.94530612244898,0,5.0,5.0,44100,bird,1.0
38,./kaggletest/crohor1/,XC755479.ogg,32.757551020408165,0,0.0,5.0,44100,bird,1.0
39,./kaggletest/crohor1/,XC755479.ogg,32.757551020408165,0,5.0,5.0,44100,bird,1.0
40,./kaggletest/crohor1/,XC755479.ogg,32.757551020408165,0,10.0,5.0,44100,bird,1.0
41,./kaggletest/crohor1/,XC755479.ogg,32.757551020408165,0,15.0,5.0,44100,bird,1.0
42,./kaggletest/crohor1/,XC755479.ogg,32.757551020408165,0,20.0,5.0,44100,bird,1.0
43,./kaggletest/crohor1/,XC755479.ogg,32.757551020408165,0,25.0,5.0,44100,bird,1.0
44,./kaggletest/crohor1/,XC569112.ogg,15.255487528344672,0,0.0,5.0,44100,bird,1.0
45,./kaggletest/crohor1/,XC569112.ogg,15.255487528344672,0,5.0,5.0,44100,bird,1.0
46,./kaggletest/crohor1/,XC569112.ogg,15.255487528344672,0,10.0,5.0,44100,bird,1.0
47,./kaggletest/crohor1/,XC430670.ogg,15.698979591836734,0,0.0,5.0,44100,bird,1.0
48,./kaggletest/crohor1/,XC430670.ogg,15.698979591836734,0,5.0,5.0,44100,bird,1.0
49,./kaggletest/crohor1/,XC430670.ogg,15.698979591836734,0,10.0,5.0,44100,bird,1.0
50,./kaggletest/crohor1/,XC516104.ogg,18.143990929705215,0,0.0,5.0,44100,bird,1.0
51,./kaggletest/crohor1/,XC516104.ogg,18.143990929705215,0,5.0,5.0,44100,bird,1.0
52,./kaggletest/crohor1/,XC516104.ogg,18.143990929705215,0,10.0,5.0,44100,bird,1.0
53,./kaggletest/crohor1/,XC517233.ogg,29.831995464852607,0,0.0,5.0,44100,bird,1.0
54,./kaggletest/crohor1/,XC517233.ogg,29.831995464852607,0,5.0,5.0,44100,bird,1.0
55,./kaggletest/crohor1/,XC517233.ogg,29.831995464852607,0,15.0,5.0,44100,bird,1.0
56,./kaggletest/crohor1/,XC396576.ogg,18.285714285714285,0,0.0,5.0,44100,bird,1.0
57,./kaggletest/crohor1/,XC396576.ogg,18.285714285714285,0,5.0,5.0,44100,bird,1.0
58,./kaggletest/crohor1/,XC396576.ogg,18.285714285714285,0,10.0,5.0,44100,bird,1.0
59,./kaggletest/crohor1/,XC633944.ogg,13.511995464852607,0,0.0,5.0,44100,bird,1.0
60,./kaggletest/crohor1/,XC633944.ogg,13.511995464852607,0,5.0,5.0,44100,bird,1.0
61,./kaggletest/crohor1/,XC633993.ogg,20.327981859410432,0,0.0,5.0,44100,bird,1.0
62,./kaggletest/crohor1/,XC633993.ogg,20.327981859410432,0,5.0,5.0,44100,bird,1.0
63,./kaggletest/crohor1/,XC633993.ogg,20.327981859410432,0,10.0,5.0,44100,bird,1.0
64,./kaggletest/crohor1/,XC633993.ogg,20.327981859410432,0,15.0,5.0,44100,bird,1.0
65,./kaggletest/crohor1/,XC430629.ogg,13.923242630385488,0,0.0,5.0,44100,bird,1.0
66,./kaggletest/crohor1/,XC430629.ogg,13.923242630385488,0,5.0,5.0,44100,bird,1.0
67,./kaggletest/crohor1/,XC498604.ogg,7.367981859410431,0,0.0,5.0,44100,bird,1.0
68,./kaggletest/crohor1/,XC633946.ogg,36.6,0,0.0,5.0,44100,bird,1.0
69,./kaggletest/crohor1/,XC633946.ogg,36.6,0,5.0,5.0,44100,bird,1.0
70,./kaggletest/crohor1/,XC633946.ogg,36.6,0,10.0,5.0,44100,bird,1.0
71,./kaggletest/crohor1/,XC633946.ogg,36.6,0,15.0,5.0,44100,bird,1.0
72,./kaggletest/crohor1/,XC633946.ogg,36.6,0,20.0,5.0,44100,bird,1.0
73,./kaggletest/crohor1/,XC633946.ogg,36.6,0,25.0,5.0,44100,bird,1.0
74,./kaggletest/crohor1/,XC633946.ogg,36.6,0,30.0,5.0,44100,bird,1.0
75,./kaggletest/crohor1/,XC634033.ogg,21.935986394557823,0,0.0,5.0,44100,bird,1.0
76,./kaggletest/crohor1/,XC634033.ogg,21.935986394557823,0,5.0,5.0,44100,bird,1.0
77,./kaggletest/crohor1/,XC634033.ogg,21.935986394557823,0,10.0,5.0,44100,bird,1.0
78,./kaggletest/crohor1/,XC634033.ogg,21.935986394557823,0,15.0,5.0,44100,bird,1.0
79,./kaggletest/crohor1/,XC704902.ogg,34.391995464852606,0,0.0,5.0,44100,bird,1.0
80,./kaggletest/crohor1/,XC704902.ogg,34.391995464852606,0,25.0,5.0,44100,bird,1.0
81,./kaggletest/crohor1/,XC256718.ogg,59.37630385487528,0,0.0,5.0,44100,bird,1.0
82,./kaggletest/crohor1/,XC256718.ogg,59.37630385487528,0,5.0,5.0,44100,bird,1.0
83,./kaggletest/crohor1/,XC256718.ogg,59.37630385487528,0,10.0,5.0,44100,bird,1.0
84,./kaggletest/crohor1/,XC256718.ogg,59.37630385487528,0,15.0,5.0,44100,bird,1.0
85,./kaggletest/crohor1/,XC256718.ogg,59.37630385487528,0,20.0,5.0,44100,bird,1.0
86,./kaggletest/crohor1/,XC256718.ogg,59.37630385487528,0,25.0,5.0,44100,bird,1.0
87,./kaggletest/crohor1/,XC256718.ogg,59.37630385487528,0,30.0,5.0,44100,bird,1.0
88,./kaggletest/crohor1/,XC256718.ogg,59.37630385487528,0,35.0,5.0,44100,bird,1.0
89,./kaggletest/crohor1/,XC256718.ogg,59.37630385487528,0,40.0,5.0,44100,bird,1.0
90,./kaggletest/crohor1/,XC256718.ogg,59.37630385487528,0,45.0,5.0,44100,bird,1.0
91,./kaggletest/crohor1/,XC256718.ogg,59.37630385487528,0,50.0,5.0,44100,bird,1.0
92,./kaggletest/crohor1/,XC252556.ogg,30.28798185941043,0,0.0,5.0,44100,bird,1.0
93,./kaggletest/crohor1/,XC252556.ogg,30.28798185941043,0,5.0,5.0,44100,bird,1.0
94,./kaggletest/crohor1/,XC252556.ogg,30.28798185941043,0,10.0,5.0,44100,bird,1.0
95,./kaggletest/crohor1/,XC252556.ogg,30.28798185941043,0,15.0,5.0,44100,bird,1.0
96,./kaggletest/crohor1/,XC252556.ogg,30.28798185941043,0,20.0,5.0,44100,bird,1.0
97,./kaggletest/crohor1/,XC252556.ogg,30.28798185941043,0,25.0,5.0,44100,bird,1.0
98,./kaggletest/crohor1/,XC541188.ogg,94.53598639455782,0,0.0,5.0,44100,bird,1.0
99,./kaggletest/crohor1/,XC541188.ogg,94.53598639455782,0,5.0,5.0,44100,bird,1.0
100,./kaggletest/crohor1/,XC541188.ogg,94.53598639455782,0,10.0,5.0,44100,bird,1.0
101,./kaggletest/crohor1/,XC541188.ogg,94.53598639455782,0,15.0,5.0,44100,bird,1.0
102,./kaggletest/crohor1/,XC541188.ogg,94.53598639455782,0,20.0,5.0,44100,bird,1.0
103,./kaggletest/crohor1/,XC541188.ogg,94.53598639455782,0,25.0,5.0,44100,bird,1.0
104,./kaggletest/crohor1/,XC541188.ogg,94.53598639455782,0,30.0,5.0,44100,bird,1.0
105,./kaggletest/crohor1/,XC541188.ogg,94.53598639455782,0,35.0,5.0,44100,bird,1.0
106,./kaggletest/crohor1/,XC541188.ogg,94.53598639455782,0,40.0,5.0,44100,bird,1.0
107,./kaggletest/crohor1/,XC541188.ogg,94.53598639455782,0,45.0,5.0,44100,bird,1.0
108,./kaggletest/crohor1/,XC541188.ogg,94.53598639455782,0,50.0,5.0,44100,bird,1.0
109,./kaggletest/crohor1/,XC541188.ogg,94.53598639455782,0,55.0,5.0,44100,bird,1.0
110,./kaggletest/crohor1/,XC541188.ogg,94.53598639455782,0,60.0,5.0,44100,bird,1.0
111,./kaggletest/crohor1/,XC541188.ogg,94.53598639455782,0,65.0,5.0,44100,bird,1.0
112,./kaggletest/crohor1/,XC541188.ogg,94.53598639455782,0,70.0,5.0,44100,bird,1.0
113,./kaggletest/crohor1/,XC541188.ogg,94.53598639455782,0,75.0,5.0,44100,bird,1.0
114,./kaggletest/crohor1/,XC541188.ogg,94.53598639455782,0,80.0,5.0,44100,bird,1.0
115,./kaggletest/crohor1/,XC541188.ogg,94.53598639455782,0,85.0,5.0,44100,bird,1.0
116,./kaggletest/crohor1/,XC205585.ogg,43.52,0,0.0,5.0,44100,bird,1.0
117,./kaggletest/crohor1/,XC205585.ogg,43.52,0,5.0,5.0,44100,bird,1.0
118,./kaggletest/crohor1/,XC205585.ogg,43.52,0,10.0,5.0,44100,bird,1.0
119,./kaggletest/crohor1/,XC205585.ogg,43.52,0,15.0,5.0,44100,bird,1.0
120,./kaggletest/crohor1/,XC205585.ogg,43.52,0,20.0,5.0,44100,bird,1.0
121,./kaggletest/crohor1/,XC205585.ogg,43.52,0,25.0,5.0,44100,bird,1.0
122,./kaggletest/crohor1/,XC205585.ogg,43.52,0,30.0,5.0,44100,bird,1.0
123,./kaggletest/crohor1/,XC205585.ogg,43.52,0,35.0,5.0,44100,bird,1.0
124,./kaggletest/crohor1/,XC416563.ogg,27.062834467120183,0,0.0,5.0,44100,bird,1.0
125,./kaggletest/crohor1/,XC416563.ogg,27.062834467120183,0,5.0,5.0,44100,bird,1.0
126,./kaggletest/crohor1/,XC416563.ogg,27.062834467120183,0,15.0,5.0,44100,bird,1.0
127,./kaggletest/crohor1/,XC416563.ogg,27.062834467120183,0,20.0,5.0,44100,bird,1.0
128,./kaggletest/crohor1/,XC634020.ogg,7.991995464852608,0,0.0,5.0,44100,bird,1.0
129,./kaggletest/crohor1/,XC633955.ogg,117.81598639455783,0,0.0,5.0,44100,bird,1.0
130,./kaggletest/crohor1/,XC633955.ogg,117.81598639455783,0,5.0,5.0,44100,bird,1.0
131,./kaggletest/crohor1/,XC633955.ogg,117.81598639455783,0,10.0,5.0,44100,bird,1.0
132,./kaggletest/crohor1/,XC633955.ogg,117.81598639455783,0,15.0,5.0,44100,bird,1.0
133,./kaggletest/crohor1/,XC633955.ogg,117.81598639455783,0,20.0,5.0,44100,bird,1.0
134,./kaggletest/crohor1/,XC633955.ogg,117.81598639455783,0,25.0,5.0,44100,bird,1.0
135,./kaggletest/crohor1/,XC633955.ogg,117.81598639455783,0,30.0,5.0,44100,bird,1.0
136,./kaggletest/crohor1/,XC633955.ogg,117.81598639455783,0,35.0,5.0,44100,bird,1.0
137,./kaggletest/crohor1/,XC633955.ogg,117.81598639455783,0,40.0,5.0,44100,bird,1.0
138,./kaggletest/crohor1/,XC633955.ogg,117.81598639455783,0,45.0,5.0,44100,bird,1.0
139,./kaggletest/crohor1/,XC633955.ogg,117.81598639455783,0,50.0,5.0,44100,bird,1.0
140,./kaggletest/crohor1/,XC633955.ogg,117.81598639455783,0,55.0,5.0,44100,bird,1.0
141,./kaggletest/crohor1/,XC633955.ogg,117.81598639455783,0,60.0,5.0,44100,bird,1.0
142,./kaggletest/crohor1/,XC633955.ogg,117.81598639455783,0,65.0,5.0,44100,bird,1.0
143,./kaggletest/crohor1/,XC633955.ogg,117.81598639455783,0,70.0,5.0,44100,bird,1.0
144,./kaggletest/crohor1/,XC633955.ogg,117.81598639455783,0,75.0,5.0,44100,bird,1.0
145,./kaggletest/crohor1/,XC633955.ogg,117.81598639455783,0,80.0,5.0,44100,bird,1.0
146,./kaggletest/crohor1/,XC633955.ogg,117.81598639455783,0,85.0,5.0,44100,bird,1.0
147,./kaggletest/crohor1/,XC633955.ogg,117.81598639455783,0,90.0,5.0,44100,bird,1.0
148,./kaggletest/crohor1/,XC633955.ogg,117.81598639455783,0,95.0,5.0,44100,bird,1.0
149,./kaggletest/crohor1/,XC633955.ogg,117.81598639455783,0,100.0,5.0,44100,bird,1.0
150,./kaggletest/crohor1/,XC633955.ogg,117.81598639455783,0,105.0,5.0,44100,bird,1.0
151,./kaggletest/crohor1/,XC633955.ogg,117.81598639455783,0,110.0,5.0,44100,bird,1.0
152,./kaggletest/crohor1/,XC355760.ogg,72.17630385487529,0,0.0,5.0,44100,bird,1.0
153,./kaggletest/crohor1/,XC355760.ogg,72.17630385487529,0,5.0,5.0,44100,bird,1.0
154,./kaggletest/crohor1/,XC355760.ogg,72.17630385487529,0,10.0,5.0,44100,bird,1.0
155,./kaggletest/crohor1/,XC355760.ogg,72.17630385487529,0,15.0,5.0,44100,bird,1.0
156,./kaggletest/crohor1/,XC355760.ogg,72.17630385487529,0,20.0,5.0,44100,bird,1.0
157,./kaggletest/crohor1/,XC355760.ogg,72.17630385487529,0,25.0,5.0,44100,bird,1.0
158,./kaggletest/crohor1/,XC355760.ogg,72.17630385487529,0,30.0,5.0,44100,bird,1.0
159,./kaggletest/crohor1/,XC355760.ogg,72.17630385487529,0,35.0,5.0,44100,bird,1.0
160,./kaggletest/crohor1/,XC355760.ogg,72.17630385487529,0,40.0,5.0,44100,bird,1.0
161,./kaggletest/crohor1/,XC355760.ogg,72.17630385487529,0,45.0,5.0,44100,bird,1.0
162,./kaggletest/crohor1/,XC355760.ogg,72.17630385487529,0,50.0,5.0,44100,bird,1.0
163,./kaggletest/crohor1/,XC355760.ogg,72.17630385487529,0,55.0,5.0,44100,bird,1.0
164,./kaggletest/crohor1/,XC355760.ogg,72.17630385487529,0,60.0,5.0,44100,bird,1.0
165,./kaggletest/crohor1/,XC355760.ogg,72.17630385487529,0,65.0,5.0,44100,bird,1.0
166,./kaggletest/crohor1/,XC514556.ogg,5.16,0,0.0,5.0,44100,bird,1.0
167,./kaggletest/crohor1/,XC634004.ogg,104.49598639455782,0,0.0,5.0,44100,bird,1.0
168,./kaggletest/crohor1/,XC634004.ogg,104.49598639455782,0,5.0,5.0,44100,bird,1.0
169,./kaggletest/crohor1/,XC634004.ogg,104.49598639455782,0,10.0,5.0,44100,bird,1.0
170,./kaggletest/crohor1/,XC634004.ogg,104.49598639455782,0,15.0,5.0,44100,bird,1.0
171,./kaggletest/crohor1/,XC634004.ogg,104.49598639455782,0,20.0,5.0,44100,bird,1.0
172,./kaggletest/crohor1/,XC634004.ogg,104.49598639455782,0,25.0,5.0,44100,bird,1.0
173,./kaggletest/crohor1/,XC634004.ogg,104.49598639455782,0,30.0,5.0,44100,bird,1.0
174,./kaggletest/crohor1/,XC634004.ogg,104.49598639455782,0,35.0,5.0,44100,bird,1.0
175,./kaggletest/crohor1/,XC634004.ogg,104.49598639455782,0,40.0,5.0,44100,bird,1.0
176,./kaggletest/crohor1/,XC634004.ogg,104.49598639455782,0,45.0,5.0,44100,bird,1.0
177,./kaggletest/crohor1/,XC634004.ogg,104.49598639455782,0,50.0,5.0,44100,bird,1.0
178,./kaggletest/crohor1/,XC634004.ogg,104.49598639455782,0,55.0,5.0,44100,bird,1.0
179,./kaggletest/crohor1/,XC634004.ogg,104.49598639455782,0,60.0,5.0,44100,bird,1.0
180,./kaggletest/crohor1/,XC634004.ogg,104.49598639455782,0,65.0,5.0,44100,bird,1.0
181,./kaggletest/crohor1/,XC634004.ogg,104.49598639455782,0,70.0,5.0,44100,bird,1.0
182,./kaggletest/crohor1/,XC634004.ogg,104.49598639455782,0,75.0,5.0,44100,bird,1.0
183,./kaggletest/crohor1/,XC634004.ogg,104.49598639455782,0,80.0,5.0,44100,bird,1.0
184,./kaggletest/crohor1/,XC634004.ogg,104.49598639455782,0,85.0,5.0,44100,bird,1.0
185,./kaggletest/crohor1/,XC634004.ogg,104.49598639455782,0,90.0,5.0,44100,bird,1.0
186,./kaggletest/crohor1/,XC634004.ogg,104.49598639455782,0,95.0,5.0,44100,bird,1.0
187,./kaggletest/crohor1/,XC633756.ogg,207.52798185941043,0,0.0,5.0,44100,bird,1.0
188,./kaggletest/crohor1/,XC633756.ogg,207.52798185941043,0,5.0,5.0,44100,bird,1.0
189,./kaggletest/crohor1/,XC633756.ogg,207.52798185941043,0,10.0,5.0,44100,bird,1.0
190,./kaggletest/crohor1/,XC633756.ogg,207.52798185941043,0,15.0,5.0,44100,bird,1.0
191,./kaggletest/crohor1/,XC633756.ogg,207.52798185941043,0,20.0,5.0,44100,bird,1.0
192,./kaggletest/crohor1/,XC633756.ogg,207.52798185941043,0,25.0,5.0,44100,bird,1.0
193,./kaggletest/crohor1/,XC633756.ogg,207.52798185941043,0,30.0,5.0,44100,bird,1.0
194,./kaggletest/crohor1/,XC633756.ogg,207.52798185941043,0,35.0,5.0,44100,bird,1.0
195,./kaggletest/crohor1/,XC633756.ogg,207.52798185941043,0,40.0,5.0,44100,bird,1.0
196,./kaggletest/crohor1/,XC633756.ogg,207.52798185941043,0,45.0,5.0,44100,bird,1.0
197,./kaggletest/crohor1/,XC633756.ogg,207.52798185941043,0,50.0,5.0,44100,bird,1.0
198,./kaggletest/crohor1/,XC633756.ogg,207.52798185941043,0,55.0,5.0,44100,bird,1.0
199,./kaggletest/crohor1/,XC633756.ogg,207.52798185941043,0,60.0,5.0,44100,bird,1.0
200,./kaggletest/crohor1/,XC633756.ogg,207.52798185941043,0,65.0,5.0,44100,bird,1.0
201,./kaggletest/crohor1/,XC633756.ogg,207.52798185941043,0,70.0,5.0,44100,bird,1.0
202,./kaggletest/crohor1/,XC633756.ogg,207.52798185941043,0,75.0,5.0,44100,bird,1.0
203,./kaggletest/crohor1/,XC633756.ogg,207.52798185941043,0,80.0,5.0,44100,bird,1.0
204,./kaggletest/crohor1/,XC633756.ogg,207.52798185941043,0,85.0,5.0,44100,bird,1.0
205,./kaggletest/crohor1/,XC633756.ogg,207.52798185941043,0,90.0,5.0,44100,bird,1.0
206,./kaggletest/crohor1/,XC633756.ogg,207.52798185941043,0,95.0,5.0,44100,bird,1.0
207,./kaggletest/crohor1/,XC633756.ogg,207.52798185941043,0,100.0,5.0,44100,bird,1.0
208,./kaggletest/crohor1/,XC633756.ogg,207.52798185941043,0,105.0,5.0,44100,bird,1.0
209,./kaggletest/crohor1/,XC633756.ogg,207.52798185941043,0,110.0,5.0,44100,bird,1.0
210,./kaggletest/crohor1/,XC633756.ogg,207.52798185941043,0,115.0,5.0,44100,bird,1.0
211,./kaggletest/crohor1/,XC633756.ogg,207.52798185941043,0,120.0,5.0,44100,bird,1.0
212,./kaggletest/crohor1/,XC633756.ogg,207.52798185941043,0,125.0,5.0,44100,bird,1.0
213,./kaggletest/crohor1/,XC633756.ogg,207.52798185941043,0,130.0,5.0,44100,bird,1.0
214,./kaggletest/crohor1/,XC633756.ogg,207.52798185941043,0,135.0,5.0,44100,bird,1.0
215,./kaggletest/crohor1/,XC633756.ogg,207.52798185941043,0,140.0,5.0,44100,bird,1.0
216,./kaggletest/crohor1/,XC633756.ogg,207.52798185941043,0,145.0,5.0,44100,bird,1.0
217,./kaggletest/crohor1/,XC633756.ogg,207.52798185941043,0,150.0,5.0,44100,bird,1.0
218,./kaggletest/crohor1/,XC633756.ogg,207.52798185941043,0,155.0,5.0,44100,bird,1.0
219,./kaggletest/crohor1/,XC633756.ogg,207.52798185941043,0,160.0,5.0,44100,bird,1.0
220,./kaggletest/crohor1/,XC633756.ogg,207.52798185941043,0,165.0,5.0,44100,bird,1.0
221,./kaggletest/crohor1/,XC633756.ogg,207.52798185941043,0,170.0,5.0,44100,bird,1.0
222,./kaggletest/crohor1/,XC633756.ogg,207.52798185941043,0,175.0,5.0,44100,bird,1.0
223,./kaggletest/crohor1/,XC633756.ogg,207.52798185941043,0,180.0,5.0,44100,bird,1.0
224,./kaggletest/crohor1/,XC633756.ogg,207.52798185941043,0,185.0,5.0,44100,bird,1.0
225,./kaggletest/crohor1/,XC633756.ogg,207.52798185941043,0,190.0,5.0,44100,bird,1.0
226,./kaggletest/crohor1/,XC633756.ogg,207.52798185941043,0,195.0,5.0,44100,bird,1.0
227,./kaggletest/crohor1/,XC633756.ogg,207.52798185941043,0,200.0,5.0,44100,bird,1.0
228,./kaggletest/crohor1/,XC56500.ogg,25.991836734693877,0,0.0,5.0,44100,bird,1.0
229,./kaggletest/crohor1/,XC56500.ogg,25.991836734693877,0,5.0,5.0,44100,bird,1.0
230,./kaggletest/crohor1/,XC56500.ogg,25.991836734693877,0,10.0,5.0,44100,bird,1.0
231,./kaggletest/crohor1/,XC56500.ogg,25.991836734693877,0,15.0,5.0,44100,bird,1.0
232,./kaggletest/crohor1/,XC56500.ogg,25.991836734693877,0,20.0,5.0,44100,bird,1.0
233,./kaggletest/crohor1/,XC514555.ogg,22.103990929705216,0,0.0,5.0,44100,bird,1.0
234,./kaggletest/crohor1/,XC514555.ogg,22.103990929705216,0,10.0,5.0,44100,bird,1.0
235,./kaggletest/crohor1/,XC514555.ogg,22.103990929705216,0,15.0,5.0,44100,bird,1.0
236,./kaggletest/crohor1/,XC545243.ogg,41.874263038548754,0,0.0,5.0,44100,bird,1.0
237,./kaggletest/crohor1/,XC545243.ogg,41.874263038548754,0,5.0,5.0,44100,bird,1.0
238,./kaggletest/crohor1/,XC545243.ogg,41.874263038548754,0,15.0,5.0,44100,bird,1.0
239,./kaggletest/crohor1/,XC545243.ogg,41.874263038548754,0,20.0,5.0,44100,bird,1.0
240,./kaggletest/crohor1/,XC545243.ogg,41.874263038548754,0,25.0,5.0,44100,bird,1.0
241,./kaggletest/crohor1/,XC545243.ogg,41.874263038548754,0,30.0,5.0,44100,bird,1.0
242,./kaggletest/crohor1/,XC545243.ogg,41.874263038548754,0,35.0,5.0,44100,bird,1.0
243,./kaggletest/crohor1/,XC194762.ogg,13.844897959183674,0,0.0,5.0,44100,bird,1.0
244,./kaggletest/crohor1/,XC194762.ogg,13.844897959183674,0,5.0,5.0,44100,bird,1.0
245,./kaggletest/crohor1/,XC194761.ogg,16.587732426303855,0,0.0,5.0,44100,bird,1.0
246,./kaggletest/crohor1/,XC194761.ogg,16.587732426303855,0,5.0,5.0,44100,bird,1.0
247,./kaggletest/crohor1/,XC194761.ogg,16.587732426303855,0,10.0,5.0,44100,bird,1.0
248,./kaggletest/crohor1/,XC634113.ogg,6.551995464852608,0,0.0,5.0,44100,bird,1.0
249,./kaggletest/crohor1/,XC630822.ogg,47.621201814058956,0,0.0,5.0,44100,bird,1.0
250,./kaggletest/crohor1/,XC630822.ogg,47.621201814058956,0,5.0,5.0,44100,bird,1.0
251,./kaggletest/crohor1/,XC630822.ogg,47.621201814058956,0,10.0,5.0,44100,bird,1.0
252,./kaggletest/crohor1/,XC630822.ogg,47.621201814058956,0,15.0,5.0,44100,bird,1.0
253,./kaggletest/crohor1/,XC630822.ogg,47.621201814058956,0,20.0,5.0,44100,bird,1.0
254,./kaggletest/crohor1/,XC630822.ogg,47.621201814058956,0,30.0,5.0,44100,bird,1.0
255,./kaggletest/crohor1/,XC630822.ogg,47.621201814058956,0,40.0,5.0,44100,bird,1.0
256,./kaggletest/crohor1/,XC516525.ogg,457.6079818594104,0,0.0,5.0,44100,bird,1.0
257,./kaggletest/crohor1/,XC516525.ogg,457.6079818594104,0,5.0,5.0,44100,bird,1.0
258,./kaggletest/crohor1/,XC516525.ogg,457.6079818594104,0,25.0,5.0,44100,bird,1.0
259,./kaggletest/crohor1/,XC516525.ogg,457.6079818594104,0,30.0,5.0,44100,bird,1.0
260,./kaggletest/crohor1/,XC516525.ogg,457.6079818594104,0,45.0,5.0,44100,bird,1.0
261,./kaggletest/crohor1/,XC516525.ogg,457.6079818594104,0,50.0,5.0,44100,bird,1.0
262,./kaggletest/crohor1/,XC516525.ogg,457.6079818594104,0,55.0,5.0,44100,bird,1.0
263,./kaggletest/crohor1/,XC516525.ogg,457.6079818594104,0,65.0,5.0,44100,bird,1.0
264,./kaggletest/crohor1/,XC516525.ogg,457.6079818594104,0,70.0,5.0,44100,bird,1.0
265,./kaggletest/crohor1/,XC516525.ogg,457.6079818594104,0,75.0,5.0,44100,bird,1.0
266,./kaggletest/crohor1/,XC516525.ogg,457.6079818594104,0,85.0,5.0,44100,bird,1.0
267,./kaggletest/crohor1/,XC516525.ogg,457.6079818594104,0,90.0,5.0,44100,bird,1.0
268,./kaggletest/crohor1/,XC516525.ogg,457.6079818594104,0,110.0,5.0,44100,bird,1.0
269,./kaggletest/crohor1/,XC516525.ogg,457.6079818594104,0,115.0,5.0,44100,bird,1.0
270,./kaggletest/crohor1/,XC516525.ogg,457.6079818594104,0,120.0,5.0,44100,bird,1.0
271,./kaggletest/crohor1/,XC516525.ogg,457.6079818594104,0,125.0,5.0,44100,bird,1.0
272,./kaggletest/crohor1/,XC516525.ogg,457.6079818594104,0,130.0,5.0,44100,bird,1.0
273,./kaggletest/crohor1/,XC516525.ogg,457.6079818594104,0,135.0,5.0,44100,bird,1.0
274,./kaggletest/crohor1/,XC516525.ogg,457.6079818594104,0,145.0,5.0,44100,bird,1.0
275,./kaggletest/crohor1/,XC516525.ogg,457.6079818594104,0,150.0,5.0,44100,bird,1.0
276,./kaggletest/crohor1/,XC516525.ogg,457.6079818594104,0,160.0,5.0,44100,bird,1.0
277,./kaggletest/crohor1/,XC516525.ogg,457.6079818594104,0,165.0,5.0,44100,bird,1.0
278,./kaggletest/crohor1/,XC516525.ogg,457.6079818594104,0,170.0,5.0,44100,bird,1.0
279,./kaggletest/crohor1/,XC516525.ogg,457.6079818594104,0,175.0,5.0,44100,bird,1.0
280,./kaggletest/crohor1/,XC516525.ogg,457.6079818594104,0,185.0,5.0,44100,bird,1.0
281,./kaggletest/crohor1/,XC516525.ogg,457.6079818594104,0,190.0,5.0,44100,bird,1.0
282,./kaggletest/crohor1/,XC516525.ogg,457.6079818594104,0,195.0,5.0,44100,bird,1.0
283,./kaggletest/crohor1/,XC516525.ogg,457.6079818594104,0,200.0,5.0,44100,bird,1.0
284,./kaggletest/crohor1/,XC516525.ogg,457.6079818594104,0,205.0,5.0,44100,bird,1.0
285,./kaggletest/crohor1/,XC516525.ogg,457.6079818594104,0,215.0,5.0,44100,bird,1.0
286,./kaggletest/crohor1/,XC516525.ogg,457.6079818594104,0,220.0,5.0,44100,bird,1.0
287,./kaggletest/crohor1/,XC516525.ogg,457.6079818594104,0,225.0,5.0,44100,bird,1.0
288,./kaggletest/crohor1/,XC516525.ogg,457.6079818594104,0,230.0,5.0,44100,bird,1.0
289,./kaggletest/crohor1/,XC516525.ogg,457.6079818594104,0,245.0,5.0,44100,bird,1.0
290,./kaggletest/crohor1/,XC516525.ogg,457.6079818594104,0,250.0,5.0,44100,bird,1.0
291,./kaggletest/crohor1/,XC516525.ogg,457.6079818594104,0,255.0,5.0,44100,bird,1.0
292,./kaggletest/crohor1/,XC516525.ogg,457.6079818594104,0,265.0,5.0,44100,bird,1.0
293,./kaggletest/crohor1/,XC516525.ogg,457.6079818594104,0,270.0,5.0,44100,bird,1.0
294,./kaggletest/crohor1/,XC516525.ogg,457.6079818594104,0,290.0,5.0,44100,bird,1.0
295,./kaggletest/crohor1/,XC516525.ogg,457.6079818594104,0,295.0,5.0,44100,bird,1.0
296,./kaggletest/crohor1/,XC516525.ogg,457.6079818594104,0,305.0,5.0,44100,bird,1.0
297,./kaggletest/crohor1/,XC516525.ogg,457.6079818594104,0,320.0,5.0,44100,bird,1.0
298,./kaggletest/crohor1/,XC516525.ogg,457.6079818594104,0,325.0,5.0,44100,bird,1.0
299,./kaggletest/crohor1/,XC516525.ogg,457.6079818594104,0,330.0,5.0,44100,bird,1.0
300,./kaggletest/crohor1/,XC516525.ogg,457.6079818594104,0,355.0,5.0,44100,bird,1.0
301,./kaggletest/crohor1/,XC516525.ogg,457.6079818594104,0,365.0,5.0,44100,bird,1.0
302,./kaggletest/crohor1/,XC516525.ogg,457.6079818594104,0,370.0,5.0,44100,bird,1.0
303,./kaggletest/crohor1/,XC516525.ogg,457.6079818594104,0,375.0,5.0,44100,bird,1.0
304,./kaggletest/crohor1/,XC516525.ogg,457.6079818594104,0,380.0,5.0,44100,bird,1.0
305,./kaggletest/crohor1/,XC516525.ogg,457.6079818594104,0,400.0,5.0,44100,bird,1.0
306,./kaggletest/crohor1/,XC516525.ogg,457.6079818594104,0,405.0,5.0,44100,bird,1.0
307,./kaggletest/crohor1/,XC516525.ogg,457.6079818594104,0,415.0,5.0,44100,bird,1.0
308,./kaggletest/crohor1/,XC516525.ogg,457.6079818594104,0,425.0,5.0,44100,bird,1.0
309,./kaggletest/crohor1/,XC516525.ogg,457.6079818594104,0,430.0,5.0,44100,bird,1.0
310,./kaggletest/crohor1/,XC516525.ogg,457.6079818594104,0,435.0,5.0,44100,bird,1.0
311,./kaggletest/crohor1/,XC516525.ogg,457.6079818594104,0,445.0,5.0,44100,bird,1.0
312,./kaggletest/crohor1/,XC516525.ogg,457.6079818594104,0,450.0,5.0,44100,bird,1.0
313,./kaggletest/crohor1/,XC125454.ogg,50.91265306122449,0,0.0,5.0,44100,bird,1.0
314,./kaggletest/crohor1/,XC125454.ogg,50.91265306122449,0,5.0,5.0,44100,bird,1.0
315,./kaggletest/crohor1/,XC125454.ogg,50.91265306122449,0,10.0,5.0,44100,bird,1.0
316,./kaggletest/crohor1/,XC125454.ogg,50.91265306122449,0,15.0,5.0,44100,bird,1.0
317,./kaggletest/crohor1/,XC125454.ogg,50.91265306122449,0,20.0,5.0,44100,bird,1.0
318,./kaggletest/crohor1/,XC125454.ogg,50.91265306122449,0,25.0,5.0,44100,bird,1.0
319,./kaggletest/crohor1/,XC125454.ogg,50.91265306122449,0,30.0,5.0,44100,bird,1.0
320,./kaggletest/crohor1/,XC125454.ogg,50.91265306122449,0,35.0,5.0,44100,bird,1.0
321,./kaggletest/crohor1/,XC125454.ogg,50.91265306122449,0,40.0,5.0,44100,bird,1.0
322,./kaggletest/crohor1/,XC125454.ogg,50.91265306122449,0,45.0,5.0,44100,bird,1.0
323,./kaggletest/crohor1/,XC453053.ogg,36.727981859410434,0,0.0,5.0,44100,bird,1.0
324,./kaggletest/crohor1/,XC453053.ogg,36.727981859410434,0,5.0,5.0,44100,bird,1.0
325,./kaggletest/crohor1/,XC453053.ogg,36.727981859410434,0,10.0,5.0,44100,bird,1.0
326,./kaggletest/crohor1/,XC453053.ogg,36.727981859410434,0,15.0,5.0,44100,bird,1.0
327,./kaggletest/crohor1/,XC453053.ogg,36.727981859410434,0,20.0,5.0,44100,bird,1.0
328,./kaggletest/crohor1/,XC453053.ogg,36.727981859410434,0,25.0,5.0,44100,bird,1.0
329,./kaggletest/crohor1/,XC453053.ogg,36.727981859410434,0,30.0,5.0,44100,bird,1.0
330,./kaggletest/crohor1/,XC125455.ogg,103.83673469387755,0,0.0,5.0,44100,bird,1.0
331,./kaggletest/crohor1/,XC125455.ogg,103.83673469387755,0,5.0,5.0,44100,bird,1.0
332,./kaggletest/crohor1/,XC125455.ogg,103.83673469387755,0,10.0,5.0,44100,bird,1.0
333,./kaggletest/crohor1/,XC125455.ogg,103.83673469387755,0,15.0,5.0,44100,bird,1.0
334,./kaggletest/crohor1/,XC125455.ogg,103.83673469387755,0,20.0,5.0,44100,bird,1.0
335,./kaggletest/crohor1/,XC125455.ogg,103.83673469387755,0,25.0,5.0,44100,bird,1.0
336,./kaggletest/crohor1/,XC125455.ogg,103.83673469387755,0,30.0,5.0,44100,bird,1.0
337,./kaggletest/crohor1/,XC125455.ogg,103.83673469387755,0,35.0,5.0,44100,bird,1.0
338,./kaggletest/crohor1/,XC125455.ogg,103.83673469387755,0,40.0,5.0,44100,bird,1.0
339,./kaggletest/crohor1/,XC125455.ogg,103.83673469387755,0,45.0,5.0,44100,bird,1.0
340,./kaggletest/crohor1/,XC125455.ogg,103.83673469387755,0,50.0,5.0,44100,bird,1.0
341,./kaggletest/crohor1/,XC125455.ogg,103.83673469387755,0,55.0,5.0,44100,bird,1.0
342,./kaggletest/crohor1/,XC125455.ogg,103.83673469387755,0,60.0,5.0,44100,bird,1.0
343,./kaggletest/crohor1/,XC125455.ogg,103.83673469387755,0,65.0,5.0,44100,bird,1.0
344,./kaggletest/crohor1/,XC125455.ogg,103.83673469387755,0,70.0,5.0,44100,bird,1.0
345,./kaggletest/crohor1/,XC125455.ogg,103.83673469387755,0,75.0,5.0,44100,bird,1.0
346,./kaggletest/crohor1/,XC125455.ogg,103.83673469387755,0,80.0,5.0,44100,bird,1.0
347,./kaggletest/crohor1/,XC125455.ogg,103.83673469387755,0,85.0,5.0,44100,bird,1.0
348,./kaggletest/crohor1/,XC125455.ogg,103.83673469387755,0,90.0,5.0,44100,bird,1.0
349,./kaggletest/crohor1/,XC125455.ogg,103.83673469387755,0,95.0,5.0,44100,bird,1.0
350,./kaggletest/crohor1/,XC166756.ogg,8.280793650793651,0,0.0,5.0,44100,bird,1.0
351,./kaggletest/crohor1/,XC515201.ogg,23.831995464852607,0,0.0,5.0,44100,bird,1.0
352,./kaggletest/crohor1/,XC515201.ogg,23.831995464852607,0,5.0,5.0,44100,bird,1.0
353,./kaggletest/crohor1/,XC515201.ogg,23.831995464852607,0,10.0,5.0,44100,bird,1.0
354,./kaggletest/crohor1/,XC515201.ogg,23.831995464852607,0,15.0,5.0,44100,bird,1.0
355,./kaggletest/crohor1/,XC641212.ogg,11.702834467120182,0,0.0,5.0,44100,bird,1.0
356,./kaggletest/crohor1/,XC641212.ogg,11.702834467120182,0,5.0,5.0,44100,bird,1.0
357,./kaggletest/crohor1/,XC660584.ogg,24.623990929705215,0,0.0,5.0,44100,bird,1.0
358,./kaggletest/crohor1/,XC660584.ogg,24.623990929705215,0,5.0,5.0,44100,bird,1.0
359,./kaggletest/crohor1/,XC660584.ogg,24.623990929705215,0,10.0,5.0,44100,bird,1.0
360,./kaggletest/crohor1/,XC660584.ogg,24.623990929705215,0,15.0,5.0,44100,bird,1.0
361,./kaggletest/crohor1/,XC703369.ogg,33.0,0,0.0,5.0,44100,bird,1.0
362,./kaggletest/crohor1/,XC703369.ogg,33.0,0,5.0,5.0,44100,bird,1.0
363,./kaggletest/crohor1/,XC703369.ogg,33.0,0,10.0,5.0,44100,bird,1.0
364,./kaggletest/crohor1/,XC703369.ogg,33.0,0,15.0,5.0,44100,bird,1.0
365,./kaggletest/crohor1/,XC703369.ogg,33.0,0,20.0,5.0,44100,bird,1.0
366,./kaggletest/crohor1/,XC703369.ogg,33.0,0,25.0,5.0,44100,bird,1.0
367,./kaggletest/crohor1/,XC431835.ogg,28.34283446712018,0,0.0,5.0,44100,bird,1.0
368,./kaggletest/crohor1/,XC431835.ogg,28.34283446712018,0,5.0,5.0,44100,bird,1.0
369,./kaggletest/crohor1/,XC431835.ogg,28.34283446712018,0,10.0,5.0,44100,bird,1.0
370,./kaggletest/crohor1/,XC431835.ogg,28.34283446712018,0,15.0,5.0,44100,bird,1.0
371,./kaggletest/crohor1/,XC431835.ogg,28.34283446712018,0,20.0,5.0,44100,bird,1.0
372,./kaggletest/crohor1/,XC728112.ogg,28.63,0,0.0,5.0,44100,bird,1.0
373,./kaggletest/crohor1/,XC728112.ogg,28.63,0,5.0,5.0,44100,bird,1.0
374,./kaggletest/crohor1/,XC728112.ogg,28.63,0,10.0,5.0,44100,bird,1.0
375,./kaggletest/crohor1/,XC728112.ogg,28.63,0,15.0,5.0,44100,bird,1.0
376,./kaggletest/crohor1/,XC728112.ogg,28.63,0,20.0,5.0,44100,bird,1.0
377,./kaggletest/crohor1/,XC633888.ogg,56.35199546485261,0,0.0,5.0,44100,bird,1.0
378,./kaggletest/crohor1/,XC633888.ogg,56.35199546485261,0,5.0,5.0,44100,bird,1.0
379,./kaggletest/crohor1/,XC633888.ogg,56.35199546485261,0,10.0,5.0,44100,bird,1.0
380,./kaggletest/crohor1/,XC633888.ogg,56.35199546485261,0,15.0,5.0,44100,bird,1.0
381,./kaggletest/crohor1/,XC633888.ogg,56.35199546485261,0,20.0,5.0,44100,bird,1.0
382,./kaggletest/crohor1/,XC633888.ogg,56.35199546485261,0,25.0,5.0,44100,bird,1.0
383,./kaggletest/crohor1/,XC633888.ogg,56.35199546485261,0,30.0,5.0,44100,bird,1.0
384,./kaggletest/crohor1/,XC633888.ogg,56.35199546485261,0,35.0,5.0,44100,bird,1.0
385,./kaggletest/crohor1/,XC633888.ogg,56.35199546485261,0,40.0,5.0,44100,bird,1.0
386,./kaggletest/crohor1/,XC633888.ogg,56.35199546485261,0,45.0,5.0,44100,bird,1.0
387,./kaggletest/crohor1/,XC633888.ogg,56.35199546485261,0,50.0,5.0,44100,bird,1.0
