,FOLDER,IN FILE,CLIP LENGTH,CHANNEL,OFFSET,DURATION,SAMPLE RATE,MANUAL ID,CONFIDENCE
0,./kaggletest/darbar1/,XC601823.ogg,34.48798185941043,0,0.0,5.0,44100,bird,1.0
1,./kaggletest/darbar1/,XC601823.ogg,34.48798185941043,0,5.0,5.0,44100,bird,1.0
2,./kaggletest/darbar1/,XC601823.ogg,34.48798185941043,0,10.0,5.0,44100,bird,1.0
3,./kaggletest/darbar1/,XC601823.ogg,34.48798185941043,0,15.0,5.0,44100,bird,1.0
4,./kaggletest/darbar1/,XC601823.ogg,34.48798185941043,0,20.0,5.0,44100,bird,1.0
5,./kaggletest/darbar1/,XC601823.ogg,34.48798185941043,0,25.0,5.0,44100,bird,1.0
6,./kaggletest/darbar1/,XC614624.ogg,15.803990929705215,0,0.0,5.0,44100,bird,1.0
7,./kaggletest/darbar1/,XC614624.ogg,15.803990929705215,0,5.0,5.0,44100,bird,1.0
8,./kaggletest/darbar1/,XC240874.ogg,118.33467120181406,0,0.0,5.0,44100,bird,1.0
9,./kaggletest/darbar1/,XC240874.ogg,118.33467120181406,0,5.0,5.0,44100,bird,1.0
10,./kaggletest/darbar1/,XC240874.ogg,118.33467120181406,0,10.0,5.0,44100,bird,1.0
11,./kaggletest/darbar1/,XC240874.ogg,118.33467120181406,0,15.0,5.0,44100,bird,1.0
12,./kaggletest/darbar1/,XC240874.ogg,118.33467120181406,0,20.0,5.0,44100,bird,1.0
13,./kaggletest/darbar1/,XC240874.ogg,118.33467120181406,0,25.0,5.0,44100,bird,1.0
14,./kaggletest/darbar1/,XC240874.ogg,118.33467120181406,0,30.0,5.0,44100,bird,1.0
15,./kaggletest/darbar1/,XC240874.ogg,118.33467120181406,0,35.0,5.0,44100,bird,1.0
16,./kaggletest/darbar1/,XC240874.ogg,118.33467120181406,0,40.0,5.0,44100,bird,1.0
17,./kaggletest/darbar1/,XC240874.ogg,118.33467120181406,0,45.0,5.0,44100,bird,1.0
18,./kaggletest/darbar1/,XC240874.ogg,118.33467120181406,0,50.0,5.0,44100,bird,1.0
19,./kaggletest/darbar1/,XC240874.ogg,118.33467120181406,0,55.0,5.0,44100,bird,1.0
20,./kaggletest/darbar1/,XC240874.ogg,118.33467120181406,0,60.0,5.0,44100,bird,1.0
21,./kaggletest/darbar1/,XC240874.ogg,118.33467120181406,0,65.0,5.0,44100,bird,1.0
22,./kaggletest/darbar1/,XC240874.ogg,118.33467120181406,0,70.0,5.0,44100,bird,1.0
23,./kaggletest/darbar1/,XC240874.ogg,118.33467120181406,0,75.0,5.0,44100,bird,1.0
24,./kaggletest/darbar1/,XC240874.ogg,118.33467120181406,0,80.0,5.0,44100,bird,1.0
25,./kaggletest/darbar1/,XC240874.ogg,118.33467120181406,0,85.0,5.0,44100,bird,1.0
26,./kaggletest/darbar1/,XC240874.ogg,118.33467120181406,0,90.0,5.0,44100,bird,1.0
27,./kaggletest/darbar1/,XC240874.ogg,118.33467120181406,0,95.0,5.0,44100,bird,1.0
28,./kaggletest/darbar1/,XC240874.ogg,118.33467120181406,0,100.0,5.0,44100,bird,1.0
29,./kaggletest/darbar1/,XC240874.ogg,118.33467120181406,0,105.0,5.0,44100,bird,1.0
30,./kaggletest/darbar1/,XC240874.ogg,118.33467120181406,0,110.0,5.0,44100,bird,1.0
31,./kaggletest/darbar1/,XC601822.ogg,28.631995464852608,0,0.0,5.0,44100,bird,1.0
32,./kaggletest/darbar1/,XC601822.ogg,28.631995464852608,0,5.0,5.0,44100,bird,1.0
33,./kaggletest/darbar1/,XC601822.ogg,28.631995464852608,0,10.0,5.0,44100,bird,1.0
34,./kaggletest/darbar1/,XC601822.ogg,28.631995464852608,0,15.0,5.0,44100,bird,1.0
35,./kaggletest/darbar1/,XC601822.ogg,28.631995464852608,0,20.0,5.0,44100,bird,1.0
36,./kaggletest/darbar1/,XC601820.ogg,28.84798185941043,0,0.0,5.0,44100,bird,1.0
37,./kaggletest/darbar1/,XC601820.ogg,28.84798185941043,0,5.0,5.0,44100,bird,1.0
38,./kaggletest/darbar1/,XC601820.ogg,28.84798185941043,0,10.0,5.0,44100,bird,1.0
39,./kaggletest/darbar1/,XC601820.ogg,28.84798185941043,0,15.0,5.0,44100,bird,1.0
40,./kaggletest/darbar1/,XC601820.ogg,28.84798185941043,0,20.0,5.0,44100,bird,1.0
41,./kaggletest/darbar1/,XC244609.ogg,66.91199546485261,0,0.0,5.0,44100,bird,1.0
42,./kaggletest/darbar1/,XC244609.ogg,66.91199546485261,0,5.0,5.0,44100,bird,1.0
43,./kaggletest/darbar1/,XC244609.ogg,66.91199546485261,0,10.0,5.0,44100,bird,1.0
44,./kaggletest/darbar1/,XC244609.ogg,66.91199546485261,0,15.0,5.0,44100,bird,1.0
45,./kaggletest/darbar1/,XC244609.ogg,66.91199546485261,0,20.0,5.0,44100,bird,1.0
46,./kaggletest/darbar1/,XC244609.ogg,66.91199546485261,0,25.0,5.0,44100,bird,1.0
47,./kaggletest/darbar1/,XC244609.ogg,66.91199546485261,0,30.0,5.0,44100,bird,1.0
48,./kaggletest/darbar1/,XC244609.ogg,66.91199546485261,0,35.0,5.0,44100,bird,1.0
49,./kaggletest/darbar1/,XC244609.ogg,66.91199546485261,0,40.0,5.0,44100,bird,1.0
50,./kaggletest/darbar1/,XC244609.ogg,66.91199546485261,0,45.0,5.0,44100,bird,1.0
51,./kaggletest/darbar1/,XC244609.ogg,66.91199546485261,0,50.0,5.0,44100,bird,1.0
52,./kaggletest/darbar1/,XC244609.ogg,66.91199546485261,0,55.0,5.0,44100,bird,1.0
53,./kaggletest/darbar1/,XC244609.ogg,66.91199546485261,0,60.0,5.0,44100,bird,1.0
54,./kaggletest/darbar1/,XC337023.ogg,56.47673469387755,0,0.0,5.0,44100,bird,1.0
55,./kaggletest/darbar1/,XC337023.ogg,56.47673469387755,0,5.0,5.0,44100,bird,1.0
56,./kaggletest/darbar1/,XC337023.ogg,56.47673469387755,0,10.0,5.0,44100,bird,1.0
57,./kaggletest/darbar1/,XC337023.ogg,56.47673469387755,0,15.0,5.0,44100,bird,1.0
58,./kaggletest/darbar1/,XC337023.ogg,56.47673469387755,0,20.0,5.0,44100,bird,1.0
59,./kaggletest/darbar1/,XC337023.ogg,56.47673469387755,0,25.0,5.0,44100,bird,1.0
60,./kaggletest/darbar1/,XC337023.ogg,56.47673469387755,0,30.0,5.0,44100,bird,1.0
61,./kaggletest/darbar1/,XC337023.ogg,56.47673469387755,0,35.0,5.0,44100,bird,1.0
62,./kaggletest/darbar1/,XC337023.ogg,56.47673469387755,0,40.0,5.0,44100,bird,1.0
63,./kaggletest/darbar1/,XC337023.ogg,56.47673469387755,0,45.0,5.0,44100,bird,1.0
64,./kaggletest/darbar1/,XC337023.ogg,56.47673469387755,0,50.0,5.0,44100,bird,1.0
65,./kaggletest/darbar1/,XC601821.ogg,42.72,0,0.0,5.0,44100,bird,1.0
66,./kaggletest/darbar1/,XC601821.ogg,42.72,0,5.0,5.0,44100,bird,1.0
67,./kaggletest/darbar1/,XC601821.ogg,42.72,0,10.0,5.0,44100,bird,1.0
68,./kaggletest/darbar1/,XC601821.ogg,42.72,0,15.0,5.0,44100,bird,1.0
69,./kaggletest/darbar1/,XC601821.ogg,42.72,0,20.0,5.0,44100,bird,1.0
70,./kaggletest/darbar1/,XC601821.ogg,42.72,0,25.0,5.0,44100,bird,1.0
71,./kaggletest/darbar1/,XC601821.ogg,42.72,0,30.0,5.0,44100,bird,1.0
72,./kaggletest/darbar1/,XC601821.ogg,42.72,0,35.0,5.0,44100,bird,1.0
73,./kaggletest/darbar1/,XC601819.ogg,38.68798185941043,0,0.0,5.0,44100,bird,1.0
74,./kaggletest/darbar1/,XC601819.ogg,38.68798185941043,0,5.0,5.0,44100,bird,1.0
75,./kaggletest/darbar1/,XC601819.ogg,38.68798185941043,0,10.0,5.0,44100,bird,1.0
76,./kaggletest/darbar1/,XC601819.ogg,38.68798185941043,0,15.0,5.0,44100,bird,1.0
77,./kaggletest/darbar1/,XC601819.ogg,38.68798185941043,0,20.0,5.0,44100,bird,1.0
78,./kaggletest/darbar1/,XC601819.ogg,38.68798185941043,0,25.0,5.0,44100,bird,1.0
79,./kaggletest/darbar1/,XC601819.ogg,38.68798185941043,0,30.0,5.0,44100,bird,1.0
80,./kaggletest/darbar1/,XC240872.ogg,88.68571428571428,0,0.0,5.0,44100,bird,1.0
81,./kaggletest/darbar1/,XC240872.ogg,88.68571428571428,0,5.0,5.0,44100,bird,1.0
82,./kaggletest/darbar1/,XC240872.ogg,88.68571428571428,0,10.0,5.0,44100,bird,1.0
83,./kaggletest/darbar1/,XC240872.ogg,88.68571428571428,0,15.0,5.0,44100,bird,1.0
84,./kaggletest/darbar1/,XC240872.ogg,88.68571428571428,0,20.0,5.0,44100,bird,1.0
85,./kaggletest/darbar1/,XC240872.ogg,88.68571428571428,0,25.0,5.0,44100,bird,1.0
86,./kaggletest/darbar1/,XC240872.ogg,88.68571428571428,0,30.0,5.0,44100,bird,1.0
87,./kaggletest/darbar1/,XC240872.ogg,88.68571428571428,0,35.0,5.0,44100,bird,1.0
88,./kaggletest/darbar1/,XC240872.ogg,88.68571428571428,0,45.0,5.0,44100,bird,1.0
89,./kaggletest/darbar1/,XC240872.ogg,88.68571428571428,0,50.0,5.0,44100,bird,1.0
90,./kaggletest/darbar1/,XC240872.ogg,88.68571428571428,0,55.0,5.0,44100,bird,1.0
91,./kaggletest/darbar1/,XC240872.ogg,88.68571428571428,0,60.0,5.0,44100,bird,1.0
92,./kaggletest/darbar1/,XC240872.ogg,88.68571428571428,0,65.0,5.0,44100,bird,1.0
93,./kaggletest/darbar1/,XC240872.ogg,88.68571428571428,0,70.0,5.0,44100,bird,1.0
94,./kaggletest/darbar1/,XC240872.ogg,88.68571428571428,0,75.0,5.0,44100,bird,1.0
95,./kaggletest/darbar1/,XC240872.ogg,88.68571428571428,0,80.0,5.0,44100,bird,1.0
96,./kaggletest/darbar1/,XC601818.ogg,28.36798185941043,0,0.0,5.0,44100,bird,1.0
97,./kaggletest/darbar1/,XC601818.ogg,28.36798185941043,0,5.0,5.0,44100,bird,1.0
98,./kaggletest/darbar1/,XC601818.ogg,28.36798185941043,0,10.0,5.0,44100,bird,1.0
99,./kaggletest/darbar1/,XC601818.ogg,28.36798185941043,0,15.0,5.0,44100,bird,1.0
100,./kaggletest/darbar1/,XC601818.ogg,28.36798185941043,0,20.0,5.0,44100,bird,1.0
101,./kaggletest/darbar1/,XC234628.ogg,36.07507936507937,0,25.0,5.0,44100,bird,1.0
102,./kaggletest/darbar1/,XC234628.ogg,36.07507936507937,0,30.0,5.0,44100,bird,1.0
103,./kaggletest/darbar1/,XC373991.ogg,11.543990929705215,0,0.0,5.0,44100,bird,1.0
104,./kaggletest/darbar1/,XC373991.ogg,11.543990929705215,0,5.0,5.0,44100,bird,1.0
105,./kaggletest/darbar1/,XC604709.ogg,14.366984126984127,0,0.0,5.0,44100,bird,1.0
106,./kaggletest/darbar1/,XC604709.ogg,14.366984126984127,0,5.0,5.0,44100,bird,1.0
107,./kaggletest/darbar1/,XC536672.ogg,14.759183673469387,0,0.0,5.0,44100,bird,1.0
108,./kaggletest/darbar1/,XC536672.ogg,14.759183673469387,0,5.0,5.0,44100,bird,1.0
109,./kaggletest/darbar1/,XC371368.ogg,13.895986394557823,0,0.0,5.0,44100,bird,1.0
110,./kaggletest/darbar1/,XC371368.ogg,13.895986394557823,0,5.0,5.0,44100,bird,1.0
111,./kaggletest/darbar1/,XC667275.ogg,25.6,0,0.0,5.0,44100,bird,1.0
112,./kaggletest/darbar1/,XC667275.ogg,25.6,0,5.0,5.0,44100,bird,1.0
113,./kaggletest/darbar1/,XC667275.ogg,25.6,0,10.0,5.0,44100,bird,1.0
114,./kaggletest/darbar1/,XC667275.ogg,25.6,0,15.0,5.0,44100,bird,1.0
115,./kaggletest/darbar1/,XC667275.ogg,25.6,0,20.0,5.0,44100,bird,1.0
116,./kaggletest/darbar1/,XC601816.ogg,31.703990929705217,0,0.0,5.0,44100,bird,1.0
117,./kaggletest/darbar1/,XC601816.ogg,31.703990929705217,0,5.0,5.0,44100,bird,1.0
118,./kaggletest/darbar1/,XC601816.ogg,31.703990929705217,0,10.0,5.0,44100,bird,1.0
119,./kaggletest/darbar1/,XC601816.ogg,31.703990929705217,0,15.0,5.0,44100,bird,1.0
120,./kaggletest/darbar1/,XC601816.ogg,31.703990929705217,0,20.0,5.0,44100,bird,1.0
121,./kaggletest/darbar1/,XC601816.ogg,31.703990929705217,0,25.0,5.0,44100,bird,1.0
122,./kaggletest/darbar1/,XC345087.ogg,5.642426303854875,0,0.0,5.0,44100,bird,1.0
123,./kaggletest/darbar1/,XC601817.ogg,42.52798185941043,0,0.0,5.0,44100,bird,1.0
124,./kaggletest/darbar1/,XC601817.ogg,42.52798185941043,0,5.0,5.0,44100,bird,1.0
125,./kaggletest/darbar1/,XC601817.ogg,42.52798185941043,0,10.0,5.0,44100,bird,1.0
126,./kaggletest/darbar1/,XC601817.ogg,42.52798185941043,0,15.0,5.0,44100,bird,1.0
127,./kaggletest/darbar1/,XC601817.ogg,42.52798185941043,0,20.0,5.0,44100,bird,1.0
128,./kaggletest/darbar1/,XC601817.ogg,42.52798185941043,0,25.0,5.0,44100,bird,1.0
129,./kaggletest/darbar1/,XC601817.ogg,42.52798185941043,0,30.0,5.0,44100,bird,1.0
130,./kaggletest/darbar1/,XC601817.ogg,42.52798185941043,0,35.0,5.0,44100,bird,1.0
131,./kaggletest/darbar1/,XC601815.ogg,29.783990929705215,0,0.0,5.0,44100,bird,1.0
132,./kaggletest/darbar1/,XC601815.ogg,29.783990929705215,0,5.0,5.0,44100,bird,1.0
133,./kaggletest/darbar1/,XC601815.ogg,29.783990929705215,0,10.0,5.0,44100,bird,1.0
134,./kaggletest/darbar1/,XC601815.ogg,29.783990929705215,0,15.0,5.0,44100,bird,1.0
135,./kaggletest/darbar1/,XC601815.ogg,29.783990929705215,0,20.0,5.0,44100,bird,1.0
136,./kaggletest/darbar1/,XC426180.ogg,14.993990929705216,0,0.0,5.0,44100,bird,1.0
137,./kaggletest/darbar1/,XC426180.ogg,14.993990929705216,0,5.0,5.0,44100,bird,1.0
138,./kaggletest/darbar1/,XC601814.ogg,13.655986394557823,0,0.0,5.0,44100,bird,1.0
139,./kaggletest/darbar1/,XC601814.ogg,13.655986394557823,0,5.0,5.0,44100,bird,1.0
140,./kaggletest/darbar1/,XC444649.ogg,18.782018140589567,0,0.0,5.0,44100,bird,1.0
141,./kaggletest/darbar1/,XC444649.ogg,18.782018140589567,0,5.0,5.0,44100,bird,1.0
142,./kaggletest/darbar1/,XC444649.ogg,18.782018140589567,0,10.0,5.0,44100,bird,1.0
143,./kaggletest/darbar1/,XC601813.ogg,71.97598639455782,0,0.0,5.0,44100,bird,1.0
144,./kaggletest/darbar1/,XC601813.ogg,71.97598639455782,0,5.0,5.0,44100,bird,1.0
145,./kaggletest/darbar1/,XC601813.ogg,71.97598639455782,0,10.0,5.0,44100,bird,1.0
146,./kaggletest/darbar1/,XC601813.ogg,71.97598639455782,0,15.0,5.0,44100,bird,1.0
147,./kaggletest/darbar1/,XC601813.ogg,71.97598639455782,0,20.0,5.0,44100,bird,1.0
148,./kaggletest/darbar1/,XC601813.ogg,71.97598639455782,0,25.0,5.0,44100,bird,1.0
149,./kaggletest/darbar1/,XC601813.ogg,71.97598639455782,0,30.0,5.0,44100,bird,1.0
150,./kaggletest/darbar1/,XC601813.ogg,71.97598639455782,0,35.0,5.0,44100,bird,1.0
151,./kaggletest/darbar1/,XC601813.ogg,71.97598639455782,0,40.0,5.0,44100,bird,1.0
152,./kaggletest/darbar1/,XC601813.ogg,71.97598639455782,0,45.0,5.0,44100,bird,1.0
153,./kaggletest/darbar1/,XC601813.ogg,71.97598639455782,0,50.0,5.0,44100,bird,1.0
154,./kaggletest/darbar1/,XC601813.ogg,71.97598639455782,0,55.0,5.0,44100,bird,1.0
155,./kaggletest/darbar1/,XC601813.ogg,71.97598639455782,0,60.0,5.0,44100,bird,1.0
156,./kaggletest/darbar1/,XC601813.ogg,71.97598639455782,0,65.0,5.0,44100,bird,1.0
157,./kaggletest/darbar1/,XC244606.ogg,37.8,0,0.0,5.0,44100,bird,1.0
158,./kaggletest/darbar1/,XC244606.ogg,37.8,0,5.0,5.0,44100,bird,1.0
159,./kaggletest/darbar1/,XC244606.ogg,37.8,0,10.0,5.0,44100,bird,1.0
160,./kaggletest/darbar1/,XC244606.ogg,37.8,0,15.0,5.0,44100,bird,1.0
161,./kaggletest/darbar1/,XC244606.ogg,37.8,0,20.0,5.0,44100,bird,1.0
162,./kaggletest/darbar1/,XC244606.ogg,37.8,0,25.0,5.0,44100,bird,1.0
163,./kaggletest/darbar1/,XC244606.ogg,37.8,0,30.0,5.0,44100,bird,1.0
164,./kaggletest/darbar1/,XC467119.ogg,16.874988662131518,0,0.0,5.0,44100,bird,1.0
165,./kaggletest/darbar1/,XC467119.ogg,16.874988662131518,0,5.0,5.0,44100,bird,1.0
166,./kaggletest/darbar1/,XC467119.ogg,16.874988662131518,0,10.0,5.0,44100,bird,1.0
167,./kaggletest/darbar1/,XC753984.ogg,19.748548752834466,0,0.0,5.0,44100,bird,1.0
168,./kaggletest/darbar1/,XC753984.ogg,19.748548752834466,0,5.0,5.0,44100,bird,1.0
169,./kaggletest/darbar1/,XC753984.ogg,19.748548752834466,0,10.0,5.0,44100,bird,1.0
170,./kaggletest/darbar1/,XC699732.ogg,17.005714285714287,0,0.0,5.0,44100,bird,1.0
171,./kaggletest/darbar1/,XC699732.ogg,17.005714285714287,0,5.0,5.0,44100,bird,1.0
172,./kaggletest/darbar1/,XC699732.ogg,17.005714285714287,0,10.0,5.0,44100,bird,1.0
173,./kaggletest/darbar1/,XC431766.ogg,11.885714285714286,0,0.0,5.0,44100,bird,1.0
174,./kaggletest/darbar1/,XC431766.ogg,11.885714285714286,0,5.0,5.0,44100,bird,1.0
175,./kaggletest/darbar1/,XC244607.ogg,59.18399092970522,0,0.0,5.0,44100,bird,1.0
176,./kaggletest/darbar1/,XC244607.ogg,59.18399092970522,0,5.0,5.0,44100,bird,1.0
177,./kaggletest/darbar1/,XC244607.ogg,59.18399092970522,0,10.0,5.0,44100,bird,1.0
178,./kaggletest/darbar1/,XC244607.ogg,59.18399092970522,0,15.0,5.0,44100,bird,1.0
179,./kaggletest/darbar1/,XC244607.ogg,59.18399092970522,0,20.0,5.0,44100,bird,1.0
180,./kaggletest/darbar1/,XC244607.ogg,59.18399092970522,0,25.0,5.0,44100,bird,1.0
181,./kaggletest/darbar1/,XC244607.ogg,59.18399092970522,0,30.0,5.0,44100,bird,1.0
182,./kaggletest/darbar1/,XC244607.ogg,59.18399092970522,0,35.0,5.0,44100,bird,1.0
183,./kaggletest/darbar1/,XC244607.ogg,59.18399092970522,0,40.0,5.0,44100,bird,1.0
184,./kaggletest/darbar1/,XC244607.ogg,59.18399092970522,0,45.0,5.0,44100,bird,1.0
185,./kaggletest/darbar1/,XC244607.ogg,59.18399092970522,0,50.0,5.0,44100,bird,1.0
