,FOLDER,IN FILE,CLIP LENGTH,CHANNEL,OFFSET,DURATION,SAMPLE RATE,MANUAL ID,CONFIDENCE
0,./kaggletest/edcsun3/,XC289693.ogg,22.46530612244898,0,0.0,5.0,44100,bird,1.0
1,./kaggletest/edcsun3/,XC289693.ogg,22.46530612244898,0,5.0,5.0,44100,bird,1.0
2,./kaggletest/edcsun3/,XC289693.ogg,22.46530612244898,0,10.0,5.0,44100,bird,1.0
3,./kaggletest/edcsun3/,XC289693.ogg,22.46530612244898,0,15.0,5.0,44100,bird,1.0
4,./kaggletest/edcsun3/,XC755917.ogg,31.27199546485261,0,0.0,5.0,44100,bird,1.0
5,./kaggletest/edcsun3/,XC755917.ogg,31.27199546485261,0,5.0,5.0,44100,bird,1.0
6,./kaggletest/edcsun3/,XC755917.ogg,31.27199546485261,0,10.0,5.0,44100,bird,1.0
7,./kaggletest/edcsun3/,XC755917.ogg,31.27199546485261,0,15.0,5.0,44100,bird,1.0
8,./kaggletest/edcsun3/,XC755917.ogg,31.27199546485261,0,20.0,5.0,44100,bird,1.0
9,./kaggletest/edcsun3/,XC289695.ogg,22.831020408163266,0,0.0,5.0,44100,bird,1.0
10,./kaggletest/edcsun3/,XC289695.ogg,22.831020408163266,0,5.0,5.0,44100,bird,1.0
11,./kaggletest/edcsun3/,XC289695.ogg,22.831020408163266,0,10.0,5.0,44100,bird,1.0
12,./kaggletest/edcsun3/,XC289695.ogg,22.831020408163266,0,15.0,5.0,44100,bird,1.0
13,./kaggletest/edcsun3/,XC434358.ogg,28.603990929705216,0,5.0,5.0,44100,bird,1.0
14,./kaggletest/edcsun3/,XC434358.ogg,28.603990929705216,0,10.0,5.0,44100,bird,1.0
15,./kaggletest/edcsun3/,XC434358.ogg,28.603990929705216,0,15.0,5.0,44100,bird,1.0
16,./kaggletest/edcsun3/,XC434358.ogg,28.603990929705216,0,20.0,5.0,44100,bird,1.0
17,./kaggletest/edcsun3/,XC289694.ogg,71.15755102040816,0,0.0,5.0,44100,bird,1.0
18,./kaggletest/edcsun3/,XC289694.ogg,71.15755102040816,0,5.0,5.0,44100,bird,1.0
19,./kaggletest/edcsun3/,XC289694.ogg,71.15755102040816,0,10.0,5.0,44100,bird,1.0
20,./kaggletest/edcsun3/,XC289694.ogg,71.15755102040816,0,15.0,5.0,44100,bird,1.0
21,./kaggletest/edcsun3/,XC289694.ogg,71.15755102040816,0,20.0,5.0,44100,bird,1.0
22,./kaggletest/edcsun3/,XC289694.ogg,71.15755102040816,0,25.0,5.0,44100,bird,1.0
23,./kaggletest/edcsun3/,XC289694.ogg,71.15755102040816,0,30.0,5.0,44100,bird,1.0
24,./kaggletest/edcsun3/,XC289694.ogg,71.15755102040816,0,35.0,5.0,44100,bird,1.0
25,./kaggletest/edcsun3/,XC289694.ogg,71.15755102040816,0,40.0,5.0,44100,bird,1.0
26,./kaggletest/edcsun3/,XC289694.ogg,71.15755102040816,0,45.0,5.0,44100,bird,1.0
27,./kaggletest/edcsun3/,XC289694.ogg,71.15755102040816,0,50.0,5.0,44100,bird,1.0
28,./kaggletest/edcsun3/,XC289694.ogg,71.15755102040816,0,55.0,5.0,44100,bird,1.0
29,./kaggletest/edcsun3/,XC289694.ogg,71.15755102040816,0,60.0,5.0,44100,bird,1.0
30,./kaggletest/edcsun3/,XC289694.ogg,71.15755102040816,0,65.0,5.0,44100,bird,1.0
31,./kaggletest/edcsun3/,XC527285.ogg,8.097959183673469,0,0.0,5.0,44100,bird,1.0
32,./kaggletest/edcsun3/,XC479065.ogg,58.25299319727891,0,0.0,5.0,44100,bird,1.0
33,./kaggletest/edcsun3/,XC479065.ogg,58.25299319727891,0,5.0,5.0,44100,bird,1.0
34,./kaggletest/edcsun3/,XC479065.ogg,58.25299319727891,0,10.0,5.0,44100,bird,1.0
35,./kaggletest/edcsun3/,XC479065.ogg,58.25299319727891,0,15.0,5.0,44100,bird,1.0
36,./kaggletest/edcsun3/,XC479065.ogg,58.25299319727891,0,20.0,5.0,44100,bird,1.0
37,./kaggletest/edcsun3/,XC479065.ogg,58.25299319727891,0,25.0,5.0,44100,bird,1.0
38,./kaggletest/edcsun3/,XC479065.ogg,58.25299319727891,0,30.0,5.0,44100,bird,1.0
39,./kaggletest/edcsun3/,XC479065.ogg,58.25299319727891,0,35.0,5.0,44100,bird,1.0
40,./kaggletest/edcsun3/,XC479065.ogg,58.25299319727891,0,40.0,5.0,44100,bird,1.0
41,./kaggletest/edcsun3/,XC479065.ogg,58.25299319727891,0,45.0,5.0,44100,bird,1.0
42,./kaggletest/edcsun3/,XC479065.ogg,58.25299319727891,0,50.0,5.0,44100,bird,1.0
43,./kaggletest/edcsun3/,XC120618.ogg,52.088140589569164,0,0.0,5.0,44100,bird,1.0
44,./kaggletest/edcsun3/,XC120618.ogg,52.088140589569164,0,5.0,5.0,44100,bird,1.0
45,./kaggletest/edcsun3/,XC120618.ogg,52.088140589569164,0,10.0,5.0,44100,bird,1.0
46,./kaggletest/edcsun3/,XC120618.ogg,52.088140589569164,0,15.0,5.0,44100,bird,1.0
47,./kaggletest/edcsun3/,XC120618.ogg,52.088140589569164,0,20.0,5.0,44100,bird,1.0
48,./kaggletest/edcsun3/,XC120618.ogg,52.088140589569164,0,25.0,5.0,44100,bird,1.0
49,./kaggletest/edcsun3/,XC120618.ogg,52.088140589569164,0,30.0,5.0,44100,bird,1.0
50,./kaggletest/edcsun3/,XC120618.ogg,52.088140589569164,0,35.0,5.0,44100,bird,1.0
51,./kaggletest/edcsun3/,XC120618.ogg,52.088140589569164,0,40.0,5.0,44100,bird,1.0
52,./kaggletest/edcsun3/,XC120618.ogg,52.088140589569164,0,45.0,5.0,44100,bird,1.0
53,./kaggletest/edcsun3/,XC297037.ogg,19.356734693877552,0,0.0,5.0,44100,bird,1.0
54,./kaggletest/edcsun3/,XC297037.ogg,19.356734693877552,0,5.0,5.0,44100,bird,1.0
55,./kaggletest/edcsun3/,XC297037.ogg,19.356734693877552,0,10.0,5.0,44100,bird,1.0
56,./kaggletest/edcsun3/,XC591578.ogg,15.431995464852609,0,0.0,5.0,44100,bird,1.0
57,./kaggletest/edcsun3/,XC591578.ogg,15.431995464852609,0,5.0,5.0,44100,bird,1.0
58,./kaggletest/edcsun3/,XC591578.ogg,15.431995464852609,0,10.0,5.0,44100,bird,1.0
59,./kaggletest/edcsun3/,XC470590.ogg,8.254671201814059,0,0.0,5.0,44100,bird,1.0
60,./kaggletest/edcsun3/,XC470591.ogg,19.591836734693878,0,0.0,5.0,44100,bird,1.0
61,./kaggletest/edcsun3/,XC470591.ogg,19.591836734693878,0,5.0,5.0,44100,bird,1.0
62,./kaggletest/edcsun3/,XC470591.ogg,19.591836734693878,0,10.0,5.0,44100,bird,1.0
63,./kaggletest/edcsun3/,XC434335.ogg,31.345986394557823,0,0.0,5.0,44100,bird,1.0
64,./kaggletest/edcsun3/,XC434335.ogg,31.345986394557823,0,15.0,5.0,44100,bird,1.0
65,./kaggletest/edcsun3/,XC434335.ogg,31.345986394557823,0,20.0,5.0,44100,bird,1.0
66,./kaggletest/edcsun3/,XC434335.ogg,31.345986394557823,0,25.0,5.0,44100,bird,1.0
67,./kaggletest/edcsun3/,XC434334.ogg,35.943990929705215,0,0.0,5.0,44100,bird,1.0
68,./kaggletest/edcsun3/,XC434334.ogg,35.943990929705215,0,5.0,5.0,44100,bird,1.0
69,./kaggletest/edcsun3/,XC434334.ogg,35.943990929705215,0,10.0,5.0,44100,bird,1.0
70,./kaggletest/edcsun3/,XC434334.ogg,35.943990929705215,0,15.0,5.0,44100,bird,1.0
71,./kaggletest/edcsun3/,XC434334.ogg,35.943990929705215,0,20.0,5.0,44100,bird,1.0
72,./kaggletest/edcsun3/,XC434334.ogg,35.943990929705215,0,25.0,5.0,44100,bird,1.0
73,./kaggletest/edcsun3/,XC434334.ogg,35.943990929705215,0,30.0,5.0,44100,bird,1.0
74,./kaggletest/edcsun3/,XC749271.ogg,9.900385487528345,0,0.0,5.0,44100,bird,1.0
75,./kaggletest/edcsun3/,XC537879.ogg,7.732244897959184,0,0.0,5.0,44100,bird,1.0
76,./kaggletest/edcsun3/,XC749716.ogg,10.710204081632654,0,0.0,5.0,44100,bird,1.0
77,./kaggletest/edcsun3/,XC749716.ogg,10.710204081632654,0,5.0,5.0,44100,bird,1.0
78,./kaggletest/edcsun3/,XC288838.ogg,14.628548752834467,0,0.0,5.0,44100,bird,1.0
79,./kaggletest/edcsun3/,XC288838.ogg,14.628548752834467,0,5.0,5.0,44100,bird,1.0
80,./kaggletest/edcsun3/,XC755918.ogg,42.48,0,0.0,5.0,44100,bird,1.0
81,./kaggletest/edcsun3/,XC755918.ogg,42.48,0,5.0,5.0,44100,bird,1.0
82,./kaggletest/edcsun3/,XC755918.ogg,42.48,0,10.0,5.0,44100,bird,1.0
83,./kaggletest/edcsun3/,XC755918.ogg,42.48,0,15.0,5.0,44100,bird,1.0
84,./kaggletest/edcsun3/,XC755918.ogg,42.48,0,20.0,5.0,44100,bird,1.0
85,./kaggletest/edcsun3/,XC755918.ogg,42.48,0,25.0,5.0,44100,bird,1.0
86,./kaggletest/edcsun3/,XC755918.ogg,42.48,0,30.0,5.0,44100,bird,1.0
87,./kaggletest/edcsun3/,XC755918.ogg,42.48,0,35.0,5.0,44100,bird,1.0
88,./kaggletest/edcsun3/,XC753199.ogg,7.523242630385488,0,0.0,5.0,44100,bird,1.0
89,./kaggletest/edcsun3/,XC146321.ogg,41.37795918367347,0,0.0,5.0,44100,bird,1.0
90,./kaggletest/edcsun3/,XC146321.ogg,41.37795918367347,0,5.0,5.0,44100,bird,1.0
91,./kaggletest/edcsun3/,XC146321.ogg,41.37795918367347,0,15.0,5.0,44100,bird,1.0
92,./kaggletest/edcsun3/,XC146321.ogg,41.37795918367347,0,20.0,5.0,44100,bird,1.0
93,./kaggletest/edcsun3/,XC146321.ogg,41.37795918367347,0,25.0,5.0,44100,bird,1.0
94,./kaggletest/edcsun3/,XC146321.ogg,41.37795918367347,0,30.0,5.0,44100,bird,1.0
95,./kaggletest/edcsun3/,XC146321.ogg,41.37795918367347,0,35.0,5.0,44100,bird,1.0
