,FOLDER,IN FILE,CLIP LENGTH,CHANNEL,OFFSET,DURATION,SAMPLE RATE,MANUAL ID,CONFIDENCE
0,./kaggletest/egygoo/,XC521222.ogg,16.692244897959185,0,0.0,5.0,44100,bird,1.0
1,./kaggletest/egygoo/,XC521222.ogg,16.692244897959185,0,5.0,5.0,44100,bird,1.0
2,./kaggletest/egygoo/,XC521222.ogg,16.692244897959185,0,10.0,5.0,44100,bird,1.0
3,./kaggletest/egygoo/,XC716813.ogg,114.1019954648526,0,0.0,5.0,44100,bird,1.0
4,./kaggletest/egygoo/,XC716813.ogg,114.1019954648526,0,5.0,5.0,44100,bird,1.0
5,./kaggletest/egygoo/,XC716813.ogg,114.1019954648526,0,10.0,5.0,44100,bird,1.0
6,./kaggletest/egygoo/,XC716813.ogg,114.1019954648526,0,15.0,5.0,44100,bird,1.0
7,./kaggletest/egygoo/,XC716813.ogg,114.1019954648526,0,25.0,5.0,44100,bird,1.0
8,./kaggletest/egygoo/,XC716813.ogg,114.1019954648526,0,30.0,5.0,44100,bird,1.0
9,./kaggletest/egygoo/,XC716813.ogg,114.1019954648526,0,35.0,5.0,44100,bird,1.0
10,./kaggletest/egygoo/,XC716813.ogg,114.1019954648526,0,40.0,5.0,44100,bird,1.0
11,./kaggletest/egygoo/,XC716813.ogg,114.1019954648526,0,45.0,5.0,44100,bird,1.0
12,./kaggletest/egygoo/,XC716813.ogg,114.1019954648526,0,50.0,5.0,44100,bird,1.0
13,./kaggletest/egygoo/,XC716813.ogg,114.1019954648526,0,55.0,5.0,44100,bird,1.0
14,./kaggletest/egygoo/,XC716813.ogg,114.1019954648526,0,60.0,5.0,44100,bird,1.0
15,./kaggletest/egygoo/,XC716813.ogg,114.1019954648526,0,65.0,5.0,44100,bird,1.0
16,./kaggletest/egygoo/,XC716813.ogg,114.1019954648526,0,70.0,5.0,44100,bird,1.0
17,./kaggletest/egygoo/,XC716813.ogg,114.1019954648526,0,80.0,5.0,44100,bird,1.0
18,./kaggletest/egygoo/,XC716813.ogg,114.1019954648526,0,90.0,5.0,44100,bird,1.0
19,./kaggletest/egygoo/,XC716813.ogg,114.1019954648526,0,95.0,5.0,44100,bird,1.0
20,./kaggletest/egygoo/,XC716813.ogg,114.1019954648526,0,105.0,5.0,44100,bird,1.0
21,./kaggletest/egygoo/,XC474169.ogg,102.19102040816327,0,0.0,5.0,44100,bird,1.0
22,./kaggletest/egygoo/,XC474169.ogg,102.19102040816327,0,5.0,5.0,44100,bird,1.0
23,./kaggletest/egygoo/,XC474169.ogg,102.19102040816327,0,10.0,5.0,44100,bird,1.0
24,./kaggletest/egygoo/,XC474169.ogg,102.19102040816327,0,15.0,5.0,44100,bird,1.0
25,./kaggletest/egygoo/,XC474169.ogg,102.19102040816327,0,20.0,5.0,44100,bird,1.0
26,./kaggletest/egygoo/,XC474169.ogg,102.19102040816327,0,25.0,5.0,44100,bird,1.0
27,./kaggletest/egygoo/,XC474169.ogg,102.19102040816327,0,30.0,5.0,44100,bird,1.0
28,./kaggletest/egygoo/,XC474169.ogg,102.19102040816327,0,35.0,5.0,44100,bird,1.0
29,./kaggletest/egygoo/,XC474169.ogg,102.19102040816327,0,40.0,5.0,44100,bird,1.0
30,./kaggletest/egygoo/,XC474169.ogg,102.19102040816327,0,45.0,5.0,44100,bird,1.0
31,./kaggletest/egygoo/,XC474169.ogg,102.19102040816327,0,50.0,5.0,44100,bird,1.0
32,./kaggletest/egygoo/,XC474169.ogg,102.19102040816327,0,55.0,5.0,44100,bird,1.0
33,./kaggletest/egygoo/,XC474169.ogg,102.19102040816327,0,60.0,5.0,44100,bird,1.0
34,./kaggletest/egygoo/,XC474169.ogg,102.19102040816327,0,65.0,5.0,44100,bird,1.0
35,./kaggletest/egygoo/,XC474169.ogg,102.19102040816327,0,70.0,5.0,44100,bird,1.0
36,./kaggletest/egygoo/,XC474169.ogg,102.19102040816327,0,75.0,5.0,44100,bird,1.0
37,./kaggletest/egygoo/,XC474169.ogg,102.19102040816327,0,80.0,5.0,44100,bird,1.0
38,./kaggletest/egygoo/,XC474169.ogg,102.19102040816327,0,85.0,5.0,44100,bird,1.0
39,./kaggletest/egygoo/,XC474169.ogg,102.19102040816327,0,90.0,5.0,44100,bird,1.0
40,./kaggletest/egygoo/,XC474169.ogg,102.19102040816327,0,95.0,5.0,44100,bird,1.0
41,./kaggletest/egygoo/,XC284759.ogg,39.10530612244898,0,0.0,5.0,44100,bird,1.0
42,./kaggletest/egygoo/,XC284759.ogg,39.10530612244898,0,5.0,5.0,44100,bird,1.0
43,./kaggletest/egygoo/,XC284759.ogg,39.10530612244898,0,10.0,5.0,44100,bird,1.0
44,./kaggletest/egygoo/,XC284759.ogg,39.10530612244898,0,15.0,5.0,44100,bird,1.0
45,./kaggletest/egygoo/,XC284759.ogg,39.10530612244898,0,25.0,5.0,44100,bird,1.0
46,./kaggletest/egygoo/,XC284759.ogg,39.10530612244898,0,30.0,5.0,44100,bird,1.0
47,./kaggletest/egygoo/,XC638443.ogg,11.135986394557824,0,0.0,5.0,44100,bird,1.0
48,./kaggletest/egygoo/,XC638443.ogg,11.135986394557824,0,5.0,5.0,44100,bird,1.0
49,./kaggletest/egygoo/,XC496890.ogg,17.31918367346939,0,0.0,5.0,44100,bird,1.0
50,./kaggletest/egygoo/,XC496890.ogg,17.31918367346939,0,5.0,5.0,44100,bird,1.0
51,./kaggletest/egygoo/,XC496890.ogg,17.31918367346939,0,10.0,5.0,44100,bird,1.0
52,./kaggletest/egygoo/,XC445766.ogg,11.806984126984126,0,0.0,5.0,44100,bird,1.0
53,./kaggletest/egygoo/,XC445766.ogg,11.806984126984126,0,5.0,5.0,44100,bird,1.0
54,./kaggletest/egygoo/,XC498471.ogg,8.097959183673469,0,0.0,5.0,44100,bird,1.0
55,./kaggletest/egygoo/,XC205906.ogg,30.64160997732426,0,0.0,5.0,44100,bird,1.0
56,./kaggletest/egygoo/,XC205906.ogg,30.64160997732426,0,5.0,5.0,44100,bird,1.0
57,./kaggletest/egygoo/,XC205906.ogg,30.64160997732426,0,10.0,5.0,44100,bird,1.0
58,./kaggletest/egygoo/,XC205906.ogg,30.64160997732426,0,15.0,5.0,44100,bird,1.0
59,./kaggletest/egygoo/,XC205906.ogg,30.64160997732426,0,20.0,5.0,44100,bird,1.0
60,./kaggletest/egygoo/,XC205906.ogg,30.64160997732426,0,25.0,5.0,44100,bird,1.0
61,./kaggletest/egygoo/,XC460321.ogg,17.580385487528346,0,0.0,5.0,44100,bird,1.0
62,./kaggletest/egygoo/,XC460321.ogg,17.580385487528346,0,5.0,5.0,44100,bird,1.0
63,./kaggletest/egygoo/,XC460321.ogg,17.580385487528346,0,10.0,5.0,44100,bird,1.0
64,./kaggletest/egygoo/,XC499784.ogg,30.48,0,0.0,5.0,44100,bird,1.0
65,./kaggletest/egygoo/,XC499784.ogg,30.48,0,5.0,5.0,44100,bird,1.0
66,./kaggletest/egygoo/,XC499784.ogg,30.48,0,10.0,5.0,44100,bird,1.0
67,./kaggletest/egygoo/,XC499784.ogg,30.48,0,15.0,5.0,44100,bird,1.0
68,./kaggletest/egygoo/,XC499784.ogg,30.48,0,20.0,5.0,44100,bird,1.0
69,./kaggletest/egygoo/,XC666058.ogg,128.5919954648526,0,0.0,5.0,44100,bird,1.0
70,./kaggletest/egygoo/,XC666058.ogg,128.5919954648526,0,5.0,5.0,44100,bird,1.0
71,./kaggletest/egygoo/,XC666058.ogg,128.5919954648526,0,10.0,5.0,44100,bird,1.0
72,./kaggletest/egygoo/,XC666058.ogg,128.5919954648526,0,15.0,5.0,44100,bird,1.0
73,./kaggletest/egygoo/,XC666058.ogg,128.5919954648526,0,20.0,5.0,44100,bird,1.0
74,./kaggletest/egygoo/,XC666058.ogg,128.5919954648526,0,25.0,5.0,44100,bird,1.0
75,./kaggletest/egygoo/,XC666058.ogg,128.5919954648526,0,30.0,5.0,44100,bird,1.0
76,./kaggletest/egygoo/,XC666058.ogg,128.5919954648526,0,35.0,5.0,44100,bird,1.0
77,./kaggletest/egygoo/,XC666058.ogg,128.5919954648526,0,40.0,5.0,44100,bird,1.0
78,./kaggletest/egygoo/,XC666058.ogg,128.5919954648526,0,45.0,5.0,44100,bird,1.0
79,./kaggletest/egygoo/,XC666058.ogg,128.5919954648526,0,50.0,5.0,44100,bird,1.0
80,./kaggletest/egygoo/,XC666058.ogg,128.5919954648526,0,55.0,5.0,44100,bird,1.0
81,./kaggletest/egygoo/,XC666058.ogg,128.5919954648526,0,60.0,5.0,44100,bird,1.0
82,./kaggletest/egygoo/,XC666058.ogg,128.5919954648526,0,65.0,5.0,44100,bird,1.0
83,./kaggletest/egygoo/,XC666058.ogg,128.5919954648526,0,70.0,5.0,44100,bird,1.0
84,./kaggletest/egygoo/,XC666058.ogg,128.5919954648526,0,75.0,5.0,44100,bird,1.0
85,./kaggletest/egygoo/,XC666058.ogg,128.5919954648526,0,80.0,5.0,44100,bird,1.0
86,./kaggletest/egygoo/,XC666058.ogg,128.5919954648526,0,85.0,5.0,44100,bird,1.0
87,./kaggletest/egygoo/,XC666058.ogg,128.5919954648526,0,95.0,5.0,44100,bird,1.0
88,./kaggletest/egygoo/,XC666058.ogg,128.5919954648526,0,100.0,5.0,44100,bird,1.0
89,./kaggletest/egygoo/,XC666058.ogg,128.5919954648526,0,110.0,5.0,44100,bird,1.0
90,./kaggletest/egygoo/,XC666058.ogg,128.5919954648526,0,115.0,5.0,44100,bird,1.0
91,./kaggletest/egygoo/,XC666058.ogg,128.5919954648526,0,120.0,5.0,44100,bird,1.0
92,./kaggletest/egygoo/,XC703367.ogg,12.551995464852608,0,0.0,5.0,44100,bird,1.0
93,./kaggletest/egygoo/,XC703367.ogg,12.551995464852608,0,5.0,5.0,44100,bird,1.0
94,./kaggletest/egygoo/,XC505751.ogg,12.250997732426304,0,0.0,5.0,44100,bird,1.0
95,./kaggletest/egygoo/,XC505751.ogg,12.250997732426304,0,5.0,5.0,44100,bird,1.0
96,./kaggletest/egygoo/,XC419542.ogg,37.72079365079365,0,0.0,5.0,44100,bird,1.0
97,./kaggletest/egygoo/,XC419542.ogg,37.72079365079365,0,5.0,5.0,44100,bird,1.0
98,./kaggletest/egygoo/,XC419542.ogg,37.72079365079365,0,10.0,5.0,44100,bird,1.0
99,./kaggletest/egygoo/,XC419542.ogg,37.72079365079365,0,15.0,5.0,44100,bird,1.0
100,./kaggletest/egygoo/,XC419542.ogg,37.72079365079365,0,20.0,5.0,44100,bird,1.0
101,./kaggletest/egygoo/,XC419542.ogg,37.72079365079365,0,25.0,5.0,44100,bird,1.0
102,./kaggletest/egygoo/,XC419542.ogg,37.72079365079365,0,30.0,5.0,44100,bird,1.0
103,./kaggletest/egygoo/,XC342286.ogg,16.143673469387757,0,0.0,5.0,44100,bird,1.0
104,./kaggletest/egygoo/,XC342286.ogg,16.143673469387757,0,5.0,5.0,44100,bird,1.0
105,./kaggletest/egygoo/,XC342286.ogg,16.143673469387757,0,10.0,5.0,44100,bird,1.0
106,./kaggletest/egygoo/,XC437320.ogg,6.661201814058957,0,0.0,5.0,44100,bird,1.0
107,./kaggletest/egygoo/,XC604020.ogg,51.86399092970522,0,0.0,5.0,44100,bird,1.0
108,./kaggletest/egygoo/,XC604020.ogg,51.86399092970522,0,10.0,5.0,44100,bird,1.0
109,./kaggletest/egygoo/,XC604020.ogg,51.86399092970522,0,20.0,5.0,44100,bird,1.0
110,./kaggletest/egygoo/,XC604020.ogg,51.86399092970522,0,25.0,5.0,44100,bird,1.0
111,./kaggletest/egygoo/,XC604020.ogg,51.86399092970522,0,30.0,5.0,44100,bird,1.0
112,./kaggletest/egygoo/,XC604020.ogg,51.86399092970522,0,35.0,5.0,44100,bird,1.0
113,./kaggletest/egygoo/,XC604020.ogg,51.86399092970522,0,40.0,5.0,44100,bird,1.0
114,./kaggletest/egygoo/,XC604020.ogg,51.86399092970522,0,45.0,5.0,44100,bird,1.0
115,./kaggletest/egygoo/,XC212890.ogg,15.203242630385487,0,0.0,5.0,44100,bird,1.0
116,./kaggletest/egygoo/,XC212890.ogg,15.203242630385487,0,5.0,5.0,44100,bird,1.0
117,./kaggletest/egygoo/,XC212890.ogg,15.203242630385487,0,10.0,5.0,44100,bird,1.0
118,./kaggletest/egygoo/,XC384951.ogg,126.98399092970521,0,0.0,5.0,44100,bird,1.0
119,./kaggletest/egygoo/,XC384951.ogg,126.98399092970521,0,5.0,5.0,44100,bird,1.0
120,./kaggletest/egygoo/,XC384951.ogg,126.98399092970521,0,10.0,5.0,44100,bird,1.0
121,./kaggletest/egygoo/,XC384951.ogg,126.98399092970521,0,15.0,5.0,44100,bird,1.0
122,./kaggletest/egygoo/,XC384951.ogg,126.98399092970521,0,20.0,5.0,44100,bird,1.0
123,./kaggletest/egygoo/,XC384951.ogg,126.98399092970521,0,25.0,5.0,44100,bird,1.0
124,./kaggletest/egygoo/,XC384951.ogg,126.98399092970521,0,30.0,5.0,44100,bird,1.0
125,./kaggletest/egygoo/,XC384951.ogg,126.98399092970521,0,35.0,5.0,44100,bird,1.0
126,./kaggletest/egygoo/,XC384951.ogg,126.98399092970521,0,40.0,5.0,44100,bird,1.0
127,./kaggletest/egygoo/,XC384951.ogg,126.98399092970521,0,45.0,5.0,44100,bird,1.0
128,./kaggletest/egygoo/,XC384951.ogg,126.98399092970521,0,50.0,5.0,44100,bird,1.0
129,./kaggletest/egygoo/,XC384951.ogg,126.98399092970521,0,55.0,5.0,44100,bird,1.0
130,./kaggletest/egygoo/,XC384951.ogg,126.98399092970521,0,60.0,5.0,44100,bird,1.0
131,./kaggletest/egygoo/,XC384951.ogg,126.98399092970521,0,65.0,5.0,44100,bird,1.0
132,./kaggletest/egygoo/,XC384951.ogg,126.98399092970521,0,70.0,5.0,44100,bird,1.0
133,./kaggletest/egygoo/,XC384951.ogg,126.98399092970521,0,75.0,5.0,44100,bird,1.0
134,./kaggletest/egygoo/,XC384951.ogg,126.98399092970521,0,85.0,5.0,44100,bird,1.0
135,./kaggletest/egygoo/,XC384951.ogg,126.98399092970521,0,90.0,5.0,44100,bird,1.0
136,./kaggletest/egygoo/,XC384951.ogg,126.98399092970521,0,95.0,5.0,44100,bird,1.0
137,./kaggletest/egygoo/,XC384951.ogg,126.98399092970521,0,100.0,5.0,44100,bird,1.0
138,./kaggletest/egygoo/,XC384951.ogg,126.98399092970521,0,105.0,5.0,44100,bird,1.0
139,./kaggletest/egygoo/,XC384951.ogg,126.98399092970521,0,110.0,5.0,44100,bird,1.0
140,./kaggletest/egygoo/,XC384951.ogg,126.98399092970521,0,115.0,5.0,44100,bird,1.0
141,./kaggletest/egygoo/,XC384951.ogg,126.98399092970521,0,120.0,5.0,44100,bird,1.0
142,./kaggletest/egygoo/,XC463605.ogg,25.86120181405896,0,0.0,5.0,44100,bird,1.0
143,./kaggletest/egygoo/,XC463605.ogg,25.86120181405896,0,5.0,5.0,44100,bird,1.0
144,./kaggletest/egygoo/,XC463605.ogg,25.86120181405896,0,10.0,5.0,44100,bird,1.0
145,./kaggletest/egygoo/,XC463605.ogg,25.86120181405896,0,15.0,5.0,44100,bird,1.0
146,./kaggletest/egygoo/,XC463605.ogg,25.86120181405896,0,20.0,5.0,44100,bird,1.0
147,./kaggletest/egygoo/,XC463604.ogg,17.240793650793652,0,0.0,5.0,44100,bird,1.0
148,./kaggletest/egygoo/,XC463604.ogg,17.240793650793652,0,5.0,5.0,44100,bird,1.0
149,./kaggletest/egygoo/,XC463604.ogg,17.240793650793652,0,10.0,5.0,44100,bird,1.0
150,./kaggletest/egygoo/,XC663455.ogg,17.76,0,0.0,5.0,44100,bird,1.0
151,./kaggletest/egygoo/,XC491733.ogg,11.128140589569162,0,0.0,5.0,44100,bird,1.0
152,./kaggletest/egygoo/,XC491733.ogg,11.128140589569162,0,5.0,5.0,44100,bird,1.0
153,./kaggletest/egygoo/,XC659681.ogg,18.9,0,0.0,5.0,44100,bird,1.0
154,./kaggletest/egygoo/,XC659681.ogg,18.9,0,5.0,5.0,44100,bird,1.0
155,./kaggletest/egygoo/,XC659681.ogg,18.9,0,10.0,5.0,44100,bird,1.0
156,./kaggletest/egygoo/,XC424822.ogg,34.56,0,0.0,5.0,44100,bird,1.0
157,./kaggletest/egygoo/,XC424822.ogg,34.56,0,5.0,5.0,44100,bird,1.0
158,./kaggletest/egygoo/,XC424822.ogg,34.56,0,10.0,5.0,44100,bird,1.0
159,./kaggletest/egygoo/,XC424822.ogg,34.56,0,15.0,5.0,44100,bird,1.0
160,./kaggletest/egygoo/,XC424822.ogg,34.56,0,20.0,5.0,44100,bird,1.0
161,./kaggletest/egygoo/,XC424822.ogg,34.56,0,25.0,5.0,44100,bird,1.0
162,./kaggletest/egygoo/,XC604021.ogg,6.3119954648526075,0,0.0,5.0,44100,bird,1.0
163,./kaggletest/egygoo/,XC442794.ogg,24.96,0,0.0,5.0,44100,bird,1.0
164,./kaggletest/egygoo/,XC442794.ogg,24.96,0,5.0,5.0,44100,bird,1.0
165,./kaggletest/egygoo/,XC442794.ogg,24.96,0,10.0,5.0,44100,bird,1.0
166,./kaggletest/egygoo/,XC442794.ogg,24.96,0,15.0,5.0,44100,bird,1.0
167,./kaggletest/egygoo/,XC457038.ogg,84.11426303854876,0,0.0,5.0,44100,bird,1.0
168,./kaggletest/egygoo/,XC457038.ogg,84.11426303854876,0,5.0,5.0,44100,bird,1.0
169,./kaggletest/egygoo/,XC457038.ogg,84.11426303854876,0,10.0,5.0,44100,bird,1.0
170,./kaggletest/egygoo/,XC457038.ogg,84.11426303854876,0,15.0,5.0,44100,bird,1.0
171,./kaggletest/egygoo/,XC457038.ogg,84.11426303854876,0,25.0,5.0,44100,bird,1.0
172,./kaggletest/egygoo/,XC457038.ogg,84.11426303854876,0,30.0,5.0,44100,bird,1.0
173,./kaggletest/egygoo/,XC457038.ogg,84.11426303854876,0,35.0,5.0,44100,bird,1.0
174,./kaggletest/egygoo/,XC457038.ogg,84.11426303854876,0,40.0,5.0,44100,bird,1.0
175,./kaggletest/egygoo/,XC457038.ogg,84.11426303854876,0,45.0,5.0,44100,bird,1.0
176,./kaggletest/egygoo/,XC457038.ogg,84.11426303854876,0,50.0,5.0,44100,bird,1.0
177,./kaggletest/egygoo/,XC457038.ogg,84.11426303854876,0,55.0,5.0,44100,bird,1.0
178,./kaggletest/egygoo/,XC457038.ogg,84.11426303854876,0,60.0,5.0,44100,bird,1.0
179,./kaggletest/egygoo/,XC457038.ogg,84.11426303854876,0,65.0,5.0,44100,bird,1.0
180,./kaggletest/egygoo/,XC457038.ogg,84.11426303854876,0,70.0,5.0,44100,bird,1.0
181,./kaggletest/egygoo/,XC457038.ogg,84.11426303854876,0,75.0,5.0,44100,bird,1.0
182,./kaggletest/egygoo/,XC377171.ogg,53.707732426303856,0,0.0,5.0,44100,bird,1.0
183,./kaggletest/egygoo/,XC377171.ogg,53.707732426303856,0,5.0,5.0,44100,bird,1.0
184,./kaggletest/egygoo/,XC377171.ogg,53.707732426303856,0,10.0,5.0,44100,bird,1.0
185,./kaggletest/egygoo/,XC377171.ogg,53.707732426303856,0,15.0,5.0,44100,bird,1.0
186,./kaggletest/egygoo/,XC377171.ogg,53.707732426303856,0,20.0,5.0,44100,bird,1.0
187,./kaggletest/egygoo/,XC377171.ogg,53.707732426303856,0,25.0,5.0,44100,bird,1.0
188,./kaggletest/egygoo/,XC377171.ogg,53.707732426303856,0,30.0,5.0,44100,bird,1.0
189,./kaggletest/egygoo/,XC377171.ogg,53.707732426303856,0,35.0,5.0,44100,bird,1.0
190,./kaggletest/egygoo/,XC377171.ogg,53.707732426303856,0,40.0,5.0,44100,bird,1.0
191,./kaggletest/egygoo/,XC377171.ogg,53.707732426303856,0,45.0,5.0,44100,bird,1.0
192,./kaggletest/egygoo/,XC546108.ogg,9.585986394557823,0,0.0,5.0,44100,bird,1.0
193,./kaggletest/egygoo/,XC190791.ogg,11.650612244897959,0,0.0,5.0,44100,bird,1.0
194,./kaggletest/egygoo/,XC190791.ogg,11.650612244897959,0,5.0,5.0,44100,bird,1.0
195,./kaggletest/egygoo/,XC212892.ogg,25.91344671201814,0,0.0,5.0,44100,bird,1.0
196,./kaggletest/egygoo/,XC212892.ogg,25.91344671201814,0,5.0,5.0,44100,bird,1.0
197,./kaggletest/egygoo/,XC212892.ogg,25.91344671201814,0,10.0,5.0,44100,bird,1.0
198,./kaggletest/egygoo/,XC212892.ogg,25.91344671201814,0,15.0,5.0,44100,bird,1.0
199,./kaggletest/egygoo/,XC212892.ogg,25.91344671201814,0,20.0,5.0,44100,bird,1.0
200,./kaggletest/egygoo/,XC216809.ogg,46.49795918367347,0,0.0,5.0,44100,bird,1.0
201,./kaggletest/egygoo/,XC216809.ogg,46.49795918367347,0,5.0,5.0,44100,bird,1.0
202,./kaggletest/egygoo/,XC216809.ogg,46.49795918367347,0,10.0,5.0,44100,bird,1.0
203,./kaggletest/egygoo/,XC216809.ogg,46.49795918367347,0,15.0,5.0,44100,bird,1.0
204,./kaggletest/egygoo/,XC216809.ogg,46.49795918367347,0,20.0,5.0,44100,bird,1.0
205,./kaggletest/egygoo/,XC216809.ogg,46.49795918367347,0,25.0,5.0,44100,bird,1.0
206,./kaggletest/egygoo/,XC216809.ogg,46.49795918367347,0,30.0,5.0,44100,bird,1.0
207,./kaggletest/egygoo/,XC216809.ogg,46.49795918367347,0,35.0,5.0,44100,bird,1.0
208,./kaggletest/egygoo/,XC216809.ogg,46.49795918367347,0,40.0,5.0,44100,bird,1.0
209,./kaggletest/egygoo/,XC298003.ogg,8.52,0,0.0,5.0,44100,bird,1.0
210,./kaggletest/egygoo/,XC538950.ogg,16.61299319727891,0,0.0,5.0,44100,bird,1.0
211,./kaggletest/egygoo/,XC538950.ogg,16.61299319727891,0,5.0,5.0,44100,bird,1.0
212,./kaggletest/egygoo/,XC538950.ogg,16.61299319727891,0,10.0,5.0,44100,bird,1.0
213,./kaggletest/egygoo/,XC640834.ogg,56.345986394557826,0,0.0,5.0,44100,bird,1.0
214,./kaggletest/egygoo/,XC640834.ogg,56.345986394557826,0,5.0,5.0,44100,bird,1.0
215,./kaggletest/egygoo/,XC640834.ogg,56.345986394557826,0,10.0,5.0,44100,bird,1.0
216,./kaggletest/egygoo/,XC640834.ogg,56.345986394557826,0,15.0,5.0,44100,bird,1.0
217,./kaggletest/egygoo/,XC640834.ogg,56.345986394557826,0,20.0,5.0,44100,bird,1.0
218,./kaggletest/egygoo/,XC640834.ogg,56.345986394557826,0,25.0,5.0,44100,bird,1.0
219,./kaggletest/egygoo/,XC640834.ogg,56.345986394557826,0,30.0,5.0,44100,bird,1.0
220,./kaggletest/egygoo/,XC640834.ogg,56.345986394557826,0,35.0,5.0,44100,bird,1.0
221,./kaggletest/egygoo/,XC640834.ogg,56.345986394557826,0,40.0,5.0,44100,bird,1.0
222,./kaggletest/egygoo/,XC640834.ogg,56.345986394557826,0,45.0,5.0,44100,bird,1.0
223,./kaggletest/egygoo/,XC640834.ogg,56.345986394557826,0,50.0,5.0,44100,bird,1.0
224,./kaggletest/egygoo/,XC631954.ogg,16.967981859410433,0,0.0,5.0,44100,bird,1.0
225,./kaggletest/egygoo/,XC631954.ogg,16.967981859410433,0,5.0,5.0,44100,bird,1.0
226,./kaggletest/egygoo/,XC631954.ogg,16.967981859410433,0,10.0,5.0,44100,bird,1.0
227,./kaggletest/egygoo/,XC138295.ogg,11.728956916099774,0,0.0,5.0,44100,bird,1.0
228,./kaggletest/egygoo/,XC138295.ogg,11.728956916099774,0,5.0,5.0,44100,bird,1.0
229,./kaggletest/egygoo/,XC474526.ogg,27.454671201814058,0,0.0,5.0,44100,bird,1.0
230,./kaggletest/egygoo/,XC474526.ogg,27.454671201814058,0,5.0,5.0,44100,bird,1.0
231,./kaggletest/egygoo/,XC474526.ogg,27.454671201814058,0,10.0,5.0,44100,bird,1.0
232,./kaggletest/egygoo/,XC474526.ogg,27.454671201814058,0,15.0,5.0,44100,bird,1.0
233,./kaggletest/egygoo/,XC474526.ogg,27.454671201814058,0,20.0,5.0,44100,bird,1.0
234,./kaggletest/egygoo/,XC656474.ogg,32.495986394557825,0,0.0,5.0,44100,bird,1.0
235,./kaggletest/egygoo/,XC656474.ogg,32.495986394557825,0,5.0,5.0,44100,bird,1.0
236,./kaggletest/egygoo/,XC656474.ogg,32.495986394557825,0,10.0,5.0,44100,bird,1.0
237,./kaggletest/egygoo/,XC656474.ogg,32.495986394557825,0,15.0,5.0,44100,bird,1.0
238,./kaggletest/egygoo/,XC656474.ogg,32.495986394557825,0,20.0,5.0,44100,bird,1.0
239,./kaggletest/egygoo/,XC656474.ogg,32.495986394557825,0,25.0,5.0,44100,bird,1.0
240,./kaggletest/egygoo/,XC482892.ogg,18.383990929705217,0,5.0,5.0,44100,bird,1.0
241,./kaggletest/egygoo/,XC304933.ogg,12.329773242630386,0,0.0,5.0,44100,bird,1.0
242,./kaggletest/egygoo/,XC304933.ogg,12.329773242630386,0,5.0,5.0,44100,bird,1.0
243,./kaggletest/egygoo/,XC402102.ogg,23.536303854875282,0,0.0,5.0,44100,bird,1.0
244,./kaggletest/egygoo/,XC402102.ogg,23.536303854875282,0,5.0,5.0,44100,bird,1.0
245,./kaggletest/egygoo/,XC402102.ogg,23.536303854875282,0,10.0,5.0,44100,bird,1.0
246,./kaggletest/egygoo/,XC553832.ogg,19.92,0,0.0,5.0,44100,bird,1.0
247,./kaggletest/egygoo/,XC553832.ogg,19.92,0,5.0,5.0,44100,bird,1.0
248,./kaggletest/egygoo/,XC553832.ogg,19.92,0,10.0,5.0,44100,bird,1.0
249,./kaggletest/egygoo/,XC720325.ogg,41.76897959183673,0,0.0,5.0,44100,bird,1.0
250,./kaggletest/egygoo/,XC720325.ogg,41.76897959183673,0,5.0,5.0,44100,bird,1.0
251,./kaggletest/egygoo/,XC720325.ogg,41.76897959183673,0,10.0,5.0,44100,bird,1.0
252,./kaggletest/egygoo/,XC720325.ogg,41.76897959183673,0,15.0,5.0,44100,bird,1.0
253,./kaggletest/egygoo/,XC720325.ogg,41.76897959183673,0,20.0,5.0,44100,bird,1.0
254,./kaggletest/egygoo/,XC720325.ogg,41.76897959183673,0,25.0,5.0,44100,bird,1.0
255,./kaggletest/egygoo/,XC720325.ogg,41.76897959183673,0,30.0,5.0,44100,bird,1.0
256,./kaggletest/egygoo/,XC720325.ogg,41.76897959183673,0,35.0,5.0,44100,bird,1.0
257,./kaggletest/egygoo/,XC621832.ogg,38.21698412698413,0,0.0,5.0,44100,bird,1.0
258,./kaggletest/egygoo/,XC621832.ogg,38.21698412698413,0,5.0,5.0,44100,bird,1.0
259,./kaggletest/egygoo/,XC621832.ogg,38.21698412698413,0,10.0,5.0,44100,bird,1.0
260,./kaggletest/egygoo/,XC621832.ogg,38.21698412698413,0,15.0,5.0,44100,bird,1.0
261,./kaggletest/egygoo/,XC621832.ogg,38.21698412698413,0,20.0,5.0,44100,bird,1.0
262,./kaggletest/egygoo/,XC621832.ogg,38.21698412698413,0,25.0,5.0,44100,bird,1.0
263,./kaggletest/egygoo/,XC621832.ogg,38.21698412698413,0,30.0,5.0,44100,bird,1.0
264,./kaggletest/egygoo/,XC368579.ogg,14.855986394557823,0,0.0,5.0,44100,bird,1.0
265,./kaggletest/egygoo/,XC368579.ogg,14.855986394557823,0,5.0,5.0,44100,bird,1.0
266,./kaggletest/egygoo/,XC630297.ogg,12.851995464852608,0,0.0,5.0,44100,bird,1.0
267,./kaggletest/egygoo/,XC630297.ogg,12.851995464852608,0,5.0,5.0,44100,bird,1.0
268,./kaggletest/egygoo/,XC715981.ogg,10.47498866213152,0,0.0,5.0,44100,bird,1.0
269,./kaggletest/egygoo/,XC715981.ogg,10.47498866213152,0,5.0,5.0,44100,bird,1.0
270,./kaggletest/egygoo/,XC647988.ogg,21.99498866213152,0,0.0,5.0,44100,bird,1.0
271,./kaggletest/egygoo/,XC647988.ogg,21.99498866213152,0,5.0,5.0,44100,bird,1.0
272,./kaggletest/egygoo/,XC647988.ogg,21.99498866213152,0,10.0,5.0,44100,bird,1.0
273,./kaggletest/egygoo/,XC647988.ogg,21.99498866213152,0,15.0,5.0,44100,bird,1.0
274,./kaggletest/egygoo/,XC368578.ogg,12.40798185941043,0,0.0,5.0,44100,bird,1.0
275,./kaggletest/egygoo/,XC368578.ogg,12.40798185941043,0,5.0,5.0,44100,bird,1.0
276,./kaggletest/egygoo/,XC331380.ogg,81.84160997732427,0,0.0,5.0,44100,bird,1.0
277,./kaggletest/egygoo/,XC331380.ogg,81.84160997732427,0,5.0,5.0,44100,bird,1.0
278,./kaggletest/egygoo/,XC331380.ogg,81.84160997732427,0,10.0,5.0,44100,bird,1.0
279,./kaggletest/egygoo/,XC331380.ogg,81.84160997732427,0,15.0,5.0,44100,bird,1.0
280,./kaggletest/egygoo/,XC331380.ogg,81.84160997732427,0,20.0,5.0,44100,bird,1.0
281,./kaggletest/egygoo/,XC331380.ogg,81.84160997732427,0,25.0,5.0,44100,bird,1.0
282,./kaggletest/egygoo/,XC331380.ogg,81.84160997732427,0,30.0,5.0,44100,bird,1.0
283,./kaggletest/egygoo/,XC331380.ogg,81.84160997732427,0,35.0,5.0,44100,bird,1.0
284,./kaggletest/egygoo/,XC331380.ogg,81.84160997732427,0,40.0,5.0,44100,bird,1.0
285,./kaggletest/egygoo/,XC331380.ogg,81.84160997732427,0,45.0,5.0,44100,bird,1.0
286,./kaggletest/egygoo/,XC331380.ogg,81.84160997732427,0,50.0,5.0,44100,bird,1.0
287,./kaggletest/egygoo/,XC331380.ogg,81.84160997732427,0,55.0,5.0,44100,bird,1.0
288,./kaggletest/egygoo/,XC331380.ogg,81.84160997732427,0,60.0,5.0,44100,bird,1.0
289,./kaggletest/egygoo/,XC331380.ogg,81.84160997732427,0,65.0,5.0,44100,bird,1.0
290,./kaggletest/egygoo/,XC331380.ogg,81.84160997732427,0,70.0,5.0,44100,bird,1.0
291,./kaggletest/egygoo/,XC331380.ogg,81.84160997732427,0,75.0,5.0,44100,bird,1.0
292,./kaggletest/egygoo/,XC113364.ogg,8.777142857142858,0,0.0,5.0,44100,bird,1.0
293,./kaggletest/egygoo/,XC604523.ogg,19.172993197278913,0,0.0,5.0,44100,bird,1.0
294,./kaggletest/egygoo/,XC604523.ogg,19.172993197278913,0,5.0,5.0,44100,bird,1.0
295,./kaggletest/egygoo/,XC604523.ogg,19.172993197278913,0,10.0,5.0,44100,bird,1.0
296,./kaggletest/egygoo/,XC415860.ogg,41.14798185941043,0,0.0,5.0,44100,bird,1.0
297,./kaggletest/egygoo/,XC415860.ogg,41.14798185941043,0,5.0,5.0,44100,bird,1.0
298,./kaggletest/egygoo/,XC415860.ogg,41.14798185941043,0,10.0,5.0,44100,bird,1.0
299,./kaggletest/egygoo/,XC415860.ogg,41.14798185941043,0,15.0,5.0,44100,bird,1.0
300,./kaggletest/egygoo/,XC415860.ogg,41.14798185941043,0,25.0,5.0,44100,bird,1.0
301,./kaggletest/egygoo/,XC415860.ogg,41.14798185941043,0,30.0,5.0,44100,bird,1.0
302,./kaggletest/egygoo/,XC415860.ogg,41.14798185941043,0,35.0,5.0,44100,bird,1.0
303,./kaggletest/egygoo/,XC109700.ogg,142.91589569161,0,0.0,5.0,44100,bird,1.0
304,./kaggletest/egygoo/,XC109700.ogg,142.91589569161,0,5.0,5.0,44100,bird,1.0
305,./kaggletest/egygoo/,XC109700.ogg,142.91589569161,0,10.0,5.0,44100,bird,1.0
306,./kaggletest/egygoo/,XC109700.ogg,142.91589569161,0,15.0,5.0,44100,bird,1.0
307,./kaggletest/egygoo/,XC109700.ogg,142.91589569161,0,20.0,5.0,44100,bird,1.0
308,./kaggletest/egygoo/,XC109700.ogg,142.91589569161,0,25.0,5.0,44100,bird,1.0
309,./kaggletest/egygoo/,XC109700.ogg,142.91589569161,0,30.0,5.0,44100,bird,1.0
310,./kaggletest/egygoo/,XC109700.ogg,142.91589569161,0,35.0,5.0,44100,bird,1.0
311,./kaggletest/egygoo/,XC109700.ogg,142.91589569161,0,40.0,5.0,44100,bird,1.0
312,./kaggletest/egygoo/,XC109700.ogg,142.91589569161,0,45.0,5.0,44100,bird,1.0
313,./kaggletest/egygoo/,XC109700.ogg,142.91589569161,0,50.0,5.0,44100,bird,1.0
314,./kaggletest/egygoo/,XC109700.ogg,142.91589569161,0,55.0,5.0,44100,bird,1.0
315,./kaggletest/egygoo/,XC109700.ogg,142.91589569161,0,60.0,5.0,44100,bird,1.0
316,./kaggletest/egygoo/,XC109700.ogg,142.91589569161,0,65.0,5.0,44100,bird,1.0
317,./kaggletest/egygoo/,XC109700.ogg,142.91589569161,0,70.0,5.0,44100,bird,1.0
318,./kaggletest/egygoo/,XC109700.ogg,142.91589569161,0,75.0,5.0,44100,bird,1.0
319,./kaggletest/egygoo/,XC109700.ogg,142.91589569161,0,80.0,5.0,44100,bird,1.0
320,./kaggletest/egygoo/,XC109700.ogg,142.91589569161,0,85.0,5.0,44100,bird,1.0
321,./kaggletest/egygoo/,XC109700.ogg,142.91589569161,0,90.0,5.0,44100,bird,1.0
322,./kaggletest/egygoo/,XC109700.ogg,142.91589569161,0,95.0,5.0,44100,bird,1.0
323,./kaggletest/egygoo/,XC109700.ogg,142.91589569161,0,100.0,5.0,44100,bird,1.0
324,./kaggletest/egygoo/,XC109700.ogg,142.91589569161,0,105.0,5.0,44100,bird,1.0
325,./kaggletest/egygoo/,XC109700.ogg,142.91589569161,0,110.0,5.0,44100,bird,1.0
326,./kaggletest/egygoo/,XC109700.ogg,142.91589569161,0,115.0,5.0,44100,bird,1.0
327,./kaggletest/egygoo/,XC109700.ogg,142.91589569161,0,120.0,5.0,44100,bird,1.0
328,./kaggletest/egygoo/,XC109700.ogg,142.91589569161,0,125.0,5.0,44100,bird,1.0
329,./kaggletest/egygoo/,XC109700.ogg,142.91589569161,0,130.0,5.0,44100,bird,1.0
330,./kaggletest/egygoo/,XC735103.ogg,62.35199546485261,0,0.0,5.0,44100,bird,1.0
331,./kaggletest/egygoo/,XC735103.ogg,62.35199546485261,0,5.0,5.0,44100,bird,1.0
332,./kaggletest/egygoo/,XC735103.ogg,62.35199546485261,0,10.0,5.0,44100,bird,1.0
333,./kaggletest/egygoo/,XC735103.ogg,62.35199546485261,0,15.0,5.0,44100,bird,1.0
334,./kaggletest/egygoo/,XC735103.ogg,62.35199546485261,0,20.0,5.0,44100,bird,1.0
335,./kaggletest/egygoo/,XC735103.ogg,62.35199546485261,0,30.0,5.0,44100,bird,1.0
336,./kaggletest/egygoo/,XC735103.ogg,62.35199546485261,0,35.0,5.0,44100,bird,1.0
337,./kaggletest/egygoo/,XC735103.ogg,62.35199546485261,0,45.0,5.0,44100,bird,1.0
338,./kaggletest/egygoo/,XC735103.ogg,62.35199546485261,0,50.0,5.0,44100,bird,1.0
339,./kaggletest/egygoo/,XC735103.ogg,62.35199546485261,0,55.0,5.0,44100,bird,1.0
340,./kaggletest/egygoo/,XC700147.ogg,59.54399092970522,0,0.0,5.0,44100,bird,1.0
341,./kaggletest/egygoo/,XC700147.ogg,59.54399092970522,0,5.0,5.0,44100,bird,1.0
342,./kaggletest/egygoo/,XC700147.ogg,59.54399092970522,0,10.0,5.0,44100,bird,1.0
343,./kaggletest/egygoo/,XC700147.ogg,59.54399092970522,0,15.0,5.0,44100,bird,1.0
344,./kaggletest/egygoo/,XC700147.ogg,59.54399092970522,0,20.0,5.0,44100,bird,1.0
345,./kaggletest/egygoo/,XC700147.ogg,59.54399092970522,0,25.0,5.0,44100,bird,1.0
346,./kaggletest/egygoo/,XC700147.ogg,59.54399092970522,0,30.0,5.0,44100,bird,1.0
347,./kaggletest/egygoo/,XC700147.ogg,59.54399092970522,0,35.0,5.0,44100,bird,1.0
348,./kaggletest/egygoo/,XC700147.ogg,59.54399092970522,0,40.0,5.0,44100,bird,1.0
349,./kaggletest/egygoo/,XC700147.ogg,59.54399092970522,0,45.0,5.0,44100,bird,1.0
350,./kaggletest/egygoo/,XC700147.ogg,59.54399092970522,0,50.0,5.0,44100,bird,1.0
351,./kaggletest/egygoo/,XC734037.ogg,5.485714285714286,0,0.0,5.0,44100,bird,1.0
352,./kaggletest/egygoo/,XC380758.ogg,23.823673469387757,0,0.0,5.0,44100,bird,1.0
353,./kaggletest/egygoo/,XC380758.ogg,23.823673469387757,0,5.0,5.0,44100,bird,1.0
354,./kaggletest/egygoo/,XC380758.ogg,23.823673469387757,0,10.0,5.0,44100,bird,1.0
355,./kaggletest/egygoo/,XC380758.ogg,23.823673469387757,0,15.0,5.0,44100,bird,1.0
356,./kaggletest/egygoo/,XC370118.ogg,14.419591836734694,0,0.0,5.0,44100,bird,1.0
357,./kaggletest/egygoo/,XC370118.ogg,14.419591836734694,0,5.0,5.0,44100,bird,1.0
358,./kaggletest/egygoo/,XC315025.ogg,27.983990929705215,0,0.0,5.0,44100,bird,1.0
359,./kaggletest/egygoo/,XC315025.ogg,27.983990929705215,0,5.0,5.0,44100,bird,1.0
360,./kaggletest/egygoo/,XC315025.ogg,27.983990929705215,0,10.0,5.0,44100,bird,1.0
361,./kaggletest/egygoo/,XC315025.ogg,27.983990929705215,0,15.0,5.0,44100,bird,1.0
362,./kaggletest/egygoo/,XC315025.ogg,27.983990929705215,0,20.0,5.0,44100,bird,1.0
363,./kaggletest/egygoo/,XC631953.ogg,19.92,0,0.0,5.0,44100,bird,1.0
364,./kaggletest/egygoo/,XC631953.ogg,19.92,0,5.0,5.0,44100,bird,1.0
365,./kaggletest/egygoo/,XC631953.ogg,19.92,0,10.0,5.0,44100,bird,1.0
366,./kaggletest/egygoo/,XC695767.ogg,16.666122448979593,0,0.0,5.0,44100,bird,1.0
367,./kaggletest/egygoo/,XC695767.ogg,16.666122448979593,0,5.0,5.0,44100,bird,1.0
368,./kaggletest/egygoo/,XC695767.ogg,16.666122448979593,0,10.0,5.0,44100,bird,1.0
369,./kaggletest/egygoo/,XC592059.ogg,85.6029931972789,0,0.0,5.0,44100,bird,1.0
370,./kaggletest/egygoo/,XC592059.ogg,85.6029931972789,0,5.0,5.0,44100,bird,1.0
371,./kaggletest/egygoo/,XC592059.ogg,85.6029931972789,0,10.0,5.0,44100,bird,1.0
372,./kaggletest/egygoo/,XC592059.ogg,85.6029931972789,0,15.0,5.0,44100,bird,1.0
373,./kaggletest/egygoo/,XC592059.ogg,85.6029931972789,0,20.0,5.0,44100,bird,1.0
374,./kaggletest/egygoo/,XC592059.ogg,85.6029931972789,0,25.0,5.0,44100,bird,1.0
375,./kaggletest/egygoo/,XC592059.ogg,85.6029931972789,0,30.0,5.0,44100,bird,1.0
376,./kaggletest/egygoo/,XC592059.ogg,85.6029931972789,0,35.0,5.0,44100,bird,1.0
377,./kaggletest/egygoo/,XC592059.ogg,85.6029931972789,0,40.0,5.0,44100,bird,1.0
378,./kaggletest/egygoo/,XC592059.ogg,85.6029931972789,0,45.0,5.0,44100,bird,1.0
379,./kaggletest/egygoo/,XC592059.ogg,85.6029931972789,0,50.0,5.0,44100,bird,1.0
380,./kaggletest/egygoo/,XC592059.ogg,85.6029931972789,0,55.0,5.0,44100,bird,1.0
381,./kaggletest/egygoo/,XC592059.ogg,85.6029931972789,0,60.0,5.0,44100,bird,1.0
382,./kaggletest/egygoo/,XC592059.ogg,85.6029931972789,0,65.0,5.0,44100,bird,1.0
383,./kaggletest/egygoo/,XC592059.ogg,85.6029931972789,0,70.0,5.0,44100,bird,1.0
384,./kaggletest/egygoo/,XC592059.ogg,85.6029931972789,0,75.0,5.0,44100,bird,1.0
385,./kaggletest/egygoo/,XC592059.ogg,85.6029931972789,0,80.0,5.0,44100,bird,1.0
386,./kaggletest/egygoo/,XC695771.ogg,10.057142857142857,0,5.0,5.0,44100,bird,1.0
387,./kaggletest/egygoo/,XC631951.ogg,502.6319954648526,0,0.0,5.0,44100,bird,1.0
388,./kaggletest/egygoo/,XC631951.ogg,502.6319954648526,0,5.0,5.0,44100,bird,1.0
389,./kaggletest/egygoo/,XC631951.ogg,502.6319954648526,0,10.0,5.0,44100,bird,1.0
390,./kaggletest/egygoo/,XC631951.ogg,502.6319954648526,0,15.0,5.0,44100,bird,1.0
391,./kaggletest/egygoo/,XC631951.ogg,502.6319954648526,0,20.0,5.0,44100,bird,1.0
392,./kaggletest/egygoo/,XC631951.ogg,502.6319954648526,0,25.0,5.0,44100,bird,1.0
393,./kaggletest/egygoo/,XC631951.ogg,502.6319954648526,0,30.0,5.0,44100,bird,1.0
394,./kaggletest/egygoo/,XC631951.ogg,502.6319954648526,0,35.0,5.0,44100,bird,1.0
395,./kaggletest/egygoo/,XC631951.ogg,502.6319954648526,0,40.0,5.0,44100,bird,1.0
396,./kaggletest/egygoo/,XC631951.ogg,502.6319954648526,0,45.0,5.0,44100,bird,1.0
397,./kaggletest/egygoo/,XC631951.ogg,502.6319954648526,0,50.0,5.0,44100,bird,1.0
398,./kaggletest/egygoo/,XC631951.ogg,502.6319954648526,0,55.0,5.0,44100,bird,1.0
399,./kaggletest/egygoo/,XC631951.ogg,502.6319954648526,0,60.0,5.0,44100,bird,1.0
400,./kaggletest/egygoo/,XC631951.ogg,502.6319954648526,0,65.0,5.0,44100,bird,1.0
401,./kaggletest/egygoo/,XC631951.ogg,502.6319954648526,0,70.0,5.0,44100,bird,1.0
402,./kaggletest/egygoo/,XC631951.ogg,502.6319954648526,0,75.0,5.0,44100,bird,1.0
403,./kaggletest/egygoo/,XC631951.ogg,502.6319954648526,0,80.0,5.0,44100,bird,1.0
404,./kaggletest/egygoo/,XC631951.ogg,502.6319954648526,0,85.0,5.0,44100,bird,1.0
405,./kaggletest/egygoo/,XC631951.ogg,502.6319954648526,0,90.0,5.0,44100,bird,1.0
406,./kaggletest/egygoo/,XC631951.ogg,502.6319954648526,0,95.0,5.0,44100,bird,1.0
407,./kaggletest/egygoo/,XC631951.ogg,502.6319954648526,0,100.0,5.0,44100,bird,1.0
408,./kaggletest/egygoo/,XC631951.ogg,502.6319954648526,0,105.0,5.0,44100,bird,1.0
409,./kaggletest/egygoo/,XC631951.ogg,502.6319954648526,0,110.0,5.0,44100,bird,1.0
410,./kaggletest/egygoo/,XC631951.ogg,502.6319954648526,0,115.0,5.0,44100,bird,1.0
411,./kaggletest/egygoo/,XC631951.ogg,502.6319954648526,0,120.0,5.0,44100,bird,1.0
412,./kaggletest/egygoo/,XC631951.ogg,502.6319954648526,0,125.0,5.0,44100,bird,1.0
413,./kaggletest/egygoo/,XC631951.ogg,502.6319954648526,0,130.0,5.0,44100,bird,1.0
414,./kaggletest/egygoo/,XC631951.ogg,502.6319954648526,0,135.0,5.0,44100,bird,1.0
415,./kaggletest/egygoo/,XC631951.ogg,502.6319954648526,0,140.0,5.0,44100,bird,1.0
416,./kaggletest/egygoo/,XC631951.ogg,502.6319954648526,0,145.0,5.0,44100,bird,1.0
417,./kaggletest/egygoo/,XC631951.ogg,502.6319954648526,0,150.0,5.0,44100,bird,1.0
418,./kaggletest/egygoo/,XC631951.ogg,502.6319954648526,0,155.0,5.0,44100,bird,1.0
419,./kaggletest/egygoo/,XC631951.ogg,502.6319954648526,0,160.0,5.0,44100,bird,1.0
420,./kaggletest/egygoo/,XC631951.ogg,502.6319954648526,0,165.0,5.0,44100,bird,1.0
421,./kaggletest/egygoo/,XC631951.ogg,502.6319954648526,0,170.0,5.0,44100,bird,1.0
422,./kaggletest/egygoo/,XC631951.ogg,502.6319954648526,0,175.0,5.0,44100,bird,1.0
423,./kaggletest/egygoo/,XC631951.ogg,502.6319954648526,0,180.0,5.0,44100,bird,1.0
424,./kaggletest/egygoo/,XC631951.ogg,502.6319954648526,0,185.0,5.0,44100,bird,1.0
425,./kaggletest/egygoo/,XC631951.ogg,502.6319954648526,0,190.0,5.0,44100,bird,1.0
426,./kaggletest/egygoo/,XC631951.ogg,502.6319954648526,0,195.0,5.0,44100,bird,1.0
427,./kaggletest/egygoo/,XC631951.ogg,502.6319954648526,0,200.0,5.0,44100,bird,1.0
428,./kaggletest/egygoo/,XC631951.ogg,502.6319954648526,0,205.0,5.0,44100,bird,1.0
429,./kaggletest/egygoo/,XC631951.ogg,502.6319954648526,0,210.0,5.0,44100,bird,1.0
430,./kaggletest/egygoo/,XC631951.ogg,502.6319954648526,0,215.0,5.0,44100,bird,1.0
431,./kaggletest/egygoo/,XC631951.ogg,502.6319954648526,0,220.0,5.0,44100,bird,1.0
432,./kaggletest/egygoo/,XC631951.ogg,502.6319954648526,0,225.0,5.0,44100,bird,1.0
433,./kaggletest/egygoo/,XC631951.ogg,502.6319954648526,0,230.0,5.0,44100,bird,1.0
434,./kaggletest/egygoo/,XC631951.ogg,502.6319954648526,0,235.0,5.0,44100,bird,1.0
435,./kaggletest/egygoo/,XC631951.ogg,502.6319954648526,0,245.0,5.0,44100,bird,1.0
436,./kaggletest/egygoo/,XC631951.ogg,502.6319954648526,0,250.0,5.0,44100,bird,1.0
437,./kaggletest/egygoo/,XC631951.ogg,502.6319954648526,0,255.0,5.0,44100,bird,1.0
438,./kaggletest/egygoo/,XC631951.ogg,502.6319954648526,0,260.0,5.0,44100,bird,1.0
439,./kaggletest/egygoo/,XC631951.ogg,502.6319954648526,0,265.0,5.0,44100,bird,1.0
440,./kaggletest/egygoo/,XC631951.ogg,502.6319954648526,0,270.0,5.0,44100,bird,1.0
441,./kaggletest/egygoo/,XC631951.ogg,502.6319954648526,0,280.0,5.0,44100,bird,1.0
442,./kaggletest/egygoo/,XC631951.ogg,502.6319954648526,0,285.0,5.0,44100,bird,1.0
443,./kaggletest/egygoo/,XC631951.ogg,502.6319954648526,0,290.0,5.0,44100,bird,1.0
444,./kaggletest/egygoo/,XC631951.ogg,502.6319954648526,0,295.0,5.0,44100,bird,1.0
445,./kaggletest/egygoo/,XC631951.ogg,502.6319954648526,0,300.0,5.0,44100,bird,1.0
446,./kaggletest/egygoo/,XC631951.ogg,502.6319954648526,0,305.0,5.0,44100,bird,1.0
447,./kaggletest/egygoo/,XC631951.ogg,502.6319954648526,0,310.0,5.0,44100,bird,1.0
448,./kaggletest/egygoo/,XC631951.ogg,502.6319954648526,0,315.0,5.0,44100,bird,1.0
449,./kaggletest/egygoo/,XC631951.ogg,502.6319954648526,0,320.0,5.0,44100,bird,1.0
450,./kaggletest/egygoo/,XC631951.ogg,502.6319954648526,0,325.0,5.0,44100,bird,1.0
451,./kaggletest/egygoo/,XC631951.ogg,502.6319954648526,0,330.0,5.0,44100,bird,1.0
452,./kaggletest/egygoo/,XC631951.ogg,502.6319954648526,0,335.0,5.0,44100,bird,1.0
453,./kaggletest/egygoo/,XC631951.ogg,502.6319954648526,0,340.0,5.0,44100,bird,1.0
454,./kaggletest/egygoo/,XC631951.ogg,502.6319954648526,0,345.0,5.0,44100,bird,1.0
455,./kaggletest/egygoo/,XC631951.ogg,502.6319954648526,0,350.0,5.0,44100,bird,1.0
456,./kaggletest/egygoo/,XC631951.ogg,502.6319954648526,0,355.0,5.0,44100,bird,1.0
457,./kaggletest/egygoo/,XC631951.ogg,502.6319954648526,0,360.0,5.0,44100,bird,1.0
458,./kaggletest/egygoo/,XC631951.ogg,502.6319954648526,0,365.0,5.0,44100,bird,1.0
459,./kaggletest/egygoo/,XC631951.ogg,502.6319954648526,0,370.0,5.0,44100,bird,1.0
460,./kaggletest/egygoo/,XC631951.ogg,502.6319954648526,0,375.0,5.0,44100,bird,1.0
461,./kaggletest/egygoo/,XC631951.ogg,502.6319954648526,0,380.0,5.0,44100,bird,1.0
462,./kaggletest/egygoo/,XC631951.ogg,502.6319954648526,0,385.0,5.0,44100,bird,1.0
463,./kaggletest/egygoo/,XC631951.ogg,502.6319954648526,0,390.0,5.0,44100,bird,1.0
464,./kaggletest/egygoo/,XC631951.ogg,502.6319954648526,0,395.0,5.0,44100,bird,1.0
465,./kaggletest/egygoo/,XC631951.ogg,502.6319954648526,0,400.0,5.0,44100,bird,1.0
466,./kaggletest/egygoo/,XC631951.ogg,502.6319954648526,0,405.0,5.0,44100,bird,1.0
467,./kaggletest/egygoo/,XC631951.ogg,502.6319954648526,0,410.0,5.0,44100,bird,1.0
468,./kaggletest/egygoo/,XC631951.ogg,502.6319954648526,0,415.0,5.0,44100,bird,1.0
469,./kaggletest/egygoo/,XC631951.ogg,502.6319954648526,0,420.0,5.0,44100,bird,1.0
470,./kaggletest/egygoo/,XC631951.ogg,502.6319954648526,0,425.0,5.0,44100,bird,1.0
471,./kaggletest/egygoo/,XC631951.ogg,502.6319954648526,0,430.0,5.0,44100,bird,1.0
472,./kaggletest/egygoo/,XC631951.ogg,502.6319954648526,0,435.0,5.0,44100,bird,1.0
473,./kaggletest/egygoo/,XC631951.ogg,502.6319954648526,0,440.0,5.0,44100,bird,1.0
474,./kaggletest/egygoo/,XC631951.ogg,502.6319954648526,0,445.0,5.0,44100,bird,1.0
475,./kaggletest/egygoo/,XC631951.ogg,502.6319954648526,0,450.0,5.0,44100,bird,1.0
476,./kaggletest/egygoo/,XC631951.ogg,502.6319954648526,0,455.0,5.0,44100,bird,1.0
477,./kaggletest/egygoo/,XC631951.ogg,502.6319954648526,0,460.0,5.0,44100,bird,1.0
478,./kaggletest/egygoo/,XC631951.ogg,502.6319954648526,0,465.0,5.0,44100,bird,1.0
479,./kaggletest/egygoo/,XC631951.ogg,502.6319954648526,0,475.0,5.0,44100,bird,1.0
480,./kaggletest/egygoo/,XC631951.ogg,502.6319954648526,0,480.0,5.0,44100,bird,1.0
481,./kaggletest/egygoo/,XC631951.ogg,502.6319954648526,0,490.0,5.0,44100,bird,1.0
482,./kaggletest/egygoo/,XC631951.ogg,502.6319954648526,0,495.0,5.0,44100,bird,1.0
483,./kaggletest/egygoo/,XC590302.ogg,7.784489795918367,0,0.0,5.0,44100,bird,1.0
484,./kaggletest/egygoo/,XC620525.ogg,17.81498866213152,0,0.0,5.0,44100,bird,1.0
485,./kaggletest/egygoo/,XC620525.ogg,17.81498866213152,0,5.0,5.0,44100,bird,1.0
486,./kaggletest/egygoo/,XC620525.ogg,17.81498866213152,0,10.0,5.0,44100,bird,1.0
487,./kaggletest/egygoo/,XC331379.ogg,36.70201814058957,0,0.0,5.0,44100,bird,1.0
488,./kaggletest/egygoo/,XC331379.ogg,36.70201814058957,0,5.0,5.0,44100,bird,1.0
489,./kaggletest/egygoo/,XC331379.ogg,36.70201814058957,0,10.0,5.0,44100,bird,1.0
490,./kaggletest/egygoo/,XC331379.ogg,36.70201814058957,0,15.0,5.0,44100,bird,1.0
491,./kaggletest/egygoo/,XC331379.ogg,36.70201814058957,0,20.0,5.0,44100,bird,1.0
492,./kaggletest/egygoo/,XC331379.ogg,36.70201814058957,0,25.0,5.0,44100,bird,1.0
493,./kaggletest/egygoo/,XC331379.ogg,36.70201814058957,0,30.0,5.0,44100,bird,1.0
494,./kaggletest/egygoo/,XC645357.ogg,67.8719954648526,0,0.0,5.0,44100,bird,1.0
495,./kaggletest/egygoo/,XC645357.ogg,67.8719954648526,0,5.0,5.0,44100,bird,1.0
496,./kaggletest/egygoo/,XC645357.ogg,67.8719954648526,0,10.0,5.0,44100,bird,1.0
497,./kaggletest/egygoo/,XC645357.ogg,67.8719954648526,0,15.0,5.0,44100,bird,1.0
498,./kaggletest/egygoo/,XC645357.ogg,67.8719954648526,0,20.0,5.0,44100,bird,1.0
499,./kaggletest/egygoo/,XC645357.ogg,67.8719954648526,0,25.0,5.0,44100,bird,1.0
500,./kaggletest/egygoo/,XC645357.ogg,67.8719954648526,0,30.0,5.0,44100,bird,1.0
501,./kaggletest/egygoo/,XC645357.ogg,67.8719954648526,0,35.0,5.0,44100,bird,1.0
502,./kaggletest/egygoo/,XC645357.ogg,67.8719954648526,0,40.0,5.0,44100,bird,1.0
503,./kaggletest/egygoo/,XC645357.ogg,67.8719954648526,0,45.0,5.0,44100,bird,1.0
504,./kaggletest/egygoo/,XC645357.ogg,67.8719954648526,0,50.0,5.0,44100,bird,1.0
505,./kaggletest/egygoo/,XC645357.ogg,67.8719954648526,0,55.0,5.0,44100,bird,1.0
506,./kaggletest/egygoo/,XC645357.ogg,67.8719954648526,0,60.0,5.0,44100,bird,1.0
507,./kaggletest/egygoo/,XC544797.ogg,30.772244897959183,0,0.0,5.0,44100,bird,1.0
508,./kaggletest/egygoo/,XC544797.ogg,30.772244897959183,0,5.0,5.0,44100,bird,1.0
509,./kaggletest/egygoo/,XC544797.ogg,30.772244897959183,0,10.0,5.0,44100,bird,1.0
510,./kaggletest/egygoo/,XC544797.ogg,30.772244897959183,0,15.0,5.0,44100,bird,1.0
511,./kaggletest/egygoo/,XC544797.ogg,30.772244897959183,0,20.0,5.0,44100,bird,1.0
512,./kaggletest/egygoo/,XC544797.ogg,30.772244897959183,0,25.0,5.0,44100,bird,1.0
513,./kaggletest/egygoo/,XC750160.ogg,88.03199546485261,0,35.0,5.0,44100,bird,1.0
514,./kaggletest/egygoo/,XC695770.ogg,10.396734693877551,0,0.0,5.0,44100,bird,1.0
515,./kaggletest/egygoo/,XC56501.ogg,7.000793650793651,0,0.0,5.0,44100,bird,1.0
516,./kaggletest/egygoo/,XC217210.ogg,10.007981859410432,0,0.0,5.0,44100,bird,1.0
517,./kaggletest/egygoo/,XC217210.ogg,10.007981859410432,0,5.0,5.0,44100,bird,1.0
518,./kaggletest/egygoo/,XC695769.ogg,22.64814058956916,0,0.0,5.0,44100,bird,1.0
519,./kaggletest/egygoo/,XC695769.ogg,22.64814058956916,0,5.0,5.0,44100,bird,1.0
520,./kaggletest/egygoo/,XC695769.ogg,22.64814058956916,0,10.0,5.0,44100,bird,1.0
521,./kaggletest/egygoo/,XC695769.ogg,22.64814058956916,0,15.0,5.0,44100,bird,1.0
522,./kaggletest/egygoo/,XC633019.ogg,30.79798185941043,0,25.0,5.0,44100,bird,1.0
523,./kaggletest/egygoo/,XC453769.ogg,9.038367346938776,0,0.0,5.0,44100,bird,1.0
524,./kaggletest/egygoo/,XC455084.ogg,5.694671201814059,0,0.0,5.0,44100,bird,1.0
525,./kaggletest/egygoo/,XC695768.ogg,52.767324263038546,0,5.0,5.0,44100,bird,1.0
526,./kaggletest/egygoo/,XC695768.ogg,52.767324263038546,0,10.0,5.0,44100,bird,1.0
527,./kaggletest/egygoo/,XC695768.ogg,52.767324263038546,0,15.0,5.0,44100,bird,1.0
528,./kaggletest/egygoo/,XC695768.ogg,52.767324263038546,0,20.0,5.0,44100,bird,1.0
529,./kaggletest/egygoo/,XC695768.ogg,52.767324263038546,0,45.0,5.0,44100,bird,1.0
530,./kaggletest/egygoo/,XC426281.ogg,23.901995464852607,0,0.0,5.0,44100,bird,1.0
531,./kaggletest/egygoo/,XC426281.ogg,23.901995464852607,0,5.0,5.0,44100,bird,1.0
532,./kaggletest/egygoo/,XC426281.ogg,23.901995464852607,0,10.0,5.0,44100,bird,1.0
533,./kaggletest/egygoo/,XC426281.ogg,23.901995464852607,0,15.0,5.0,44100,bird,1.0
534,./kaggletest/egygoo/,XC268612.ogg,16.00798185941043,0,0.0,5.0,44100,bird,1.0
535,./kaggletest/egygoo/,XC268612.ogg,16.00798185941043,0,5.0,5.0,44100,bird,1.0
536,./kaggletest/egygoo/,XC268612.ogg,16.00798185941043,0,10.0,5.0,44100,bird,1.0
537,./kaggletest/egygoo/,XC692549.ogg,15.48,0,0.0,5.0,44100,bird,1.0
538,./kaggletest/egygoo/,XC692549.ogg,15.48,0,5.0,5.0,44100,bird,1.0
539,./kaggletest/egygoo/,XC692549.ogg,15.48,0,10.0,5.0,44100,bird,1.0
540,./kaggletest/egygoo/,XC530959.ogg,21.053990929705215,0,0.0,5.0,44100,bird,1.0
541,./kaggletest/egygoo/,XC530959.ogg,21.053990929705215,0,5.0,5.0,44100,bird,1.0
542,./kaggletest/egygoo/,XC530959.ogg,21.053990929705215,0,10.0,5.0,44100,bird,1.0
543,./kaggletest/egygoo/,XC530959.ogg,21.053990929705215,0,15.0,5.0,44100,bird,1.0
544,./kaggletest/egygoo/,XC402519.ogg,16.06530612244898,0,0.0,5.0,44100,bird,1.0
545,./kaggletest/egygoo/,XC402519.ogg,16.06530612244898,0,5.0,5.0,44100,bird,1.0
546,./kaggletest/egygoo/,XC402519.ogg,16.06530612244898,0,10.0,5.0,44100,bird,1.0
547,./kaggletest/egygoo/,XC315564.ogg,35.97598639455782,0,0.0,5.0,44100,bird,1.0
548,./kaggletest/egygoo/,XC315564.ogg,35.97598639455782,0,5.0,5.0,44100,bird,1.0
549,./kaggletest/egygoo/,XC315564.ogg,35.97598639455782,0,10.0,5.0,44100,bird,1.0
550,./kaggletest/egygoo/,XC315564.ogg,35.97598639455782,0,15.0,5.0,44100,bird,1.0
551,./kaggletest/egygoo/,XC315564.ogg,35.97598639455782,0,20.0,5.0,44100,bird,1.0
552,./kaggletest/egygoo/,XC315564.ogg,35.97598639455782,0,25.0,5.0,44100,bird,1.0
553,./kaggletest/egygoo/,XC538134.ogg,6.2693650793650795,0,0.0,5.0,44100,bird,1.0
554,./kaggletest/egygoo/,XC402518.ogg,41.16895691609977,0,0.0,5.0,44100,bird,1.0
555,./kaggletest/egygoo/,XC402518.ogg,41.16895691609977,0,5.0,5.0,44100,bird,1.0
556,./kaggletest/egygoo/,XC402518.ogg,41.16895691609977,0,10.0,5.0,44100,bird,1.0
557,./kaggletest/egygoo/,XC402518.ogg,41.16895691609977,0,15.0,5.0,44100,bird,1.0
558,./kaggletest/egygoo/,XC402518.ogg,41.16895691609977,0,20.0,5.0,44100,bird,1.0
559,./kaggletest/egygoo/,XC402518.ogg,41.16895691609977,0,25.0,5.0,44100,bird,1.0
560,./kaggletest/egygoo/,XC402518.ogg,41.16895691609977,0,30.0,5.0,44100,bird,1.0
561,./kaggletest/egygoo/,XC402518.ogg,41.16895691609977,0,35.0,5.0,44100,bird,1.0
562,./kaggletest/egygoo/,XC615235.ogg,38.37299319727891,0,0.0,5.0,44100,bird,1.0
563,./kaggletest/egygoo/,XC615235.ogg,38.37299319727891,0,5.0,5.0,44100,bird,1.0
564,./kaggletest/egygoo/,XC615235.ogg,38.37299319727891,0,10.0,5.0,44100,bird,1.0
565,./kaggletest/egygoo/,XC615235.ogg,38.37299319727891,0,15.0,5.0,44100,bird,1.0
566,./kaggletest/egygoo/,XC615235.ogg,38.37299319727891,0,20.0,5.0,44100,bird,1.0
567,./kaggletest/egygoo/,XC615235.ogg,38.37299319727891,0,25.0,5.0,44100,bird,1.0
568,./kaggletest/egygoo/,XC615235.ogg,38.37299319727891,0,30.0,5.0,44100,bird,1.0
569,./kaggletest/egygoo/,XC688289.ogg,5.59,0,0.0,5.0,44100,bird,1.0
570,./kaggletest/egygoo/,XC382999.ogg,42.94530612244898,0,0.0,5.0,44100,bird,1.0
571,./kaggletest/egygoo/,XC382999.ogg,42.94530612244898,0,5.0,5.0,44100,bird,1.0
572,./kaggletest/egygoo/,XC382999.ogg,42.94530612244898,0,10.0,5.0,44100,bird,1.0
573,./kaggletest/egygoo/,XC382999.ogg,42.94530612244898,0,15.0,5.0,44100,bird,1.0
574,./kaggletest/egygoo/,XC382999.ogg,42.94530612244898,0,20.0,5.0,44100,bird,1.0
575,./kaggletest/egygoo/,XC382999.ogg,42.94530612244898,0,25.0,5.0,44100,bird,1.0
576,./kaggletest/egygoo/,XC382999.ogg,42.94530612244898,0,30.0,5.0,44100,bird,1.0
577,./kaggletest/egygoo/,XC382999.ogg,42.94530612244898,0,35.0,5.0,44100,bird,1.0
578,./kaggletest/egygoo/,XC530960.ogg,14.68,0,0.0,5.0,44100,bird,1.0
579,./kaggletest/egygoo/,XC530960.ogg,14.68,0,5.0,5.0,44100,bird,1.0
580,./kaggletest/egygoo/,XC505703.ogg,11.572244897959184,0,0.0,5.0,44100,bird,1.0
581,./kaggletest/egygoo/,XC505703.ogg,11.572244897959184,0,5.0,5.0,44100,bird,1.0
582,./kaggletest/egygoo/,XC699960.ogg,7.340385487528344,0,0.0,5.0,44100,bird,1.0
583,./kaggletest/egygoo/,XC402520.ogg,5.642426303854875,0,0.0,5.0,44100,bird,1.0
584,./kaggletest/egygoo/,XC315549.ogg,110.54399092970522,0,0.0,5.0,44100,bird,1.0
585,./kaggletest/egygoo/,XC315549.ogg,110.54399092970522,0,5.0,5.0,44100,bird,1.0
586,./kaggletest/egygoo/,XC315549.ogg,110.54399092970522,0,15.0,5.0,44100,bird,1.0
587,./kaggletest/egygoo/,XC315549.ogg,110.54399092970522,0,20.0,5.0,44100,bird,1.0
588,./kaggletest/egygoo/,XC315549.ogg,110.54399092970522,0,30.0,5.0,44100,bird,1.0
589,./kaggletest/egygoo/,XC315549.ogg,110.54399092970522,0,40.0,5.0,44100,bird,1.0
590,./kaggletest/egygoo/,XC315549.ogg,110.54399092970522,0,50.0,5.0,44100,bird,1.0
591,./kaggletest/egygoo/,XC315549.ogg,110.54399092970522,0,55.0,5.0,44100,bird,1.0
592,./kaggletest/egygoo/,XC315549.ogg,110.54399092970522,0,60.0,5.0,44100,bird,1.0
593,./kaggletest/egygoo/,XC315549.ogg,110.54399092970522,0,70.0,5.0,44100,bird,1.0
594,./kaggletest/egygoo/,XC315549.ogg,110.54399092970522,0,75.0,5.0,44100,bird,1.0
595,./kaggletest/egygoo/,XC315549.ogg,110.54399092970522,0,80.0,5.0,44100,bird,1.0
596,./kaggletest/egygoo/,XC315549.ogg,110.54399092970522,0,90.0,5.0,44100,bird,1.0
597,./kaggletest/egygoo/,XC315549.ogg,110.54399092970522,0,95.0,5.0,44100,bird,1.0
598,./kaggletest/egygoo/,XC315549.ogg,110.54399092970522,0,100.0,5.0,44100,bird,1.0
599,./kaggletest/egygoo/,XC315549.ogg,110.54399092970522,0,105.0,5.0,44100,bird,1.0
600,./kaggletest/egygoo/,XC128857.ogg,25.943990929705215,0,0.0,5.0,44100,bird,1.0
601,./kaggletest/egygoo/,XC128857.ogg,25.943990929705215,0,5.0,5.0,44100,bird,1.0
602,./kaggletest/egygoo/,XC128857.ogg,25.943990929705215,0,10.0,5.0,44100,bird,1.0
603,./kaggletest/egygoo/,XC128857.ogg,25.943990929705215,0,15.0,5.0,44100,bird,1.0
604,./kaggletest/egygoo/,XC128857.ogg,25.943990929705215,0,20.0,5.0,44100,bird,1.0
605,./kaggletest/egygoo/,XC528135.ogg,29.88408163265306,0,10.0,5.0,44100,bird,1.0
606,./kaggletest/egygoo/,XC528135.ogg,29.88408163265306,0,15.0,5.0,44100,bird,1.0
607,./kaggletest/egygoo/,XC319831.ogg,7.915079365079365,0,0.0,5.0,44100,bird,1.0
608,./kaggletest/egygoo/,XC512518.ogg,43.3109977324263,0,0.0,5.0,44100,bird,1.0
609,./kaggletest/egygoo/,XC512518.ogg,43.3109977324263,0,5.0,5.0,44100,bird,1.0
610,./kaggletest/egygoo/,XC512518.ogg,43.3109977324263,0,10.0,5.0,44100,bird,1.0
611,./kaggletest/egygoo/,XC512518.ogg,43.3109977324263,0,15.0,5.0,44100,bird,1.0
612,./kaggletest/egygoo/,XC512518.ogg,43.3109977324263,0,20.0,5.0,44100,bird,1.0
613,./kaggletest/egygoo/,XC512518.ogg,43.3109977324263,0,25.0,5.0,44100,bird,1.0
614,./kaggletest/egygoo/,XC512518.ogg,43.3109977324263,0,30.0,5.0,44100,bird,1.0
615,./kaggletest/egygoo/,XC512518.ogg,43.3109977324263,0,35.0,5.0,44100,bird,1.0
616,./kaggletest/egygoo/,XC434285.ogg,25.860997732426306,0,0.0,5.0,44100,bird,1.0
617,./kaggletest/egygoo/,XC434285.ogg,25.860997732426306,0,5.0,5.0,44100,bird,1.0
618,./kaggletest/egygoo/,XC434285.ogg,25.860997732426306,0,10.0,5.0,44100,bird,1.0
619,./kaggletest/egygoo/,XC434285.ogg,25.860997732426306,0,15.0,5.0,44100,bird,1.0
620,./kaggletest/egygoo/,XC434285.ogg,25.860997732426306,0,20.0,5.0,44100,bird,1.0
621,./kaggletest/egygoo/,XC735096.ogg,70.96798185941043,0,0.0,5.0,44100,bird,1.0
622,./kaggletest/egygoo/,XC735096.ogg,70.96798185941043,0,5.0,5.0,44100,bird,1.0
623,./kaggletest/egygoo/,XC735096.ogg,70.96798185941043,0,10.0,5.0,44100,bird,1.0
624,./kaggletest/egygoo/,XC735096.ogg,70.96798185941043,0,15.0,5.0,44100,bird,1.0
625,./kaggletest/egygoo/,XC735096.ogg,70.96798185941043,0,20.0,5.0,44100,bird,1.0
626,./kaggletest/egygoo/,XC735096.ogg,70.96798185941043,0,25.0,5.0,44100,bird,1.0
627,./kaggletest/egygoo/,XC735096.ogg,70.96798185941043,0,30.0,5.0,44100,bird,1.0
628,./kaggletest/egygoo/,XC735096.ogg,70.96798185941043,0,35.0,5.0,44100,bird,1.0
629,./kaggletest/egygoo/,XC735096.ogg,70.96798185941043,0,40.0,5.0,44100,bird,1.0
630,./kaggletest/egygoo/,XC735096.ogg,70.96798185941043,0,45.0,5.0,44100,bird,1.0
631,./kaggletest/egygoo/,XC735096.ogg,70.96798185941043,0,50.0,5.0,44100,bird,1.0
632,./kaggletest/egygoo/,XC735096.ogg,70.96798185941043,0,55.0,5.0,44100,bird,1.0
633,./kaggletest/egygoo/,XC735096.ogg,70.96798185941043,0,60.0,5.0,44100,bird,1.0
634,./kaggletest/egygoo/,XC735096.ogg,70.96798185941043,0,65.0,5.0,44100,bird,1.0
635,./kaggletest/egygoo/,XC358927.ogg,29.88408163265306,0,10.0,5.0,44100,bird,1.0
636,./kaggletest/egygoo/,XC358927.ogg,29.88408163265306,0,15.0,5.0,44100,bird,1.0
637,./kaggletest/egygoo/,XC678747.ogg,7.966984126984127,0,0.0,5.0,44100,bird,1.0
638,./kaggletest/egygoo/,XC586186.ogg,25.18201814058957,0,0.0,5.0,44100,bird,1.0
639,./kaggletest/egygoo/,XC586186.ogg,25.18201814058957,0,5.0,5.0,44100,bird,1.0
640,./kaggletest/egygoo/,XC586186.ogg,25.18201814058957,0,10.0,5.0,44100,bird,1.0
641,./kaggletest/egygoo/,XC586186.ogg,25.18201814058957,0,15.0,5.0,44100,bird,1.0
642,./kaggletest/egygoo/,XC586186.ogg,25.18201814058957,0,20.0,5.0,44100,bird,1.0
643,./kaggletest/egygoo/,XC491809.ogg,20.897959183673468,0,0.0,5.0,44100,bird,1.0
644,./kaggletest/egygoo/,XC491809.ogg,20.897959183673468,0,5.0,5.0,44100,bird,1.0
645,./kaggletest/egygoo/,XC491809.ogg,20.897959183673468,0,10.0,5.0,44100,bird,1.0
646,./kaggletest/egygoo/,XC491809.ogg,20.897959183673468,0,15.0,5.0,44100,bird,1.0
647,./kaggletest/egygoo/,XC528136.ogg,58.04408163265306,0,5.0,5.0,44100,bird,1.0
648,./kaggletest/egygoo/,XC528136.ogg,58.04408163265306,0,10.0,5.0,44100,bird,1.0
649,./kaggletest/egygoo/,XC528136.ogg,58.04408163265306,0,15.0,5.0,44100,bird,1.0
650,./kaggletest/egygoo/,XC528136.ogg,58.04408163265306,0,20.0,5.0,44100,bird,1.0
651,./kaggletest/egygoo/,XC528136.ogg,58.04408163265306,0,25.0,5.0,44100,bird,1.0
652,./kaggletest/egygoo/,XC528136.ogg,58.04408163265306,0,30.0,5.0,44100,bird,1.0
653,./kaggletest/egygoo/,XC528136.ogg,58.04408163265306,0,35.0,5.0,44100,bird,1.0
654,./kaggletest/egygoo/,XC528136.ogg,58.04408163265306,0,40.0,5.0,44100,bird,1.0
655,./kaggletest/egygoo/,XC528136.ogg,58.04408163265306,0,45.0,5.0,44100,bird,1.0
656,./kaggletest/egygoo/,XC575580.ogg,31.398979591836735,0,0.0,5.0,44100,bird,1.0
657,./kaggletest/egygoo/,XC575580.ogg,31.398979591836735,0,5.0,5.0,44100,bird,1.0
658,./kaggletest/egygoo/,XC575580.ogg,31.398979591836735,0,10.0,5.0,44100,bird,1.0
659,./kaggletest/egygoo/,XC575580.ogg,31.398979591836735,0,15.0,5.0,44100,bird,1.0
660,./kaggletest/egygoo/,XC575580.ogg,31.398979591836735,0,20.0,5.0,44100,bird,1.0
661,./kaggletest/egygoo/,XC575580.ogg,31.398979591836735,0,25.0,5.0,44100,bird,1.0
662,./kaggletest/egygoo/,XC305663.ogg,10.391995464852608,0,0.0,5.0,44100,bird,1.0
663,./kaggletest/egygoo/,XC305663.ogg,10.391995464852608,0,5.0,5.0,44100,bird,1.0
664,./kaggletest/egygoo/,XC672422.ogg,25.468979591836735,0,0.0,5.0,44100,bird,1.0
665,./kaggletest/egygoo/,XC672422.ogg,25.468979591836735,0,5.0,5.0,44100,bird,1.0
666,./kaggletest/egygoo/,XC672422.ogg,25.468979591836735,0,10.0,5.0,44100,bird,1.0
667,./kaggletest/egygoo/,XC672422.ogg,25.468979591836735,0,15.0,5.0,44100,bird,1.0
668,./kaggletest/egygoo/,XC672422.ogg,25.468979591836735,0,20.0,5.0,44100,bird,1.0
669,./kaggletest/egygoo/,XC126200.ogg,37.04160997732426,0,0.0,5.0,44100,bird,1.0
670,./kaggletest/egygoo/,XC126200.ogg,37.04160997732426,0,5.0,5.0,44100,bird,1.0
671,./kaggletest/egygoo/,XC126200.ogg,37.04160997732426,0,10.0,5.0,44100,bird,1.0
672,./kaggletest/egygoo/,XC126200.ogg,37.04160997732426,0,15.0,5.0,44100,bird,1.0
673,./kaggletest/egygoo/,XC126200.ogg,37.04160997732426,0,20.0,5.0,44100,bird,1.0
674,./kaggletest/egygoo/,XC126200.ogg,37.04160997732426,0,25.0,5.0,44100,bird,1.0
675,./kaggletest/egygoo/,XC126200.ogg,37.04160997732426,0,30.0,5.0,44100,bird,1.0
676,./kaggletest/egygoo/,XC195342.ogg,58.35755102040817,0,0.0,5.0,44100,bird,1.0
677,./kaggletest/egygoo/,XC195342.ogg,58.35755102040817,0,5.0,5.0,44100,bird,1.0
678,./kaggletest/egygoo/,XC195342.ogg,58.35755102040817,0,10.0,5.0,44100,bird,1.0
679,./kaggletest/egygoo/,XC195342.ogg,58.35755102040817,0,15.0,5.0,44100,bird,1.0
680,./kaggletest/egygoo/,XC195342.ogg,58.35755102040817,0,20.0,5.0,44100,bird,1.0
681,./kaggletest/egygoo/,XC195342.ogg,58.35755102040817,0,25.0,5.0,44100,bird,1.0
682,./kaggletest/egygoo/,XC195342.ogg,58.35755102040817,0,30.0,5.0,44100,bird,1.0
683,./kaggletest/egygoo/,XC195342.ogg,58.35755102040817,0,35.0,5.0,44100,bird,1.0
684,./kaggletest/egygoo/,XC195342.ogg,58.35755102040817,0,40.0,5.0,44100,bird,1.0
685,./kaggletest/egygoo/,XC195342.ogg,58.35755102040817,0,45.0,5.0,44100,bird,1.0
686,./kaggletest/egygoo/,XC195342.ogg,58.35755102040817,0,50.0,5.0,44100,bird,1.0
687,./kaggletest/egygoo/,XC131609.ogg,7.079183673469387,0,0.0,5.0,44100,bird,1.0
688,./kaggletest/egygoo/,XC585946.ogg,6.581995464852608,0,0.0,5.0,44100,bird,1.0
689,./kaggletest/egygoo/,XC412347.ogg,7.511995464852608,0,0.0,5.0,44100,bird,1.0
690,./kaggletest/egygoo/,XC126201.ogg,11.728956916099774,0,0.0,5.0,44100,bird,1.0
691,./kaggletest/egygoo/,XC126201.ogg,11.728956916099774,0,5.0,5.0,44100,bird,1.0
692,./kaggletest/egygoo/,XC239825.ogg,22.987732426303854,0,0.0,5.0,44100,bird,1.0
693,./kaggletest/egygoo/,XC239825.ogg,22.987732426303854,0,5.0,5.0,44100,bird,1.0
694,./kaggletest/egygoo/,XC239825.ogg,22.987732426303854,0,10.0,5.0,44100,bird,1.0
695,./kaggletest/egygoo/,XC239825.ogg,22.987732426303854,0,15.0,5.0,44100,bird,1.0
696,./kaggletest/egygoo/,XC566822.ogg,22.830997732426304,0,0.0,5.0,44100,bird,1.0
697,./kaggletest/egygoo/,XC566822.ogg,22.830997732426304,0,5.0,5.0,44100,bird,1.0
698,./kaggletest/egygoo/,XC566822.ogg,22.830997732426304,0,10.0,5.0,44100,bird,1.0
699,./kaggletest/egygoo/,XC566822.ogg,22.830997732426304,0,15.0,5.0,44100,bird,1.0
700,./kaggletest/egygoo/,XC613342.ogg,90.6709977324263,0,0.0,5.0,44100,bird,1.0
701,./kaggletest/egygoo/,XC613342.ogg,90.6709977324263,0,5.0,5.0,44100,bird,1.0
702,./kaggletest/egygoo/,XC613342.ogg,90.6709977324263,0,10.0,5.0,44100,bird,1.0
703,./kaggletest/egygoo/,XC613342.ogg,90.6709977324263,0,15.0,5.0,44100,bird,1.0
704,./kaggletest/egygoo/,XC613342.ogg,90.6709977324263,0,20.0,5.0,44100,bird,1.0
705,./kaggletest/egygoo/,XC613342.ogg,90.6709977324263,0,25.0,5.0,44100,bird,1.0
706,./kaggletest/egygoo/,XC613342.ogg,90.6709977324263,0,30.0,5.0,44100,bird,1.0
707,./kaggletest/egygoo/,XC613342.ogg,90.6709977324263,0,35.0,5.0,44100,bird,1.0
708,./kaggletest/egygoo/,XC613342.ogg,90.6709977324263,0,40.0,5.0,44100,bird,1.0
709,./kaggletest/egygoo/,XC613342.ogg,90.6709977324263,0,45.0,5.0,44100,bird,1.0
710,./kaggletest/egygoo/,XC613342.ogg,90.6709977324263,0,50.0,5.0,44100,bird,1.0
711,./kaggletest/egygoo/,XC613342.ogg,90.6709977324263,0,55.0,5.0,44100,bird,1.0
712,./kaggletest/egygoo/,XC613342.ogg,90.6709977324263,0,60.0,5.0,44100,bird,1.0
713,./kaggletest/egygoo/,XC613342.ogg,90.6709977324263,0,65.0,5.0,44100,bird,1.0
714,./kaggletest/egygoo/,XC613342.ogg,90.6709977324263,0,70.0,5.0,44100,bird,1.0
715,./kaggletest/egygoo/,XC613342.ogg,90.6709977324263,0,75.0,5.0,44100,bird,1.0
716,./kaggletest/egygoo/,XC613342.ogg,90.6709977324263,0,80.0,5.0,44100,bird,1.0
717,./kaggletest/egygoo/,XC613342.ogg,90.6709977324263,0,85.0,5.0,44100,bird,1.0
718,./kaggletest/egygoo/,XC720762.ogg,126.40798185941043,0,0.0,5.0,44100,bird,1.0
719,./kaggletest/egygoo/,XC720762.ogg,126.40798185941043,0,5.0,5.0,44100,bird,1.0
720,./kaggletest/egygoo/,XC720762.ogg,126.40798185941043,0,10.0,5.0,44100,bird,1.0
721,./kaggletest/egygoo/,XC720762.ogg,126.40798185941043,0,15.0,5.0,44100,bird,1.0
722,./kaggletest/egygoo/,XC720762.ogg,126.40798185941043,0,20.0,5.0,44100,bird,1.0
723,./kaggletest/egygoo/,XC720762.ogg,126.40798185941043,0,25.0,5.0,44100,bird,1.0
724,./kaggletest/egygoo/,XC720762.ogg,126.40798185941043,0,35.0,5.0,44100,bird,1.0
725,./kaggletest/egygoo/,XC720762.ogg,126.40798185941043,0,40.0,5.0,44100,bird,1.0
726,./kaggletest/egygoo/,XC720762.ogg,126.40798185941043,0,45.0,5.0,44100,bird,1.0
727,./kaggletest/egygoo/,XC720762.ogg,126.40798185941043,0,50.0,5.0,44100,bird,1.0
728,./kaggletest/egygoo/,XC720762.ogg,126.40798185941043,0,55.0,5.0,44100,bird,1.0
729,./kaggletest/egygoo/,XC720762.ogg,126.40798185941043,0,60.0,5.0,44100,bird,1.0
730,./kaggletest/egygoo/,XC720762.ogg,126.40798185941043,0,65.0,5.0,44100,bird,1.0
731,./kaggletest/egygoo/,XC720762.ogg,126.40798185941043,0,70.0,5.0,44100,bird,1.0
732,./kaggletest/egygoo/,XC720762.ogg,126.40798185941043,0,75.0,5.0,44100,bird,1.0
733,./kaggletest/egygoo/,XC720762.ogg,126.40798185941043,0,80.0,5.0,44100,bird,1.0
734,./kaggletest/egygoo/,XC720762.ogg,126.40798185941043,0,85.0,5.0,44100,bird,1.0
735,./kaggletest/egygoo/,XC720762.ogg,126.40798185941043,0,90.0,5.0,44100,bird,1.0
736,./kaggletest/egygoo/,XC720762.ogg,126.40798185941043,0,95.0,5.0,44100,bird,1.0
737,./kaggletest/egygoo/,XC720762.ogg,126.40798185941043,0,100.0,5.0,44100,bird,1.0
738,./kaggletest/egygoo/,XC720762.ogg,126.40798185941043,0,105.0,5.0,44100,bird,1.0
739,./kaggletest/egygoo/,XC720762.ogg,126.40798185941043,0,110.0,5.0,44100,bird,1.0
740,./kaggletest/egygoo/,XC720762.ogg,126.40798185941043,0,115.0,5.0,44100,bird,1.0
741,./kaggletest/egygoo/,XC720762.ogg,126.40798185941043,0,120.0,5.0,44100,bird,1.0
742,./kaggletest/egygoo/,XC126202.ogg,10.579591836734695,0,0.0,5.0,44100,bird,1.0
743,./kaggletest/egygoo/,XC126202.ogg,10.579591836734695,0,5.0,5.0,44100,bird,1.0
744,./kaggletest/egygoo/,XC424184.ogg,20.92408163265306,0,0.0,5.0,44100,bird,1.0
745,./kaggletest/egygoo/,XC424184.ogg,20.92408163265306,0,5.0,5.0,44100,bird,1.0
746,./kaggletest/egygoo/,XC424184.ogg,20.92408163265306,0,10.0,5.0,44100,bird,1.0
747,./kaggletest/egygoo/,XC424184.ogg,20.92408163265306,0,15.0,5.0,44100,bird,1.0
748,./kaggletest/egygoo/,XC550407.ogg,7.0,0,0.0,5.0,44100,bird,1.0
749,./kaggletest/egygoo/,XC208157.ogg,106.75199546485261,0,0.0,5.0,44100,bird,1.0
750,./kaggletest/egygoo/,XC208157.ogg,106.75199546485261,0,5.0,5.0,44100,bird,1.0
751,./kaggletest/egygoo/,XC208157.ogg,106.75199546485261,0,10.0,5.0,44100,bird,1.0
752,./kaggletest/egygoo/,XC208157.ogg,106.75199546485261,0,15.0,5.0,44100,bird,1.0
753,./kaggletest/egygoo/,XC208157.ogg,106.75199546485261,0,20.0,5.0,44100,bird,1.0
754,./kaggletest/egygoo/,XC208157.ogg,106.75199546485261,0,25.0,5.0,44100,bird,1.0
755,./kaggletest/egygoo/,XC208157.ogg,106.75199546485261,0,30.0,5.0,44100,bird,1.0
756,./kaggletest/egygoo/,XC208157.ogg,106.75199546485261,0,35.0,5.0,44100,bird,1.0
757,./kaggletest/egygoo/,XC208157.ogg,106.75199546485261,0,40.0,5.0,44100,bird,1.0
758,./kaggletest/egygoo/,XC208157.ogg,106.75199546485261,0,45.0,5.0,44100,bird,1.0
759,./kaggletest/egygoo/,XC208157.ogg,106.75199546485261,0,50.0,5.0,44100,bird,1.0
760,./kaggletest/egygoo/,XC208157.ogg,106.75199546485261,0,55.0,5.0,44100,bird,1.0
761,./kaggletest/egygoo/,XC208157.ogg,106.75199546485261,0,60.0,5.0,44100,bird,1.0
762,./kaggletest/egygoo/,XC208157.ogg,106.75199546485261,0,65.0,5.0,44100,bird,1.0
763,./kaggletest/egygoo/,XC208157.ogg,106.75199546485261,0,70.0,5.0,44100,bird,1.0
764,./kaggletest/egygoo/,XC208157.ogg,106.75199546485261,0,75.0,5.0,44100,bird,1.0
765,./kaggletest/egygoo/,XC208157.ogg,106.75199546485261,0,80.0,5.0,44100,bird,1.0
766,./kaggletest/egygoo/,XC208157.ogg,106.75199546485261,0,85.0,5.0,44100,bird,1.0
767,./kaggletest/egygoo/,XC208157.ogg,106.75199546485261,0,90.0,5.0,44100,bird,1.0
768,./kaggletest/egygoo/,XC208157.ogg,106.75199546485261,0,95.0,5.0,44100,bird,1.0
769,./kaggletest/egygoo/,XC208157.ogg,106.75199546485261,0,100.0,5.0,44100,bird,1.0
770,./kaggletest/egygoo/,XC696985.ogg,12.983990929705216,0,0.0,5.0,44100,bird,1.0
771,./kaggletest/egygoo/,XC696985.ogg,12.983990929705216,0,5.0,5.0,44100,bird,1.0
772,./kaggletest/egygoo/,XC489216.ogg,53.78399092970522,0,0.0,5.0,44100,bird,1.0
773,./kaggletest/egygoo/,XC489216.ogg,53.78399092970522,0,5.0,5.0,44100,bird,1.0
774,./kaggletest/egygoo/,XC489216.ogg,53.78399092970522,0,10.0,5.0,44100,bird,1.0
775,./kaggletest/egygoo/,XC489216.ogg,53.78399092970522,0,15.0,5.0,44100,bird,1.0
776,./kaggletest/egygoo/,XC489216.ogg,53.78399092970522,0,30.0,5.0,44100,bird,1.0
777,./kaggletest/egygoo/,XC489216.ogg,53.78399092970522,0,35.0,5.0,44100,bird,1.0
778,./kaggletest/egygoo/,XC489216.ogg,53.78399092970522,0,40.0,5.0,44100,bird,1.0
779,./kaggletest/egygoo/,XC489216.ogg,53.78399092970522,0,45.0,5.0,44100,bird,1.0
780,./kaggletest/egygoo/,XC617646.ogg,15.96,0,0.0,5.0,44100,bird,1.0
781,./kaggletest/egygoo/,XC617646.ogg,15.96,0,5.0,5.0,44100,bird,1.0
782,./kaggletest/egygoo/,XC617646.ogg,15.96,0,10.0,5.0,44100,bird,1.0
783,./kaggletest/egygoo/,XC206033.ogg,15.595079365079364,0,0.0,5.0,44100,bird,1.0
784,./kaggletest/egygoo/,XC206033.ogg,15.595079365079364,0,5.0,5.0,44100,bird,1.0
785,./kaggletest/egygoo/,XC206033.ogg,15.595079365079364,0,10.0,5.0,44100,bird,1.0
786,./kaggletest/egygoo/,XC731913.ogg,74.5919954648526,0,0.0,5.0,44100,bird,1.0
787,./kaggletest/egygoo/,XC731913.ogg,74.5919954648526,0,5.0,5.0,44100,bird,1.0
788,./kaggletest/egygoo/,XC731913.ogg,74.5919954648526,0,15.0,5.0,44100,bird,1.0
789,./kaggletest/egygoo/,XC731913.ogg,74.5919954648526,0,20.0,5.0,44100,bird,1.0
790,./kaggletest/egygoo/,XC731913.ogg,74.5919954648526,0,25.0,5.0,44100,bird,1.0
791,./kaggletest/egygoo/,XC731913.ogg,74.5919954648526,0,30.0,5.0,44100,bird,1.0
792,./kaggletest/egygoo/,XC731913.ogg,74.5919954648526,0,35.0,5.0,44100,bird,1.0
793,./kaggletest/egygoo/,XC731913.ogg,74.5919954648526,0,40.0,5.0,44100,bird,1.0
794,./kaggletest/egygoo/,XC731913.ogg,74.5919954648526,0,50.0,5.0,44100,bird,1.0
795,./kaggletest/egygoo/,XC731913.ogg,74.5919954648526,0,55.0,5.0,44100,bird,1.0
796,./kaggletest/egygoo/,XC731913.ogg,74.5919954648526,0,65.0,5.0,44100,bird,1.0
797,./kaggletest/egygoo/,XC619053.ogg,25.6,0,15.0,5.0,44100,bird,1.0
798,./kaggletest/egygoo/,XC696992.ogg,16.56,0,0.0,5.0,44100,bird,1.0
799,./kaggletest/egygoo/,XC696992.ogg,16.56,0,5.0,5.0,44100,bird,1.0
800,./kaggletest/egygoo/,XC696992.ogg,16.56,0,10.0,5.0,44100,bird,1.0
801,./kaggletest/egygoo/,XC489215.ogg,47.59199546485261,0,0.0,5.0,44100,bird,1.0
802,./kaggletest/egygoo/,XC489215.ogg,47.59199546485261,0,5.0,5.0,44100,bird,1.0
803,./kaggletest/egygoo/,XC489215.ogg,47.59199546485261,0,10.0,5.0,44100,bird,1.0
804,./kaggletest/egygoo/,XC489215.ogg,47.59199546485261,0,15.0,5.0,44100,bird,1.0
805,./kaggletest/egygoo/,XC489215.ogg,47.59199546485261,0,20.0,5.0,44100,bird,1.0
806,./kaggletest/egygoo/,XC489215.ogg,47.59199546485261,0,25.0,5.0,44100,bird,1.0
807,./kaggletest/egygoo/,XC489215.ogg,47.59199546485261,0,30.0,5.0,44100,bird,1.0
808,./kaggletest/egygoo/,XC489215.ogg,47.59199546485261,0,35.0,5.0,44100,bird,1.0
809,./kaggletest/egygoo/,XC489215.ogg,47.59199546485261,0,40.0,5.0,44100,bird,1.0
810,./kaggletest/egygoo/,XC538150.ogg,19.591836734693878,0,0.0,5.0,44100,bird,1.0
811,./kaggletest/egygoo/,XC538150.ogg,19.591836734693878,0,5.0,5.0,44100,bird,1.0
812,./kaggletest/egygoo/,XC538150.ogg,19.591836734693878,0,10.0,5.0,44100,bird,1.0
813,./kaggletest/egygoo/,XC398618.ogg,7.470997732426304,0,0.0,5.0,44100,bird,1.0
814,./kaggletest/egygoo/,XC489214.ogg,44.64,0,0.0,5.0,44100,bird,1.0
815,./kaggletest/egygoo/,XC489214.ogg,44.64,0,5.0,5.0,44100,bird,1.0
816,./kaggletest/egygoo/,XC489214.ogg,44.64,0,10.0,5.0,44100,bird,1.0
817,./kaggletest/egygoo/,XC489214.ogg,44.64,0,15.0,5.0,44100,bird,1.0
818,./kaggletest/egygoo/,XC489214.ogg,44.64,0,20.0,5.0,44100,bird,1.0
819,./kaggletest/egygoo/,XC489214.ogg,44.64,0,25.0,5.0,44100,bird,1.0
820,./kaggletest/egygoo/,XC489214.ogg,44.64,0,30.0,5.0,44100,bird,1.0
821,./kaggletest/egygoo/,XC489214.ogg,44.64,0,35.0,5.0,44100,bird,1.0
822,./kaggletest/egygoo/,XC703368.ogg,6.3119954648526075,0,0.0,5.0,44100,bird,1.0
823,./kaggletest/egygoo/,XC348217.ogg,21.603242630385488,0,0.0,5.0,44100,bird,1.0
824,./kaggletest/egygoo/,XC348217.ogg,21.603242630385488,0,15.0,5.0,44100,bird,1.0
825,./kaggletest/egygoo/,XC434839.ogg,244.40160997732426,0,0.0,5.0,44100,bird,1.0
826,./kaggletest/egygoo/,XC434839.ogg,244.40160997732426,0,30.0,5.0,44100,bird,1.0
827,./kaggletest/egygoo/,XC434839.ogg,244.40160997732426,0,35.0,5.0,44100,bird,1.0
828,./kaggletest/egygoo/,XC434839.ogg,244.40160997732426,0,65.0,5.0,44100,bird,1.0
829,./kaggletest/egygoo/,XC434839.ogg,244.40160997732426,0,75.0,5.0,44100,bird,1.0
830,./kaggletest/egygoo/,XC434839.ogg,244.40160997732426,0,95.0,5.0,44100,bird,1.0
831,./kaggletest/egygoo/,XC434839.ogg,244.40160997732426,0,115.0,5.0,44100,bird,1.0
832,./kaggletest/egygoo/,XC434839.ogg,244.40160997732426,0,125.0,5.0,44100,bird,1.0
833,./kaggletest/egygoo/,XC434839.ogg,244.40160997732426,0,140.0,5.0,44100,bird,1.0
834,./kaggletest/egygoo/,XC434839.ogg,244.40160997732426,0,165.0,5.0,44100,bird,1.0
835,./kaggletest/egygoo/,XC434839.ogg,244.40160997732426,0,170.0,5.0,44100,bird,1.0
836,./kaggletest/egygoo/,XC434839.ogg,244.40160997732426,0,175.0,5.0,44100,bird,1.0
837,./kaggletest/egygoo/,XC434839.ogg,244.40160997732426,0,195.0,5.0,44100,bird,1.0
838,./kaggletest/egygoo/,XC434839.ogg,244.40160997732426,0,215.0,5.0,44100,bird,1.0
839,./kaggletest/egygoo/,XC434839.ogg,244.40160997732426,0,220.0,5.0,44100,bird,1.0
840,./kaggletest/egygoo/,XC434839.ogg,244.40160997732426,0,225.0,5.0,44100,bird,1.0
841,./kaggletest/egygoo/,XC434839.ogg,244.40160997732426,0,235.0,5.0,44100,bird,1.0
