,FOLDER,IN FILE,CLIP LENGTH,CHANNEL,OFFSET,DURATION,SAMPLE RATE,MANUAL ID,CONFIDENCE
0,./kaggletest/equaka1/,XC559207.ogg,14.184489795918367,0,0.0,5.0,44100,bird,1.0
1,./kaggletest/equaka1/,XC559207.ogg,14.184489795918367,0,5.0,5.0,44100,bird,1.0
2,./kaggletest/equaka1/,XC559203.ogg,24.790204081632652,0,0.0,5.0,44100,bird,1.0
3,./kaggletest/equaka1/,XC559203.ogg,24.790204081632652,0,5.0,5.0,44100,bird,1.0
4,./kaggletest/equaka1/,XC559203.ogg,24.790204081632652,0,10.0,5.0,44100,bird,1.0
5,./kaggletest/equaka1/,XC559203.ogg,24.790204081632652,0,15.0,5.0,44100,bird,1.0
6,./kaggletest/equaka1/,XC131664.ogg,12.460385487528345,0,0.0,5.0,44100,bird,1.0
7,./kaggletest/equaka1/,XC131664.ogg,12.460385487528345,0,5.0,5.0,44100,bird,1.0
8,./kaggletest/equaka1/,XC536655.ogg,58.20079365079365,0,5.0,5.0,44100,bird,1.0
9,./kaggletest/equaka1/,XC536655.ogg,58.20079365079365,0,10.0,5.0,44100,bird,1.0
10,./kaggletest/equaka1/,XC536655.ogg,58.20079365079365,0,15.0,5.0,44100,bird,1.0
11,./kaggletest/equaka1/,XC536655.ogg,58.20079365079365,0,20.0,5.0,44100,bird,1.0
12,./kaggletest/equaka1/,XC536655.ogg,58.20079365079365,0,30.0,5.0,44100,bird,1.0
13,./kaggletest/equaka1/,XC536655.ogg,58.20079365079365,0,35.0,5.0,44100,bird,1.0
14,./kaggletest/equaka1/,XC536655.ogg,58.20079365079365,0,40.0,5.0,44100,bird,1.0
15,./kaggletest/equaka1/,XC536655.ogg,58.20079365079365,0,45.0,5.0,44100,bird,1.0
16,./kaggletest/equaka1/,XC536655.ogg,58.20079365079365,0,50.0,5.0,44100,bird,1.0
17,./kaggletest/equaka1/,XC541555.ogg,24.973061224489797,0,0.0,5.0,44100,bird,1.0
18,./kaggletest/equaka1/,XC541555.ogg,24.973061224489797,0,5.0,5.0,44100,bird,1.0
19,./kaggletest/equaka1/,XC541555.ogg,24.973061224489797,0,10.0,5.0,44100,bird,1.0
20,./kaggletest/equaka1/,XC541555.ogg,24.973061224489797,0,15.0,5.0,44100,bird,1.0
21,./kaggletest/equaka1/,XC471386.ogg,10.318367346938775,0,0.0,5.0,44100,bird,1.0
22,./kaggletest/equaka1/,XC471386.ogg,10.318367346938775,0,5.0,5.0,44100,bird,1.0
23,./kaggletest/equaka1/,XC553734.ogg,31.791020408163266,0,5.0,5.0,44100,bird,1.0
24,./kaggletest/equaka1/,XC553734.ogg,31.791020408163266,0,10.0,5.0,44100,bird,1.0
25,./kaggletest/equaka1/,XC553734.ogg,31.791020408163266,0,15.0,5.0,44100,bird,1.0
26,./kaggletest/equaka1/,XC553734.ogg,31.791020408163266,0,20.0,5.0,44100,bird,1.0
27,./kaggletest/equaka1/,XC553734.ogg,31.791020408163266,0,25.0,5.0,44100,bird,1.0
