,FOLDER,IN FILE,CLIP LENGTH,CHANNEL,OFFSET,DURATION,SAMPLE RATE,MANUAL ID,CONFIDENCE
0,./kaggletest/fatrav1/,XC322388.ogg,66.16814058956916,0,0.0,5.0,44100,bird,1.0
1,./kaggletest/fatrav1/,XC322388.ogg,66.16814058956916,0,5.0,5.0,44100,bird,1.0
2,./kaggletest/fatrav1/,XC322388.ogg,66.16814058956916,0,10.0,5.0,44100,bird,1.0
3,./kaggletest/fatrav1/,XC322388.ogg,66.16814058956916,0,15.0,5.0,44100,bird,1.0
4,./kaggletest/fatrav1/,XC322388.ogg,66.16814058956916,0,20.0,5.0,44100,bird,1.0
5,./kaggletest/fatrav1/,XC322388.ogg,66.16814058956916,0,25.0,5.0,44100,bird,1.0
6,./kaggletest/fatrav1/,XC322388.ogg,66.16814058956916,0,30.0,5.0,44100,bird,1.0
7,./kaggletest/fatrav1/,XC322388.ogg,66.16814058956916,0,35.0,5.0,44100,bird,1.0
8,./kaggletest/fatrav1/,XC322388.ogg,66.16814058956916,0,40.0,5.0,44100,bird,1.0
9,./kaggletest/fatrav1/,XC322388.ogg,66.16814058956916,0,45.0,5.0,44100,bird,1.0
10,./kaggletest/fatrav1/,XC322388.ogg,66.16814058956916,0,50.0,5.0,44100,bird,1.0
11,./kaggletest/fatrav1/,XC322388.ogg,66.16814058956916,0,55.0,5.0,44100,bird,1.0
12,./kaggletest/fatrav1/,XC322388.ogg,66.16814058956916,0,60.0,5.0,44100,bird,1.0
13,./kaggletest/fatrav1/,XC529125.ogg,9.911995464852607,0,0.0,5.0,44100,bird,1.0
14,./kaggletest/fatrav1/,XC293554.ogg,27.29795918367347,0,0.0,5.0,44100,bird,1.0
15,./kaggletest/fatrav1/,XC293554.ogg,27.29795918367347,0,5.0,5.0,44100,bird,1.0
16,./kaggletest/fatrav1/,XC293554.ogg,27.29795918367347,0,10.0,5.0,44100,bird,1.0
17,./kaggletest/fatrav1/,XC293554.ogg,27.29795918367347,0,15.0,5.0,44100,bird,1.0
18,./kaggletest/fatrav1/,XC293554.ogg,27.29795918367347,0,20.0,5.0,44100,bird,1.0
19,./kaggletest/fatrav1/,XC529126.ogg,10.031995464852608,0,0.0,5.0,44100,bird,1.0
20,./kaggletest/fatrav1/,XC529126.ogg,10.031995464852608,0,5.0,5.0,44100,bird,1.0
21,./kaggletest/fatrav1/,XC687329.ogg,10.08,0,0.0,5.0,44100,bird,1.0
22,./kaggletest/fatrav1/,XC687329.ogg,10.08,0,5.0,5.0,44100,bird,1.0
23,./kaggletest/fatrav1/,XC512852.ogg,60.70798185941043,0,0.0,5.0,44100,bird,1.0
24,./kaggletest/fatrav1/,XC512852.ogg,60.70798185941043,0,5.0,5.0,44100,bird,1.0
25,./kaggletest/fatrav1/,XC512852.ogg,60.70798185941043,0,10.0,5.0,44100,bird,1.0
26,./kaggletest/fatrav1/,XC512852.ogg,60.70798185941043,0,15.0,5.0,44100,bird,1.0
27,./kaggletest/fatrav1/,XC512852.ogg,60.70798185941043,0,20.0,5.0,44100,bird,1.0
28,./kaggletest/fatrav1/,XC512852.ogg,60.70798185941043,0,25.0,5.0,44100,bird,1.0
29,./kaggletest/fatrav1/,XC512852.ogg,60.70798185941043,0,30.0,5.0,44100,bird,1.0
30,./kaggletest/fatrav1/,XC512852.ogg,60.70798185941043,0,35.0,5.0,44100,bird,1.0
31,./kaggletest/fatrav1/,XC512852.ogg,60.70798185941043,0,40.0,5.0,44100,bird,1.0
32,./kaggletest/fatrav1/,XC512852.ogg,60.70798185941043,0,45.0,5.0,44100,bird,1.0
33,./kaggletest/fatrav1/,XC512852.ogg,60.70798185941043,0,50.0,5.0,44100,bird,1.0
34,./kaggletest/fatrav1/,XC512852.ogg,60.70798185941043,0,55.0,5.0,44100,bird,1.0
35,./kaggletest/fatrav1/,XC354694.ogg,15.647324263038549,0,0.0,5.0,44100,bird,1.0
36,./kaggletest/fatrav1/,XC354694.ogg,15.647324263038549,0,5.0,5.0,44100,bird,1.0
37,./kaggletest/fatrav1/,XC354694.ogg,15.647324263038549,0,10.0,5.0,44100,bird,1.0
38,./kaggletest/fatrav1/,XC293487.ogg,14.837551020408164,0,0.0,5.0,44100,bird,1.0
39,./kaggletest/fatrav1/,XC293487.ogg,14.837551020408164,0,5.0,5.0,44100,bird,1.0
40,./kaggletest/fatrav1/,XC746121.ogg,17.543990929705217,0,0.0,5.0,44100,bird,1.0
41,./kaggletest/fatrav1/,XC746121.ogg,17.543990929705217,0,5.0,5.0,44100,bird,1.0
42,./kaggletest/fatrav1/,XC748247.ogg,12.935986394557823,0,0.0,5.0,44100,bird,1.0
43,./kaggletest/fatrav1/,XC748247.ogg,12.935986394557823,0,5.0,5.0,44100,bird,1.0
44,./kaggletest/fatrav1/,XC371194.ogg,15.568956916099774,0,0.0,5.0,44100,bird,1.0
45,./kaggletest/fatrav1/,XC371194.ogg,15.568956916099774,0,5.0,5.0,44100,bird,1.0
46,./kaggletest/fatrav1/,XC267912.ogg,49.29598639455782,0,0.0,5.0,44100,bird,1.0
47,./kaggletest/fatrav1/,XC267912.ogg,49.29598639455782,0,5.0,5.0,44100,bird,1.0
48,./kaggletest/fatrav1/,XC267912.ogg,49.29598639455782,0,15.0,5.0,44100,bird,1.0
49,./kaggletest/fatrav1/,XC267912.ogg,49.29598639455782,0,20.0,5.0,44100,bird,1.0
50,./kaggletest/fatrav1/,XC267912.ogg,49.29598639455782,0,25.0,5.0,44100,bird,1.0
51,./kaggletest/fatrav1/,XC267912.ogg,49.29598639455782,0,30.0,5.0,44100,bird,1.0
52,./kaggletest/fatrav1/,XC267912.ogg,49.29598639455782,0,35.0,5.0,44100,bird,1.0
53,./kaggletest/fatrav1/,XC267912.ogg,49.29598639455782,0,40.0,5.0,44100,bird,1.0
54,./kaggletest/fatrav1/,XC267910.ogg,12.311995464852608,0,0.0,5.0,44100,bird,1.0
55,./kaggletest/fatrav1/,XC267910.ogg,12.311995464852608,0,5.0,5.0,44100,bird,1.0
56,./kaggletest/fatrav1/,XC474458.ogg,30.06598639455782,0,0.0,5.0,44100,bird,1.0
57,./kaggletest/fatrav1/,XC474458.ogg,30.06598639455782,0,5.0,5.0,44100,bird,1.0
58,./kaggletest/fatrav1/,XC474458.ogg,30.06598639455782,0,10.0,5.0,44100,bird,1.0
59,./kaggletest/fatrav1/,XC474458.ogg,30.06598639455782,0,15.0,5.0,44100,bird,1.0
60,./kaggletest/fatrav1/,XC474458.ogg,30.06598639455782,0,20.0,5.0,44100,bird,1.0
61,./kaggletest/fatrav1/,XC474458.ogg,30.06598639455782,0,25.0,5.0,44100,bird,1.0
62,./kaggletest/fatrav1/,XC348306.ogg,11.415487528344672,0,0.0,5.0,44100,bird,1.0
63,./kaggletest/fatrav1/,XC348306.ogg,11.415487528344672,0,5.0,5.0,44100,bird,1.0
64,./kaggletest/fatrav1/,XC267911.ogg,48.38399092970521,0,0.0,5.0,44100,bird,1.0
65,./kaggletest/fatrav1/,XC267911.ogg,48.38399092970521,0,5.0,5.0,44100,bird,1.0
66,./kaggletest/fatrav1/,XC267911.ogg,48.38399092970521,0,20.0,5.0,44100,bird,1.0
67,./kaggletest/fatrav1/,XC267911.ogg,48.38399092970521,0,35.0,5.0,44100,bird,1.0
68,./kaggletest/fatrav1/,XC267911.ogg,48.38399092970521,0,40.0,5.0,44100,bird,1.0
69,./kaggletest/fatrav1/,XC371225.ogg,61.15265306122449,0,0.0,5.0,44100,bird,1.0
70,./kaggletest/fatrav1/,XC371225.ogg,61.15265306122449,0,5.0,5.0,44100,bird,1.0
71,./kaggletest/fatrav1/,XC371225.ogg,61.15265306122449,0,15.0,5.0,44100,bird,1.0
72,./kaggletest/fatrav1/,XC371225.ogg,61.15265306122449,0,20.0,5.0,44100,bird,1.0
73,./kaggletest/fatrav1/,XC371225.ogg,61.15265306122449,0,30.0,5.0,44100,bird,1.0
74,./kaggletest/fatrav1/,XC371225.ogg,61.15265306122449,0,35.0,5.0,44100,bird,1.0
75,./kaggletest/fatrav1/,XC371225.ogg,61.15265306122449,0,40.0,5.0,44100,bird,1.0
76,./kaggletest/fatrav1/,XC371225.ogg,61.15265306122449,0,45.0,5.0,44100,bird,1.0
77,./kaggletest/fatrav1/,XC371225.ogg,61.15265306122449,0,55.0,5.0,44100,bird,1.0
78,./kaggletest/fatrav1/,XC687332.ogg,9.383990929705215,0,0.0,5.0,44100,bird,1.0
79,./kaggletest/fatrav1/,XC687331.ogg,41.663990929705214,0,0.0,5.0,44100,bird,1.0
80,./kaggletest/fatrav1/,XC687331.ogg,41.663990929705214,0,5.0,5.0,44100,bird,1.0
81,./kaggletest/fatrav1/,XC687331.ogg,41.663990929705214,0,15.0,5.0,44100,bird,1.0
82,./kaggletest/fatrav1/,XC687331.ogg,41.663990929705214,0,20.0,5.0,44100,bird,1.0
83,./kaggletest/fatrav1/,XC687331.ogg,41.663990929705214,0,25.0,5.0,44100,bird,1.0
84,./kaggletest/fatrav1/,XC687331.ogg,41.663990929705214,0,30.0,5.0,44100,bird,1.0
85,./kaggletest/fatrav1/,XC687331.ogg,41.663990929705214,0,35.0,5.0,44100,bird,1.0
86,./kaggletest/fatrav1/,XC445355.ogg,10.13498866213152,0,0.0,5.0,44100,bird,1.0
87,./kaggletest/fatrav1/,XC445355.ogg,10.13498866213152,0,5.0,5.0,44100,bird,1.0
88,./kaggletest/fatrav1/,XC447027.ogg,7.535986394557823,0,0.0,5.0,44100,bird,1.0
