,FOLDER,IN FILE,CLIP LENGTH,CHANNEL,OFFSET,DURATION,SAMPLE RATE,MANUAL ID,CONFIDENCE
0,./kaggletest/gargan/,XC650339.ogg,8.096984126984127,0,0.0,5.0,44100,bird,1.0
1,./kaggletest/gargan/,XC360227.ogg,7.836734693877551,0,0.0,5.0,44100,bird,1.0
2,./kaggletest/gargan/,XC708967.ogg,11.963990929705215,0,5.0,5.0,44100,bird,1.0
3,./kaggletest/gargan/,XC714988.ogg,16.038979591836735,0,0.0,5.0,44100,bird,1.0
4,./kaggletest/gargan/,XC714988.ogg,16.038979591836735,0,5.0,5.0,44100,bird,1.0
5,./kaggletest/gargan/,XC714988.ogg,16.038979591836735,0,10.0,5.0,44100,bird,1.0
6,./kaggletest/gargan/,XC535718.ogg,46.96798185941043,0,10.0,5.0,44100,bird,1.0
7,./kaggletest/gargan/,XC535718.ogg,46.96798185941043,0,15.0,5.0,44100,bird,1.0
8,./kaggletest/gargan/,XC535718.ogg,46.96798185941043,0,20.0,5.0,44100,bird,1.0
9,./kaggletest/gargan/,XC535718.ogg,46.96798185941043,0,25.0,5.0,44100,bird,1.0
10,./kaggletest/gargan/,XC535718.ogg,46.96798185941043,0,35.0,5.0,44100,bird,1.0
11,./kaggletest/gargan/,XC535718.ogg,46.96798185941043,0,40.0,5.0,44100,bird,1.0
12,./kaggletest/gargan/,XC547205.ogg,11.101995464852608,0,0.0,5.0,44100,bird,1.0
13,./kaggletest/gargan/,XC547205.ogg,11.101995464852608,0,5.0,5.0,44100,bird,1.0
14,./kaggletest/gargan/,XC164818.ogg,37.09385487528345,0,0.0,5.0,44100,bird,1.0
15,./kaggletest/gargan/,XC164818.ogg,37.09385487528345,0,5.0,5.0,44100,bird,1.0
16,./kaggletest/gargan/,XC164818.ogg,37.09385487528345,0,10.0,5.0,44100,bird,1.0
17,./kaggletest/gargan/,XC164818.ogg,37.09385487528345,0,15.0,5.0,44100,bird,1.0
18,./kaggletest/gargan/,XC164818.ogg,37.09385487528345,0,20.0,5.0,44100,bird,1.0
19,./kaggletest/gargan/,XC164818.ogg,37.09385487528345,0,25.0,5.0,44100,bird,1.0
20,./kaggletest/gargan/,XC164818.ogg,37.09385487528345,0,30.0,5.0,44100,bird,1.0
21,./kaggletest/gargan/,XC649120.ogg,47.711995464852606,0,0.0,5.0,44100,bird,1.0
22,./kaggletest/gargan/,XC649120.ogg,47.711995464852606,0,5.0,5.0,44100,bird,1.0
23,./kaggletest/gargan/,XC649120.ogg,47.711995464852606,0,10.0,5.0,44100,bird,1.0
24,./kaggletest/gargan/,XC649120.ogg,47.711995464852606,0,15.0,5.0,44100,bird,1.0
25,./kaggletest/gargan/,XC649120.ogg,47.711995464852606,0,20.0,5.0,44100,bird,1.0
26,./kaggletest/gargan/,XC649120.ogg,47.711995464852606,0,25.0,5.0,44100,bird,1.0
27,./kaggletest/gargan/,XC649120.ogg,47.711995464852606,0,30.0,5.0,44100,bird,1.0
28,./kaggletest/gargan/,XC649120.ogg,47.711995464852606,0,35.0,5.0,44100,bird,1.0
29,./kaggletest/gargan/,XC649120.ogg,47.711995464852606,0,40.0,5.0,44100,bird,1.0
30,./kaggletest/gargan/,XC125100.ogg,50.36408163265306,0,0.0,5.0,44100,bird,1.0
31,./kaggletest/gargan/,XC125100.ogg,50.36408163265306,0,5.0,5.0,44100,bird,1.0
32,./kaggletest/gargan/,XC125100.ogg,50.36408163265306,0,10.0,5.0,44100,bird,1.0
33,./kaggletest/gargan/,XC125100.ogg,50.36408163265306,0,15.0,5.0,44100,bird,1.0
34,./kaggletest/gargan/,XC125100.ogg,50.36408163265306,0,20.0,5.0,44100,bird,1.0
35,./kaggletest/gargan/,XC125100.ogg,50.36408163265306,0,25.0,5.0,44100,bird,1.0
36,./kaggletest/gargan/,XC125100.ogg,50.36408163265306,0,30.0,5.0,44100,bird,1.0
37,./kaggletest/gargan/,XC125100.ogg,50.36408163265306,0,35.0,5.0,44100,bird,1.0
38,./kaggletest/gargan/,XC125100.ogg,50.36408163265306,0,40.0,5.0,44100,bird,1.0
39,./kaggletest/gargan/,XC125100.ogg,50.36408163265306,0,45.0,5.0,44100,bird,1.0
40,./kaggletest/gargan/,XC643223.ogg,9.821995464852607,0,0.0,5.0,44100,bird,1.0
41,./kaggletest/gargan/,XC553738.ogg,119.22283446712018,0,0.0,5.0,44100,bird,1.0
42,./kaggletest/gargan/,XC553738.ogg,119.22283446712018,0,5.0,5.0,44100,bird,1.0
43,./kaggletest/gargan/,XC553738.ogg,119.22283446712018,0,20.0,5.0,44100,bird,1.0
44,./kaggletest/gargan/,XC553738.ogg,119.22283446712018,0,25.0,5.0,44100,bird,1.0
45,./kaggletest/gargan/,XC553738.ogg,119.22283446712018,0,30.0,5.0,44100,bird,1.0
46,./kaggletest/gargan/,XC553738.ogg,119.22283446712018,0,35.0,5.0,44100,bird,1.0
47,./kaggletest/gargan/,XC553738.ogg,119.22283446712018,0,40.0,5.0,44100,bird,1.0
48,./kaggletest/gargan/,XC553738.ogg,119.22283446712018,0,45.0,5.0,44100,bird,1.0
49,./kaggletest/gargan/,XC553738.ogg,119.22283446712018,0,50.0,5.0,44100,bird,1.0
50,./kaggletest/gargan/,XC553738.ogg,119.22283446712018,0,65.0,5.0,44100,bird,1.0
51,./kaggletest/gargan/,XC553738.ogg,119.22283446712018,0,110.0,5.0,44100,bird,1.0
52,./kaggletest/gargan/,XC649121.ogg,47.80798185941043,0,0.0,5.0,44100,bird,1.0
53,./kaggletest/gargan/,XC649121.ogg,47.80798185941043,0,5.0,5.0,44100,bird,1.0
54,./kaggletest/gargan/,XC649121.ogg,47.80798185941043,0,10.0,5.0,44100,bird,1.0
55,./kaggletest/gargan/,XC649121.ogg,47.80798185941043,0,15.0,5.0,44100,bird,1.0
56,./kaggletest/gargan/,XC649121.ogg,47.80798185941043,0,20.0,5.0,44100,bird,1.0
57,./kaggletest/gargan/,XC649121.ogg,47.80798185941043,0,25.0,5.0,44100,bird,1.0
58,./kaggletest/gargan/,XC649121.ogg,47.80798185941043,0,30.0,5.0,44100,bird,1.0
59,./kaggletest/gargan/,XC649121.ogg,47.80798185941043,0,35.0,5.0,44100,bird,1.0
60,./kaggletest/gargan/,XC649121.ogg,47.80798185941043,0,40.0,5.0,44100,bird,1.0
61,./kaggletest/gargan/,XC631488.ogg,18.310997732426305,0,0.0,5.0,44100,bird,1.0
62,./kaggletest/gargan/,XC631488.ogg,18.310997732426305,0,5.0,5.0,44100,bird,1.0
63,./kaggletest/gargan/,XC631488.ogg,18.310997732426305,0,10.0,5.0,44100,bird,1.0
64,./kaggletest/gargan/,XC360815.ogg,10.030997732426304,0,0.0,5.0,44100,bird,1.0
65,./kaggletest/gargan/,XC360815.ogg,10.030997732426304,0,5.0,5.0,44100,bird,1.0
66,./kaggletest/gargan/,XC634916.ogg,14.26283446712018,0,0.0,5.0,44100,bird,1.0
67,./kaggletest/gargan/,XC409829.wav,5.0,0,0.0,5.0,44100,bird,1.0
68,./kaggletest/gargan/,XC466025.ogg,23.562426303854874,0,0.0,5.0,44100,bird,1.0
69,./kaggletest/gargan/,XC466025.ogg,23.562426303854874,0,5.0,5.0,44100,bird,1.0
70,./kaggletest/gargan/,XC466025.ogg,23.562426303854874,0,10.0,5.0,44100,bird,1.0
71,./kaggletest/gargan/,XC466025.ogg,23.562426303854874,0,15.0,5.0,44100,bird,1.0
72,./kaggletest/gargan/,XC190746.ogg,6.66,0,0.0,5.0,44100,bird,1.0
73,./kaggletest/gargan/,XC452828.ogg,69.95589569160998,0,0.0,5.0,44100,bird,1.0
74,./kaggletest/gargan/,XC452828.ogg,69.95589569160998,0,5.0,5.0,44100,bird,1.0
75,./kaggletest/gargan/,XC452828.ogg,69.95589569160998,0,10.0,5.0,44100,bird,1.0
76,./kaggletest/gargan/,XC452828.ogg,69.95589569160998,0,15.0,5.0,44100,bird,1.0
77,./kaggletest/gargan/,XC452828.ogg,69.95589569160998,0,20.0,5.0,44100,bird,1.0
78,./kaggletest/gargan/,XC452828.ogg,69.95589569160998,0,25.0,5.0,44100,bird,1.0
79,./kaggletest/gargan/,XC452828.ogg,69.95589569160998,0,30.0,5.0,44100,bird,1.0
80,./kaggletest/gargan/,XC452828.ogg,69.95589569160998,0,35.0,5.0,44100,bird,1.0
81,./kaggletest/gargan/,XC452828.ogg,69.95589569160998,0,40.0,5.0,44100,bird,1.0
82,./kaggletest/gargan/,XC452828.ogg,69.95589569160998,0,45.0,5.0,44100,bird,1.0
83,./kaggletest/gargan/,XC452828.ogg,69.95589569160998,0,50.0,5.0,44100,bird,1.0
84,./kaggletest/gargan/,XC452828.ogg,69.95589569160998,0,55.0,5.0,44100,bird,1.0
85,./kaggletest/gargan/,XC452828.ogg,69.95589569160998,0,60.0,5.0,44100,bird,1.0
86,./kaggletest/gargan/,XC360708.ogg,6.294988662131519,0,0.0,5.0,44100,bird,1.0
87,./kaggletest/gargan/,XC545714.wav,5.0,0,0.0,5.0,44100,bird,1.0
88,./kaggletest/gargan/,XC266812.ogg,47.6995918367347,0,15.0,5.0,44100,bird,1.0
89,./kaggletest/gargan/,XC266812.ogg,47.6995918367347,0,20.0,5.0,44100,bird,1.0
90,./kaggletest/gargan/,XC266812.ogg,47.6995918367347,0,35.0,5.0,44100,bird,1.0
91,./kaggletest/gargan/,XC266812.ogg,47.6995918367347,0,40.0,5.0,44100,bird,1.0
92,./kaggletest/gargan/,XC632093.ogg,24.935986394557823,0,0.0,5.0,44100,bird,1.0
93,./kaggletest/gargan/,XC632093.ogg,24.935986394557823,0,5.0,5.0,44100,bird,1.0
94,./kaggletest/gargan/,XC632093.ogg,24.935986394557823,0,10.0,5.0,44100,bird,1.0
95,./kaggletest/gargan/,XC632093.ogg,24.935986394557823,0,15.0,5.0,44100,bird,1.0
96,./kaggletest/gargan/,XC756273.ogg,25.24798185941043,0,0.0,5.0,44100,bird,1.0
97,./kaggletest/gargan/,XC756273.ogg,25.24798185941043,0,5.0,5.0,44100,bird,1.0
98,./kaggletest/gargan/,XC756273.ogg,25.24798185941043,0,10.0,5.0,44100,bird,1.0
99,./kaggletest/gargan/,XC756273.ogg,25.24798185941043,0,15.0,5.0,44100,bird,1.0
100,./kaggletest/gargan/,XC756273.ogg,25.24798185941043,0,20.0,5.0,44100,bird,1.0
101,./kaggletest/gargan/,XC711716.ogg,11.990204081632653,0,0.0,5.0,44100,bird,1.0
102,./kaggletest/gargan/,XC734031.ogg,22.67426303854875,0,5.0,5.0,44100,bird,1.0
103,./kaggletest/gargan/,XC734031.ogg,22.67426303854875,0,10.0,5.0,44100,bird,1.0
104,./kaggletest/gargan/,XC734031.ogg,22.67426303854875,0,15.0,5.0,44100,bird,1.0
105,./kaggletest/gargan/,XC190734.ogg,9.683990929705216,0,0.0,5.0,44100,bird,1.0
106,./kaggletest/gargan/,XC542668.wav,5.0,0,0.0,5.0,44100,bird,1.0
107,./kaggletest/gargan/,XC711488.ogg,9.455986394557824,0,0.0,5.0,44100,bird,1.0
108,./kaggletest/gargan/,XC732669.ogg,37.3809977324263,0,0.0,5.0,44100,bird,1.0
109,./kaggletest/gargan/,XC732669.ogg,37.3809977324263,0,10.0,5.0,44100,bird,1.0
110,./kaggletest/gargan/,XC732669.ogg,37.3809977324263,0,15.0,5.0,44100,bird,1.0
111,./kaggletest/gargan/,XC732669.ogg,37.3809977324263,0,20.0,5.0,44100,bird,1.0
112,./kaggletest/gargan/,XC732669.ogg,37.3809977324263,0,25.0,5.0,44100,bird,1.0
113,./kaggletest/gargan/,XC732669.ogg,37.3809977324263,0,30.0,5.0,44100,bird,1.0
114,./kaggletest/gargan/,XC24957.ogg,16.143673469387757,0,0.0,5.0,44100,bird,1.0
115,./kaggletest/gargan/,XC24957.ogg,16.143673469387757,0,5.0,5.0,44100,bird,1.0
116,./kaggletest/gargan/,XC24957.ogg,16.143673469387757,0,10.0,5.0,44100,bird,1.0
117,./kaggletest/gargan/,XC581195.ogg,5.9819954648526075,0,0.0,5.0,44100,bird,1.0
118,./kaggletest/gargan/,XC365510.ogg,106.55344671201814,0,0.0,5.0,44100,bird,1.0
119,./kaggletest/gargan/,XC365510.ogg,106.55344671201814,0,5.0,5.0,44100,bird,1.0
120,./kaggletest/gargan/,XC365510.ogg,106.55344671201814,0,10.0,5.0,44100,bird,1.0
121,./kaggletest/gargan/,XC365510.ogg,106.55344671201814,0,20.0,5.0,44100,bird,1.0
122,./kaggletest/gargan/,XC365510.ogg,106.55344671201814,0,25.0,5.0,44100,bird,1.0
123,./kaggletest/gargan/,XC365510.ogg,106.55344671201814,0,40.0,5.0,44100,bird,1.0
124,./kaggletest/gargan/,XC365510.ogg,106.55344671201814,0,45.0,5.0,44100,bird,1.0
125,./kaggletest/gargan/,XC365510.ogg,106.55344671201814,0,60.0,5.0,44100,bird,1.0
126,./kaggletest/gargan/,XC365510.ogg,106.55344671201814,0,65.0,5.0,44100,bird,1.0
127,./kaggletest/gargan/,XC365510.ogg,106.55344671201814,0,75.0,5.0,44100,bird,1.0
128,./kaggletest/gargan/,XC365510.ogg,106.55344671201814,0,80.0,5.0,44100,bird,1.0
129,./kaggletest/gargan/,XC365510.ogg,106.55344671201814,0,85.0,5.0,44100,bird,1.0
130,./kaggletest/gargan/,XC365510.ogg,106.55344671201814,0,90.0,5.0,44100,bird,1.0
131,./kaggletest/gargan/,XC365510.ogg,106.55344671201814,0,100.0,5.0,44100,bird,1.0
132,./kaggletest/gargan/,XC316049.wav,5.0,0,0.0,5.0,44100,bird,1.0
133,./kaggletest/gargan/,XC710595.ogg,21.812244897959182,0,0.0,5.0,44100,bird,1.0
134,./kaggletest/gargan/,XC632095.ogg,78.67199546485261,0,0.0,5.0,44100,bird,1.0
135,./kaggletest/gargan/,XC632095.ogg,78.67199546485261,0,5.0,5.0,44100,bird,1.0
136,./kaggletest/gargan/,XC632095.ogg,78.67199546485261,0,10.0,5.0,44100,bird,1.0
137,./kaggletest/gargan/,XC632095.ogg,78.67199546485261,0,15.0,5.0,44100,bird,1.0
138,./kaggletest/gargan/,XC632095.ogg,78.67199546485261,0,20.0,5.0,44100,bird,1.0
139,./kaggletest/gargan/,XC632095.ogg,78.67199546485261,0,25.0,5.0,44100,bird,1.0
140,./kaggletest/gargan/,XC632095.ogg,78.67199546485261,0,30.0,5.0,44100,bird,1.0
141,./kaggletest/gargan/,XC632095.ogg,78.67199546485261,0,35.0,5.0,44100,bird,1.0
142,./kaggletest/gargan/,XC632095.ogg,78.67199546485261,0,45.0,5.0,44100,bird,1.0
143,./kaggletest/gargan/,XC632095.ogg,78.67199546485261,0,50.0,5.0,44100,bird,1.0
144,./kaggletest/gargan/,XC632095.ogg,78.67199546485261,0,55.0,5.0,44100,bird,1.0
145,./kaggletest/gargan/,XC632095.ogg,78.67199546485261,0,60.0,5.0,44100,bird,1.0
146,./kaggletest/gargan/,XC632095.ogg,78.67199546485261,0,65.0,5.0,44100,bird,1.0
147,./kaggletest/gargan/,XC365500.ogg,89.73061224489796,0,0.0,5.0,44100,bird,1.0
148,./kaggletest/gargan/,XC365500.ogg,89.73061224489796,0,5.0,5.0,44100,bird,1.0
149,./kaggletest/gargan/,XC365500.ogg,89.73061224489796,0,35.0,5.0,44100,bird,1.0
150,./kaggletest/gargan/,XC365500.ogg,89.73061224489796,0,40.0,5.0,44100,bird,1.0
151,./kaggletest/gargan/,XC365500.ogg,89.73061224489796,0,60.0,5.0,44100,bird,1.0
152,./kaggletest/gargan/,XC365500.ogg,89.73061224489796,0,65.0,5.0,44100,bird,1.0
153,./kaggletest/gargan/,XC365500.ogg,89.73061224489796,0,70.0,5.0,44100,bird,1.0
154,./kaggletest/gargan/,XC545850.ogg,13.97498866213152,0,0.0,5.0,44100,bird,1.0
155,./kaggletest/gargan/,XC545850.ogg,13.97498866213152,0,5.0,5.0,44100,bird,1.0
156,./kaggletest/gargan/,XC190732.ogg,10.90798185941043,0,0.0,5.0,44100,bird,1.0
157,./kaggletest/gargan/,XC190732.ogg,10.90798185941043,0,5.0,5.0,44100,bird,1.0
158,./kaggletest/gargan/,XC234612.ogg,25.808956916099774,0,0.0,5.0,44100,bird,1.0
159,./kaggletest/gargan/,XC234612.ogg,25.808956916099774,0,5.0,5.0,44100,bird,1.0
160,./kaggletest/gargan/,XC234612.ogg,25.808956916099774,0,10.0,5.0,44100,bird,1.0
161,./kaggletest/gargan/,XC234612.ogg,25.808956916099774,0,15.0,5.0,44100,bird,1.0
162,./kaggletest/gargan/,XC234612.ogg,25.808956916099774,0,20.0,5.0,44100,bird,1.0
163,./kaggletest/gargan/,XC632094.ogg,23.303990929705215,0,0.0,5.0,44100,bird,1.0
164,./kaggletest/gargan/,XC632094.ogg,23.303990929705215,0,5.0,5.0,44100,bird,1.0
165,./kaggletest/gargan/,XC632094.ogg,23.303990929705215,0,10.0,5.0,44100,bird,1.0
166,./kaggletest/gargan/,XC632094.ogg,23.303990929705215,0,15.0,5.0,44100,bird,1.0
167,./kaggletest/gargan/,XC634354.ogg,10.865986394557822,0,5.0,5.0,44100,bird,1.0
168,./kaggletest/gargan/,XC411032.ogg,35.83199546485261,0,0.0,5.0,44100,bird,1.0
169,./kaggletest/gargan/,XC411032.ogg,35.83199546485261,0,5.0,5.0,44100,bird,1.0
170,./kaggletest/gargan/,XC411032.ogg,35.83199546485261,0,10.0,5.0,44100,bird,1.0
171,./kaggletest/gargan/,XC411032.ogg,35.83199546485261,0,15.0,5.0,44100,bird,1.0
172,./kaggletest/gargan/,XC411032.ogg,35.83199546485261,0,20.0,5.0,44100,bird,1.0
173,./kaggletest/gargan/,XC411032.ogg,35.83199546485261,0,25.0,5.0,44100,bird,1.0
174,./kaggletest/gargan/,XC411032.ogg,35.83199546485261,0,30.0,5.0,44100,bird,1.0
175,./kaggletest/gargan/,XC219387.ogg,195.0839909297052,0,0.0,5.0,44100,bird,1.0
176,./kaggletest/gargan/,XC219387.ogg,195.0839909297052,0,5.0,5.0,44100,bird,1.0
177,./kaggletest/gargan/,XC219387.ogg,195.0839909297052,0,10.0,5.0,44100,bird,1.0
178,./kaggletest/gargan/,XC219387.ogg,195.0839909297052,0,15.0,5.0,44100,bird,1.0
179,./kaggletest/gargan/,XC219387.ogg,195.0839909297052,0,20.0,5.0,44100,bird,1.0
180,./kaggletest/gargan/,XC219387.ogg,195.0839909297052,0,30.0,5.0,44100,bird,1.0
181,./kaggletest/gargan/,XC219387.ogg,195.0839909297052,0,35.0,5.0,44100,bird,1.0
182,./kaggletest/gargan/,XC219387.ogg,195.0839909297052,0,40.0,5.0,44100,bird,1.0
183,./kaggletest/gargan/,XC219387.ogg,195.0839909297052,0,45.0,5.0,44100,bird,1.0
184,./kaggletest/gargan/,XC219387.ogg,195.0839909297052,0,50.0,5.0,44100,bird,1.0
185,./kaggletest/gargan/,XC219387.ogg,195.0839909297052,0,55.0,5.0,44100,bird,1.0
186,./kaggletest/gargan/,XC219387.ogg,195.0839909297052,0,60.0,5.0,44100,bird,1.0
187,./kaggletest/gargan/,XC219387.ogg,195.0839909297052,0,65.0,5.0,44100,bird,1.0
188,./kaggletest/gargan/,XC219387.ogg,195.0839909297052,0,70.0,5.0,44100,bird,1.0
189,./kaggletest/gargan/,XC219387.ogg,195.0839909297052,0,75.0,5.0,44100,bird,1.0
190,./kaggletest/gargan/,XC219387.ogg,195.0839909297052,0,80.0,5.0,44100,bird,1.0
191,./kaggletest/gargan/,XC219387.ogg,195.0839909297052,0,85.0,5.0,44100,bird,1.0
192,./kaggletest/gargan/,XC219387.ogg,195.0839909297052,0,90.0,5.0,44100,bird,1.0
193,./kaggletest/gargan/,XC219387.ogg,195.0839909297052,0,95.0,5.0,44100,bird,1.0
194,./kaggletest/gargan/,XC219387.ogg,195.0839909297052,0,100.0,5.0,44100,bird,1.0
195,./kaggletest/gargan/,XC219387.ogg,195.0839909297052,0,105.0,5.0,44100,bird,1.0
196,./kaggletest/gargan/,XC219387.ogg,195.0839909297052,0,110.0,5.0,44100,bird,1.0
197,./kaggletest/gargan/,XC219387.ogg,195.0839909297052,0,115.0,5.0,44100,bird,1.0
198,./kaggletest/gargan/,XC219387.ogg,195.0839909297052,0,120.0,5.0,44100,bird,1.0
199,./kaggletest/gargan/,XC219387.ogg,195.0839909297052,0,125.0,5.0,44100,bird,1.0
200,./kaggletest/gargan/,XC219387.ogg,195.0839909297052,0,130.0,5.0,44100,bird,1.0
201,./kaggletest/gargan/,XC219387.ogg,195.0839909297052,0,145.0,5.0,44100,bird,1.0
202,./kaggletest/gargan/,XC219387.ogg,195.0839909297052,0,150.0,5.0,44100,bird,1.0
203,./kaggletest/gargan/,XC219387.ogg,195.0839909297052,0,155.0,5.0,44100,bird,1.0
204,./kaggletest/gargan/,XC219387.ogg,195.0839909297052,0,160.0,5.0,44100,bird,1.0
205,./kaggletest/gargan/,XC219387.ogg,195.0839909297052,0,165.0,5.0,44100,bird,1.0
206,./kaggletest/gargan/,XC219387.ogg,195.0839909297052,0,170.0,5.0,44100,bird,1.0
207,./kaggletest/gargan/,XC219387.ogg,195.0839909297052,0,175.0,5.0,44100,bird,1.0
208,./kaggletest/gargan/,XC219387.ogg,195.0839909297052,0,180.0,5.0,44100,bird,1.0
209,./kaggletest/gargan/,XC219387.ogg,195.0839909297052,0,190.0,5.0,44100,bird,1.0
210,./kaggletest/gargan/,XC542669.ogg,7.727981859410431,0,0.0,5.0,44100,bird,1.0
211,./kaggletest/gargan/,XC714871.ogg,15.935986394557823,0,0.0,5.0,44100,bird,1.0
212,./kaggletest/gargan/,XC714871.ogg,15.935986394557823,0,5.0,5.0,44100,bird,1.0
213,./kaggletest/gargan/,XC714871.ogg,15.935986394557823,0,10.0,5.0,44100,bird,1.0
214,./kaggletest/gargan/,XC234611.ogg,7.732244897959184,0,0.0,5.0,44100,bird,1.0
215,./kaggletest/gargan/,XC120389.ogg,12.69498866213152,0,0.0,5.0,44100,bird,1.0
216,./kaggletest/gargan/,XC120389.ogg,12.69498866213152,0,5.0,5.0,44100,bird,1.0
217,./kaggletest/gargan/,XC711125.ogg,10.656984126984128,0,0.0,5.0,44100,bird,1.0
218,./kaggletest/gargan/,XC711125.ogg,10.656984126984128,0,5.0,5.0,44100,bird,1.0
219,./kaggletest/gargan/,XC279683.ogg,101.78399092970521,0,20.0,5.0,44100,bird,1.0
220,./kaggletest/gargan/,XC279683.ogg,101.78399092970521,0,50.0,5.0,44100,bird,1.0
221,./kaggletest/gargan/,XC279683.ogg,101.78399092970521,0,70.0,5.0,44100,bird,1.0
222,./kaggletest/gargan/,XC649203.wav,5.0,0,0.0,5.0,44100,bird,1.0
223,./kaggletest/gargan/,XC25883.ogg,9.743673469387755,0,0.0,5.0,44100,bird,1.0
224,./kaggletest/gargan/,XC733434.ogg,31.345986394557823,0,15.0,5.0,44100,bird,1.0
225,./kaggletest/gargan/,XC633634.ogg,64.78367346938775,0,5.0,5.0,44100,bird,1.0
226,./kaggletest/gargan/,XC633634.ogg,64.78367346938775,0,10.0,5.0,44100,bird,1.0
227,./kaggletest/gargan/,XC633634.ogg,64.78367346938775,0,20.0,5.0,44100,bird,1.0
228,./kaggletest/gargan/,XC633634.ogg,64.78367346938775,0,25.0,5.0,44100,bird,1.0
229,./kaggletest/gargan/,XC633634.ogg,64.78367346938775,0,30.0,5.0,44100,bird,1.0
230,./kaggletest/gargan/,XC633634.ogg,64.78367346938775,0,35.0,5.0,44100,bird,1.0
231,./kaggletest/gargan/,XC633634.ogg,64.78367346938775,0,50.0,5.0,44100,bird,1.0
232,./kaggletest/gargan/,XC633634.ogg,64.78367346938775,0,55.0,5.0,44100,bird,1.0
233,./kaggletest/gargan/,XC718660.wav,5.0,0,0.0,5.0,44100,bird,1.0
234,./kaggletest/gargan/,XC340607.ogg,11.911836734693878,0,0.0,5.0,44100,bird,1.0
235,./kaggletest/gargan/,XC340607.ogg,11.911836734693878,0,5.0,5.0,44100,bird,1.0
236,./kaggletest/gargan/,XC176286.ogg,24.63344671201814,0,0.0,5.0,44100,bird,1.0
237,./kaggletest/gargan/,XC176286.ogg,24.63344671201814,0,5.0,5.0,44100,bird,1.0
238,./kaggletest/gargan/,XC176286.ogg,24.63344671201814,0,10.0,5.0,44100,bird,1.0
239,./kaggletest/gargan/,XC176286.ogg,24.63344671201814,0,15.0,5.0,44100,bird,1.0
240,./kaggletest/gargan/,XC134700.wav,5.0,0,0.0,5.0,44100,bird,1.0
241,./kaggletest/gargan/,XC656682.ogg,21.0,0,0.0,5.0,44100,bird,1.0
242,./kaggletest/gargan/,XC656682.ogg,21.0,0,5.0,5.0,44100,bird,1.0
243,./kaggletest/gargan/,XC656682.ogg,21.0,0,10.0,5.0,44100,bird,1.0
244,./kaggletest/gargan/,XC656682.ogg,21.0,0,15.0,5.0,44100,bird,1.0
245,./kaggletest/gargan/,XC527207.wav,5.0,0,0.0,5.0,44100,bird,1.0
246,./kaggletest/gargan/,XC542666.ogg,5.495986394557823,0,0.0,5.0,44100,bird,1.0
247,./kaggletest/gargan/,XC643885.ogg,24.240997732426305,0,5.0,5.0,44100,bird,1.0
248,./kaggletest/gargan/,XC643885.ogg,24.240997732426305,0,10.0,5.0,44100,bird,1.0
249,./kaggletest/gargan/,XC643885.ogg,24.240997732426305,0,15.0,5.0,44100,bird,1.0
250,./kaggletest/gargan/,XC733437.ogg,27.42798185941043,0,10.0,5.0,44100,bird,1.0
251,./kaggletest/gargan/,XC733437.ogg,27.42798185941043,0,15.0,5.0,44100,bird,1.0
252,./kaggletest/gargan/,XC644644.wav,5.0,0,0.0,5.0,44100,bird,1.0
253,./kaggletest/gargan/,XC361394.ogg,8.698775510204081,0,0.0,5.0,44100,bird,1.0
254,./kaggletest/gargan/,XC26962.ogg,10.736303854875283,0,0.0,5.0,44100,bird,1.0
255,./kaggletest/gargan/,XC26962.ogg,10.736303854875283,0,5.0,5.0,44100,bird,1.0
256,./kaggletest/gargan/,XC364561.ogg,12.8,0,0.0,5.0,44100,bird,1.0
257,./kaggletest/gargan/,XC364561.ogg,12.8,0,5.0,5.0,44100,bird,1.0
258,./kaggletest/gargan/,XC733433.ogg,24.998979591836736,0,10.0,5.0,44100,bird,1.0
259,./kaggletest/gargan/,XC733433.ogg,24.998979591836736,0,15.0,5.0,44100,bird,1.0
260,./kaggletest/gargan/,XC431303.ogg,11.38936507936508,0,0.0,5.0,44100,bird,1.0
261,./kaggletest/gargan/,XC431303.ogg,11.38936507936508,0,5.0,5.0,44100,bird,1.0
262,./kaggletest/gargan/,XC737245.ogg,18.96,0,0.0,5.0,44100,bird,1.0
263,./kaggletest/gargan/,XC737245.ogg,18.96,0,5.0,5.0,44100,bird,1.0
264,./kaggletest/gargan/,XC737245.ogg,18.96,0,10.0,5.0,44100,bird,1.0
265,./kaggletest/gargan/,XC715782.ogg,24.36,0,0.0,5.0,44100,bird,1.0
266,./kaggletest/gargan/,XC715782.ogg,24.36,0,5.0,5.0,44100,bird,1.0
267,./kaggletest/gargan/,XC715782.ogg,24.36,0,10.0,5.0,44100,bird,1.0
268,./kaggletest/gargan/,XC715782.ogg,24.36,0,15.0,5.0,44100,bird,1.0
269,./kaggletest/gargan/,XC542667.wav,5.0,0,0.0,5.0,44100,bird,1.0
270,./kaggletest/gargan/,XC26963.ogg,18.860385487528344,0,0.0,5.0,44100,bird,1.0
271,./kaggletest/gargan/,XC26963.ogg,18.860385487528344,0,5.0,5.0,44100,bird,1.0
272,./kaggletest/gargan/,XC26963.ogg,18.860385487528344,0,10.0,5.0,44100,bird,1.0
273,./kaggletest/gargan/,XC340605.wav,5.0,0,0.0,5.0,44100,bird,1.0
274,./kaggletest/gargan/,XC120388.wav,5.0,0,0.0,5.0,44100,bird,1.0
275,./kaggletest/gargan/,XC737247.ogg,10.32,0,0.0,5.0,44100,bird,1.0
276,./kaggletest/gargan/,XC737247.ogg,10.32,0,5.0,5.0,44100,bird,1.0
277,./kaggletest/gargan/,XC363634.ogg,18.703673469387756,0,5.0,5.0,44100,bird,1.0
278,./kaggletest/gargan/,XC363634.ogg,18.703673469387756,0,10.0,5.0,44100,bird,1.0
279,./kaggletest/gargan/,XC365494.ogg,16.770612244897958,0,0.0,5.0,44100,bird,1.0
280,./kaggletest/gargan/,XC365494.ogg,16.770612244897958,0,5.0,5.0,44100,bird,1.0
281,./kaggletest/gargan/,XC365494.ogg,16.770612244897958,0,10.0,5.0,44100,bird,1.0
282,./kaggletest/gargan/,XC131243.ogg,31.555895691609976,0,5.0,5.0,44100,bird,1.0
283,./kaggletest/gargan/,XC131243.ogg,31.555895691609976,0,10.0,5.0,44100,bird,1.0
284,./kaggletest/gargan/,XC131243.ogg,31.555895691609976,0,15.0,5.0,44100,bird,1.0
285,./kaggletest/gargan/,XC131243.ogg,31.555895691609976,0,20.0,5.0,44100,bird,1.0
286,./kaggletest/gargan/,XC742718.wav,5.0,0,0.0,5.0,44100,bird,1.0
287,./kaggletest/gargan/,XC131152.ogg,166.55673469387756,0,0.0,5.0,44100,bird,1.0
288,./kaggletest/gargan/,XC131152.ogg,166.55673469387756,0,5.0,5.0,44100,bird,1.0
289,./kaggletest/gargan/,XC131152.ogg,166.55673469387756,0,10.0,5.0,44100,bird,1.0
290,./kaggletest/gargan/,XC131152.ogg,166.55673469387756,0,15.0,5.0,44100,bird,1.0
291,./kaggletest/gargan/,XC131152.ogg,166.55673469387756,0,20.0,5.0,44100,bird,1.0
292,./kaggletest/gargan/,XC131152.ogg,166.55673469387756,0,25.0,5.0,44100,bird,1.0
293,./kaggletest/gargan/,XC131152.ogg,166.55673469387756,0,30.0,5.0,44100,bird,1.0
294,./kaggletest/gargan/,XC131152.ogg,166.55673469387756,0,35.0,5.0,44100,bird,1.0
295,./kaggletest/gargan/,XC131152.ogg,166.55673469387756,0,40.0,5.0,44100,bird,1.0
296,./kaggletest/gargan/,XC131152.ogg,166.55673469387756,0,45.0,5.0,44100,bird,1.0
297,./kaggletest/gargan/,XC131152.ogg,166.55673469387756,0,50.0,5.0,44100,bird,1.0
298,./kaggletest/gargan/,XC131152.ogg,166.55673469387756,0,55.0,5.0,44100,bird,1.0
299,./kaggletest/gargan/,XC131152.ogg,166.55673469387756,0,60.0,5.0,44100,bird,1.0
300,./kaggletest/gargan/,XC131152.ogg,166.55673469387756,0,65.0,5.0,44100,bird,1.0
301,./kaggletest/gargan/,XC131152.ogg,166.55673469387756,0,70.0,5.0,44100,bird,1.0
302,./kaggletest/gargan/,XC131152.ogg,166.55673469387756,0,75.0,5.0,44100,bird,1.0
303,./kaggletest/gargan/,XC131152.ogg,166.55673469387756,0,80.0,5.0,44100,bird,1.0
304,./kaggletest/gargan/,XC131152.ogg,166.55673469387756,0,85.0,5.0,44100,bird,1.0
305,./kaggletest/gargan/,XC131152.ogg,166.55673469387756,0,90.0,5.0,44100,bird,1.0
306,./kaggletest/gargan/,XC131152.ogg,166.55673469387756,0,95.0,5.0,44100,bird,1.0
307,./kaggletest/gargan/,XC131152.ogg,166.55673469387756,0,100.0,5.0,44100,bird,1.0
308,./kaggletest/gargan/,XC131152.ogg,166.55673469387756,0,105.0,5.0,44100,bird,1.0
309,./kaggletest/gargan/,XC131152.ogg,166.55673469387756,0,110.0,5.0,44100,bird,1.0
310,./kaggletest/gargan/,XC131152.ogg,166.55673469387756,0,115.0,5.0,44100,bird,1.0
311,./kaggletest/gargan/,XC131152.ogg,166.55673469387756,0,120.0,5.0,44100,bird,1.0
312,./kaggletest/gargan/,XC131152.ogg,166.55673469387756,0,125.0,5.0,44100,bird,1.0
313,./kaggletest/gargan/,XC131152.ogg,166.55673469387756,0,130.0,5.0,44100,bird,1.0
314,./kaggletest/gargan/,XC131152.ogg,166.55673469387756,0,135.0,5.0,44100,bird,1.0
315,./kaggletest/gargan/,XC131152.ogg,166.55673469387756,0,140.0,5.0,44100,bird,1.0
316,./kaggletest/gargan/,XC131152.ogg,166.55673469387756,0,145.0,5.0,44100,bird,1.0
317,./kaggletest/gargan/,XC131152.ogg,166.55673469387756,0,150.0,5.0,44100,bird,1.0
318,./kaggletest/gargan/,XC131152.ogg,166.55673469387756,0,155.0,5.0,44100,bird,1.0
319,./kaggletest/gargan/,XC131152.ogg,166.55673469387756,0,160.0,5.0,44100,bird,1.0
320,./kaggletest/gargan/,XC416291.wav,5.0,0,0.0,5.0,44100,bird,1.0
321,./kaggletest/gargan/,XC655116.ogg,6.556734693877551,0,0.0,5.0,44100,bird,1.0
322,./kaggletest/gargan/,XC608204.ogg,38.97598639455782,0,0.0,5.0,44100,bird,1.0
323,./kaggletest/gargan/,XC608204.ogg,38.97598639455782,0,5.0,5.0,44100,bird,1.0
324,./kaggletest/gargan/,XC608204.ogg,38.97598639455782,0,10.0,5.0,44100,bird,1.0
325,./kaggletest/gargan/,XC608204.ogg,38.97598639455782,0,20.0,5.0,44100,bird,1.0
326,./kaggletest/gargan/,XC608204.ogg,38.97598639455782,0,25.0,5.0,44100,bird,1.0
327,./kaggletest/gargan/,XC608204.ogg,38.97598639455782,0,30.0,5.0,44100,bird,1.0
328,./kaggletest/gargan/,XC644634.ogg,6.887981859410431,0,0.0,5.0,44100,bird,1.0
329,./kaggletest/gargan/,XC674536.ogg,14.968140589569161,0,0.0,5.0,44100,bird,1.0
330,./kaggletest/gargan/,XC674536.ogg,14.968140589569161,0,5.0,5.0,44100,bird,1.0
331,./kaggletest/gargan/,XC733441.ogg,23.326984126984126,0,0.0,5.0,44100,bird,1.0
332,./kaggletest/gargan/,XC630148.ogg,14.236734693877551,0,0.0,5.0,44100,bird,1.0
333,./kaggletest/gargan/,XC630148.ogg,14.236734693877551,0,5.0,5.0,44100,bird,1.0
334,./kaggletest/gargan/,XC642509.ogg,9.095986394557823,0,0.0,5.0,44100,bird,1.0
335,./kaggletest/gargan/,XC480182.ogg,9.56079365079365,0,0.0,5.0,44100,bird,1.0
336,./kaggletest/gargan/,XC650914.wav,5.0,0,0.0,5.0,44100,bird,1.0
337,./kaggletest/gargan/,XC645663.ogg,61.85698412698413,0,0.0,5.0,44100,bird,1.0
338,./kaggletest/gargan/,XC645663.ogg,61.85698412698413,0,5.0,5.0,44100,bird,1.0
339,./kaggletest/gargan/,XC645663.ogg,61.85698412698413,0,10.0,5.0,44100,bird,1.0
340,./kaggletest/gargan/,XC645663.ogg,61.85698412698413,0,20.0,5.0,44100,bird,1.0
341,./kaggletest/gargan/,XC645663.ogg,61.85698412698413,0,25.0,5.0,44100,bird,1.0
342,./kaggletest/gargan/,XC645663.ogg,61.85698412698413,0,30.0,5.0,44100,bird,1.0
343,./kaggletest/gargan/,XC645663.ogg,61.85698412698413,0,35.0,5.0,44100,bird,1.0
344,./kaggletest/gargan/,XC645663.ogg,61.85698412698413,0,45.0,5.0,44100,bird,1.0
345,./kaggletest/gargan/,XC645663.ogg,61.85698412698413,0,50.0,5.0,44100,bird,1.0
346,./kaggletest/gargan/,XC733440.ogg,26.800997732426303,0,20.0,5.0,44100,bird,1.0
347,./kaggletest/gargan/,XC501880.ogg,53.68798185941043,0,0.0,5.0,44100,bird,1.0
348,./kaggletest/gargan/,XC501880.ogg,53.68798185941043,0,5.0,5.0,44100,bird,1.0
349,./kaggletest/gargan/,XC501880.ogg,53.68798185941043,0,15.0,5.0,44100,bird,1.0
350,./kaggletest/gargan/,XC501880.ogg,53.68798185941043,0,20.0,5.0,44100,bird,1.0
351,./kaggletest/gargan/,XC501880.ogg,53.68798185941043,0,25.0,5.0,44100,bird,1.0
352,./kaggletest/gargan/,XC501880.ogg,53.68798185941043,0,30.0,5.0,44100,bird,1.0
353,./kaggletest/gargan/,XC501880.ogg,53.68798185941043,0,35.0,5.0,44100,bird,1.0
354,./kaggletest/gargan/,XC501880.ogg,53.68798185941043,0,40.0,5.0,44100,bird,1.0
355,./kaggletest/gargan/,XC501880.ogg,53.68798185941043,0,45.0,5.0,44100,bird,1.0
356,./kaggletest/gargan/,XC709257.ogg,10.865986394557822,0,5.0,5.0,44100,bird,1.0
357,./kaggletest/gargan/,XC362417.ogg,27.219591836734693,0,0.0,5.0,44100,bird,1.0
358,./kaggletest/gargan/,XC362417.ogg,27.219591836734693,0,5.0,5.0,44100,bird,1.0
359,./kaggletest/gargan/,XC362417.ogg,27.219591836734693,0,10.0,5.0,44100,bird,1.0
360,./kaggletest/gargan/,XC362417.ogg,27.219591836734693,0,15.0,5.0,44100,bird,1.0
361,./kaggletest/gargan/,XC362417.ogg,27.219591836734693,0,20.0,5.0,44100,bird,1.0
362,./kaggletest/gargan/,XC644633.ogg,5.831995464852608,0,0.0,5.0,44100,bird,1.0
363,./kaggletest/gargan/,XC650915.ogg,9.791995464852608,0,0.0,5.0,44100,bird,1.0
364,./kaggletest/gargan/,XC409827.ogg,5.877551020408164,0,0.0,5.0,44100,bird,1.0
365,./kaggletest/gargan/,XC182412.ogg,9.191995464852608,0,0.0,5.0,44100,bird,1.0
366,./kaggletest/gargan/,XC405991.ogg,75.02299319727891,0,0.0,5.0,44100,bird,1.0
367,./kaggletest/gargan/,XC405991.ogg,75.02299319727891,0,5.0,5.0,44100,bird,1.0
368,./kaggletest/gargan/,XC405991.ogg,75.02299319727891,0,10.0,5.0,44100,bird,1.0
369,./kaggletest/gargan/,XC405991.ogg,75.02299319727891,0,15.0,5.0,44100,bird,1.0
370,./kaggletest/gargan/,XC405991.ogg,75.02299319727891,0,20.0,5.0,44100,bird,1.0
371,./kaggletest/gargan/,XC405991.ogg,75.02299319727891,0,25.0,5.0,44100,bird,1.0
372,./kaggletest/gargan/,XC405991.ogg,75.02299319727891,0,30.0,5.0,44100,bird,1.0
373,./kaggletest/gargan/,XC405991.ogg,75.02299319727891,0,35.0,5.0,44100,bird,1.0
374,./kaggletest/gargan/,XC405991.ogg,75.02299319727891,0,40.0,5.0,44100,bird,1.0
375,./kaggletest/gargan/,XC405991.ogg,75.02299319727891,0,45.0,5.0,44100,bird,1.0
376,./kaggletest/gargan/,XC405991.ogg,75.02299319727891,0,50.0,5.0,44100,bird,1.0
377,./kaggletest/gargan/,XC405991.ogg,75.02299319727891,0,55.0,5.0,44100,bird,1.0
378,./kaggletest/gargan/,XC405991.ogg,75.02299319727891,0,60.0,5.0,44100,bird,1.0
379,./kaggletest/gargan/,XC405991.ogg,75.02299319727891,0,70.0,5.0,44100,bird,1.0
380,./kaggletest/gargan/,XC484257.ogg,24.03265306122449,0,0.0,5.0,44100,bird,1.0
381,./kaggletest/gargan/,XC484257.ogg,24.03265306122449,0,5.0,5.0,44100,bird,1.0
382,./kaggletest/gargan/,XC484257.ogg,24.03265306122449,0,10.0,5.0,44100,bird,1.0
383,./kaggletest/gargan/,XC484257.ogg,24.03265306122449,0,15.0,5.0,44100,bird,1.0
384,./kaggletest/gargan/,XC310912.wav,5.0,0,0.0,5.0,44100,bird,1.0
385,./kaggletest/gargan/,XC501881.ogg,65.47199546485261,0,0.0,5.0,44100,bird,1.0
386,./kaggletest/gargan/,XC501881.ogg,65.47199546485261,0,5.0,5.0,44100,bird,1.0
387,./kaggletest/gargan/,XC501881.ogg,65.47199546485261,0,10.0,5.0,44100,bird,1.0
388,./kaggletest/gargan/,XC501881.ogg,65.47199546485261,0,15.0,5.0,44100,bird,1.0
389,./kaggletest/gargan/,XC501881.ogg,65.47199546485261,0,20.0,5.0,44100,bird,1.0
390,./kaggletest/gargan/,XC501881.ogg,65.47199546485261,0,25.0,5.0,44100,bird,1.0
391,./kaggletest/gargan/,XC501881.ogg,65.47199546485261,0,30.0,5.0,44100,bird,1.0
392,./kaggletest/gargan/,XC501881.ogg,65.47199546485261,0,35.0,5.0,44100,bird,1.0
393,./kaggletest/gargan/,XC501881.ogg,65.47199546485261,0,45.0,5.0,44100,bird,1.0
394,./kaggletest/gargan/,XC501881.ogg,65.47199546485261,0,50.0,5.0,44100,bird,1.0
395,./kaggletest/gargan/,XC501881.ogg,65.47199546485261,0,55.0,5.0,44100,bird,1.0
396,./kaggletest/gargan/,XC501881.ogg,65.47199546485261,0,60.0,5.0,44100,bird,1.0
397,./kaggletest/gargan/,XC715889.wav,5.0,0,0.0,5.0,44100,bird,1.0
398,./kaggletest/gargan/,XC365756.ogg,12.773854875283448,0,5.0,5.0,44100,bird,1.0
399,./kaggletest/gargan/,XC645665.ogg,12.041995464852608,0,5.0,5.0,44100,bird,1.0
400,./kaggletest/gargan/,XC190015.ogg,14.711995464852608,0,0.0,5.0,44100,bird,1.0
401,./kaggletest/gargan/,XC190015.ogg,14.711995464852608,0,5.0,5.0,44100,bird,1.0
402,./kaggletest/gargan/,XC182411.ogg,25.823990929705214,0,10.0,5.0,44100,bird,1.0
403,./kaggletest/gargan/,XC182411.ogg,25.823990929705214,0,15.0,5.0,44100,bird,1.0
404,./kaggletest/gargan/,XC632957.ogg,39.48,0,0.0,5.0,44100,bird,1.0
405,./kaggletest/gargan/,XC632957.ogg,39.48,0,5.0,5.0,44100,bird,1.0
406,./kaggletest/gargan/,XC632957.ogg,39.48,0,10.0,5.0,44100,bird,1.0
407,./kaggletest/gargan/,XC632957.ogg,39.48,0,15.0,5.0,44100,bird,1.0
408,./kaggletest/gargan/,XC632957.ogg,39.48,0,20.0,5.0,44100,bird,1.0
409,./kaggletest/gargan/,XC632957.ogg,39.48,0,25.0,5.0,44100,bird,1.0
410,./kaggletest/gargan/,XC632957.ogg,39.48,0,30.0,5.0,44100,bird,1.0
411,./kaggletest/gargan/,XC648547.ogg,7.156984126984127,0,0.0,5.0,44100,bird,1.0
