,FOLDER,IN FILE,CLIP LENGTH,CHANNEL,OFFSET,DURATION,SAMPLE RATE,MANUAL ID,CONFIDENCE
0,./kaggletest/gbesta1/,XC398749.ogg,15.045986394557824,0,0.0,5.0,44100,bird,1.0
1,./kaggletest/gbesta1/,XC398749.ogg,15.045986394557824,0,5.0,5.0,44100,bird,1.0
2,./kaggletest/gbesta1/,XC398749.ogg,15.045986394557824,0,10.0,5.0,44100,bird,1.0
3,./kaggletest/gbesta1/,XC525285.ogg,11.466984126984126,0,0.0,5.0,44100,bird,1.0
4,./kaggletest/gbesta1/,XC525285.ogg,11.466984126984126,0,5.0,5.0,44100,bird,1.0
5,./kaggletest/gbesta1/,XC312538.ogg,18.207324263038547,0,0.0,5.0,44100,bird,1.0
6,./kaggletest/gbesta1/,XC312538.ogg,18.207324263038547,0,5.0,5.0,44100,bird,1.0
7,./kaggletest/gbesta1/,XC312538.ogg,18.207324263038547,0,10.0,5.0,44100,bird,1.0
8,./kaggletest/gbesta1/,XC525284.ogg,23.51,0,0.0,5.0,44100,bird,1.0
9,./kaggletest/gbesta1/,XC525284.ogg,23.51,0,5.0,5.0,44100,bird,1.0
10,./kaggletest/gbesta1/,XC525284.ogg,23.51,0,10.0,5.0,44100,bird,1.0
11,./kaggletest/gbesta1/,XC525284.ogg,23.51,0,15.0,5.0,44100,bird,1.0
12,./kaggletest/gbesta1/,XC525286.ogg,19.27798185941043,0,0.0,5.0,44100,bird,1.0
13,./kaggletest/gbesta1/,XC525286.ogg,19.27798185941043,0,5.0,5.0,44100,bird,1.0
14,./kaggletest/gbesta1/,XC525286.ogg,19.27798185941043,0,10.0,5.0,44100,bird,1.0
15,./kaggletest/gbesta1/,XC210338.ogg,90.21598639455782,0,0.0,5.0,44100,bird,1.0
16,./kaggletest/gbesta1/,XC210338.ogg,90.21598639455782,0,5.0,5.0,44100,bird,1.0
17,./kaggletest/gbesta1/,XC210338.ogg,90.21598639455782,0,10.0,5.0,44100,bird,1.0
18,./kaggletest/gbesta1/,XC210338.ogg,90.21598639455782,0,15.0,5.0,44100,bird,1.0
19,./kaggletest/gbesta1/,XC210338.ogg,90.21598639455782,0,20.0,5.0,44100,bird,1.0
20,./kaggletest/gbesta1/,XC210338.ogg,90.21598639455782,0,25.0,5.0,44100,bird,1.0
21,./kaggletest/gbesta1/,XC210338.ogg,90.21598639455782,0,30.0,5.0,44100,bird,1.0
22,./kaggletest/gbesta1/,XC210338.ogg,90.21598639455782,0,35.0,5.0,44100,bird,1.0
23,./kaggletest/gbesta1/,XC210338.ogg,90.21598639455782,0,40.0,5.0,44100,bird,1.0
24,./kaggletest/gbesta1/,XC210338.ogg,90.21598639455782,0,45.0,5.0,44100,bird,1.0
25,./kaggletest/gbesta1/,XC210338.ogg,90.21598639455782,0,50.0,5.0,44100,bird,1.0
26,./kaggletest/gbesta1/,XC210338.ogg,90.21598639455782,0,55.0,5.0,44100,bird,1.0
27,./kaggletest/gbesta1/,XC210338.ogg,90.21598639455782,0,60.0,5.0,44100,bird,1.0
28,./kaggletest/gbesta1/,XC210338.ogg,90.21598639455782,0,65.0,5.0,44100,bird,1.0
29,./kaggletest/gbesta1/,XC210338.ogg,90.21598639455782,0,70.0,5.0,44100,bird,1.0
30,./kaggletest/gbesta1/,XC210338.ogg,90.21598639455782,0,75.0,5.0,44100,bird,1.0
31,./kaggletest/gbesta1/,XC210338.ogg,90.21598639455782,0,80.0,5.0,44100,bird,1.0
32,./kaggletest/gbesta1/,XC210338.ogg,90.21598639455782,0,85.0,5.0,44100,bird,1.0
33,./kaggletest/gbesta1/,XC307876.ogg,48.038979591836735,0,0.0,5.0,44100,bird,1.0
34,./kaggletest/gbesta1/,XC307876.ogg,48.038979591836735,0,5.0,5.0,44100,bird,1.0
35,./kaggletest/gbesta1/,XC307876.ogg,48.038979591836735,0,10.0,5.0,44100,bird,1.0
36,./kaggletest/gbesta1/,XC307876.ogg,48.038979591836735,0,15.0,5.0,44100,bird,1.0
37,./kaggletest/gbesta1/,XC307876.ogg,48.038979591836735,0,20.0,5.0,44100,bird,1.0
38,./kaggletest/gbesta1/,XC307876.ogg,48.038979591836735,0,30.0,5.0,44100,bird,1.0
39,./kaggletest/gbesta1/,XC307876.ogg,48.038979591836735,0,35.0,5.0,44100,bird,1.0
40,./kaggletest/gbesta1/,XC307876.ogg,48.038979591836735,0,40.0,5.0,44100,bird,1.0
41,./kaggletest/gbesta1/,XC210339.ogg,49.29598639455782,0,0.0,5.0,44100,bird,1.0
42,./kaggletest/gbesta1/,XC210339.ogg,49.29598639455782,0,5.0,5.0,44100,bird,1.0
43,./kaggletest/gbesta1/,XC210339.ogg,49.29598639455782,0,10.0,5.0,44100,bird,1.0
44,./kaggletest/gbesta1/,XC210339.ogg,49.29598639455782,0,15.0,5.0,44100,bird,1.0
45,./kaggletest/gbesta1/,XC210339.ogg,49.29598639455782,0,20.0,5.0,44100,bird,1.0
46,./kaggletest/gbesta1/,XC210339.ogg,49.29598639455782,0,25.0,5.0,44100,bird,1.0
47,./kaggletest/gbesta1/,XC210339.ogg,49.29598639455782,0,30.0,5.0,44100,bird,1.0
48,./kaggletest/gbesta1/,XC210339.ogg,49.29598639455782,0,35.0,5.0,44100,bird,1.0
49,./kaggletest/gbesta1/,XC210339.ogg,49.29598639455782,0,40.0,5.0,44100,bird,1.0
50,./kaggletest/gbesta1/,XC240903.ogg,60.91755102040816,0,0.0,5.0,44100,bird,1.0
51,./kaggletest/gbesta1/,XC240903.ogg,60.91755102040816,0,5.0,5.0,44100,bird,1.0
52,./kaggletest/gbesta1/,XC240903.ogg,60.91755102040816,0,10.0,5.0,44100,bird,1.0
53,./kaggletest/gbesta1/,XC240903.ogg,60.91755102040816,0,15.0,5.0,44100,bird,1.0
54,./kaggletest/gbesta1/,XC240903.ogg,60.91755102040816,0,20.0,5.0,44100,bird,1.0
55,./kaggletest/gbesta1/,XC240903.ogg,60.91755102040816,0,25.0,5.0,44100,bird,1.0
56,./kaggletest/gbesta1/,XC240903.ogg,60.91755102040816,0,30.0,5.0,44100,bird,1.0
57,./kaggletest/gbesta1/,XC240903.ogg,60.91755102040816,0,35.0,5.0,44100,bird,1.0
58,./kaggletest/gbesta1/,XC240903.ogg,60.91755102040816,0,40.0,5.0,44100,bird,1.0
59,./kaggletest/gbesta1/,XC240903.ogg,60.91755102040816,0,45.0,5.0,44100,bird,1.0
60,./kaggletest/gbesta1/,XC240903.ogg,60.91755102040816,0,50.0,5.0,44100,bird,1.0
61,./kaggletest/gbesta1/,XC240903.ogg,60.91755102040816,0,55.0,5.0,44100,bird,1.0
62,./kaggletest/gbesta1/,XC525287.ogg,12.93,0,0.0,5.0,44100,bird,1.0
63,./kaggletest/gbesta1/,XC525287.ogg,12.93,0,5.0,5.0,44100,bird,1.0
64,./kaggletest/gbesta1/,XC559002.ogg,68.62367346938775,0,0.0,5.0,44100,bird,1.0
65,./kaggletest/gbesta1/,XC559002.ogg,68.62367346938775,0,5.0,5.0,44100,bird,1.0
66,./kaggletest/gbesta1/,XC559002.ogg,68.62367346938775,0,10.0,5.0,44100,bird,1.0
67,./kaggletest/gbesta1/,XC559002.ogg,68.62367346938775,0,15.0,5.0,44100,bird,1.0
68,./kaggletest/gbesta1/,XC559002.ogg,68.62367346938775,0,20.0,5.0,44100,bird,1.0
69,./kaggletest/gbesta1/,XC559002.ogg,68.62367346938775,0,25.0,5.0,44100,bird,1.0
70,./kaggletest/gbesta1/,XC559002.ogg,68.62367346938775,0,30.0,5.0,44100,bird,1.0
71,./kaggletest/gbesta1/,XC559002.ogg,68.62367346938775,0,35.0,5.0,44100,bird,1.0
72,./kaggletest/gbesta1/,XC559002.ogg,68.62367346938775,0,40.0,5.0,44100,bird,1.0
73,./kaggletest/gbesta1/,XC559002.ogg,68.62367346938775,0,45.0,5.0,44100,bird,1.0
74,./kaggletest/gbesta1/,XC559002.ogg,68.62367346938775,0,50.0,5.0,44100,bird,1.0
75,./kaggletest/gbesta1/,XC559002.ogg,68.62367346938775,0,55.0,5.0,44100,bird,1.0
76,./kaggletest/gbesta1/,XC559002.ogg,68.62367346938775,0,60.0,5.0,44100,bird,1.0
77,./kaggletest/gbesta1/,XC201219.ogg,10.448956916099773,0,5.0,5.0,44100,bird,1.0
78,./kaggletest/gbesta1/,XC444681.ogg,23.74530612244898,0,0.0,5.0,44100,bird,1.0
79,./kaggletest/gbesta1/,XC444681.ogg,23.74530612244898,0,5.0,5.0,44100,bird,1.0
80,./kaggletest/gbesta1/,XC444681.ogg,23.74530612244898,0,10.0,5.0,44100,bird,1.0
81,./kaggletest/gbesta1/,XC444681.ogg,23.74530612244898,0,15.0,5.0,44100,bird,1.0
82,./kaggletest/gbesta1/,XC598339.ogg,21.72,0,0.0,5.0,44100,bird,1.0
83,./kaggletest/gbesta1/,XC598339.ogg,21.72,0,5.0,5.0,44100,bird,1.0
84,./kaggletest/gbesta1/,XC598339.ogg,21.72,0,10.0,5.0,44100,bird,1.0
85,./kaggletest/gbesta1/,XC598339.ogg,21.72,0,15.0,5.0,44100,bird,1.0
86,./kaggletest/gbesta1/,XC293963.ogg,24.685714285714287,0,0.0,5.0,44100,bird,1.0
87,./kaggletest/gbesta1/,XC293963.ogg,24.685714285714287,0,5.0,5.0,44100,bird,1.0
88,./kaggletest/gbesta1/,XC293963.ogg,24.685714285714287,0,10.0,5.0,44100,bird,1.0
89,./kaggletest/gbesta1/,XC293963.ogg,24.685714285714287,0,15.0,5.0,44100,bird,1.0
90,./kaggletest/gbesta1/,XC206039.ogg,49.24079365079365,0,0.0,5.0,44100,bird,1.0
91,./kaggletest/gbesta1/,XC206039.ogg,49.24079365079365,0,5.0,5.0,44100,bird,1.0
92,./kaggletest/gbesta1/,XC206039.ogg,49.24079365079365,0,10.0,5.0,44100,bird,1.0
93,./kaggletest/gbesta1/,XC206039.ogg,49.24079365079365,0,15.0,5.0,44100,bird,1.0
94,./kaggletest/gbesta1/,XC206039.ogg,49.24079365079365,0,20.0,5.0,44100,bird,1.0
95,./kaggletest/gbesta1/,XC206039.ogg,49.24079365079365,0,25.0,5.0,44100,bird,1.0
96,./kaggletest/gbesta1/,XC206039.ogg,49.24079365079365,0,30.0,5.0,44100,bird,1.0
97,./kaggletest/gbesta1/,XC206039.ogg,49.24079365079365,0,35.0,5.0,44100,bird,1.0
98,./kaggletest/gbesta1/,XC206039.ogg,49.24079365079365,0,40.0,5.0,44100,bird,1.0
99,./kaggletest/gbesta1/,XC371689.ogg,112.92698412698412,0,0.0,5.0,44100,bird,1.0
100,./kaggletest/gbesta1/,XC371689.ogg,112.92698412698412,0,5.0,5.0,44100,bird,1.0
101,./kaggletest/gbesta1/,XC371689.ogg,112.92698412698412,0,15.0,5.0,44100,bird,1.0
102,./kaggletest/gbesta1/,XC371689.ogg,112.92698412698412,0,20.0,5.0,44100,bird,1.0
103,./kaggletest/gbesta1/,XC371689.ogg,112.92698412698412,0,25.0,5.0,44100,bird,1.0
104,./kaggletest/gbesta1/,XC371689.ogg,112.92698412698412,0,30.0,5.0,44100,bird,1.0
105,./kaggletest/gbesta1/,XC371689.ogg,112.92698412698412,0,35.0,5.0,44100,bird,1.0
106,./kaggletest/gbesta1/,XC371689.ogg,112.92698412698412,0,40.0,5.0,44100,bird,1.0
107,./kaggletest/gbesta1/,XC371689.ogg,112.92698412698412,0,55.0,5.0,44100,bird,1.0
108,./kaggletest/gbesta1/,XC371689.ogg,112.92698412698412,0,60.0,5.0,44100,bird,1.0
109,./kaggletest/gbesta1/,XC371689.ogg,112.92698412698412,0,65.0,5.0,44100,bird,1.0
110,./kaggletest/gbesta1/,XC371689.ogg,112.92698412698412,0,70.0,5.0,44100,bird,1.0
111,./kaggletest/gbesta1/,XC371689.ogg,112.92698412698412,0,75.0,5.0,44100,bird,1.0
112,./kaggletest/gbesta1/,XC371689.ogg,112.92698412698412,0,80.0,5.0,44100,bird,1.0
113,./kaggletest/gbesta1/,XC371689.ogg,112.92698412698412,0,85.0,5.0,44100,bird,1.0
114,./kaggletest/gbesta1/,XC371689.ogg,112.92698412698412,0,90.0,5.0,44100,bird,1.0
115,./kaggletest/gbesta1/,XC371689.ogg,112.92698412698412,0,100.0,5.0,44100,bird,1.0
116,./kaggletest/gbesta1/,XC371689.ogg,112.92698412698412,0,105.0,5.0,44100,bird,1.0
117,./kaggletest/gbesta1/,XC696446.ogg,25.652244897959182,0,0.0,5.0,44100,bird,1.0
118,./kaggletest/gbesta1/,XC696446.ogg,25.652244897959182,0,5.0,5.0,44100,bird,1.0
119,./kaggletest/gbesta1/,XC696446.ogg,25.652244897959182,0,10.0,5.0,44100,bird,1.0
120,./kaggletest/gbesta1/,XC696446.ogg,25.652244897959182,0,15.0,5.0,44100,bird,1.0
121,./kaggletest/gbesta1/,XC696446.ogg,25.652244897959182,0,20.0,5.0,44100,bird,1.0
122,./kaggletest/gbesta1/,XC590104.ogg,61.70399092970521,0,0.0,5.0,44100,bird,1.0
123,./kaggletest/gbesta1/,XC590104.ogg,61.70399092970521,0,5.0,5.0,44100,bird,1.0
124,./kaggletest/gbesta1/,XC590104.ogg,61.70399092970521,0,10.0,5.0,44100,bird,1.0
125,./kaggletest/gbesta1/,XC590104.ogg,61.70399092970521,0,15.0,5.0,44100,bird,1.0
126,./kaggletest/gbesta1/,XC590104.ogg,61.70399092970521,0,20.0,5.0,44100,bird,1.0
127,./kaggletest/gbesta1/,XC590104.ogg,61.70399092970521,0,25.0,5.0,44100,bird,1.0
128,./kaggletest/gbesta1/,XC590104.ogg,61.70399092970521,0,30.0,5.0,44100,bird,1.0
129,./kaggletest/gbesta1/,XC590104.ogg,61.70399092970521,0,35.0,5.0,44100,bird,1.0
130,./kaggletest/gbesta1/,XC590104.ogg,61.70399092970521,0,40.0,5.0,44100,bird,1.0
131,./kaggletest/gbesta1/,XC590104.ogg,61.70399092970521,0,45.0,5.0,44100,bird,1.0
132,./kaggletest/gbesta1/,XC590104.ogg,61.70399092970521,0,50.0,5.0,44100,bird,1.0
133,./kaggletest/gbesta1/,XC590104.ogg,61.70399092970521,0,55.0,5.0,44100,bird,1.0
134,./kaggletest/gbesta1/,XC602219.ogg,157.48798185941044,0,0.0,5.0,44100,bird,1.0
135,./kaggletest/gbesta1/,XC602219.ogg,157.48798185941044,0,5.0,5.0,44100,bird,1.0
136,./kaggletest/gbesta1/,XC602219.ogg,157.48798185941044,0,10.0,5.0,44100,bird,1.0
137,./kaggletest/gbesta1/,XC602219.ogg,157.48798185941044,0,15.0,5.0,44100,bird,1.0
138,./kaggletest/gbesta1/,XC602219.ogg,157.48798185941044,0,20.0,5.0,44100,bird,1.0
139,./kaggletest/gbesta1/,XC602219.ogg,157.48798185941044,0,25.0,5.0,44100,bird,1.0
140,./kaggletest/gbesta1/,XC602219.ogg,157.48798185941044,0,30.0,5.0,44100,bird,1.0
141,./kaggletest/gbesta1/,XC602219.ogg,157.48798185941044,0,35.0,5.0,44100,bird,1.0
142,./kaggletest/gbesta1/,XC602219.ogg,157.48798185941044,0,45.0,5.0,44100,bird,1.0
143,./kaggletest/gbesta1/,XC602219.ogg,157.48798185941044,0,50.0,5.0,44100,bird,1.0
144,./kaggletest/gbesta1/,XC602219.ogg,157.48798185941044,0,55.0,5.0,44100,bird,1.0
145,./kaggletest/gbesta1/,XC602219.ogg,157.48798185941044,0,60.0,5.0,44100,bird,1.0
146,./kaggletest/gbesta1/,XC602219.ogg,157.48798185941044,0,65.0,5.0,44100,bird,1.0
147,./kaggletest/gbesta1/,XC602219.ogg,157.48798185941044,0,70.0,5.0,44100,bird,1.0
148,./kaggletest/gbesta1/,XC602219.ogg,157.48798185941044,0,80.0,5.0,44100,bird,1.0
149,./kaggletest/gbesta1/,XC602219.ogg,157.48798185941044,0,85.0,5.0,44100,bird,1.0
150,./kaggletest/gbesta1/,XC602219.ogg,157.48798185941044,0,90.0,5.0,44100,bird,1.0
151,./kaggletest/gbesta1/,XC602219.ogg,157.48798185941044,0,95.0,5.0,44100,bird,1.0
152,./kaggletest/gbesta1/,XC602219.ogg,157.48798185941044,0,100.0,5.0,44100,bird,1.0
153,./kaggletest/gbesta1/,XC602219.ogg,157.48798185941044,0,105.0,5.0,44100,bird,1.0
154,./kaggletest/gbesta1/,XC602219.ogg,157.48798185941044,0,120.0,5.0,44100,bird,1.0
155,./kaggletest/gbesta1/,XC602219.ogg,157.48798185941044,0,125.0,5.0,44100,bird,1.0
156,./kaggletest/gbesta1/,XC602219.ogg,157.48798185941044,0,130.0,5.0,44100,bird,1.0
157,./kaggletest/gbesta1/,XC602219.ogg,157.48798185941044,0,135.0,5.0,44100,bird,1.0
158,./kaggletest/gbesta1/,XC602219.ogg,157.48798185941044,0,140.0,5.0,44100,bird,1.0
159,./kaggletest/gbesta1/,XC602219.ogg,157.48798185941044,0,145.0,5.0,44100,bird,1.0
160,./kaggletest/gbesta1/,XC602219.ogg,157.48798185941044,0,150.0,5.0,44100,bird,1.0
161,./kaggletest/gbesta1/,XC305633.ogg,8.615986394557822,0,0.0,5.0,44100,bird,1.0
162,./kaggletest/gbesta1/,XC593219.ogg,26.375986394557824,0,0.0,5.0,44100,bird,1.0
163,./kaggletest/gbesta1/,XC593219.ogg,26.375986394557824,0,5.0,5.0,44100,bird,1.0
164,./kaggletest/gbesta1/,XC593219.ogg,26.375986394557824,0,15.0,5.0,44100,bird,1.0
165,./kaggletest/gbesta1/,XC593219.ogg,26.375986394557824,0,20.0,5.0,44100,bird,1.0
166,./kaggletest/gbesta1/,XC375316.ogg,14.375986394557824,0,0.0,5.0,44100,bird,1.0
167,./kaggletest/gbesta1/,XC375316.ogg,14.375986394557824,0,5.0,5.0,44100,bird,1.0
168,./kaggletest/gbesta1/,XC537195.ogg,37.616303854875284,0,0.0,5.0,44100,bird,1.0
169,./kaggletest/gbesta1/,XC537195.ogg,37.616303854875284,0,5.0,5.0,44100,bird,1.0
170,./kaggletest/gbesta1/,XC537195.ogg,37.616303854875284,0,10.0,5.0,44100,bird,1.0
171,./kaggletest/gbesta1/,XC537195.ogg,37.616303854875284,0,15.0,5.0,44100,bird,1.0
172,./kaggletest/gbesta1/,XC537195.ogg,37.616303854875284,0,20.0,5.0,44100,bird,1.0
173,./kaggletest/gbesta1/,XC537195.ogg,37.616303854875284,0,25.0,5.0,44100,bird,1.0
174,./kaggletest/gbesta1/,XC537195.ogg,37.616303854875284,0,30.0,5.0,44100,bird,1.0
175,./kaggletest/gbesta1/,XC584940.ogg,30.023990929705214,0,0.0,5.0,44100,bird,1.0
176,./kaggletest/gbesta1/,XC584940.ogg,30.023990929705214,0,5.0,5.0,44100,bird,1.0
177,./kaggletest/gbesta1/,XC584940.ogg,30.023990929705214,0,10.0,5.0,44100,bird,1.0
178,./kaggletest/gbesta1/,XC584940.ogg,30.023990929705214,0,15.0,5.0,44100,bird,1.0
179,./kaggletest/gbesta1/,XC584940.ogg,30.023990929705214,0,20.0,5.0,44100,bird,1.0
180,./kaggletest/gbesta1/,XC584940.ogg,30.023990929705214,0,25.0,5.0,44100,bird,1.0
181,./kaggletest/gbesta1/,XC584941.ogg,25.943990929705215,0,0.0,5.0,44100,bird,1.0
182,./kaggletest/gbesta1/,XC584941.ogg,25.943990929705215,0,5.0,5.0,44100,bird,1.0
183,./kaggletest/gbesta1/,XC584941.ogg,25.943990929705215,0,15.0,5.0,44100,bird,1.0
184,./kaggletest/gbesta1/,XC584941.ogg,25.943990929705215,0,20.0,5.0,44100,bird,1.0
185,./kaggletest/gbesta1/,XC439413.ogg,7.223990929705216,0,0.0,5.0,44100,bird,1.0
186,./kaggletest/gbesta1/,XC439412.ogg,17.543990929705217,0,0.0,5.0,44100,bird,1.0
187,./kaggletest/gbesta1/,XC439412.ogg,17.543990929705217,0,5.0,5.0,44100,bird,1.0
188,./kaggletest/gbesta1/,XC439412.ogg,17.543990929705217,0,10.0,5.0,44100,bird,1.0
189,./kaggletest/gbesta1/,XC308045.ogg,25.31265306122449,0,0.0,5.0,44100,bird,1.0
190,./kaggletest/gbesta1/,XC308045.ogg,25.31265306122449,0,5.0,5.0,44100,bird,1.0
191,./kaggletest/gbesta1/,XC308045.ogg,25.31265306122449,0,10.0,5.0,44100,bird,1.0
192,./kaggletest/gbesta1/,XC308045.ogg,25.31265306122449,0,15.0,5.0,44100,bird,1.0
193,./kaggletest/gbesta1/,XC308045.ogg,25.31265306122449,0,20.0,5.0,44100,bird,1.0
194,./kaggletest/gbesta1/,XC240789.ogg,30.406530612244897,0,0.0,5.0,44100,bird,1.0
195,./kaggletest/gbesta1/,XC240789.ogg,30.406530612244897,0,5.0,5.0,44100,bird,1.0
196,./kaggletest/gbesta1/,XC240789.ogg,30.406530612244897,0,10.0,5.0,44100,bird,1.0
197,./kaggletest/gbesta1/,XC240789.ogg,30.406530612244897,0,15.0,5.0,44100,bird,1.0
198,./kaggletest/gbesta1/,XC240789.ogg,30.406530612244897,0,20.0,5.0,44100,bird,1.0
199,./kaggletest/gbesta1/,XC240789.ogg,30.406530612244897,0,25.0,5.0,44100,bird,1.0
200,./kaggletest/gbesta1/,XC240788.ogg,26.357551020408163,0,0.0,5.0,44100,bird,1.0
201,./kaggletest/gbesta1/,XC240788.ogg,26.357551020408163,0,5.0,5.0,44100,bird,1.0
202,./kaggletest/gbesta1/,XC240788.ogg,26.357551020408163,0,10.0,5.0,44100,bird,1.0
203,./kaggletest/gbesta1/,XC240788.ogg,26.357551020408163,0,15.0,5.0,44100,bird,1.0
204,./kaggletest/gbesta1/,XC240788.ogg,26.357551020408163,0,20.0,5.0,44100,bird,1.0
205,./kaggletest/gbesta1/,XC305765.ogg,55.46399092970522,0,0.0,5.0,44100,bird,1.0
206,./kaggletest/gbesta1/,XC305765.ogg,55.46399092970522,0,5.0,5.0,44100,bird,1.0
207,./kaggletest/gbesta1/,XC305765.ogg,55.46399092970522,0,10.0,5.0,44100,bird,1.0
208,./kaggletest/gbesta1/,XC305765.ogg,55.46399092970522,0,15.0,5.0,44100,bird,1.0
209,./kaggletest/gbesta1/,XC305765.ogg,55.46399092970522,0,20.0,5.0,44100,bird,1.0
210,./kaggletest/gbesta1/,XC305765.ogg,55.46399092970522,0,25.0,5.0,44100,bird,1.0
211,./kaggletest/gbesta1/,XC305765.ogg,55.46399092970522,0,30.0,5.0,44100,bird,1.0
212,./kaggletest/gbesta1/,XC305765.ogg,55.46399092970522,0,35.0,5.0,44100,bird,1.0
213,./kaggletest/gbesta1/,XC305765.ogg,55.46399092970522,0,40.0,5.0,44100,bird,1.0
214,./kaggletest/gbesta1/,XC305765.ogg,55.46399092970522,0,45.0,5.0,44100,bird,1.0
215,./kaggletest/gbesta1/,XC305765.ogg,55.46399092970522,0,50.0,5.0,44100,bird,1.0
216,./kaggletest/gbesta1/,XC474304.ogg,15.881995464852608,0,0.0,5.0,44100,bird,1.0
217,./kaggletest/gbesta1/,XC474304.ogg,15.881995464852608,0,5.0,5.0,44100,bird,1.0
218,./kaggletest/gbesta1/,XC474304.ogg,15.881995464852608,0,10.0,5.0,44100,bird,1.0
219,./kaggletest/gbesta1/,XC210341.ogg,49.70399092970521,0,0.0,5.0,44100,bird,1.0
220,./kaggletest/gbesta1/,XC210341.ogg,49.70399092970521,0,5.0,5.0,44100,bird,1.0
221,./kaggletest/gbesta1/,XC210341.ogg,49.70399092970521,0,10.0,5.0,44100,bird,1.0
222,./kaggletest/gbesta1/,XC210341.ogg,49.70399092970521,0,15.0,5.0,44100,bird,1.0
223,./kaggletest/gbesta1/,XC210341.ogg,49.70399092970521,0,20.0,5.0,44100,bird,1.0
224,./kaggletest/gbesta1/,XC210341.ogg,49.70399092970521,0,25.0,5.0,44100,bird,1.0
225,./kaggletest/gbesta1/,XC210341.ogg,49.70399092970521,0,35.0,5.0,44100,bird,1.0
226,./kaggletest/gbesta1/,XC210341.ogg,49.70399092970521,0,40.0,5.0,44100,bird,1.0
227,./kaggletest/gbesta1/,XC601584.ogg,30.56324263038549,0,0.0,5.0,44100,bird,1.0
228,./kaggletest/gbesta1/,XC601584.ogg,30.56324263038549,0,5.0,5.0,44100,bird,1.0
229,./kaggletest/gbesta1/,XC601584.ogg,30.56324263038549,0,10.0,5.0,44100,bird,1.0
230,./kaggletest/gbesta1/,XC601584.ogg,30.56324263038549,0,15.0,5.0,44100,bird,1.0
231,./kaggletest/gbesta1/,XC601584.ogg,30.56324263038549,0,20.0,5.0,44100,bird,1.0
232,./kaggletest/gbesta1/,XC601584.ogg,30.56324263038549,0,25.0,5.0,44100,bird,1.0
233,./kaggletest/gbesta1/,XC652877.ogg,124.84798185941042,0,0.0,5.0,44100,bird,1.0
234,./kaggletest/gbesta1/,XC652877.ogg,124.84798185941042,0,5.0,5.0,44100,bird,1.0
235,./kaggletest/gbesta1/,XC652877.ogg,124.84798185941042,0,10.0,5.0,44100,bird,1.0
236,./kaggletest/gbesta1/,XC652877.ogg,124.84798185941042,0,15.0,5.0,44100,bird,1.0
237,./kaggletest/gbesta1/,XC652877.ogg,124.84798185941042,0,20.0,5.0,44100,bird,1.0
238,./kaggletest/gbesta1/,XC652877.ogg,124.84798185941042,0,25.0,5.0,44100,bird,1.0
239,./kaggletest/gbesta1/,XC652877.ogg,124.84798185941042,0,30.0,5.0,44100,bird,1.0
240,./kaggletest/gbesta1/,XC652877.ogg,124.84798185941042,0,35.0,5.0,44100,bird,1.0
241,./kaggletest/gbesta1/,XC652877.ogg,124.84798185941042,0,40.0,5.0,44100,bird,1.0
242,./kaggletest/gbesta1/,XC652877.ogg,124.84798185941042,0,45.0,5.0,44100,bird,1.0
243,./kaggletest/gbesta1/,XC652877.ogg,124.84798185941042,0,50.0,5.0,44100,bird,1.0
244,./kaggletest/gbesta1/,XC652877.ogg,124.84798185941042,0,55.0,5.0,44100,bird,1.0
245,./kaggletest/gbesta1/,XC652877.ogg,124.84798185941042,0,60.0,5.0,44100,bird,1.0
246,./kaggletest/gbesta1/,XC652877.ogg,124.84798185941042,0,65.0,5.0,44100,bird,1.0
247,./kaggletest/gbesta1/,XC652877.ogg,124.84798185941042,0,70.0,5.0,44100,bird,1.0
248,./kaggletest/gbesta1/,XC652877.ogg,124.84798185941042,0,75.0,5.0,44100,bird,1.0
249,./kaggletest/gbesta1/,XC652877.ogg,124.84798185941042,0,80.0,5.0,44100,bird,1.0
250,./kaggletest/gbesta1/,XC652877.ogg,124.84798185941042,0,85.0,5.0,44100,bird,1.0
251,./kaggletest/gbesta1/,XC652877.ogg,124.84798185941042,0,90.0,5.0,44100,bird,1.0
252,./kaggletest/gbesta1/,XC652877.ogg,124.84798185941042,0,95.0,5.0,44100,bird,1.0
253,./kaggletest/gbesta1/,XC652877.ogg,124.84798185941042,0,100.0,5.0,44100,bird,1.0
254,./kaggletest/gbesta1/,XC652877.ogg,124.84798185941042,0,105.0,5.0,44100,bird,1.0
255,./kaggletest/gbesta1/,XC652877.ogg,124.84798185941042,0,110.0,5.0,44100,bird,1.0
256,./kaggletest/gbesta1/,XC652877.ogg,124.84798185941042,0,115.0,5.0,44100,bird,1.0
257,./kaggletest/gbesta1/,XC444315.ogg,97.85467120181406,0,0.0,5.0,44100,bird,1.0
258,./kaggletest/gbesta1/,XC444315.ogg,97.85467120181406,0,5.0,5.0,44100,bird,1.0
259,./kaggletest/gbesta1/,XC444315.ogg,97.85467120181406,0,10.0,5.0,44100,bird,1.0
260,./kaggletest/gbesta1/,XC444315.ogg,97.85467120181406,0,15.0,5.0,44100,bird,1.0
261,./kaggletest/gbesta1/,XC444315.ogg,97.85467120181406,0,20.0,5.0,44100,bird,1.0
262,./kaggletest/gbesta1/,XC444315.ogg,97.85467120181406,0,30.0,5.0,44100,bird,1.0
263,./kaggletest/gbesta1/,XC444315.ogg,97.85467120181406,0,35.0,5.0,44100,bird,1.0
264,./kaggletest/gbesta1/,XC444315.ogg,97.85467120181406,0,40.0,5.0,44100,bird,1.0
265,./kaggletest/gbesta1/,XC444315.ogg,97.85467120181406,0,45.0,5.0,44100,bird,1.0
266,./kaggletest/gbesta1/,XC444315.ogg,97.85467120181406,0,50.0,5.0,44100,bird,1.0
267,./kaggletest/gbesta1/,XC444315.ogg,97.85467120181406,0,55.0,5.0,44100,bird,1.0
268,./kaggletest/gbesta1/,XC444315.ogg,97.85467120181406,0,60.0,5.0,44100,bird,1.0
269,./kaggletest/gbesta1/,XC444315.ogg,97.85467120181406,0,65.0,5.0,44100,bird,1.0
270,./kaggletest/gbesta1/,XC444315.ogg,97.85467120181406,0,70.0,5.0,44100,bird,1.0
271,./kaggletest/gbesta1/,XC444315.ogg,97.85467120181406,0,75.0,5.0,44100,bird,1.0
272,./kaggletest/gbesta1/,XC444315.ogg,97.85467120181406,0,80.0,5.0,44100,bird,1.0
273,./kaggletest/gbesta1/,XC444315.ogg,97.85467120181406,0,85.0,5.0,44100,bird,1.0
274,./kaggletest/gbesta1/,XC444315.ogg,97.85467120181406,0,90.0,5.0,44100,bird,1.0
275,./kaggletest/gbesta1/,XC584694.ogg,43.391995464852606,0,0.0,5.0,44100,bird,1.0
276,./kaggletest/gbesta1/,XC584694.ogg,43.391995464852606,0,5.0,5.0,44100,bird,1.0
277,./kaggletest/gbesta1/,XC584694.ogg,43.391995464852606,0,20.0,5.0,44100,bird,1.0
278,./kaggletest/gbesta1/,XC584694.ogg,43.391995464852606,0,25.0,5.0,44100,bird,1.0
279,./kaggletest/gbesta1/,XC584694.ogg,43.391995464852606,0,30.0,5.0,44100,bird,1.0
280,./kaggletest/gbesta1/,XC584694.ogg,43.391995464852606,0,35.0,5.0,44100,bird,1.0
281,./kaggletest/gbesta1/,XC584695.ogg,10.055986394557824,0,0.0,5.0,44100,bird,1.0
282,./kaggletest/gbesta1/,XC584695.ogg,10.055986394557824,0,5.0,5.0,44100,bird,1.0
283,./kaggletest/gbesta1/,XC201172.ogg,42.42283446712018,0,0.0,5.0,44100,bird,1.0
284,./kaggletest/gbesta1/,XC201172.ogg,42.42283446712018,0,5.0,5.0,44100,bird,1.0
285,./kaggletest/gbesta1/,XC201172.ogg,42.42283446712018,0,10.0,5.0,44100,bird,1.0
286,./kaggletest/gbesta1/,XC201172.ogg,42.42283446712018,0,15.0,5.0,44100,bird,1.0
287,./kaggletest/gbesta1/,XC201172.ogg,42.42283446712018,0,20.0,5.0,44100,bird,1.0
288,./kaggletest/gbesta1/,XC201172.ogg,42.42283446712018,0,25.0,5.0,44100,bird,1.0
289,./kaggletest/gbesta1/,XC201172.ogg,42.42283446712018,0,30.0,5.0,44100,bird,1.0
290,./kaggletest/gbesta1/,XC201172.ogg,42.42283446712018,0,35.0,5.0,44100,bird,1.0
291,./kaggletest/gbesta1/,XC234646.ogg,12.486530612244898,0,0.0,5.0,44100,bird,1.0
292,./kaggletest/gbesta1/,XC234646.ogg,12.486530612244898,0,5.0,5.0,44100,bird,1.0
293,./kaggletest/gbesta1/,XC234647.ogg,121.44324263038548,0,5.0,5.0,44100,bird,1.0
294,./kaggletest/gbesta1/,XC234647.ogg,121.44324263038548,0,10.0,5.0,44100,bird,1.0
295,./kaggletest/gbesta1/,XC234647.ogg,121.44324263038548,0,15.0,5.0,44100,bird,1.0
296,./kaggletest/gbesta1/,XC234647.ogg,121.44324263038548,0,20.0,5.0,44100,bird,1.0
297,./kaggletest/gbesta1/,XC234647.ogg,121.44324263038548,0,30.0,5.0,44100,bird,1.0
298,./kaggletest/gbesta1/,XC234647.ogg,121.44324263038548,0,35.0,5.0,44100,bird,1.0
299,./kaggletest/gbesta1/,XC234647.ogg,121.44324263038548,0,40.0,5.0,44100,bird,1.0
300,./kaggletest/gbesta1/,XC234647.ogg,121.44324263038548,0,45.0,5.0,44100,bird,1.0
301,./kaggletest/gbesta1/,XC234647.ogg,121.44324263038548,0,50.0,5.0,44100,bird,1.0
302,./kaggletest/gbesta1/,XC234647.ogg,121.44324263038548,0,55.0,5.0,44100,bird,1.0
303,./kaggletest/gbesta1/,XC234647.ogg,121.44324263038548,0,60.0,5.0,44100,bird,1.0
304,./kaggletest/gbesta1/,XC234647.ogg,121.44324263038548,0,65.0,5.0,44100,bird,1.0
305,./kaggletest/gbesta1/,XC234647.ogg,121.44324263038548,0,70.0,5.0,44100,bird,1.0
306,./kaggletest/gbesta1/,XC234647.ogg,121.44324263038548,0,75.0,5.0,44100,bird,1.0
307,./kaggletest/gbesta1/,XC234647.ogg,121.44324263038548,0,80.0,5.0,44100,bird,1.0
308,./kaggletest/gbesta1/,XC234647.ogg,121.44324263038548,0,85.0,5.0,44100,bird,1.0
309,./kaggletest/gbesta1/,XC234647.ogg,121.44324263038548,0,90.0,5.0,44100,bird,1.0
310,./kaggletest/gbesta1/,XC234647.ogg,121.44324263038548,0,95.0,5.0,44100,bird,1.0
311,./kaggletest/gbesta1/,XC234647.ogg,121.44324263038548,0,100.0,5.0,44100,bird,1.0
312,./kaggletest/gbesta1/,XC234647.ogg,121.44324263038548,0,105.0,5.0,44100,bird,1.0
313,./kaggletest/gbesta1/,XC234647.ogg,121.44324263038548,0,110.0,5.0,44100,bird,1.0
314,./kaggletest/gbesta1/,XC591507.ogg,13.087324263038548,0,0.0,5.0,44100,bird,1.0
315,./kaggletest/gbesta1/,XC591507.ogg,13.087324263038548,0,5.0,5.0,44100,bird,1.0
