,FOLDER,IN FILE,CLIP LENGTH,CHANNEL,OFFSET,DURATION,SAMPLE RATE,MANUAL ID,CONFIDENCE
0,./kaggletest/gobbun1/,XC364492.ogg,24.52798185941043,0,0.0,5.0,44100,bird,1.0
1,./kaggletest/gobbun1/,XC364492.ogg,24.52798185941043,0,5.0,5.0,44100,bird,1.0
2,./kaggletest/gobbun1/,XC364492.ogg,24.52798185941043,0,10.0,5.0,44100,bird,1.0
3,./kaggletest/gobbun1/,XC364492.ogg,24.52798185941043,0,15.0,5.0,44100,bird,1.0
4,./kaggletest/gobbun1/,XC268108.ogg,56.26773242630385,0,0.0,5.0,44100,bird,1.0
5,./kaggletest/gobbun1/,XC268108.ogg,56.26773242630385,0,5.0,5.0,44100,bird,1.0
6,./kaggletest/gobbun1/,XC268108.ogg,56.26773242630385,0,15.0,5.0,44100,bird,1.0
7,./kaggletest/gobbun1/,XC268108.ogg,56.26773242630385,0,25.0,5.0,44100,bird,1.0
8,./kaggletest/gobbun1/,XC268108.ogg,56.26773242630385,0,30.0,5.0,44100,bird,1.0
9,./kaggletest/gobbun1/,XC268108.ogg,56.26773242630385,0,40.0,5.0,44100,bird,1.0
10,./kaggletest/gobbun1/,XC268108.ogg,56.26773242630385,0,50.0,5.0,44100,bird,1.0
11,./kaggletest/gobbun1/,XC342285.ogg,24.555079365079365,0,0.0,5.0,44100,bird,1.0
12,./kaggletest/gobbun1/,XC342285.ogg,24.555079365079365,0,5.0,5.0,44100,bird,1.0
13,./kaggletest/gobbun1/,XC342285.ogg,24.555079365079365,0,10.0,5.0,44100,bird,1.0
14,./kaggletest/gobbun1/,XC342285.ogg,24.555079365079365,0,15.0,5.0,44100,bird,1.0
15,./kaggletest/gobbun1/,XC171634.ogg,37.82530612244898,0,0.0,5.0,44100,bird,1.0
16,./kaggletest/gobbun1/,XC171634.ogg,37.82530612244898,0,5.0,5.0,44100,bird,1.0
17,./kaggletest/gobbun1/,XC171634.ogg,37.82530612244898,0,10.0,5.0,44100,bird,1.0
18,./kaggletest/gobbun1/,XC171634.ogg,37.82530612244898,0,15.0,5.0,44100,bird,1.0
19,./kaggletest/gobbun1/,XC171634.ogg,37.82530612244898,0,20.0,5.0,44100,bird,1.0
20,./kaggletest/gobbun1/,XC171634.ogg,37.82530612244898,0,25.0,5.0,44100,bird,1.0
21,./kaggletest/gobbun1/,XC171634.ogg,37.82530612244898,0,30.0,5.0,44100,bird,1.0
22,./kaggletest/gobbun1/,XC364491.ogg,28.2,0,0.0,5.0,44100,bird,1.0
23,./kaggletest/gobbun1/,XC364491.ogg,28.2,0,5.0,5.0,44100,bird,1.0
24,./kaggletest/gobbun1/,XC364491.ogg,28.2,0,10.0,5.0,44100,bird,1.0
25,./kaggletest/gobbun1/,XC364491.ogg,28.2,0,15.0,5.0,44100,bird,1.0
26,./kaggletest/gobbun1/,XC364491.ogg,28.2,0,20.0,5.0,44100,bird,1.0
27,./kaggletest/gobbun1/,XC241837.ogg,32.052244897959184,0,0.0,5.0,44100,bird,1.0
28,./kaggletest/gobbun1/,XC241837.ogg,32.052244897959184,0,5.0,5.0,44100,bird,1.0
29,./kaggletest/gobbun1/,XC241837.ogg,32.052244897959184,0,10.0,5.0,44100,bird,1.0
30,./kaggletest/gobbun1/,XC241837.ogg,32.052244897959184,0,15.0,5.0,44100,bird,1.0
31,./kaggletest/gobbun1/,XC241837.ogg,32.052244897959184,0,20.0,5.0,44100,bird,1.0
32,./kaggletest/gobbun1/,XC241837.ogg,32.052244897959184,0,25.0,5.0,44100,bird,1.0
33,./kaggletest/gobbun1/,XC508498.ogg,83.87918367346938,0,0.0,5.0,44100,bird,1.0
34,./kaggletest/gobbun1/,XC508498.ogg,83.87918367346938,0,5.0,5.0,44100,bird,1.0
35,./kaggletest/gobbun1/,XC508498.ogg,83.87918367346938,0,10.0,5.0,44100,bird,1.0
36,./kaggletest/gobbun1/,XC508498.ogg,83.87918367346938,0,15.0,5.0,44100,bird,1.0
37,./kaggletest/gobbun1/,XC508498.ogg,83.87918367346938,0,20.0,5.0,44100,bird,1.0
38,./kaggletest/gobbun1/,XC508498.ogg,83.87918367346938,0,25.0,5.0,44100,bird,1.0
39,./kaggletest/gobbun1/,XC508498.ogg,83.87918367346938,0,30.0,5.0,44100,bird,1.0
40,./kaggletest/gobbun1/,XC508498.ogg,83.87918367346938,0,35.0,5.0,44100,bird,1.0
41,./kaggletest/gobbun1/,XC508498.ogg,83.87918367346938,0,40.0,5.0,44100,bird,1.0
42,./kaggletest/gobbun1/,XC508498.ogg,83.87918367346938,0,45.0,5.0,44100,bird,1.0
43,./kaggletest/gobbun1/,XC508498.ogg,83.87918367346938,0,50.0,5.0,44100,bird,1.0
44,./kaggletest/gobbun1/,XC508498.ogg,83.87918367346938,0,55.0,5.0,44100,bird,1.0
45,./kaggletest/gobbun1/,XC508498.ogg,83.87918367346938,0,60.0,5.0,44100,bird,1.0
46,./kaggletest/gobbun1/,XC508498.ogg,83.87918367346938,0,65.0,5.0,44100,bird,1.0
47,./kaggletest/gobbun1/,XC508498.ogg,83.87918367346938,0,70.0,5.0,44100,bird,1.0
48,./kaggletest/gobbun1/,XC508498.ogg,83.87918367346938,0,75.0,5.0,44100,bird,1.0
49,./kaggletest/gobbun1/,XC641743.ogg,11.963990929705215,0,0.0,5.0,44100,bird,1.0
50,./kaggletest/gobbun1/,XC641743.ogg,11.963990929705215,0,5.0,5.0,44100,bird,1.0
51,./kaggletest/gobbun1/,XC391998.ogg,33.72399092970522,0,0.0,5.0,44100,bird,1.0
52,./kaggletest/gobbun1/,XC391998.ogg,33.72399092970522,0,5.0,5.0,44100,bird,1.0
53,./kaggletest/gobbun1/,XC391998.ogg,33.72399092970522,0,10.0,5.0,44100,bird,1.0
54,./kaggletest/gobbun1/,XC391998.ogg,33.72399092970522,0,15.0,5.0,44100,bird,1.0
55,./kaggletest/gobbun1/,XC391998.ogg,33.72399092970522,0,20.0,5.0,44100,bird,1.0
56,./kaggletest/gobbun1/,XC391998.ogg,33.72399092970522,0,25.0,5.0,44100,bird,1.0
57,./kaggletest/gobbun1/,XC460910.ogg,148.55798185941043,0,0.0,5.0,44100,bird,1.0
58,./kaggletest/gobbun1/,XC460910.ogg,148.55798185941043,0,5.0,5.0,44100,bird,1.0
59,./kaggletest/gobbun1/,XC460910.ogg,148.55798185941043,0,10.0,5.0,44100,bird,1.0
60,./kaggletest/gobbun1/,XC460910.ogg,148.55798185941043,0,15.0,5.0,44100,bird,1.0
61,./kaggletest/gobbun1/,XC460910.ogg,148.55798185941043,0,20.0,5.0,44100,bird,1.0
62,./kaggletest/gobbun1/,XC460910.ogg,148.55798185941043,0,25.0,5.0,44100,bird,1.0
63,./kaggletest/gobbun1/,XC460910.ogg,148.55798185941043,0,30.0,5.0,44100,bird,1.0
64,./kaggletest/gobbun1/,XC460910.ogg,148.55798185941043,0,35.0,5.0,44100,bird,1.0
65,./kaggletest/gobbun1/,XC460910.ogg,148.55798185941043,0,40.0,5.0,44100,bird,1.0
66,./kaggletest/gobbun1/,XC460910.ogg,148.55798185941043,0,45.0,5.0,44100,bird,1.0
67,./kaggletest/gobbun1/,XC460910.ogg,148.55798185941043,0,50.0,5.0,44100,bird,1.0
68,./kaggletest/gobbun1/,XC460910.ogg,148.55798185941043,0,55.0,5.0,44100,bird,1.0
69,./kaggletest/gobbun1/,XC460910.ogg,148.55798185941043,0,60.0,5.0,44100,bird,1.0
70,./kaggletest/gobbun1/,XC460910.ogg,148.55798185941043,0,65.0,5.0,44100,bird,1.0
71,./kaggletest/gobbun1/,XC460910.ogg,148.55798185941043,0,70.0,5.0,44100,bird,1.0
72,./kaggletest/gobbun1/,XC460910.ogg,148.55798185941043,0,75.0,5.0,44100,bird,1.0
73,./kaggletest/gobbun1/,XC460910.ogg,148.55798185941043,0,80.0,5.0,44100,bird,1.0
74,./kaggletest/gobbun1/,XC460910.ogg,148.55798185941043,0,85.0,5.0,44100,bird,1.0
75,./kaggletest/gobbun1/,XC460910.ogg,148.55798185941043,0,90.0,5.0,44100,bird,1.0
76,./kaggletest/gobbun1/,XC460910.ogg,148.55798185941043,0,95.0,5.0,44100,bird,1.0
77,./kaggletest/gobbun1/,XC460910.ogg,148.55798185941043,0,100.0,5.0,44100,bird,1.0
78,./kaggletest/gobbun1/,XC460910.ogg,148.55798185941043,0,105.0,5.0,44100,bird,1.0
79,./kaggletest/gobbun1/,XC460910.ogg,148.55798185941043,0,110.0,5.0,44100,bird,1.0
80,./kaggletest/gobbun1/,XC460910.ogg,148.55798185941043,0,115.0,5.0,44100,bird,1.0
81,./kaggletest/gobbun1/,XC460910.ogg,148.55798185941043,0,120.0,5.0,44100,bird,1.0
82,./kaggletest/gobbun1/,XC460910.ogg,148.55798185941043,0,125.0,5.0,44100,bird,1.0
83,./kaggletest/gobbun1/,XC460910.ogg,148.55798185941043,0,130.0,5.0,44100,bird,1.0
84,./kaggletest/gobbun1/,XC460910.ogg,148.55798185941043,0,135.0,5.0,44100,bird,1.0
85,./kaggletest/gobbun1/,XC460910.ogg,148.55798185941043,0,140.0,5.0,44100,bird,1.0
86,./kaggletest/gobbun1/,XC411871.ogg,21.551020408163264,0,0.0,5.0,44100,bird,1.0
87,./kaggletest/gobbun1/,XC411871.ogg,21.551020408163264,0,5.0,5.0,44100,bird,1.0
88,./kaggletest/gobbun1/,XC411871.ogg,21.551020408163264,0,10.0,5.0,44100,bird,1.0
89,./kaggletest/gobbun1/,XC411871.ogg,21.551020408163264,0,15.0,5.0,44100,bird,1.0
90,./kaggletest/gobbun1/,XC393455.ogg,13.296303854875283,0,0.0,5.0,44100,bird,1.0
91,./kaggletest/gobbun1/,XC393455.ogg,13.296303854875283,0,5.0,5.0,44100,bird,1.0
92,./kaggletest/gobbun1/,XC602623.ogg,42.52798185941043,0,0.0,5.0,44100,bird,1.0
93,./kaggletest/gobbun1/,XC602623.ogg,42.52798185941043,0,5.0,5.0,44100,bird,1.0
94,./kaggletest/gobbun1/,XC602623.ogg,42.52798185941043,0,10.0,5.0,44100,bird,1.0
95,./kaggletest/gobbun1/,XC602623.ogg,42.52798185941043,0,15.0,5.0,44100,bird,1.0
96,./kaggletest/gobbun1/,XC602623.ogg,42.52798185941043,0,20.0,5.0,44100,bird,1.0
97,./kaggletest/gobbun1/,XC602623.ogg,42.52798185941043,0,25.0,5.0,44100,bird,1.0
98,./kaggletest/gobbun1/,XC602623.ogg,42.52798185941043,0,30.0,5.0,44100,bird,1.0
99,./kaggletest/gobbun1/,XC602623.ogg,42.52798185941043,0,35.0,5.0,44100,bird,1.0
100,./kaggletest/gobbun1/,XC393454.ogg,39.10530612244898,0,0.0,5.0,44100,bird,1.0
101,./kaggletest/gobbun1/,XC393454.ogg,39.10530612244898,0,5.0,5.0,44100,bird,1.0
102,./kaggletest/gobbun1/,XC393454.ogg,39.10530612244898,0,10.0,5.0,44100,bird,1.0
103,./kaggletest/gobbun1/,XC393454.ogg,39.10530612244898,0,15.0,5.0,44100,bird,1.0
104,./kaggletest/gobbun1/,XC393454.ogg,39.10530612244898,0,20.0,5.0,44100,bird,1.0
105,./kaggletest/gobbun1/,XC393454.ogg,39.10530612244898,0,25.0,5.0,44100,bird,1.0
106,./kaggletest/gobbun1/,XC293468.ogg,52.767324263038546,0,0.0,5.0,44100,bird,1.0
107,./kaggletest/gobbun1/,XC293468.ogg,52.767324263038546,0,10.0,5.0,44100,bird,1.0
108,./kaggletest/gobbun1/,XC293468.ogg,52.767324263038546,0,15.0,5.0,44100,bird,1.0
109,./kaggletest/gobbun1/,XC293468.ogg,52.767324263038546,0,20.0,5.0,44100,bird,1.0
110,./kaggletest/gobbun1/,XC293468.ogg,52.767324263038546,0,25.0,5.0,44100,bird,1.0
111,./kaggletest/gobbun1/,XC293468.ogg,52.767324263038546,0,30.0,5.0,44100,bird,1.0
112,./kaggletest/gobbun1/,XC293468.ogg,52.767324263038546,0,35.0,5.0,44100,bird,1.0
113,./kaggletest/gobbun1/,XC293468.ogg,52.767324263038546,0,40.0,5.0,44100,bird,1.0
114,./kaggletest/gobbun1/,XC235913.ogg,56.11102040816326,0,0.0,5.0,44100,bird,1.0
115,./kaggletest/gobbun1/,XC235913.ogg,56.11102040816326,0,10.0,5.0,44100,bird,1.0
116,./kaggletest/gobbun1/,XC235913.ogg,56.11102040816326,0,20.0,5.0,44100,bird,1.0
117,./kaggletest/gobbun1/,XC235913.ogg,56.11102040816326,0,25.0,5.0,44100,bird,1.0
118,./kaggletest/gobbun1/,XC235913.ogg,56.11102040816326,0,35.0,5.0,44100,bird,1.0
119,./kaggletest/gobbun1/,XC235913.ogg,56.11102040816326,0,40.0,5.0,44100,bird,1.0
120,./kaggletest/gobbun1/,XC235913.ogg,56.11102040816326,0,45.0,5.0,44100,bird,1.0
121,./kaggletest/gobbun1/,XC235913.ogg,56.11102040816326,0,50.0,5.0,44100,bird,1.0
122,./kaggletest/gobbun1/,XC612383.ogg,25.103990929705216,0,0.0,5.0,44100,bird,1.0
123,./kaggletest/gobbun1/,XC612383.ogg,25.103990929705216,0,5.0,5.0,44100,bird,1.0
124,./kaggletest/gobbun1/,XC612383.ogg,25.103990929705216,0,10.0,5.0,44100,bird,1.0
125,./kaggletest/gobbun1/,XC612383.ogg,25.103990929705216,0,15.0,5.0,44100,bird,1.0
126,./kaggletest/gobbun1/,XC612383.ogg,25.103990929705216,0,20.0,5.0,44100,bird,1.0
127,./kaggletest/gobbun1/,XC393456.ogg,22.151836734693877,0,0.0,5.0,44100,bird,1.0
128,./kaggletest/gobbun1/,XC393456.ogg,22.151836734693877,0,5.0,5.0,44100,bird,1.0
129,./kaggletest/gobbun1/,XC393456.ogg,22.151836734693877,0,10.0,5.0,44100,bird,1.0
130,./kaggletest/gobbun1/,XC393456.ogg,22.151836734693877,0,15.0,5.0,44100,bird,1.0
131,./kaggletest/gobbun1/,XC153032.ogg,28.133854875283447,0,0.0,5.0,44100,bird,1.0
132,./kaggletest/gobbun1/,XC153032.ogg,28.133854875283447,0,10.0,5.0,44100,bird,1.0
133,./kaggletest/gobbun1/,XC153032.ogg,28.133854875283447,0,20.0,5.0,44100,bird,1.0
134,./kaggletest/gobbun1/,XC200993.wav,5.0,0,0.0,5.0,44100,bird,1.0
135,./kaggletest/gobbun1/,XC363940.ogg,48.457142857142856,0,0.0,5.0,44100,bird,1.0
136,./kaggletest/gobbun1/,XC363940.ogg,48.457142857142856,0,5.0,5.0,44100,bird,1.0
137,./kaggletest/gobbun1/,XC363940.ogg,48.457142857142856,0,10.0,5.0,44100,bird,1.0
138,./kaggletest/gobbun1/,XC363940.ogg,48.457142857142856,0,15.0,5.0,44100,bird,1.0
139,./kaggletest/gobbun1/,XC363940.ogg,48.457142857142856,0,20.0,5.0,44100,bird,1.0
140,./kaggletest/gobbun1/,XC363940.ogg,48.457142857142856,0,25.0,5.0,44100,bird,1.0
141,./kaggletest/gobbun1/,XC363940.ogg,48.457142857142856,0,30.0,5.0,44100,bird,1.0
142,./kaggletest/gobbun1/,XC363940.ogg,48.457142857142856,0,35.0,5.0,44100,bird,1.0
143,./kaggletest/gobbun1/,XC363940.ogg,48.457142857142856,0,40.0,5.0,44100,bird,1.0
144,./kaggletest/gobbun1/,XC533492.ogg,22.93498866213152,0,0.0,5.0,44100,bird,1.0
145,./kaggletest/gobbun1/,XC533492.ogg,22.93498866213152,0,5.0,5.0,44100,bird,1.0
146,./kaggletest/gobbun1/,XC533492.ogg,22.93498866213152,0,10.0,5.0,44100,bird,1.0
147,./kaggletest/gobbun1/,XC533492.ogg,22.93498866213152,0,15.0,5.0,44100,bird,1.0
148,./kaggletest/gobbun1/,XC563712.ogg,39.601609977324266,0,0.0,5.0,44100,bird,1.0
149,./kaggletest/gobbun1/,XC563712.ogg,39.601609977324266,0,5.0,5.0,44100,bird,1.0
150,./kaggletest/gobbun1/,XC563712.ogg,39.601609977324266,0,10.0,5.0,44100,bird,1.0
151,./kaggletest/gobbun1/,XC563712.ogg,39.601609977324266,0,15.0,5.0,44100,bird,1.0
152,./kaggletest/gobbun1/,XC563712.ogg,39.601609977324266,0,20.0,5.0,44100,bird,1.0
153,./kaggletest/gobbun1/,XC563712.ogg,39.601609977324266,0,25.0,5.0,44100,bird,1.0
154,./kaggletest/gobbun1/,XC563712.ogg,39.601609977324266,0,30.0,5.0,44100,bird,1.0
155,./kaggletest/gobbun1/,XC448637.ogg,30.06691609977324,0,0.0,5.0,44100,bird,1.0
156,./kaggletest/gobbun1/,XC448637.ogg,30.06691609977324,0,5.0,5.0,44100,bird,1.0
157,./kaggletest/gobbun1/,XC448637.ogg,30.06691609977324,0,10.0,5.0,44100,bird,1.0
158,./kaggletest/gobbun1/,XC448637.ogg,30.06691609977324,0,15.0,5.0,44100,bird,1.0
159,./kaggletest/gobbun1/,XC448637.ogg,30.06691609977324,0,20.0,5.0,44100,bird,1.0
160,./kaggletest/gobbun1/,XC448637.ogg,30.06691609977324,0,25.0,5.0,44100,bird,1.0
161,./kaggletest/gobbun1/,XC522954.ogg,30.87673469387755,0,10.0,5.0,44100,bird,1.0
162,./kaggletest/gobbun1/,XC522954.ogg,30.87673469387755,0,20.0,5.0,44100,bird,1.0
163,./kaggletest/gobbun1/,XC617000.ogg,17.97598639455782,0,0.0,5.0,44100,bird,1.0
164,./kaggletest/gobbun1/,XC617000.ogg,17.97598639455782,0,5.0,5.0,44100,bird,1.0
165,./kaggletest/gobbun1/,XC478537.ogg,39.1309977324263,0,0.0,5.0,44100,bird,1.0
166,./kaggletest/gobbun1/,XC478537.ogg,39.1309977324263,0,5.0,5.0,44100,bird,1.0
167,./kaggletest/gobbun1/,XC478537.ogg,39.1309977324263,0,10.0,5.0,44100,bird,1.0
168,./kaggletest/gobbun1/,XC478537.ogg,39.1309977324263,0,15.0,5.0,44100,bird,1.0
169,./kaggletest/gobbun1/,XC478537.ogg,39.1309977324263,0,20.0,5.0,44100,bird,1.0
170,./kaggletest/gobbun1/,XC478537.ogg,39.1309977324263,0,25.0,5.0,44100,bird,1.0
171,./kaggletest/gobbun1/,XC478537.ogg,39.1309977324263,0,30.0,5.0,44100,bird,1.0
172,./kaggletest/gobbun1/,XC438674.ogg,50.991020408163266,0,0.0,5.0,44100,bird,1.0
173,./kaggletest/gobbun1/,XC438674.ogg,50.991020408163266,0,10.0,5.0,44100,bird,1.0
174,./kaggletest/gobbun1/,XC438674.ogg,50.991020408163266,0,20.0,5.0,44100,bird,1.0
175,./kaggletest/gobbun1/,XC438674.ogg,50.991020408163266,0,25.0,5.0,44100,bird,1.0
176,./kaggletest/gobbun1/,XC438674.ogg,50.991020408163266,0,30.0,5.0,44100,bird,1.0
177,./kaggletest/gobbun1/,XC438674.ogg,50.991020408163266,0,35.0,5.0,44100,bird,1.0
178,./kaggletest/gobbun1/,XC438674.ogg,50.991020408163266,0,40.0,5.0,44100,bird,1.0
179,./kaggletest/gobbun1/,XC438674.ogg,50.991020408163266,0,45.0,5.0,44100,bird,1.0
180,./kaggletest/gobbun1/,XC611510.ogg,44.97598639455782,0,0.0,5.0,44100,bird,1.0
181,./kaggletest/gobbun1/,XC611510.ogg,44.97598639455782,0,5.0,5.0,44100,bird,1.0
182,./kaggletest/gobbun1/,XC611510.ogg,44.97598639455782,0,10.0,5.0,44100,bird,1.0
183,./kaggletest/gobbun1/,XC611510.ogg,44.97598639455782,0,15.0,5.0,44100,bird,1.0
184,./kaggletest/gobbun1/,XC611510.ogg,44.97598639455782,0,20.0,5.0,44100,bird,1.0
185,./kaggletest/gobbun1/,XC611510.ogg,44.97598639455782,0,25.0,5.0,44100,bird,1.0
186,./kaggletest/gobbun1/,XC611510.ogg,44.97598639455782,0,30.0,5.0,44100,bird,1.0
187,./kaggletest/gobbun1/,XC611510.ogg,44.97598639455782,0,35.0,5.0,44100,bird,1.0
188,./kaggletest/gobbun1/,XC298262.ogg,38.79183673469388,0,0.0,5.0,44100,bird,1.0
189,./kaggletest/gobbun1/,XC298262.ogg,38.79183673469388,0,5.0,5.0,44100,bird,1.0
190,./kaggletest/gobbun1/,XC298262.ogg,38.79183673469388,0,10.0,5.0,44100,bird,1.0
191,./kaggletest/gobbun1/,XC298262.ogg,38.79183673469388,0,15.0,5.0,44100,bird,1.0
192,./kaggletest/gobbun1/,XC298262.ogg,38.79183673469388,0,20.0,5.0,44100,bird,1.0
193,./kaggletest/gobbun1/,XC298262.ogg,38.79183673469388,0,25.0,5.0,44100,bird,1.0
194,./kaggletest/gobbun1/,XC298262.ogg,38.79183673469388,0,30.0,5.0,44100,bird,1.0
195,./kaggletest/gobbun1/,XC532211.ogg,42.74399092970521,0,0.0,5.0,44100,bird,1.0
196,./kaggletest/gobbun1/,XC532211.ogg,42.74399092970521,0,5.0,5.0,44100,bird,1.0
197,./kaggletest/gobbun1/,XC532211.ogg,42.74399092970521,0,10.0,5.0,44100,bird,1.0
198,./kaggletest/gobbun1/,XC532211.ogg,42.74399092970521,0,15.0,5.0,44100,bird,1.0
199,./kaggletest/gobbun1/,XC532211.ogg,42.74399092970521,0,20.0,5.0,44100,bird,1.0
200,./kaggletest/gobbun1/,XC532211.ogg,42.74399092970521,0,25.0,5.0,44100,bird,1.0
201,./kaggletest/gobbun1/,XC532211.ogg,42.74399092970521,0,30.0,5.0,44100,bird,1.0
202,./kaggletest/gobbun1/,XC532211.ogg,42.74399092970521,0,35.0,5.0,44100,bird,1.0
203,./kaggletest/gobbun1/,XC268765.ogg,12.695487528344671,0,0.0,5.0,44100,bird,1.0
204,./kaggletest/gobbun1/,XC268765.ogg,12.695487528344671,0,5.0,5.0,44100,bird,1.0
205,./kaggletest/gobbun1/,XC713492.ogg,18.18120181405896,0,0.0,5.0,44100,bird,1.0
206,./kaggletest/gobbun1/,XC713492.ogg,18.18120181405896,0,5.0,5.0,44100,bird,1.0
207,./kaggletest/gobbun1/,XC713492.ogg,18.18120181405896,0,10.0,5.0,44100,bird,1.0
208,./kaggletest/gobbun1/,XC650018.ogg,14.21,0,0.0,5.0,44100,bird,1.0
209,./kaggletest/gobbun1/,XC650018.ogg,14.21,0,5.0,5.0,44100,bird,1.0
210,./kaggletest/gobbun1/,XC268764.ogg,194.63836734693876,0,0.0,5.0,44100,bird,1.0
211,./kaggletest/gobbun1/,XC268764.ogg,194.63836734693876,0,5.0,5.0,44100,bird,1.0
212,./kaggletest/gobbun1/,XC268764.ogg,194.63836734693876,0,10.0,5.0,44100,bird,1.0
213,./kaggletest/gobbun1/,XC268764.ogg,194.63836734693876,0,15.0,5.0,44100,bird,1.0
214,./kaggletest/gobbun1/,XC268764.ogg,194.63836734693876,0,20.0,5.0,44100,bird,1.0
215,./kaggletest/gobbun1/,XC268764.ogg,194.63836734693876,0,25.0,5.0,44100,bird,1.0
216,./kaggletest/gobbun1/,XC268764.ogg,194.63836734693876,0,30.0,5.0,44100,bird,1.0
217,./kaggletest/gobbun1/,XC268764.ogg,194.63836734693876,0,35.0,5.0,44100,bird,1.0
218,./kaggletest/gobbun1/,XC268764.ogg,194.63836734693876,0,40.0,5.0,44100,bird,1.0
219,./kaggletest/gobbun1/,XC268764.ogg,194.63836734693876,0,45.0,5.0,44100,bird,1.0
220,./kaggletest/gobbun1/,XC268764.ogg,194.63836734693876,0,50.0,5.0,44100,bird,1.0
221,./kaggletest/gobbun1/,XC268764.ogg,194.63836734693876,0,55.0,5.0,44100,bird,1.0
222,./kaggletest/gobbun1/,XC268764.ogg,194.63836734693876,0,60.0,5.0,44100,bird,1.0
223,./kaggletest/gobbun1/,XC268764.ogg,194.63836734693876,0,65.0,5.0,44100,bird,1.0
224,./kaggletest/gobbun1/,XC268764.ogg,194.63836734693876,0,75.0,5.0,44100,bird,1.0
225,./kaggletest/gobbun1/,XC268764.ogg,194.63836734693876,0,80.0,5.0,44100,bird,1.0
226,./kaggletest/gobbun1/,XC268764.ogg,194.63836734693876,0,85.0,5.0,44100,bird,1.0
227,./kaggletest/gobbun1/,XC268764.ogg,194.63836734693876,0,90.0,5.0,44100,bird,1.0
228,./kaggletest/gobbun1/,XC268764.ogg,194.63836734693876,0,95.0,5.0,44100,bird,1.0
229,./kaggletest/gobbun1/,XC268764.ogg,194.63836734693876,0,100.0,5.0,44100,bird,1.0
230,./kaggletest/gobbun1/,XC268764.ogg,194.63836734693876,0,105.0,5.0,44100,bird,1.0
231,./kaggletest/gobbun1/,XC268764.ogg,194.63836734693876,0,110.0,5.0,44100,bird,1.0
232,./kaggletest/gobbun1/,XC268764.ogg,194.63836734693876,0,120.0,5.0,44100,bird,1.0
233,./kaggletest/gobbun1/,XC268764.ogg,194.63836734693876,0,130.0,5.0,44100,bird,1.0
234,./kaggletest/gobbun1/,XC268764.ogg,194.63836734693876,0,135.0,5.0,44100,bird,1.0
235,./kaggletest/gobbun1/,XC268764.ogg,194.63836734693876,0,145.0,5.0,44100,bird,1.0
236,./kaggletest/gobbun1/,XC268764.ogg,194.63836734693876,0,150.0,5.0,44100,bird,1.0
237,./kaggletest/gobbun1/,XC268764.ogg,194.63836734693876,0,165.0,5.0,44100,bird,1.0
238,./kaggletest/gobbun1/,XC268764.ogg,194.63836734693876,0,175.0,5.0,44100,bird,1.0
239,./kaggletest/gobbun1/,XC268764.ogg,194.63836734693876,0,180.0,5.0,44100,bird,1.0
240,./kaggletest/gobbun1/,XC268764.ogg,194.63836734693876,0,185.0,5.0,44100,bird,1.0
241,./kaggletest/gobbun1/,XC686258.ogg,58.07020408163265,0,0.0,5.0,44100,bird,1.0
242,./kaggletest/gobbun1/,XC686258.ogg,58.07020408163265,0,5.0,5.0,44100,bird,1.0
243,./kaggletest/gobbun1/,XC686258.ogg,58.07020408163265,0,10.0,5.0,44100,bird,1.0
244,./kaggletest/gobbun1/,XC686258.ogg,58.07020408163265,0,15.0,5.0,44100,bird,1.0
245,./kaggletest/gobbun1/,XC686258.ogg,58.07020408163265,0,20.0,5.0,44100,bird,1.0
246,./kaggletest/gobbun1/,XC686258.ogg,58.07020408163265,0,25.0,5.0,44100,bird,1.0
247,./kaggletest/gobbun1/,XC686258.ogg,58.07020408163265,0,30.0,5.0,44100,bird,1.0
248,./kaggletest/gobbun1/,XC686258.ogg,58.07020408163265,0,35.0,5.0,44100,bird,1.0
249,./kaggletest/gobbun1/,XC686258.ogg,58.07020408163265,0,40.0,5.0,44100,bird,1.0
250,./kaggletest/gobbun1/,XC686258.ogg,58.07020408163265,0,50.0,5.0,44100,bird,1.0
251,./kaggletest/gobbun1/,XC449485.ogg,43.56,0,0.0,5.0,44100,bird,1.0
252,./kaggletest/gobbun1/,XC449485.ogg,43.56,0,5.0,5.0,44100,bird,1.0
253,./kaggletest/gobbun1/,XC449485.ogg,43.56,0,10.0,5.0,44100,bird,1.0
254,./kaggletest/gobbun1/,XC449485.ogg,43.56,0,15.0,5.0,44100,bird,1.0
255,./kaggletest/gobbun1/,XC449485.ogg,43.56,0,25.0,5.0,44100,bird,1.0
256,./kaggletest/gobbun1/,XC449485.ogg,43.56,0,30.0,5.0,44100,bird,1.0
257,./kaggletest/gobbun1/,XC449485.ogg,43.56,0,35.0,5.0,44100,bird,1.0
258,./kaggletest/gobbun1/,XC601121.ogg,12.527981859410431,0,0.0,5.0,44100,bird,1.0
259,./kaggletest/gobbun1/,XC601121.ogg,12.527981859410431,0,5.0,5.0,44100,bird,1.0
260,./kaggletest/gobbun1/,XC601123.ogg,45.50399092970522,0,0.0,5.0,44100,bird,1.0
261,./kaggletest/gobbun1/,XC601123.ogg,45.50399092970522,0,5.0,5.0,44100,bird,1.0
262,./kaggletest/gobbun1/,XC601123.ogg,45.50399092970522,0,10.0,5.0,44100,bird,1.0
263,./kaggletest/gobbun1/,XC601123.ogg,45.50399092970522,0,15.0,5.0,44100,bird,1.0
264,./kaggletest/gobbun1/,XC601123.ogg,45.50399092970522,0,20.0,5.0,44100,bird,1.0
265,./kaggletest/gobbun1/,XC601123.ogg,45.50399092970522,0,25.0,5.0,44100,bird,1.0
266,./kaggletest/gobbun1/,XC601123.ogg,45.50399092970522,0,30.0,5.0,44100,bird,1.0
267,./kaggletest/gobbun1/,XC601123.ogg,45.50399092970522,0,35.0,5.0,44100,bird,1.0
268,./kaggletest/gobbun1/,XC601123.ogg,45.50399092970522,0,40.0,5.0,44100,bird,1.0
269,./kaggletest/gobbun1/,XC353647.ogg,86.09959183673469,0,5.0,5.0,44100,bird,1.0
270,./kaggletest/gobbun1/,XC353647.ogg,86.09959183673469,0,15.0,5.0,44100,bird,1.0
271,./kaggletest/gobbun1/,XC353647.ogg,86.09959183673469,0,20.0,5.0,44100,bird,1.0
272,./kaggletest/gobbun1/,XC353647.ogg,86.09959183673469,0,25.0,5.0,44100,bird,1.0
273,./kaggletest/gobbun1/,XC353647.ogg,86.09959183673469,0,30.0,5.0,44100,bird,1.0
274,./kaggletest/gobbun1/,XC353647.ogg,86.09959183673469,0,50.0,5.0,44100,bird,1.0
275,./kaggletest/gobbun1/,XC353647.ogg,86.09959183673469,0,55.0,5.0,44100,bird,1.0
276,./kaggletest/gobbun1/,XC353647.ogg,86.09959183673469,0,60.0,5.0,44100,bird,1.0
277,./kaggletest/gobbun1/,XC353647.ogg,86.09959183673469,0,65.0,5.0,44100,bird,1.0
278,./kaggletest/gobbun1/,XC353647.ogg,86.09959183673469,0,70.0,5.0,44100,bird,1.0
279,./kaggletest/gobbun1/,XC353647.ogg,86.09959183673469,0,75.0,5.0,44100,bird,1.0
280,./kaggletest/gobbun1/,XC353647.ogg,86.09959183673469,0,80.0,5.0,44100,bird,1.0
281,./kaggletest/gobbun1/,XC526068.ogg,21.28798185941043,0,0.0,5.0,44100,bird,1.0
282,./kaggletest/gobbun1/,XC526068.ogg,21.28798185941043,0,5.0,5.0,44100,bird,1.0
283,./kaggletest/gobbun1/,XC526068.ogg,21.28798185941043,0,15.0,5.0,44100,bird,1.0
284,./kaggletest/gobbun1/,XC418743.ogg,24.790204081632652,0,0.0,5.0,44100,bird,1.0
285,./kaggletest/gobbun1/,XC418743.ogg,24.790204081632652,0,5.0,5.0,44100,bird,1.0
286,./kaggletest/gobbun1/,XC418743.ogg,24.790204081632652,0,10.0,5.0,44100,bird,1.0
287,./kaggletest/gobbun1/,XC418743.ogg,24.790204081632652,0,15.0,5.0,44100,bird,1.0
288,./kaggletest/gobbun1/,XC598341.ogg,34.343990929705214,0,0.0,5.0,44100,bird,1.0
289,./kaggletest/gobbun1/,XC598341.ogg,34.343990929705214,0,5.0,5.0,44100,bird,1.0
290,./kaggletest/gobbun1/,XC598341.ogg,34.343990929705214,0,10.0,5.0,44100,bird,1.0
291,./kaggletest/gobbun1/,XC598341.ogg,34.343990929705214,0,15.0,5.0,44100,bird,1.0
292,./kaggletest/gobbun1/,XC598341.ogg,34.343990929705214,0,20.0,5.0,44100,bird,1.0
293,./kaggletest/gobbun1/,XC598341.ogg,34.343990929705214,0,25.0,5.0,44100,bird,1.0
294,./kaggletest/gobbun1/,XC598340.ogg,9.095986394557823,0,0.0,5.0,44100,bird,1.0
295,./kaggletest/gobbun1/,XC294331.ogg,130.69061224489795,0,0.0,5.0,44100,bird,1.0
296,./kaggletest/gobbun1/,XC294331.ogg,130.69061224489795,0,10.0,5.0,44100,bird,1.0
297,./kaggletest/gobbun1/,XC294331.ogg,130.69061224489795,0,15.0,5.0,44100,bird,1.0
298,./kaggletest/gobbun1/,XC294331.ogg,130.69061224489795,0,20.0,5.0,44100,bird,1.0
299,./kaggletest/gobbun1/,XC294331.ogg,130.69061224489795,0,25.0,5.0,44100,bird,1.0
300,./kaggletest/gobbun1/,XC294331.ogg,130.69061224489795,0,30.0,5.0,44100,bird,1.0
301,./kaggletest/gobbun1/,XC294331.ogg,130.69061224489795,0,40.0,5.0,44100,bird,1.0
302,./kaggletest/gobbun1/,XC294331.ogg,130.69061224489795,0,55.0,5.0,44100,bird,1.0
303,./kaggletest/gobbun1/,XC294331.ogg,130.69061224489795,0,60.0,5.0,44100,bird,1.0
304,./kaggletest/gobbun1/,XC294331.ogg,130.69061224489795,0,65.0,5.0,44100,bird,1.0
305,./kaggletest/gobbun1/,XC294331.ogg,130.69061224489795,0,75.0,5.0,44100,bird,1.0
306,./kaggletest/gobbun1/,XC294331.ogg,130.69061224489795,0,80.0,5.0,44100,bird,1.0
307,./kaggletest/gobbun1/,XC294331.ogg,130.69061224489795,0,85.0,5.0,44100,bird,1.0
308,./kaggletest/gobbun1/,XC294331.ogg,130.69061224489795,0,90.0,5.0,44100,bird,1.0
309,./kaggletest/gobbun1/,XC294331.ogg,130.69061224489795,0,95.0,5.0,44100,bird,1.0
310,./kaggletest/gobbun1/,XC294331.ogg,130.69061224489795,0,100.0,5.0,44100,bird,1.0
311,./kaggletest/gobbun1/,XC294331.ogg,130.69061224489795,0,105.0,5.0,44100,bird,1.0
312,./kaggletest/gobbun1/,XC294331.ogg,130.69061224489795,0,115.0,5.0,44100,bird,1.0
313,./kaggletest/gobbun1/,XC294331.ogg,130.69061224489795,0,125.0,5.0,44100,bird,1.0
314,./kaggletest/gobbun1/,XC601122.ogg,67.84798185941042,0,0.0,5.0,44100,bird,1.0
315,./kaggletest/gobbun1/,XC601122.ogg,67.84798185941042,0,5.0,5.0,44100,bird,1.0
316,./kaggletest/gobbun1/,XC601122.ogg,67.84798185941042,0,10.0,5.0,44100,bird,1.0
317,./kaggletest/gobbun1/,XC601122.ogg,67.84798185941042,0,15.0,5.0,44100,bird,1.0
318,./kaggletest/gobbun1/,XC601122.ogg,67.84798185941042,0,25.0,5.0,44100,bird,1.0
319,./kaggletest/gobbun1/,XC601122.ogg,67.84798185941042,0,30.0,5.0,44100,bird,1.0
320,./kaggletest/gobbun1/,XC601122.ogg,67.84798185941042,0,35.0,5.0,44100,bird,1.0
321,./kaggletest/gobbun1/,XC601122.ogg,67.84798185941042,0,40.0,5.0,44100,bird,1.0
322,./kaggletest/gobbun1/,XC601122.ogg,67.84798185941042,0,45.0,5.0,44100,bird,1.0
323,./kaggletest/gobbun1/,XC601122.ogg,67.84798185941042,0,55.0,5.0,44100,bird,1.0
324,./kaggletest/gobbun1/,XC729127.ogg,59.768140589569164,0,0.0,5.0,44100,bird,1.0
325,./kaggletest/gobbun1/,XC729127.ogg,59.768140589569164,0,10.0,5.0,44100,bird,1.0
326,./kaggletest/gobbun1/,XC729127.ogg,59.768140589569164,0,20.0,5.0,44100,bird,1.0
327,./kaggletest/gobbun1/,XC729127.ogg,59.768140589569164,0,25.0,5.0,44100,bird,1.0
328,./kaggletest/gobbun1/,XC729127.ogg,59.768140589569164,0,30.0,5.0,44100,bird,1.0
329,./kaggletest/gobbun1/,XC729127.ogg,59.768140589569164,0,35.0,5.0,44100,bird,1.0
330,./kaggletest/gobbun1/,XC729127.ogg,59.768140589569164,0,45.0,5.0,44100,bird,1.0
331,./kaggletest/gobbun1/,XC729127.ogg,59.768140589569164,0,50.0,5.0,44100,bird,1.0
332,./kaggletest/gobbun1/,XC381062.ogg,18.964897959183673,0,0.0,5.0,44100,bird,1.0
333,./kaggletest/gobbun1/,XC381062.ogg,18.964897959183673,0,5.0,5.0,44100,bird,1.0
334,./kaggletest/gobbun1/,XC381062.ogg,18.964897959183673,0,10.0,5.0,44100,bird,1.0
335,./kaggletest/gobbun1/,XC128895.ogg,12.016303854875284,0,0.0,5.0,44100,bird,1.0
336,./kaggletest/gobbun1/,XC128895.ogg,12.016303854875284,0,5.0,5.0,44100,bird,1.0
337,./kaggletest/gobbun1/,XC268762.ogg,77.1395918367347,0,0.0,5.0,44100,bird,1.0
338,./kaggletest/gobbun1/,XC268762.ogg,77.1395918367347,0,5.0,5.0,44100,bird,1.0
339,./kaggletest/gobbun1/,XC268762.ogg,77.1395918367347,0,10.0,5.0,44100,bird,1.0
340,./kaggletest/gobbun1/,XC268762.ogg,77.1395918367347,0,15.0,5.0,44100,bird,1.0
341,./kaggletest/gobbun1/,XC268762.ogg,77.1395918367347,0,20.0,5.0,44100,bird,1.0
342,./kaggletest/gobbun1/,XC268762.ogg,77.1395918367347,0,25.0,5.0,44100,bird,1.0
343,./kaggletest/gobbun1/,XC268762.ogg,77.1395918367347,0,35.0,5.0,44100,bird,1.0
344,./kaggletest/gobbun1/,XC268762.ogg,77.1395918367347,0,45.0,5.0,44100,bird,1.0
345,./kaggletest/gobbun1/,XC268762.ogg,77.1395918367347,0,50.0,5.0,44100,bird,1.0
346,./kaggletest/gobbun1/,XC268762.ogg,77.1395918367347,0,55.0,5.0,44100,bird,1.0
347,./kaggletest/gobbun1/,XC268762.ogg,77.1395918367347,0,60.0,5.0,44100,bird,1.0
348,./kaggletest/gobbun1/,XC268762.ogg,77.1395918367347,0,70.0,5.0,44100,bird,1.0
349,./kaggletest/gobbun1/,XC294334.ogg,75.67673469387755,0,0.0,5.0,44100,bird,1.0
350,./kaggletest/gobbun1/,XC294334.ogg,75.67673469387755,0,5.0,5.0,44100,bird,1.0
351,./kaggletest/gobbun1/,XC294334.ogg,75.67673469387755,0,10.0,5.0,44100,bird,1.0
352,./kaggletest/gobbun1/,XC294334.ogg,75.67673469387755,0,20.0,5.0,44100,bird,1.0
353,./kaggletest/gobbun1/,XC294334.ogg,75.67673469387755,0,25.0,5.0,44100,bird,1.0
354,./kaggletest/gobbun1/,XC294334.ogg,75.67673469387755,0,30.0,5.0,44100,bird,1.0
355,./kaggletest/gobbun1/,XC294334.ogg,75.67673469387755,0,35.0,5.0,44100,bird,1.0
356,./kaggletest/gobbun1/,XC294334.ogg,75.67673469387755,0,40.0,5.0,44100,bird,1.0
357,./kaggletest/gobbun1/,XC294334.ogg,75.67673469387755,0,45.0,5.0,44100,bird,1.0
358,./kaggletest/gobbun1/,XC294334.ogg,75.67673469387755,0,50.0,5.0,44100,bird,1.0
359,./kaggletest/gobbun1/,XC294334.ogg,75.67673469387755,0,60.0,5.0,44100,bird,1.0
360,./kaggletest/gobbun1/,XC294334.ogg,75.67673469387755,0,65.0,5.0,44100,bird,1.0
361,./kaggletest/gobbun1/,XC294334.ogg,75.67673469387755,0,70.0,5.0,44100,bird,1.0
362,./kaggletest/gobbun1/,XC126502.ogg,5.511836734693878,0,0.0,5.0,44100,bird,1.0
363,./kaggletest/gobbun1/,XC398526.ogg,85.49798185941043,0,0.0,5.0,44100,bird,1.0
364,./kaggletest/gobbun1/,XC398526.ogg,85.49798185941043,0,5.0,5.0,44100,bird,1.0
365,./kaggletest/gobbun1/,XC398526.ogg,85.49798185941043,0,10.0,5.0,44100,bird,1.0
366,./kaggletest/gobbun1/,XC398526.ogg,85.49798185941043,0,15.0,5.0,44100,bird,1.0
367,./kaggletest/gobbun1/,XC398526.ogg,85.49798185941043,0,20.0,5.0,44100,bird,1.0
368,./kaggletest/gobbun1/,XC398526.ogg,85.49798185941043,0,25.0,5.0,44100,bird,1.0
369,./kaggletest/gobbun1/,XC398526.ogg,85.49798185941043,0,30.0,5.0,44100,bird,1.0
370,./kaggletest/gobbun1/,XC398526.ogg,85.49798185941043,0,35.0,5.0,44100,bird,1.0
371,./kaggletest/gobbun1/,XC398526.ogg,85.49798185941043,0,40.0,5.0,44100,bird,1.0
372,./kaggletest/gobbun1/,XC398526.ogg,85.49798185941043,0,45.0,5.0,44100,bird,1.0
373,./kaggletest/gobbun1/,XC398526.ogg,85.49798185941043,0,50.0,5.0,44100,bird,1.0
374,./kaggletest/gobbun1/,XC398526.ogg,85.49798185941043,0,55.0,5.0,44100,bird,1.0
375,./kaggletest/gobbun1/,XC398526.ogg,85.49798185941043,0,60.0,5.0,44100,bird,1.0
376,./kaggletest/gobbun1/,XC398526.ogg,85.49798185941043,0,65.0,5.0,44100,bird,1.0
377,./kaggletest/gobbun1/,XC398526.ogg,85.49798185941043,0,70.0,5.0,44100,bird,1.0
378,./kaggletest/gobbun1/,XC398526.ogg,85.49798185941043,0,75.0,5.0,44100,bird,1.0
379,./kaggletest/gobbun1/,XC398526.ogg,85.49798185941043,0,80.0,5.0,44100,bird,1.0
380,./kaggletest/gobbun1/,XC601127.ogg,33.91199546485261,0,0.0,5.0,44100,bird,1.0
381,./kaggletest/gobbun1/,XC601127.ogg,33.91199546485261,0,5.0,5.0,44100,bird,1.0
382,./kaggletest/gobbun1/,XC601127.ogg,33.91199546485261,0,10.0,5.0,44100,bird,1.0
383,./kaggletest/gobbun1/,XC601127.ogg,33.91199546485261,0,15.0,5.0,44100,bird,1.0
384,./kaggletest/gobbun1/,XC601127.ogg,33.91199546485261,0,20.0,5.0,44100,bird,1.0
385,./kaggletest/gobbun1/,XC601127.ogg,33.91199546485261,0,25.0,5.0,44100,bird,1.0
386,./kaggletest/gobbun1/,XC729132.ogg,54.099591836734696,0,0.0,5.0,44100,bird,1.0
387,./kaggletest/gobbun1/,XC729132.ogg,54.099591836734696,0,10.0,5.0,44100,bird,1.0
388,./kaggletest/gobbun1/,XC729132.ogg,54.099591836734696,0,20.0,5.0,44100,bird,1.0
389,./kaggletest/gobbun1/,XC729132.ogg,54.099591836734696,0,25.0,5.0,44100,bird,1.0
390,./kaggletest/gobbun1/,XC729132.ogg,54.099591836734696,0,35.0,5.0,44100,bird,1.0
391,./kaggletest/gobbun1/,XC729132.ogg,54.099591836734696,0,40.0,5.0,44100,bird,1.0
392,./kaggletest/gobbun1/,XC729130.ogg,71.62773242630385,0,0.0,5.0,44100,bird,1.0
393,./kaggletest/gobbun1/,XC729130.ogg,71.62773242630385,0,5.0,5.0,44100,bird,1.0
394,./kaggletest/gobbun1/,XC729130.ogg,71.62773242630385,0,10.0,5.0,44100,bird,1.0
395,./kaggletest/gobbun1/,XC729130.ogg,71.62773242630385,0,15.0,5.0,44100,bird,1.0
396,./kaggletest/gobbun1/,XC729130.ogg,71.62773242630385,0,20.0,5.0,44100,bird,1.0
397,./kaggletest/gobbun1/,XC729130.ogg,71.62773242630385,0,25.0,5.0,44100,bird,1.0
398,./kaggletest/gobbun1/,XC729130.ogg,71.62773242630385,0,30.0,5.0,44100,bird,1.0
399,./kaggletest/gobbun1/,XC729130.ogg,71.62773242630385,0,35.0,5.0,44100,bird,1.0
400,./kaggletest/gobbun1/,XC729130.ogg,71.62773242630385,0,40.0,5.0,44100,bird,1.0
401,./kaggletest/gobbun1/,XC729130.ogg,71.62773242630385,0,45.0,5.0,44100,bird,1.0
402,./kaggletest/gobbun1/,XC729130.ogg,71.62773242630385,0,50.0,5.0,44100,bird,1.0
403,./kaggletest/gobbun1/,XC729130.ogg,71.62773242630385,0,55.0,5.0,44100,bird,1.0
404,./kaggletest/gobbun1/,XC729130.ogg,71.62773242630385,0,60.0,5.0,44100,bird,1.0
405,./kaggletest/gobbun1/,XC729130.ogg,71.62773242630385,0,65.0,5.0,44100,bird,1.0
406,./kaggletest/gobbun1/,XC247378.ogg,29.074263038548754,0,0.0,5.0,44100,bird,1.0
407,./kaggletest/gobbun1/,XC247378.ogg,29.074263038548754,0,5.0,5.0,44100,bird,1.0
408,./kaggletest/gobbun1/,XC247378.ogg,29.074263038548754,0,10.0,5.0,44100,bird,1.0
409,./kaggletest/gobbun1/,XC247378.ogg,29.074263038548754,0,15.0,5.0,44100,bird,1.0
410,./kaggletest/gobbun1/,XC247378.ogg,29.074263038548754,0,20.0,5.0,44100,bird,1.0
411,./kaggletest/gobbun1/,XC601125.ogg,17.255986394557823,0,0.0,5.0,44100,bird,1.0
412,./kaggletest/gobbun1/,XC601125.ogg,17.255986394557823,0,5.0,5.0,44100,bird,1.0
413,./kaggletest/gobbun1/,XC601125.ogg,17.255986394557823,0,10.0,5.0,44100,bird,1.0
414,./kaggletest/gobbun1/,XC394478.ogg,15.386122448979592,0,0.0,5.0,44100,bird,1.0
415,./kaggletest/gobbun1/,XC394478.ogg,15.386122448979592,0,5.0,5.0,44100,bird,1.0
416,./kaggletest/gobbun1/,XC394478.ogg,15.386122448979592,0,10.0,5.0,44100,bird,1.0
417,./kaggletest/gobbun1/,XC690359.ogg,40.46399092970522,0,0.0,5.0,44100,bird,1.0
418,./kaggletest/gobbun1/,XC690359.ogg,40.46399092970522,0,5.0,5.0,44100,bird,1.0
419,./kaggletest/gobbun1/,XC690359.ogg,40.46399092970522,0,10.0,5.0,44100,bird,1.0
420,./kaggletest/gobbun1/,XC690359.ogg,40.46399092970522,0,15.0,5.0,44100,bird,1.0
421,./kaggletest/gobbun1/,XC690359.ogg,40.46399092970522,0,20.0,5.0,44100,bird,1.0
422,./kaggletest/gobbun1/,XC690359.ogg,40.46399092970522,0,25.0,5.0,44100,bird,1.0
423,./kaggletest/gobbun1/,XC690359.ogg,40.46399092970522,0,30.0,5.0,44100,bird,1.0
424,./kaggletest/gobbun1/,XC690359.ogg,40.46399092970522,0,35.0,5.0,44100,bird,1.0
425,./kaggletest/gobbun1/,XC350886.ogg,22.230204081632653,0,0.0,5.0,44100,bird,1.0
426,./kaggletest/gobbun1/,XC350886.ogg,22.230204081632653,0,5.0,5.0,44100,bird,1.0
427,./kaggletest/gobbun1/,XC350886.ogg,22.230204081632653,0,10.0,5.0,44100,bird,1.0
428,./kaggletest/gobbun1/,XC350886.ogg,22.230204081632653,0,15.0,5.0,44100,bird,1.0
429,./kaggletest/gobbun1/,XC677360.ogg,19.825986394557823,0,0.0,5.0,44100,bird,1.0
430,./kaggletest/gobbun1/,XC677360.ogg,19.825986394557823,0,5.0,5.0,44100,bird,1.0
431,./kaggletest/gobbun1/,XC677360.ogg,19.825986394557823,0,10.0,5.0,44100,bird,1.0
432,./kaggletest/gobbun1/,XC452819.ogg,26.696984126984127,0,0.0,5.0,44100,bird,1.0
433,./kaggletest/gobbun1/,XC452819.ogg,26.696984126984127,0,5.0,5.0,44100,bird,1.0
434,./kaggletest/gobbun1/,XC452819.ogg,26.696984126984127,0,10.0,5.0,44100,bird,1.0
435,./kaggletest/gobbun1/,XC452819.ogg,26.696984126984127,0,15.0,5.0,44100,bird,1.0
436,./kaggletest/gobbun1/,XC452819.ogg,26.696984126984127,0,20.0,5.0,44100,bird,1.0
437,./kaggletest/gobbun1/,XC744032.ogg,13.190997732426304,0,0.0,5.0,44100,bird,1.0
438,./kaggletest/gobbun1/,XC744032.ogg,13.190997732426304,0,5.0,5.0,44100,bird,1.0
439,./kaggletest/gobbun1/,XC411869.ogg,23.693061224489796,0,0.0,5.0,44100,bird,1.0
440,./kaggletest/gobbun1/,XC411869.ogg,23.693061224489796,0,5.0,5.0,44100,bird,1.0
441,./kaggletest/gobbun1/,XC411869.ogg,23.693061224489796,0,10.0,5.0,44100,bird,1.0
442,./kaggletest/gobbun1/,XC411869.ogg,23.693061224489796,0,15.0,5.0,44100,bird,1.0
443,./kaggletest/gobbun1/,XC409987.wav,5.0,0,0.0,5.0,44100,bird,1.0
444,./kaggletest/gobbun1/,XC724883.ogg,25.15498866213152,0,0.0,5.0,44100,bird,1.0
445,./kaggletest/gobbun1/,XC724883.ogg,25.15498866213152,0,10.0,5.0,44100,bird,1.0
446,./kaggletest/gobbun1/,XC724883.ogg,25.15498866213152,0,15.0,5.0,44100,bird,1.0
447,./kaggletest/gobbun1/,XC724883.ogg,25.15498866213152,0,20.0,5.0,44100,bird,1.0
448,./kaggletest/gobbun1/,XC236862.ogg,19.04324263038549,0,0.0,5.0,44100,bird,1.0
449,./kaggletest/gobbun1/,XC236862.ogg,19.04324263038549,0,10.0,5.0,44100,bird,1.0
450,./kaggletest/gobbun1/,XC395111.ogg,15.386122448979592,0,0.0,5.0,44100,bird,1.0
451,./kaggletest/gobbun1/,XC395111.ogg,15.386122448979592,0,5.0,5.0,44100,bird,1.0
452,./kaggletest/gobbun1/,XC395111.ogg,15.386122448979592,0,10.0,5.0,44100,bird,1.0
453,./kaggletest/gobbun1/,XC310443.ogg,60.84,0,0.0,5.0,44100,bird,1.0
454,./kaggletest/gobbun1/,XC310443.ogg,60.84,0,10.0,5.0,44100,bird,1.0
455,./kaggletest/gobbun1/,XC310443.ogg,60.84,0,20.0,5.0,44100,bird,1.0
456,./kaggletest/gobbun1/,XC310443.ogg,60.84,0,30.0,5.0,44100,bird,1.0
457,./kaggletest/gobbun1/,XC310443.ogg,60.84,0,35.0,5.0,44100,bird,1.0
458,./kaggletest/gobbun1/,XC310443.ogg,60.84,0,45.0,5.0,44100,bird,1.0
459,./kaggletest/gobbun1/,XC310443.ogg,60.84,0,55.0,5.0,44100,bird,1.0
460,./kaggletest/gobbun1/,XC436147.ogg,29.204897959183672,0,0.0,5.0,44100,bird,1.0
461,./kaggletest/gobbun1/,XC436147.ogg,29.204897959183672,0,5.0,5.0,44100,bird,1.0
462,./kaggletest/gobbun1/,XC436147.ogg,29.204897959183672,0,10.0,5.0,44100,bird,1.0
463,./kaggletest/gobbun1/,XC436147.ogg,29.204897959183672,0,15.0,5.0,44100,bird,1.0
464,./kaggletest/gobbun1/,XC436147.ogg,29.204897959183672,0,20.0,5.0,44100,bird,1.0
465,./kaggletest/gobbun1/,XC201201.ogg,8.724897959183673,0,0.0,5.0,44100,bird,1.0
466,./kaggletest/gobbun1/,XC599203.ogg,37.40732426303855,0,0.0,5.0,44100,bird,1.0
467,./kaggletest/gobbun1/,XC599203.ogg,37.40732426303855,0,5.0,5.0,44100,bird,1.0
468,./kaggletest/gobbun1/,XC599203.ogg,37.40732426303855,0,10.0,5.0,44100,bird,1.0
469,./kaggletest/gobbun1/,XC599203.ogg,37.40732426303855,0,15.0,5.0,44100,bird,1.0
470,./kaggletest/gobbun1/,XC599203.ogg,37.40732426303855,0,20.0,5.0,44100,bird,1.0
471,./kaggletest/gobbun1/,XC599203.ogg,37.40732426303855,0,25.0,5.0,44100,bird,1.0
472,./kaggletest/gobbun1/,XC599203.ogg,37.40732426303855,0,30.0,5.0,44100,bird,1.0
473,./kaggletest/gobbun1/,XC199393.ogg,39.732244897959184,0,0.0,5.0,44100,bird,1.0
474,./kaggletest/gobbun1/,XC199393.ogg,39.732244897959184,0,5.0,5.0,44100,bird,1.0
475,./kaggletest/gobbun1/,XC199393.ogg,39.732244897959184,0,10.0,5.0,44100,bird,1.0
476,./kaggletest/gobbun1/,XC199393.ogg,39.732244897959184,0,15.0,5.0,44100,bird,1.0
477,./kaggletest/gobbun1/,XC199393.ogg,39.732244897959184,0,20.0,5.0,44100,bird,1.0
478,./kaggletest/gobbun1/,XC199393.ogg,39.732244897959184,0,25.0,5.0,44100,bird,1.0
479,./kaggletest/gobbun1/,XC199393.ogg,39.732244897959184,0,30.0,5.0,44100,bird,1.0
480,./kaggletest/gobbun1/,XC692089.ogg,22.223990929705217,0,0.0,5.0,44100,bird,1.0
481,./kaggletest/gobbun1/,XC692089.ogg,22.223990929705217,0,5.0,5.0,44100,bird,1.0
482,./kaggletest/gobbun1/,XC692089.ogg,22.223990929705217,0,10.0,5.0,44100,bird,1.0
483,./kaggletest/gobbun1/,XC692089.ogg,22.223990929705217,0,15.0,5.0,44100,bird,1.0
484,./kaggletest/gobbun1/,XC354429.ogg,44.61714285714286,0,0.0,5.0,44100,bird,1.0
485,./kaggletest/gobbun1/,XC354429.ogg,44.61714285714286,0,5.0,5.0,44100,bird,1.0
486,./kaggletest/gobbun1/,XC354429.ogg,44.61714285714286,0,10.0,5.0,44100,bird,1.0
487,./kaggletest/gobbun1/,XC354429.ogg,44.61714285714286,0,15.0,5.0,44100,bird,1.0
488,./kaggletest/gobbun1/,XC354429.ogg,44.61714285714286,0,20.0,5.0,44100,bird,1.0
489,./kaggletest/gobbun1/,XC354429.ogg,44.61714285714286,0,25.0,5.0,44100,bird,1.0
490,./kaggletest/gobbun1/,XC354429.ogg,44.61714285714286,0,30.0,5.0,44100,bird,1.0
491,./kaggletest/gobbun1/,XC354429.ogg,44.61714285714286,0,35.0,5.0,44100,bird,1.0
492,./kaggletest/gobbun1/,XC396436.ogg,57.31265306122449,0,0.0,5.0,44100,bird,1.0
493,./kaggletest/gobbun1/,XC396436.ogg,57.31265306122449,0,5.0,5.0,44100,bird,1.0
494,./kaggletest/gobbun1/,XC396436.ogg,57.31265306122449,0,10.0,5.0,44100,bird,1.0
495,./kaggletest/gobbun1/,XC396436.ogg,57.31265306122449,0,15.0,5.0,44100,bird,1.0
496,./kaggletest/gobbun1/,XC396436.ogg,57.31265306122449,0,20.0,5.0,44100,bird,1.0
497,./kaggletest/gobbun1/,XC396436.ogg,57.31265306122449,0,25.0,5.0,44100,bird,1.0
498,./kaggletest/gobbun1/,XC396436.ogg,57.31265306122449,0,30.0,5.0,44100,bird,1.0
499,./kaggletest/gobbun1/,XC396436.ogg,57.31265306122449,0,35.0,5.0,44100,bird,1.0
500,./kaggletest/gobbun1/,XC396436.ogg,57.31265306122449,0,40.0,5.0,44100,bird,1.0
501,./kaggletest/gobbun1/,XC396436.ogg,57.31265306122449,0,45.0,5.0,44100,bird,1.0
502,./kaggletest/gobbun1/,XC396436.ogg,57.31265306122449,0,50.0,5.0,44100,bird,1.0
503,./kaggletest/gobbun1/,XC508497.ogg,61.386984126984125,0,0.0,5.0,44100,bird,1.0
504,./kaggletest/gobbun1/,XC508497.ogg,61.386984126984125,0,5.0,5.0,44100,bird,1.0
505,./kaggletest/gobbun1/,XC508497.ogg,61.386984126984125,0,10.0,5.0,44100,bird,1.0
506,./kaggletest/gobbun1/,XC508497.ogg,61.386984126984125,0,15.0,5.0,44100,bird,1.0
507,./kaggletest/gobbun1/,XC508497.ogg,61.386984126984125,0,20.0,5.0,44100,bird,1.0
508,./kaggletest/gobbun1/,XC508497.ogg,61.386984126984125,0,25.0,5.0,44100,bird,1.0
509,./kaggletest/gobbun1/,XC508497.ogg,61.386984126984125,0,30.0,5.0,44100,bird,1.0
510,./kaggletest/gobbun1/,XC508497.ogg,61.386984126984125,0,35.0,5.0,44100,bird,1.0
511,./kaggletest/gobbun1/,XC508497.ogg,61.386984126984125,0,40.0,5.0,44100,bird,1.0
512,./kaggletest/gobbun1/,XC508497.ogg,61.386984126984125,0,45.0,5.0,44100,bird,1.0
513,./kaggletest/gobbun1/,XC508497.ogg,61.386984126984125,0,50.0,5.0,44100,bird,1.0
514,./kaggletest/gobbun1/,XC508497.ogg,61.386984126984125,0,55.0,5.0,44100,bird,1.0
515,./kaggletest/gobbun1/,XC439676.ogg,45.662018140589566,0,0.0,5.0,44100,bird,1.0
516,./kaggletest/gobbun1/,XC439676.ogg,45.662018140589566,0,5.0,5.0,44100,bird,1.0
517,./kaggletest/gobbun1/,XC439676.ogg,45.662018140589566,0,10.0,5.0,44100,bird,1.0
518,./kaggletest/gobbun1/,XC439676.ogg,45.662018140589566,0,15.0,5.0,44100,bird,1.0
519,./kaggletest/gobbun1/,XC439676.ogg,45.662018140589566,0,20.0,5.0,44100,bird,1.0
520,./kaggletest/gobbun1/,XC439676.ogg,45.662018140589566,0,25.0,5.0,44100,bird,1.0
521,./kaggletest/gobbun1/,XC439676.ogg,45.662018140589566,0,30.0,5.0,44100,bird,1.0
522,./kaggletest/gobbun1/,XC439676.ogg,45.662018140589566,0,35.0,5.0,44100,bird,1.0
523,./kaggletest/gobbun1/,XC439676.ogg,45.662018140589566,0,40.0,5.0,44100,bird,1.0
524,./kaggletest/gobbun1/,XC601812.ogg,36.84,0,0.0,5.0,44100,bird,1.0
525,./kaggletest/gobbun1/,XC601812.ogg,36.84,0,5.0,5.0,44100,bird,1.0
526,./kaggletest/gobbun1/,XC601812.ogg,36.84,0,10.0,5.0,44100,bird,1.0
527,./kaggletest/gobbun1/,XC601812.ogg,36.84,0,15.0,5.0,44100,bird,1.0
528,./kaggletest/gobbun1/,XC601812.ogg,36.84,0,20.0,5.0,44100,bird,1.0
529,./kaggletest/gobbun1/,XC601812.ogg,36.84,0,25.0,5.0,44100,bird,1.0
530,./kaggletest/gobbun1/,XC601812.ogg,36.84,0,30.0,5.0,44100,bird,1.0
