,FOLDER,IN FILE,CLIP LENGTH,CHANNEL,OFFSET,DURATION,SAMPLE RATE,MANUAL ID,CONFIDENCE
0,./kaggletest/gobwea1/,XC608587.ogg,22.75199546485261,0,0.0,5.0,44100,bird,1.0
1,./kaggletest/gobwea1/,XC608587.ogg,22.75199546485261,0,5.0,5.0,44100,bird,1.0
2,./kaggletest/gobwea1/,XC608587.ogg,22.75199546485261,0,10.0,5.0,44100,bird,1.0
3,./kaggletest/gobwea1/,XC608587.ogg,22.75199546485261,0,15.0,5.0,44100,bird,1.0
4,./kaggletest/gobwea1/,XC756461.ogg,104.44798185941043,0,0.0,5.0,44100,bird,1.0
5,./kaggletest/gobwea1/,XC756461.ogg,104.44798185941043,0,5.0,5.0,44100,bird,1.0
6,./kaggletest/gobwea1/,XC756461.ogg,104.44798185941043,0,10.0,5.0,44100,bird,1.0
7,./kaggletest/gobwea1/,XC756461.ogg,104.44798185941043,0,15.0,5.0,44100,bird,1.0
8,./kaggletest/gobwea1/,XC756461.ogg,104.44798185941043,0,20.0,5.0,44100,bird,1.0
9,./kaggletest/gobwea1/,XC756461.ogg,104.44798185941043,0,25.0,5.0,44100,bird,1.0
10,./kaggletest/gobwea1/,XC756461.ogg,104.44798185941043,0,30.0,5.0,44100,bird,1.0
11,./kaggletest/gobwea1/,XC756461.ogg,104.44798185941043,0,35.0,5.0,44100,bird,1.0
12,./kaggletest/gobwea1/,XC756461.ogg,104.44798185941043,0,40.0,5.0,44100,bird,1.0
13,./kaggletest/gobwea1/,XC756461.ogg,104.44798185941043,0,45.0,5.0,44100,bird,1.0
14,./kaggletest/gobwea1/,XC756461.ogg,104.44798185941043,0,50.0,5.0,44100,bird,1.0
15,./kaggletest/gobwea1/,XC756461.ogg,104.44798185941043,0,55.0,5.0,44100,bird,1.0
16,./kaggletest/gobwea1/,XC756461.ogg,104.44798185941043,0,60.0,5.0,44100,bird,1.0
17,./kaggletest/gobwea1/,XC756461.ogg,104.44798185941043,0,65.0,5.0,44100,bird,1.0
18,./kaggletest/gobwea1/,XC756461.ogg,104.44798185941043,0,70.0,5.0,44100,bird,1.0
19,./kaggletest/gobwea1/,XC756461.ogg,104.44798185941043,0,75.0,5.0,44100,bird,1.0
20,./kaggletest/gobwea1/,XC756461.ogg,104.44798185941043,0,80.0,5.0,44100,bird,1.0
21,./kaggletest/gobwea1/,XC756461.ogg,104.44798185941043,0,85.0,5.0,44100,bird,1.0
22,./kaggletest/gobwea1/,XC756461.ogg,104.44798185941043,0,90.0,5.0,44100,bird,1.0
23,./kaggletest/gobwea1/,XC756461.ogg,104.44798185941043,0,95.0,5.0,44100,bird,1.0
24,./kaggletest/gobwea1/,XC607407.ogg,29.805714285714284,0,0.0,5.0,44100,bird,1.0
25,./kaggletest/gobwea1/,XC607407.ogg,29.805714285714284,0,5.0,5.0,44100,bird,1.0
26,./kaggletest/gobwea1/,XC607407.ogg,29.805714285714284,0,10.0,5.0,44100,bird,1.0
27,./kaggletest/gobwea1/,XC607407.ogg,29.805714285714284,0,15.0,5.0,44100,bird,1.0
28,./kaggletest/gobwea1/,XC607407.ogg,29.805714285714284,0,20.0,5.0,44100,bird,1.0
29,./kaggletest/gobwea1/,XC607406.ogg,30.772244897959183,0,0.0,5.0,44100,bird,1.0
30,./kaggletest/gobwea1/,XC607406.ogg,30.772244897959183,0,15.0,5.0,44100,bird,1.0
31,./kaggletest/gobwea1/,XC607406.ogg,30.772244897959183,0,25.0,5.0,44100,bird,1.0
32,./kaggletest/gobwea1/,XC642423.ogg,12.071995464852607,0,0.0,5.0,44100,bird,1.0
33,./kaggletest/gobwea1/,XC642423.ogg,12.071995464852607,0,5.0,5.0,44100,bird,1.0
