,FOLDER,IN FILE,CLIP LENGTH,CHANNEL,OFFSET,DURATION,SAMPLE RATE,MANUAL ID,CONFIDENCE
0,./kaggletest/grbcam1/,XC341996.ogg,32.88814058956916,0,0.0,5.0,44100,bird,1.0
1,./kaggletest/grbcam1/,XC341996.ogg,32.88814058956916,0,5.0,5.0,44100,bird,1.0
2,./kaggletest/grbcam1/,XC341996.ogg,32.88814058956916,0,10.0,5.0,44100,bird,1.0
3,./kaggletest/grbcam1/,XC341996.ogg,32.88814058956916,0,15.0,5.0,44100,bird,1.0
4,./kaggletest/grbcam1/,XC341996.ogg,32.88814058956916,0,20.0,5.0,44100,bird,1.0
5,./kaggletest/grbcam1/,XC341996.ogg,32.88814058956916,0,25.0,5.0,44100,bird,1.0
6,./kaggletest/grbcam1/,XC634126.ogg,66.93598639455783,0,0.0,5.0,44100,bird,1.0
7,./kaggletest/grbcam1/,XC634126.ogg,66.93598639455783,0,5.0,5.0,44100,bird,1.0
8,./kaggletest/grbcam1/,XC634126.ogg,66.93598639455783,0,10.0,5.0,44100,bird,1.0
9,./kaggletest/grbcam1/,XC634126.ogg,66.93598639455783,0,15.0,5.0,44100,bird,1.0
10,./kaggletest/grbcam1/,XC634126.ogg,66.93598639455783,0,20.0,5.0,44100,bird,1.0
11,./kaggletest/grbcam1/,XC634126.ogg,66.93598639455783,0,25.0,5.0,44100,bird,1.0
12,./kaggletest/grbcam1/,XC634126.ogg,66.93598639455783,0,30.0,5.0,44100,bird,1.0
13,./kaggletest/grbcam1/,XC634126.ogg,66.93598639455783,0,35.0,5.0,44100,bird,1.0
14,./kaggletest/grbcam1/,XC634126.ogg,66.93598639455783,0,40.0,5.0,44100,bird,1.0
15,./kaggletest/grbcam1/,XC634126.ogg,66.93598639455783,0,45.0,5.0,44100,bird,1.0
16,./kaggletest/grbcam1/,XC634126.ogg,66.93598639455783,0,50.0,5.0,44100,bird,1.0
17,./kaggletest/grbcam1/,XC634126.ogg,66.93598639455783,0,55.0,5.0,44100,bird,1.0
18,./kaggletest/grbcam1/,XC634126.ogg,66.93598639455783,0,60.0,5.0,44100,bird,1.0
19,./kaggletest/grbcam1/,XC353955.ogg,34.768956916099775,0,0.0,5.0,44100,bird,1.0
20,./kaggletest/grbcam1/,XC353955.ogg,34.768956916099775,0,5.0,5.0,44100,bird,1.0
21,./kaggletest/grbcam1/,XC353955.ogg,34.768956916099775,0,10.0,5.0,44100,bird,1.0
22,./kaggletest/grbcam1/,XC353955.ogg,34.768956916099775,0,15.0,5.0,44100,bird,1.0
23,./kaggletest/grbcam1/,XC353955.ogg,34.768956916099775,0,20.0,5.0,44100,bird,1.0
24,./kaggletest/grbcam1/,XC353955.ogg,34.768956916099775,0,25.0,5.0,44100,bird,1.0
25,./kaggletest/grbcam1/,XC512776.ogg,25.391020408163264,0,0.0,5.0,44100,bird,1.0
26,./kaggletest/grbcam1/,XC512776.ogg,25.391020408163264,0,5.0,5.0,44100,bird,1.0
27,./kaggletest/grbcam1/,XC512776.ogg,25.391020408163264,0,10.0,5.0,44100,bird,1.0
28,./kaggletest/grbcam1/,XC512776.ogg,25.391020408163264,0,15.0,5.0,44100,bird,1.0
29,./kaggletest/grbcam1/,XC512776.ogg,25.391020408163264,0,20.0,5.0,44100,bird,1.0
30,./kaggletest/grbcam1/,XC395697.ogg,32.20895691609977,0,0.0,5.0,44100,bird,1.0
31,./kaggletest/grbcam1/,XC395697.ogg,32.20895691609977,0,5.0,5.0,44100,bird,1.0
32,./kaggletest/grbcam1/,XC395697.ogg,32.20895691609977,0,10.0,5.0,44100,bird,1.0
33,./kaggletest/grbcam1/,XC395697.ogg,32.20895691609977,0,15.0,5.0,44100,bird,1.0
34,./kaggletest/grbcam1/,XC395697.ogg,32.20895691609977,0,20.0,5.0,44100,bird,1.0
35,./kaggletest/grbcam1/,XC395697.ogg,32.20895691609977,0,25.0,5.0,44100,bird,1.0
36,./kaggletest/grbcam1/,XC289335.ogg,39.39265306122449,0,0.0,5.0,44100,bird,1.0
37,./kaggletest/grbcam1/,XC289335.ogg,39.39265306122449,0,5.0,5.0,44100,bird,1.0
38,./kaggletest/grbcam1/,XC289335.ogg,39.39265306122449,0,10.0,5.0,44100,bird,1.0
39,./kaggletest/grbcam1/,XC289335.ogg,39.39265306122449,0,15.0,5.0,44100,bird,1.0
40,./kaggletest/grbcam1/,XC289335.ogg,39.39265306122449,0,20.0,5.0,44100,bird,1.0
41,./kaggletest/grbcam1/,XC289335.ogg,39.39265306122449,0,25.0,5.0,44100,bird,1.0
42,./kaggletest/grbcam1/,XC289335.ogg,39.39265306122449,0,30.0,5.0,44100,bird,1.0
43,./kaggletest/grbcam1/,XC424824.ogg,42.18773242630385,0,0.0,5.0,44100,bird,1.0
44,./kaggletest/grbcam1/,XC424824.ogg,42.18773242630385,0,5.0,5.0,44100,bird,1.0
45,./kaggletest/grbcam1/,XC424824.ogg,42.18773242630385,0,10.0,5.0,44100,bird,1.0
46,./kaggletest/grbcam1/,XC424824.ogg,42.18773242630385,0,15.0,5.0,44100,bird,1.0
47,./kaggletest/grbcam1/,XC424824.ogg,42.18773242630385,0,20.0,5.0,44100,bird,1.0
48,./kaggletest/grbcam1/,XC424824.ogg,42.18773242630385,0,25.0,5.0,44100,bird,1.0
49,./kaggletest/grbcam1/,XC424824.ogg,42.18773242630385,0,30.0,5.0,44100,bird,1.0
50,./kaggletest/grbcam1/,XC424824.ogg,42.18773242630385,0,35.0,5.0,44100,bird,1.0
51,./kaggletest/grbcam1/,XC391988.ogg,22.543673469387755,0,0.0,5.0,44100,bird,1.0
52,./kaggletest/grbcam1/,XC391988.ogg,22.543673469387755,0,5.0,5.0,44100,bird,1.0
53,./kaggletest/grbcam1/,XC391988.ogg,22.543673469387755,0,10.0,5.0,44100,bird,1.0
54,./kaggletest/grbcam1/,XC391988.ogg,22.543673469387755,0,15.0,5.0,44100,bird,1.0
55,./kaggletest/grbcam1/,XC633662.ogg,15.575986394557823,0,5.0,5.0,44100,bird,1.0
56,./kaggletest/grbcam1/,XC247923.ogg,19.68,0,0.0,5.0,44100,bird,1.0
57,./kaggletest/grbcam1/,XC247923.ogg,19.68,0,5.0,5.0,44100,bird,1.0
58,./kaggletest/grbcam1/,XC247923.ogg,19.68,0,10.0,5.0,44100,bird,1.0
59,./kaggletest/grbcam1/,XC703819.ogg,37.72079365079365,0,0.0,5.0,44100,bird,1.0
60,./kaggletest/grbcam1/,XC703819.ogg,37.72079365079365,0,5.0,5.0,44100,bird,1.0
61,./kaggletest/grbcam1/,XC703819.ogg,37.72079365079365,0,10.0,5.0,44100,bird,1.0
62,./kaggletest/grbcam1/,XC703819.ogg,37.72079365079365,0,15.0,5.0,44100,bird,1.0
63,./kaggletest/grbcam1/,XC703819.ogg,37.72079365079365,0,20.0,5.0,44100,bird,1.0
64,./kaggletest/grbcam1/,XC703819.ogg,37.72079365079365,0,25.0,5.0,44100,bird,1.0
65,./kaggletest/grbcam1/,XC703819.ogg,37.72079365079365,0,30.0,5.0,44100,bird,1.0
66,./kaggletest/grbcam1/,XC189760.ogg,30.455986394557822,0,0.0,5.0,44100,bird,1.0
67,./kaggletest/grbcam1/,XC189760.ogg,30.455986394557822,0,5.0,5.0,44100,bird,1.0
68,./kaggletest/grbcam1/,XC189760.ogg,30.455986394557822,0,10.0,5.0,44100,bird,1.0
69,./kaggletest/grbcam1/,XC189760.ogg,30.455986394557822,0,15.0,5.0,44100,bird,1.0
70,./kaggletest/grbcam1/,XC189760.ogg,30.455986394557822,0,20.0,5.0,44100,bird,1.0
71,./kaggletest/grbcam1/,XC189760.ogg,30.455986394557822,0,25.0,5.0,44100,bird,1.0
72,./kaggletest/grbcam1/,XC633930.ogg,18.6,0,0.0,5.0,44100,bird,1.0
73,./kaggletest/grbcam1/,XC633930.ogg,18.6,0,5.0,5.0,44100,bird,1.0
74,./kaggletest/grbcam1/,XC633930.ogg,18.6,0,10.0,5.0,44100,bird,1.0
75,./kaggletest/grbcam1/,XC460491.ogg,23.301201814058956,0,0.0,5.0,44100,bird,1.0
76,./kaggletest/grbcam1/,XC460491.ogg,23.301201814058956,0,5.0,5.0,44100,bird,1.0
77,./kaggletest/grbcam1/,XC460491.ogg,23.301201814058956,0,10.0,5.0,44100,bird,1.0
78,./kaggletest/grbcam1/,XC460491.ogg,23.301201814058956,0,15.0,5.0,44100,bird,1.0
79,./kaggletest/grbcam1/,XC701564.ogg,13.661995464852607,0,0.0,5.0,44100,bird,1.0
80,./kaggletest/grbcam1/,XC701564.ogg,13.661995464852607,0,5.0,5.0,44100,bird,1.0
81,./kaggletest/grbcam1/,XC633887.ogg,76.00798185941044,0,0.0,5.0,44100,bird,1.0
82,./kaggletest/grbcam1/,XC633887.ogg,76.00798185941044,0,5.0,5.0,44100,bird,1.0
83,./kaggletest/grbcam1/,XC633887.ogg,76.00798185941044,0,10.0,5.0,44100,bird,1.0
84,./kaggletest/grbcam1/,XC633887.ogg,76.00798185941044,0,15.0,5.0,44100,bird,1.0
85,./kaggletest/grbcam1/,XC633887.ogg,76.00798185941044,0,20.0,5.0,44100,bird,1.0
86,./kaggletest/grbcam1/,XC633887.ogg,76.00798185941044,0,25.0,5.0,44100,bird,1.0
87,./kaggletest/grbcam1/,XC633887.ogg,76.00798185941044,0,30.0,5.0,44100,bird,1.0
88,./kaggletest/grbcam1/,XC633887.ogg,76.00798185941044,0,35.0,5.0,44100,bird,1.0
89,./kaggletest/grbcam1/,XC633887.ogg,76.00798185941044,0,40.0,5.0,44100,bird,1.0
90,./kaggletest/grbcam1/,XC633887.ogg,76.00798185941044,0,45.0,5.0,44100,bird,1.0
91,./kaggletest/grbcam1/,XC633887.ogg,76.00798185941044,0,50.0,5.0,44100,bird,1.0
92,./kaggletest/grbcam1/,XC633887.ogg,76.00798185941044,0,55.0,5.0,44100,bird,1.0
93,./kaggletest/grbcam1/,XC633887.ogg,76.00798185941044,0,60.0,5.0,44100,bird,1.0
94,./kaggletest/grbcam1/,XC633887.ogg,76.00798185941044,0,65.0,5.0,44100,bird,1.0
95,./kaggletest/grbcam1/,XC633887.ogg,76.00798185941044,0,70.0,5.0,44100,bird,1.0
96,./kaggletest/grbcam1/,XC634108.ogg,7.727981859410431,0,0.0,5.0,44100,bird,1.0
97,./kaggletest/grbcam1/,XC633897.ogg,45.76798185941043,0,0.0,5.0,44100,bird,1.0
98,./kaggletest/grbcam1/,XC633897.ogg,45.76798185941043,0,5.0,5.0,44100,bird,1.0
99,./kaggletest/grbcam1/,XC633897.ogg,45.76798185941043,0,10.0,5.0,44100,bird,1.0
100,./kaggletest/grbcam1/,XC633897.ogg,45.76798185941043,0,15.0,5.0,44100,bird,1.0
101,./kaggletest/grbcam1/,XC633897.ogg,45.76798185941043,0,20.0,5.0,44100,bird,1.0
102,./kaggletest/grbcam1/,XC633897.ogg,45.76798185941043,0,25.0,5.0,44100,bird,1.0
103,./kaggletest/grbcam1/,XC633897.ogg,45.76798185941043,0,30.0,5.0,44100,bird,1.0
104,./kaggletest/grbcam1/,XC633897.ogg,45.76798185941043,0,35.0,5.0,44100,bird,1.0
105,./kaggletest/grbcam1/,XC633897.ogg,45.76798185941043,0,40.0,5.0,44100,bird,1.0
106,./kaggletest/grbcam1/,XC247926.ogg,38.61598639455782,0,0.0,5.0,44100,bird,1.0
107,./kaggletest/grbcam1/,XC247926.ogg,38.61598639455782,0,5.0,5.0,44100,bird,1.0
108,./kaggletest/grbcam1/,XC247926.ogg,38.61598639455782,0,10.0,5.0,44100,bird,1.0
109,./kaggletest/grbcam1/,XC247926.ogg,38.61598639455782,0,15.0,5.0,44100,bird,1.0
110,./kaggletest/grbcam1/,XC247926.ogg,38.61598639455782,0,20.0,5.0,44100,bird,1.0
111,./kaggletest/grbcam1/,XC247926.ogg,38.61598639455782,0,25.0,5.0,44100,bird,1.0
112,./kaggletest/grbcam1/,XC247926.ogg,38.61598639455782,0,30.0,5.0,44100,bird,1.0
113,./kaggletest/grbcam1/,XC634055.ogg,45.31199546485261,0,0.0,5.0,44100,bird,1.0
114,./kaggletest/grbcam1/,XC634055.ogg,45.31199546485261,0,5.0,5.0,44100,bird,1.0
115,./kaggletest/grbcam1/,XC634055.ogg,45.31199546485261,0,10.0,5.0,44100,bird,1.0
116,./kaggletest/grbcam1/,XC634055.ogg,45.31199546485261,0,15.0,5.0,44100,bird,1.0
117,./kaggletest/grbcam1/,XC634055.ogg,45.31199546485261,0,20.0,5.0,44100,bird,1.0
118,./kaggletest/grbcam1/,XC634055.ogg,45.31199546485261,0,25.0,5.0,44100,bird,1.0
119,./kaggletest/grbcam1/,XC634055.ogg,45.31199546485261,0,30.0,5.0,44100,bird,1.0
120,./kaggletest/grbcam1/,XC634055.ogg,45.31199546485261,0,35.0,5.0,44100,bird,1.0
121,./kaggletest/grbcam1/,XC634055.ogg,45.31199546485261,0,40.0,5.0,44100,bird,1.0
122,./kaggletest/grbcam1/,XC680731.ogg,28.969773242630385,0,0.0,5.0,44100,bird,1.0
123,./kaggletest/grbcam1/,XC680731.ogg,28.969773242630385,0,5.0,5.0,44100,bird,1.0
124,./kaggletest/grbcam1/,XC680731.ogg,28.969773242630385,0,10.0,5.0,44100,bird,1.0
125,./kaggletest/grbcam1/,XC680731.ogg,28.969773242630385,0,15.0,5.0,44100,bird,1.0
126,./kaggletest/grbcam1/,XC680731.ogg,28.969773242630385,0,20.0,5.0,44100,bird,1.0
127,./kaggletest/grbcam1/,XC633666.ogg,37.727981859410434,0,0.0,5.0,44100,bird,1.0
128,./kaggletest/grbcam1/,XC633666.ogg,37.727981859410434,0,5.0,5.0,44100,bird,1.0
129,./kaggletest/grbcam1/,XC633666.ogg,37.727981859410434,0,10.0,5.0,44100,bird,1.0
130,./kaggletest/grbcam1/,XC633666.ogg,37.727981859410434,0,15.0,5.0,44100,bird,1.0
131,./kaggletest/grbcam1/,XC633666.ogg,37.727981859410434,0,20.0,5.0,44100,bird,1.0
132,./kaggletest/grbcam1/,XC633666.ogg,37.727981859410434,0,25.0,5.0,44100,bird,1.0
133,./kaggletest/grbcam1/,XC633666.ogg,37.727981859410434,0,30.0,5.0,44100,bird,1.0
134,./kaggletest/grbcam1/,XC623488.ogg,23.64,0,0.0,5.0,44100,bird,1.0
135,./kaggletest/grbcam1/,XC623488.ogg,23.64,0,5.0,5.0,44100,bird,1.0
136,./kaggletest/grbcam1/,XC623488.ogg,23.64,0,10.0,5.0,44100,bird,1.0
137,./kaggletest/grbcam1/,XC623488.ogg,23.64,0,15.0,5.0,44100,bird,1.0
138,./kaggletest/grbcam1/,XC467138.ogg,36.98936507936508,0,0.0,5.0,44100,bird,1.0
139,./kaggletest/grbcam1/,XC467138.ogg,36.98936507936508,0,5.0,5.0,44100,bird,1.0
140,./kaggletest/grbcam1/,XC467138.ogg,36.98936507936508,0,10.0,5.0,44100,bird,1.0
141,./kaggletest/grbcam1/,XC467138.ogg,36.98936507936508,0,15.0,5.0,44100,bird,1.0
142,./kaggletest/grbcam1/,XC467138.ogg,36.98936507936508,0,20.0,5.0,44100,bird,1.0
143,./kaggletest/grbcam1/,XC467138.ogg,36.98936507936508,0,25.0,5.0,44100,bird,1.0
144,./kaggletest/grbcam1/,XC467138.ogg,36.98936507936508,0,30.0,5.0,44100,bird,1.0
145,./kaggletest/grbcam1/,XC247925.ogg,19.68,0,0.0,5.0,44100,bird,1.0
146,./kaggletest/grbcam1/,XC247925.ogg,19.68,0,5.0,5.0,44100,bird,1.0
147,./kaggletest/grbcam1/,XC247925.ogg,19.68,0,10.0,5.0,44100,bird,1.0
148,./kaggletest/grbcam1/,XC237781.ogg,35.631020408163266,0,0.0,5.0,44100,bird,1.0
149,./kaggletest/grbcam1/,XC237781.ogg,35.631020408163266,0,5.0,5.0,44100,bird,1.0
150,./kaggletest/grbcam1/,XC237781.ogg,35.631020408163266,0,10.0,5.0,44100,bird,1.0
151,./kaggletest/grbcam1/,XC237781.ogg,35.631020408163266,0,15.0,5.0,44100,bird,1.0
152,./kaggletest/grbcam1/,XC237781.ogg,35.631020408163266,0,20.0,5.0,44100,bird,1.0
153,./kaggletest/grbcam1/,XC237781.ogg,35.631020408163266,0,25.0,5.0,44100,bird,1.0
154,./kaggletest/grbcam1/,XC237781.ogg,35.631020408163266,0,30.0,5.0,44100,bird,1.0
155,./kaggletest/grbcam1/,XC28648.ogg,59.5330612244898,0,0.0,5.0,44100,bird,1.0
156,./kaggletest/grbcam1/,XC28648.ogg,59.5330612244898,0,5.0,5.0,44100,bird,1.0
157,./kaggletest/grbcam1/,XC28648.ogg,59.5330612244898,0,10.0,5.0,44100,bird,1.0
158,./kaggletest/grbcam1/,XC28648.ogg,59.5330612244898,0,15.0,5.0,44100,bird,1.0
159,./kaggletest/grbcam1/,XC28648.ogg,59.5330612244898,0,20.0,5.0,44100,bird,1.0
160,./kaggletest/grbcam1/,XC28648.ogg,59.5330612244898,0,25.0,5.0,44100,bird,1.0
161,./kaggletest/grbcam1/,XC28648.ogg,59.5330612244898,0,30.0,5.0,44100,bird,1.0
162,./kaggletest/grbcam1/,XC28648.ogg,59.5330612244898,0,35.0,5.0,44100,bird,1.0
163,./kaggletest/grbcam1/,XC28648.ogg,59.5330612244898,0,40.0,5.0,44100,bird,1.0
164,./kaggletest/grbcam1/,XC28648.ogg,59.5330612244898,0,45.0,5.0,44100,bird,1.0
165,./kaggletest/grbcam1/,XC28648.ogg,59.5330612244898,0,50.0,5.0,44100,bird,1.0
166,./kaggletest/grbcam1/,XC467139.ogg,29.100385487528346,0,0.0,5.0,44100,bird,1.0
167,./kaggletest/grbcam1/,XC467139.ogg,29.100385487528346,0,5.0,5.0,44100,bird,1.0
168,./kaggletest/grbcam1/,XC467139.ogg,29.100385487528346,0,10.0,5.0,44100,bird,1.0
169,./kaggletest/grbcam1/,XC467139.ogg,29.100385487528346,0,15.0,5.0,44100,bird,1.0
170,./kaggletest/grbcam1/,XC467139.ogg,29.100385487528346,0,20.0,5.0,44100,bird,1.0
171,./kaggletest/grbcam1/,XC623489.ogg,30.875986394557824,0,0.0,5.0,44100,bird,1.0
172,./kaggletest/grbcam1/,XC623489.ogg,30.875986394557824,0,5.0,5.0,44100,bird,1.0
173,./kaggletest/grbcam1/,XC623489.ogg,30.875986394557824,0,10.0,5.0,44100,bird,1.0
174,./kaggletest/grbcam1/,XC623489.ogg,30.875986394557824,0,15.0,5.0,44100,bird,1.0
175,./kaggletest/grbcam1/,XC623489.ogg,30.875986394557824,0,20.0,5.0,44100,bird,1.0
176,./kaggletest/grbcam1/,XC623489.ogg,30.875986394557824,0,25.0,5.0,44100,bird,1.0
177,./kaggletest/grbcam1/,XC620816.ogg,24.97299319727891,0,0.0,5.0,44100,bird,1.0
178,./kaggletest/grbcam1/,XC620816.ogg,24.97299319727891,0,5.0,5.0,44100,bird,1.0
179,./kaggletest/grbcam1/,XC620816.ogg,24.97299319727891,0,10.0,5.0,44100,bird,1.0
180,./kaggletest/grbcam1/,XC620816.ogg,24.97299319727891,0,15.0,5.0,44100,bird,1.0
181,./kaggletest/grbcam1/,XC588711.ogg,60.69598639455782,0,0.0,5.0,44100,bird,1.0
182,./kaggletest/grbcam1/,XC588711.ogg,60.69598639455782,0,5.0,5.0,44100,bird,1.0
183,./kaggletest/grbcam1/,XC588711.ogg,60.69598639455782,0,10.0,5.0,44100,bird,1.0
184,./kaggletest/grbcam1/,XC588711.ogg,60.69598639455782,0,15.0,5.0,44100,bird,1.0
185,./kaggletest/grbcam1/,XC588711.ogg,60.69598639455782,0,20.0,5.0,44100,bird,1.0
186,./kaggletest/grbcam1/,XC588711.ogg,60.69598639455782,0,25.0,5.0,44100,bird,1.0
187,./kaggletest/grbcam1/,XC588711.ogg,60.69598639455782,0,30.0,5.0,44100,bird,1.0
188,./kaggletest/grbcam1/,XC588711.ogg,60.69598639455782,0,35.0,5.0,44100,bird,1.0
189,./kaggletest/grbcam1/,XC588711.ogg,60.69598639455782,0,40.0,5.0,44100,bird,1.0
190,./kaggletest/grbcam1/,XC588711.ogg,60.69598639455782,0,45.0,5.0,44100,bird,1.0
191,./kaggletest/grbcam1/,XC588711.ogg,60.69598639455782,0,50.0,5.0,44100,bird,1.0
192,./kaggletest/grbcam1/,XC588711.ogg,60.69598639455782,0,55.0,5.0,44100,bird,1.0
193,./kaggletest/grbcam1/,XC633945.ogg,39.93598639455782,0,0.0,5.0,44100,bird,1.0
194,./kaggletest/grbcam1/,XC633945.ogg,39.93598639455782,0,5.0,5.0,44100,bird,1.0
195,./kaggletest/grbcam1/,XC633945.ogg,39.93598639455782,0,10.0,5.0,44100,bird,1.0
196,./kaggletest/grbcam1/,XC633945.ogg,39.93598639455782,0,15.0,5.0,44100,bird,1.0
197,./kaggletest/grbcam1/,XC633945.ogg,39.93598639455782,0,20.0,5.0,44100,bird,1.0
198,./kaggletest/grbcam1/,XC633945.ogg,39.93598639455782,0,25.0,5.0,44100,bird,1.0
199,./kaggletest/grbcam1/,XC633945.ogg,39.93598639455782,0,30.0,5.0,44100,bird,1.0
200,./kaggletest/grbcam1/,XC608520.ogg,67.39498866213152,0,0.0,5.0,44100,bird,1.0
201,./kaggletest/grbcam1/,XC608520.ogg,67.39498866213152,0,5.0,5.0,44100,bird,1.0
202,./kaggletest/grbcam1/,XC608520.ogg,67.39498866213152,0,10.0,5.0,44100,bird,1.0
203,./kaggletest/grbcam1/,XC608520.ogg,67.39498866213152,0,15.0,5.0,44100,bird,1.0
204,./kaggletest/grbcam1/,XC608520.ogg,67.39498866213152,0,20.0,5.0,44100,bird,1.0
205,./kaggletest/grbcam1/,XC608520.ogg,67.39498866213152,0,25.0,5.0,44100,bird,1.0
206,./kaggletest/grbcam1/,XC608520.ogg,67.39498866213152,0,30.0,5.0,44100,bird,1.0
207,./kaggletest/grbcam1/,XC608520.ogg,67.39498866213152,0,35.0,5.0,44100,bird,1.0
208,./kaggletest/grbcam1/,XC608520.ogg,67.39498866213152,0,40.0,5.0,44100,bird,1.0
209,./kaggletest/grbcam1/,XC608520.ogg,67.39498866213152,0,45.0,5.0,44100,bird,1.0
210,./kaggletest/grbcam1/,XC608520.ogg,67.39498866213152,0,50.0,5.0,44100,bird,1.0
211,./kaggletest/grbcam1/,XC608520.ogg,67.39498866213152,0,55.0,5.0,44100,bird,1.0
212,./kaggletest/grbcam1/,XC608520.ogg,67.39498866213152,0,60.0,5.0,44100,bird,1.0
213,./kaggletest/grbcam1/,XC633749.ogg,18.311995464852608,0,0.0,5.0,44100,bird,1.0
214,./kaggletest/grbcam1/,XC633749.ogg,18.311995464852608,0,5.0,5.0,44100,bird,1.0
215,./kaggletest/grbcam1/,XC633749.ogg,18.311995464852608,0,10.0,5.0,44100,bird,1.0
216,./kaggletest/grbcam1/,XC703846.ogg,32.41795918367347,0,0.0,5.0,44100,bird,1.0
217,./kaggletest/grbcam1/,XC703846.ogg,32.41795918367347,0,5.0,5.0,44100,bird,1.0
218,./kaggletest/grbcam1/,XC703846.ogg,32.41795918367347,0,10.0,5.0,44100,bird,1.0
219,./kaggletest/grbcam1/,XC703846.ogg,32.41795918367347,0,15.0,5.0,44100,bird,1.0
220,./kaggletest/grbcam1/,XC703846.ogg,32.41795918367347,0,20.0,5.0,44100,bird,1.0
221,./kaggletest/grbcam1/,XC703846.ogg,32.41795918367347,0,25.0,5.0,44100,bird,1.0
222,./kaggletest/grbcam1/,XC316925.ogg,31.583990929705216,0,0.0,5.0,44100,bird,1.0
223,./kaggletest/grbcam1/,XC316925.ogg,31.583990929705216,0,5.0,5.0,44100,bird,1.0
224,./kaggletest/grbcam1/,XC316925.ogg,31.583990929705216,0,10.0,5.0,44100,bird,1.0
225,./kaggletest/grbcam1/,XC316925.ogg,31.583990929705216,0,15.0,5.0,44100,bird,1.0
226,./kaggletest/grbcam1/,XC316925.ogg,31.583990929705216,0,20.0,5.0,44100,bird,1.0
227,./kaggletest/grbcam1/,XC316925.ogg,31.583990929705216,0,25.0,5.0,44100,bird,1.0
228,./kaggletest/grbcam1/,XC326213.ogg,36.28408163265306,0,0.0,5.0,44100,bird,1.0
229,./kaggletest/grbcam1/,XC326213.ogg,36.28408163265306,0,5.0,5.0,44100,bird,1.0
230,./kaggletest/grbcam1/,XC326213.ogg,36.28408163265306,0,10.0,5.0,44100,bird,1.0
231,./kaggletest/grbcam1/,XC326213.ogg,36.28408163265306,0,15.0,5.0,44100,bird,1.0
232,./kaggletest/grbcam1/,XC326213.ogg,36.28408163265306,0,20.0,5.0,44100,bird,1.0
233,./kaggletest/grbcam1/,XC326213.ogg,36.28408163265306,0,25.0,5.0,44100,bird,1.0
234,./kaggletest/grbcam1/,XC326213.ogg,36.28408163265306,0,30.0,5.0,44100,bird,1.0
235,./kaggletest/grbcam1/,XC634180.ogg,46.82399092970522,0,0.0,5.0,44100,bird,1.0
236,./kaggletest/grbcam1/,XC634180.ogg,46.82399092970522,0,5.0,5.0,44100,bird,1.0
237,./kaggletest/grbcam1/,XC634180.ogg,46.82399092970522,0,10.0,5.0,44100,bird,1.0
238,./kaggletest/grbcam1/,XC634180.ogg,46.82399092970522,0,15.0,5.0,44100,bird,1.0
239,./kaggletest/grbcam1/,XC634180.ogg,46.82399092970522,0,20.0,5.0,44100,bird,1.0
240,./kaggletest/grbcam1/,XC634180.ogg,46.82399092970522,0,25.0,5.0,44100,bird,1.0
241,./kaggletest/grbcam1/,XC634180.ogg,46.82399092970522,0,30.0,5.0,44100,bird,1.0
242,./kaggletest/grbcam1/,XC634180.ogg,46.82399092970522,0,35.0,5.0,44100,bird,1.0
243,./kaggletest/grbcam1/,XC634180.ogg,46.82399092970522,0,40.0,5.0,44100,bird,1.0
244,./kaggletest/grbcam1/,XC392017.ogg,28.63,0,0.0,5.0,44100,bird,1.0
245,./kaggletest/grbcam1/,XC392017.ogg,28.63,0,5.0,5.0,44100,bird,1.0
246,./kaggletest/grbcam1/,XC392017.ogg,28.63,0,10.0,5.0,44100,bird,1.0
247,./kaggletest/grbcam1/,XC392017.ogg,28.63,0,15.0,5.0,44100,bird,1.0
248,./kaggletest/grbcam1/,XC392017.ogg,28.63,0,20.0,5.0,44100,bird,1.0
249,./kaggletest/grbcam1/,XC633770.ogg,89.64,0,0.0,5.0,44100,bird,1.0
250,./kaggletest/grbcam1/,XC633770.ogg,89.64,0,5.0,5.0,44100,bird,1.0
251,./kaggletest/grbcam1/,XC633770.ogg,89.64,0,10.0,5.0,44100,bird,1.0
252,./kaggletest/grbcam1/,XC633770.ogg,89.64,0,15.0,5.0,44100,bird,1.0
253,./kaggletest/grbcam1/,XC633770.ogg,89.64,0,20.0,5.0,44100,bird,1.0
254,./kaggletest/grbcam1/,XC633770.ogg,89.64,0,25.0,5.0,44100,bird,1.0
255,./kaggletest/grbcam1/,XC633770.ogg,89.64,0,30.0,5.0,44100,bird,1.0
256,./kaggletest/grbcam1/,XC633770.ogg,89.64,0,35.0,5.0,44100,bird,1.0
257,./kaggletest/grbcam1/,XC633770.ogg,89.64,0,40.0,5.0,44100,bird,1.0
258,./kaggletest/grbcam1/,XC633770.ogg,89.64,0,45.0,5.0,44100,bird,1.0
259,./kaggletest/grbcam1/,XC633770.ogg,89.64,0,50.0,5.0,44100,bird,1.0
260,./kaggletest/grbcam1/,XC633770.ogg,89.64,0,55.0,5.0,44100,bird,1.0
261,./kaggletest/grbcam1/,XC633770.ogg,89.64,0,60.0,5.0,44100,bird,1.0
262,./kaggletest/grbcam1/,XC633770.ogg,89.64,0,65.0,5.0,44100,bird,1.0
263,./kaggletest/grbcam1/,XC633770.ogg,89.64,0,75.0,5.0,44100,bird,1.0
264,./kaggletest/grbcam1/,XC633770.ogg,89.64,0,80.0,5.0,44100,bird,1.0
265,./kaggletest/grbcam1/,XC195851.ogg,27.87265306122449,0,0.0,5.0,44100,bird,1.0
266,./kaggletest/grbcam1/,XC195851.ogg,27.87265306122449,0,5.0,5.0,44100,bird,1.0
267,./kaggletest/grbcam1/,XC195851.ogg,27.87265306122449,0,10.0,5.0,44100,bird,1.0
268,./kaggletest/grbcam1/,XC195851.ogg,27.87265306122449,0,15.0,5.0,44100,bird,1.0
269,./kaggletest/grbcam1/,XC195851.ogg,27.87265306122449,0,20.0,5.0,44100,bird,1.0
270,./kaggletest/grbcam1/,XC326214.ogg,33.097142857142856,0,0.0,5.0,44100,bird,1.0
271,./kaggletest/grbcam1/,XC326214.ogg,33.097142857142856,0,5.0,5.0,44100,bird,1.0
272,./kaggletest/grbcam1/,XC326214.ogg,33.097142857142856,0,10.0,5.0,44100,bird,1.0
273,./kaggletest/grbcam1/,XC326214.ogg,33.097142857142856,0,15.0,5.0,44100,bird,1.0
274,./kaggletest/grbcam1/,XC326214.ogg,33.097142857142856,0,20.0,5.0,44100,bird,1.0
275,./kaggletest/grbcam1/,XC326214.ogg,33.097142857142856,0,25.0,5.0,44100,bird,1.0
276,./kaggletest/grbcam1/,XC195853.ogg,126.74612244897959,0,0.0,5.0,44100,bird,1.0
277,./kaggletest/grbcam1/,XC195853.ogg,126.74612244897959,0,5.0,5.0,44100,bird,1.0
278,./kaggletest/grbcam1/,XC195853.ogg,126.74612244897959,0,10.0,5.0,44100,bird,1.0
279,./kaggletest/grbcam1/,XC195853.ogg,126.74612244897959,0,15.0,5.0,44100,bird,1.0
280,./kaggletest/grbcam1/,XC195853.ogg,126.74612244897959,0,20.0,5.0,44100,bird,1.0
281,./kaggletest/grbcam1/,XC195853.ogg,126.74612244897959,0,25.0,5.0,44100,bird,1.0
282,./kaggletest/grbcam1/,XC195853.ogg,126.74612244897959,0,30.0,5.0,44100,bird,1.0
283,./kaggletest/grbcam1/,XC195853.ogg,126.74612244897959,0,35.0,5.0,44100,bird,1.0
284,./kaggletest/grbcam1/,XC195853.ogg,126.74612244897959,0,40.0,5.0,44100,bird,1.0
285,./kaggletest/grbcam1/,XC195853.ogg,126.74612244897959,0,45.0,5.0,44100,bird,1.0
286,./kaggletest/grbcam1/,XC195853.ogg,126.74612244897959,0,50.0,5.0,44100,bird,1.0
287,./kaggletest/grbcam1/,XC195853.ogg,126.74612244897959,0,55.0,5.0,44100,bird,1.0
288,./kaggletest/grbcam1/,XC195853.ogg,126.74612244897959,0,60.0,5.0,44100,bird,1.0
289,./kaggletest/grbcam1/,XC195853.ogg,126.74612244897959,0,65.0,5.0,44100,bird,1.0
290,./kaggletest/grbcam1/,XC195853.ogg,126.74612244897959,0,70.0,5.0,44100,bird,1.0
291,./kaggletest/grbcam1/,XC195853.ogg,126.74612244897959,0,75.0,5.0,44100,bird,1.0
292,./kaggletest/grbcam1/,XC195853.ogg,126.74612244897959,0,80.0,5.0,44100,bird,1.0
293,./kaggletest/grbcam1/,XC195853.ogg,126.74612244897959,0,85.0,5.0,44100,bird,1.0
294,./kaggletest/grbcam1/,XC195853.ogg,126.74612244897959,0,90.0,5.0,44100,bird,1.0
295,./kaggletest/grbcam1/,XC195853.ogg,126.74612244897959,0,95.0,5.0,44100,bird,1.0
296,./kaggletest/grbcam1/,XC195853.ogg,126.74612244897959,0,100.0,5.0,44100,bird,1.0
297,./kaggletest/grbcam1/,XC195853.ogg,126.74612244897959,0,105.0,5.0,44100,bird,1.0
298,./kaggletest/grbcam1/,XC195853.ogg,126.74612244897959,0,110.0,5.0,44100,bird,1.0
299,./kaggletest/grbcam1/,XC195853.ogg,126.74612244897959,0,115.0,5.0,44100,bird,1.0
300,./kaggletest/grbcam1/,XC195853.ogg,126.74612244897959,0,120.0,5.0,44100,bird,1.0
301,./kaggletest/grbcam1/,XC195852.ogg,26.17467120181406,0,0.0,5.0,44100,bird,1.0
302,./kaggletest/grbcam1/,XC195852.ogg,26.17467120181406,0,5.0,5.0,44100,bird,1.0
303,./kaggletest/grbcam1/,XC195852.ogg,26.17467120181406,0,10.0,5.0,44100,bird,1.0
304,./kaggletest/grbcam1/,XC195852.ogg,26.17467120181406,0,15.0,5.0,44100,bird,1.0
305,./kaggletest/grbcam1/,XC195852.ogg,26.17467120181406,0,20.0,5.0,44100,bird,1.0
306,./kaggletest/grbcam1/,XC315026.ogg,30.695986394557824,0,0.0,5.0,44100,bird,1.0
307,./kaggletest/grbcam1/,XC315026.ogg,30.695986394557824,0,5.0,5.0,44100,bird,1.0
308,./kaggletest/grbcam1/,XC315026.ogg,30.695986394557824,0,10.0,5.0,44100,bird,1.0
309,./kaggletest/grbcam1/,XC315026.ogg,30.695986394557824,0,15.0,5.0,44100,bird,1.0
310,./kaggletest/grbcam1/,XC315026.ogg,30.695986394557824,0,20.0,5.0,44100,bird,1.0
311,./kaggletest/grbcam1/,XC315026.ogg,30.695986394557824,0,25.0,5.0,44100,bird,1.0
312,./kaggletest/grbcam1/,XC190645.ogg,11.415487528344672,0,0.0,5.0,44100,bird,1.0
313,./kaggletest/grbcam1/,XC190645.ogg,11.415487528344672,0,5.0,5.0,44100,bird,1.0
314,./kaggletest/grbcam1/,XC368152.ogg,21.315895691609978,0,0.0,5.0,44100,bird,1.0
315,./kaggletest/grbcam1/,XC368152.ogg,21.315895691609978,0,5.0,5.0,44100,bird,1.0
316,./kaggletest/grbcam1/,XC368152.ogg,21.315895691609978,0,10.0,5.0,44100,bird,1.0
317,./kaggletest/grbcam1/,XC368152.ogg,21.315895691609978,0,15.0,5.0,44100,bird,1.0
318,./kaggletest/grbcam1/,XC664381.ogg,38.816984126984124,0,0.0,5.0,44100,bird,1.0
319,./kaggletest/grbcam1/,XC664381.ogg,38.816984126984124,0,5.0,5.0,44100,bird,1.0
320,./kaggletest/grbcam1/,XC664381.ogg,38.816984126984124,0,10.0,5.0,44100,bird,1.0
321,./kaggletest/grbcam1/,XC664381.ogg,38.816984126984124,0,15.0,5.0,44100,bird,1.0
322,./kaggletest/grbcam1/,XC664381.ogg,38.816984126984124,0,20.0,5.0,44100,bird,1.0
323,./kaggletest/grbcam1/,XC664381.ogg,38.816984126984124,0,25.0,5.0,44100,bird,1.0
324,./kaggletest/grbcam1/,XC664381.ogg,38.816984126984124,0,30.0,5.0,44100,bird,1.0
325,./kaggletest/grbcam1/,XC605958.ogg,20.63673469387755,0,0.0,5.0,44100,bird,1.0
326,./kaggletest/grbcam1/,XC605958.ogg,20.63673469387755,0,5.0,5.0,44100,bird,1.0
327,./kaggletest/grbcam1/,XC605958.ogg,20.63673469387755,0,10.0,5.0,44100,bird,1.0
328,./kaggletest/grbcam1/,XC605958.ogg,20.63673469387755,0,15.0,5.0,44100,bird,1.0
329,./kaggletest/grbcam1/,XC645946.ogg,16.926984126984127,0,0.0,5.0,44100,bird,1.0
330,./kaggletest/grbcam1/,XC645946.ogg,16.926984126984127,0,5.0,5.0,44100,bird,1.0
331,./kaggletest/grbcam1/,XC645946.ogg,16.926984126984127,0,10.0,5.0,44100,bird,1.0
332,./kaggletest/grbcam1/,XC291506.ogg,17.423990929705216,0,0.0,5.0,44100,bird,1.0
333,./kaggletest/grbcam1/,XC291506.ogg,17.423990929705216,0,5.0,5.0,44100,bird,1.0
334,./kaggletest/grbcam1/,XC291506.ogg,17.423990929705216,0,10.0,5.0,44100,bird,1.0
335,./kaggletest/grbcam1/,XC368148.ogg,55.118367346938776,0,0.0,5.0,44100,bird,1.0
336,./kaggletest/grbcam1/,XC368148.ogg,55.118367346938776,0,5.0,5.0,44100,bird,1.0
337,./kaggletest/grbcam1/,XC368148.ogg,55.118367346938776,0,10.0,5.0,44100,bird,1.0
338,./kaggletest/grbcam1/,XC368148.ogg,55.118367346938776,0,15.0,5.0,44100,bird,1.0
339,./kaggletest/grbcam1/,XC368148.ogg,55.118367346938776,0,20.0,5.0,44100,bird,1.0
340,./kaggletest/grbcam1/,XC368148.ogg,55.118367346938776,0,25.0,5.0,44100,bird,1.0
341,./kaggletest/grbcam1/,XC368148.ogg,55.118367346938776,0,30.0,5.0,44100,bird,1.0
342,./kaggletest/grbcam1/,XC368148.ogg,55.118367346938776,0,35.0,5.0,44100,bird,1.0
343,./kaggletest/grbcam1/,XC368148.ogg,55.118367346938776,0,40.0,5.0,44100,bird,1.0
344,./kaggletest/grbcam1/,XC368148.ogg,55.118367346938776,0,45.0,5.0,44100,bird,1.0
345,./kaggletest/grbcam1/,XC368148.ogg,55.118367346938776,0,50.0,5.0,44100,bird,1.0
346,./kaggletest/grbcam1/,XC467140.ogg,81.99836734693878,0,0.0,5.0,44100,bird,1.0
347,./kaggletest/grbcam1/,XC467140.ogg,81.99836734693878,0,10.0,5.0,44100,bird,1.0
348,./kaggletest/grbcam1/,XC467140.ogg,81.99836734693878,0,15.0,5.0,44100,bird,1.0
349,./kaggletest/grbcam1/,XC467140.ogg,81.99836734693878,0,25.0,5.0,44100,bird,1.0
350,./kaggletest/grbcam1/,XC467140.ogg,81.99836734693878,0,30.0,5.0,44100,bird,1.0
351,./kaggletest/grbcam1/,XC467140.ogg,81.99836734693878,0,35.0,5.0,44100,bird,1.0
352,./kaggletest/grbcam1/,XC467140.ogg,81.99836734693878,0,40.0,5.0,44100,bird,1.0
353,./kaggletest/grbcam1/,XC467140.ogg,81.99836734693878,0,50.0,5.0,44100,bird,1.0
354,./kaggletest/grbcam1/,XC467140.ogg,81.99836734693878,0,55.0,5.0,44100,bird,1.0
355,./kaggletest/grbcam1/,XC467140.ogg,81.99836734693878,0,60.0,5.0,44100,bird,1.0
356,./kaggletest/grbcam1/,XC467140.ogg,81.99836734693878,0,65.0,5.0,44100,bird,1.0
357,./kaggletest/grbcam1/,XC467140.ogg,81.99836734693878,0,70.0,5.0,44100,bird,1.0
358,./kaggletest/grbcam1/,XC467140.ogg,81.99836734693878,0,75.0,5.0,44100,bird,1.0
359,./kaggletest/grbcam1/,XC467141.ogg,38.00814058956916,0,0.0,5.0,44100,bird,1.0
360,./kaggletest/grbcam1/,XC467141.ogg,38.00814058956916,0,5.0,5.0,44100,bird,1.0
361,./kaggletest/grbcam1/,XC467141.ogg,38.00814058956916,0,10.0,5.0,44100,bird,1.0
362,./kaggletest/grbcam1/,XC467141.ogg,38.00814058956916,0,15.0,5.0,44100,bird,1.0
363,./kaggletest/grbcam1/,XC467141.ogg,38.00814058956916,0,20.0,5.0,44100,bird,1.0
364,./kaggletest/grbcam1/,XC467141.ogg,38.00814058956916,0,25.0,5.0,44100,bird,1.0
365,./kaggletest/grbcam1/,XC467141.ogg,38.00814058956916,0,30.0,5.0,44100,bird,1.0
366,./kaggletest/grbcam1/,XC243509.ogg,45.071995464852606,0,0.0,5.0,44100,bird,1.0
367,./kaggletest/grbcam1/,XC243509.ogg,45.071995464852606,0,5.0,5.0,44100,bird,1.0
368,./kaggletest/grbcam1/,XC243509.ogg,45.071995464852606,0,10.0,5.0,44100,bird,1.0
369,./kaggletest/grbcam1/,XC243509.ogg,45.071995464852606,0,15.0,5.0,44100,bird,1.0
370,./kaggletest/grbcam1/,XC243509.ogg,45.071995464852606,0,20.0,5.0,44100,bird,1.0
371,./kaggletest/grbcam1/,XC243509.ogg,45.071995464852606,0,25.0,5.0,44100,bird,1.0
372,./kaggletest/grbcam1/,XC243509.ogg,45.071995464852606,0,30.0,5.0,44100,bird,1.0
373,./kaggletest/grbcam1/,XC243509.ogg,45.071995464852606,0,35.0,5.0,44100,bird,1.0
374,./kaggletest/grbcam1/,XC243509.ogg,45.071995464852606,0,40.0,5.0,44100,bird,1.0
375,./kaggletest/grbcam1/,XC323362.ogg,42.55199546485261,0,0.0,5.0,44100,bird,1.0
376,./kaggletest/grbcam1/,XC323362.ogg,42.55199546485261,0,5.0,5.0,44100,bird,1.0
377,./kaggletest/grbcam1/,XC323362.ogg,42.55199546485261,0,10.0,5.0,44100,bird,1.0
378,./kaggletest/grbcam1/,XC323362.ogg,42.55199546485261,0,15.0,5.0,44100,bird,1.0
379,./kaggletest/grbcam1/,XC323362.ogg,42.55199546485261,0,20.0,5.0,44100,bird,1.0
380,./kaggletest/grbcam1/,XC323362.ogg,42.55199546485261,0,25.0,5.0,44100,bird,1.0
381,./kaggletest/grbcam1/,XC323362.ogg,42.55199546485261,0,30.0,5.0,44100,bird,1.0
382,./kaggletest/grbcam1/,XC323362.ogg,42.55199546485261,0,35.0,5.0,44100,bird,1.0
383,./kaggletest/grbcam1/,XC512294.ogg,60.943673469387754,0,5.0,5.0,44100,bird,1.0
384,./kaggletest/grbcam1/,XC512294.ogg,60.943673469387754,0,15.0,5.0,44100,bird,1.0
385,./kaggletest/grbcam1/,XC512294.ogg,60.943673469387754,0,20.0,5.0,44100,bird,1.0
386,./kaggletest/grbcam1/,XC512294.ogg,60.943673469387754,0,25.0,5.0,44100,bird,1.0
387,./kaggletest/grbcam1/,XC512294.ogg,60.943673469387754,0,35.0,5.0,44100,bird,1.0
388,./kaggletest/grbcam1/,XC512294.ogg,60.943673469387754,0,40.0,5.0,44100,bird,1.0
389,./kaggletest/grbcam1/,XC512294.ogg,60.943673469387754,0,45.0,5.0,44100,bird,1.0
390,./kaggletest/grbcam1/,XC512294.ogg,60.943673469387754,0,50.0,5.0,44100,bird,1.0
391,./kaggletest/grbcam1/,XC512294.ogg,60.943673469387754,0,55.0,5.0,44100,bird,1.0
392,./kaggletest/grbcam1/,XC633751.ogg,36.31199546485261,0,0.0,5.0,44100,bird,1.0
393,./kaggletest/grbcam1/,XC633751.ogg,36.31199546485261,0,5.0,5.0,44100,bird,1.0
394,./kaggletest/grbcam1/,XC633751.ogg,36.31199546485261,0,10.0,5.0,44100,bird,1.0
395,./kaggletest/grbcam1/,XC633751.ogg,36.31199546485261,0,15.0,5.0,44100,bird,1.0
396,./kaggletest/grbcam1/,XC633751.ogg,36.31199546485261,0,20.0,5.0,44100,bird,1.0
397,./kaggletest/grbcam1/,XC633751.ogg,36.31199546485261,0,25.0,5.0,44100,bird,1.0
398,./kaggletest/grbcam1/,XC633751.ogg,36.31199546485261,0,30.0,5.0,44100,bird,1.0
399,./kaggletest/grbcam1/,XC516636.ogg,54.16798185941043,0,0.0,5.0,44100,bird,1.0
400,./kaggletest/grbcam1/,XC516636.ogg,54.16798185941043,0,5.0,5.0,44100,bird,1.0
401,./kaggletest/grbcam1/,XC516636.ogg,54.16798185941043,0,10.0,5.0,44100,bird,1.0
402,./kaggletest/grbcam1/,XC516636.ogg,54.16798185941043,0,15.0,5.0,44100,bird,1.0
403,./kaggletest/grbcam1/,XC516636.ogg,54.16798185941043,0,20.0,5.0,44100,bird,1.0
404,./kaggletest/grbcam1/,XC516636.ogg,54.16798185941043,0,25.0,5.0,44100,bird,1.0
405,./kaggletest/grbcam1/,XC516636.ogg,54.16798185941043,0,30.0,5.0,44100,bird,1.0
406,./kaggletest/grbcam1/,XC516636.ogg,54.16798185941043,0,35.0,5.0,44100,bird,1.0
407,./kaggletest/grbcam1/,XC442059.ogg,5.5639909297052155,0,0.0,5.0,44100,bird,1.0
408,./kaggletest/grbcam1/,XC704922.ogg,89.76,0,20.0,5.0,44100,bird,1.0
409,./kaggletest/grbcam1/,XC704922.ogg,89.76,0,45.0,5.0,44100,bird,1.0
410,./kaggletest/grbcam1/,XC704922.ogg,89.76,0,80.0,5.0,44100,bird,1.0
411,./kaggletest/grbcam1/,XC634175.ogg,12.455986394557824,0,0.0,5.0,44100,bird,1.0
412,./kaggletest/grbcam1/,XC634175.ogg,12.455986394557824,0,5.0,5.0,44100,bird,1.0
413,./kaggletest/grbcam1/,XC608049.ogg,26.383673469387755,0,0.0,5.0,44100,bird,1.0
414,./kaggletest/grbcam1/,XC608049.ogg,26.383673469387755,0,5.0,5.0,44100,bird,1.0
415,./kaggletest/grbcam1/,XC608049.ogg,26.383673469387755,0,10.0,5.0,44100,bird,1.0
416,./kaggletest/grbcam1/,XC608049.ogg,26.383673469387755,0,15.0,5.0,44100,bird,1.0
417,./kaggletest/grbcam1/,XC608049.ogg,26.383673469387755,0,20.0,5.0,44100,bird,1.0
418,./kaggletest/grbcam1/,XC445669.ogg,111.67199546485261,0,0.0,5.0,44100,bird,1.0
419,./kaggletest/grbcam1/,XC445669.ogg,111.67199546485261,0,5.0,5.0,44100,bird,1.0
420,./kaggletest/grbcam1/,XC445669.ogg,111.67199546485261,0,10.0,5.0,44100,bird,1.0
421,./kaggletest/grbcam1/,XC445669.ogg,111.67199546485261,0,15.0,5.0,44100,bird,1.0
422,./kaggletest/grbcam1/,XC445669.ogg,111.67199546485261,0,20.0,5.0,44100,bird,1.0
423,./kaggletest/grbcam1/,XC445669.ogg,111.67199546485261,0,25.0,5.0,44100,bird,1.0
424,./kaggletest/grbcam1/,XC445669.ogg,111.67199546485261,0,30.0,5.0,44100,bird,1.0
425,./kaggletest/grbcam1/,XC445669.ogg,111.67199546485261,0,35.0,5.0,44100,bird,1.0
426,./kaggletest/grbcam1/,XC445669.ogg,111.67199546485261,0,40.0,5.0,44100,bird,1.0
427,./kaggletest/grbcam1/,XC445669.ogg,111.67199546485261,0,45.0,5.0,44100,bird,1.0
428,./kaggletest/grbcam1/,XC445669.ogg,111.67199546485261,0,50.0,5.0,44100,bird,1.0
429,./kaggletest/grbcam1/,XC445669.ogg,111.67199546485261,0,55.0,5.0,44100,bird,1.0
430,./kaggletest/grbcam1/,XC445669.ogg,111.67199546485261,0,60.0,5.0,44100,bird,1.0
431,./kaggletest/grbcam1/,XC445669.ogg,111.67199546485261,0,65.0,5.0,44100,bird,1.0
432,./kaggletest/grbcam1/,XC445669.ogg,111.67199546485261,0,70.0,5.0,44100,bird,1.0
433,./kaggletest/grbcam1/,XC445669.ogg,111.67199546485261,0,75.0,5.0,44100,bird,1.0
434,./kaggletest/grbcam1/,XC445669.ogg,111.67199546485261,0,80.0,5.0,44100,bird,1.0
435,./kaggletest/grbcam1/,XC445669.ogg,111.67199546485261,0,85.0,5.0,44100,bird,1.0
436,./kaggletest/grbcam1/,XC445669.ogg,111.67199546485261,0,90.0,5.0,44100,bird,1.0
437,./kaggletest/grbcam1/,XC445669.ogg,111.67199546485261,0,95.0,5.0,44100,bird,1.0
438,./kaggletest/grbcam1/,XC445669.ogg,111.67199546485261,0,100.0,5.0,44100,bird,1.0
439,./kaggletest/grbcam1/,XC445669.ogg,111.67199546485261,0,105.0,5.0,44100,bird,1.0
440,./kaggletest/grbcam1/,XC634160.ogg,21.24,0,0.0,5.0,44100,bird,1.0
441,./kaggletest/grbcam1/,XC634160.ogg,21.24,0,5.0,5.0,44100,bird,1.0
442,./kaggletest/grbcam1/,XC634160.ogg,21.24,0,10.0,5.0,44100,bird,1.0
443,./kaggletest/grbcam1/,XC634160.ogg,21.24,0,15.0,5.0,44100,bird,1.0
444,./kaggletest/grbcam1/,XC633668.ogg,57.84,0,0.0,5.0,44100,bird,1.0
445,./kaggletest/grbcam1/,XC633668.ogg,57.84,0,5.0,5.0,44100,bird,1.0
446,./kaggletest/grbcam1/,XC633668.ogg,57.84,0,10.0,5.0,44100,bird,1.0
447,./kaggletest/grbcam1/,XC633668.ogg,57.84,0,15.0,5.0,44100,bird,1.0
448,./kaggletest/grbcam1/,XC633668.ogg,57.84,0,20.0,5.0,44100,bird,1.0
449,./kaggletest/grbcam1/,XC633668.ogg,57.84,0,25.0,5.0,44100,bird,1.0
450,./kaggletest/grbcam1/,XC633668.ogg,57.84,0,30.0,5.0,44100,bird,1.0
451,./kaggletest/grbcam1/,XC633668.ogg,57.84,0,35.0,5.0,44100,bird,1.0
452,./kaggletest/grbcam1/,XC633668.ogg,57.84,0,40.0,5.0,44100,bird,1.0
453,./kaggletest/grbcam1/,XC633668.ogg,57.84,0,45.0,5.0,44100,bird,1.0
454,./kaggletest/grbcam1/,XC633668.ogg,57.84,0,50.0,5.0,44100,bird,1.0
455,./kaggletest/grbcam1/,XC459554.ogg,11.728956916099774,0,0.0,5.0,44100,bird,1.0
456,./kaggletest/grbcam1/,XC459554.ogg,11.728956916099774,0,5.0,5.0,44100,bird,1.0
457,./kaggletest/grbcam1/,XC633899.ogg,48.69598639455782,0,0.0,5.0,44100,bird,1.0
458,./kaggletest/grbcam1/,XC633899.ogg,48.69598639455782,0,5.0,5.0,44100,bird,1.0
459,./kaggletest/grbcam1/,XC633899.ogg,48.69598639455782,0,15.0,5.0,44100,bird,1.0
460,./kaggletest/grbcam1/,XC633899.ogg,48.69598639455782,0,20.0,5.0,44100,bird,1.0
461,./kaggletest/grbcam1/,XC633899.ogg,48.69598639455782,0,25.0,5.0,44100,bird,1.0
462,./kaggletest/grbcam1/,XC633899.ogg,48.69598639455782,0,30.0,5.0,44100,bird,1.0
463,./kaggletest/grbcam1/,XC633899.ogg,48.69598639455782,0,35.0,5.0,44100,bird,1.0
464,./kaggletest/grbcam1/,XC633899.ogg,48.69598639455782,0,40.0,5.0,44100,bird,1.0
465,./kaggletest/grbcam1/,XC672145.ogg,41.195079365079366,0,0.0,5.0,44100,bird,1.0
466,./kaggletest/grbcam1/,XC672145.ogg,41.195079365079366,0,5.0,5.0,44100,bird,1.0
467,./kaggletest/grbcam1/,XC672145.ogg,41.195079365079366,0,10.0,5.0,44100,bird,1.0
468,./kaggletest/grbcam1/,XC672145.ogg,41.195079365079366,0,15.0,5.0,44100,bird,1.0
469,./kaggletest/grbcam1/,XC672145.ogg,41.195079365079366,0,20.0,5.0,44100,bird,1.0
470,./kaggletest/grbcam1/,XC672145.ogg,41.195079365079366,0,25.0,5.0,44100,bird,1.0
471,./kaggletest/grbcam1/,XC672145.ogg,41.195079365079366,0,30.0,5.0,44100,bird,1.0
472,./kaggletest/grbcam1/,XC672145.ogg,41.195079365079366,0,35.0,5.0,44100,bird,1.0
473,./kaggletest/grbcam1/,XC382900.ogg,19.415986394557823,0,0.0,5.0,44100,bird,1.0
474,./kaggletest/grbcam1/,XC382900.ogg,19.415986394557823,0,5.0,5.0,44100,bird,1.0
475,./kaggletest/grbcam1/,XC382900.ogg,19.415986394557823,0,10.0,5.0,44100,bird,1.0
476,./kaggletest/grbcam1/,XC342113.ogg,29.910204081632653,0,0.0,5.0,44100,bird,1.0
477,./kaggletest/grbcam1/,XC342113.ogg,29.910204081632653,0,5.0,5.0,44100,bird,1.0
478,./kaggletest/grbcam1/,XC342113.ogg,29.910204081632653,0,10.0,5.0,44100,bird,1.0
479,./kaggletest/grbcam1/,XC342113.ogg,29.910204081632653,0,15.0,5.0,44100,bird,1.0
480,./kaggletest/grbcam1/,XC342113.ogg,29.910204081632653,0,20.0,5.0,44100,bird,1.0
481,./kaggletest/grbcam1/,XC584051.ogg,103.49714285714286,0,0.0,5.0,44100,bird,1.0
482,./kaggletest/grbcam1/,XC584051.ogg,103.49714285714286,0,5.0,5.0,44100,bird,1.0
483,./kaggletest/grbcam1/,XC584051.ogg,103.49714285714286,0,10.0,5.0,44100,bird,1.0
484,./kaggletest/grbcam1/,XC584051.ogg,103.49714285714286,0,15.0,5.0,44100,bird,1.0
485,./kaggletest/grbcam1/,XC584051.ogg,103.49714285714286,0,20.0,5.0,44100,bird,1.0
486,./kaggletest/grbcam1/,XC584051.ogg,103.49714285714286,0,25.0,5.0,44100,bird,1.0
487,./kaggletest/grbcam1/,XC584051.ogg,103.49714285714286,0,30.0,5.0,44100,bird,1.0
488,./kaggletest/grbcam1/,XC584051.ogg,103.49714285714286,0,35.0,5.0,44100,bird,1.0
489,./kaggletest/grbcam1/,XC584051.ogg,103.49714285714286,0,40.0,5.0,44100,bird,1.0
490,./kaggletest/grbcam1/,XC584051.ogg,103.49714285714286,0,45.0,5.0,44100,bird,1.0
491,./kaggletest/grbcam1/,XC584051.ogg,103.49714285714286,0,50.0,5.0,44100,bird,1.0
492,./kaggletest/grbcam1/,XC584051.ogg,103.49714285714286,0,55.0,5.0,44100,bird,1.0
493,./kaggletest/grbcam1/,XC584051.ogg,103.49714285714286,0,60.0,5.0,44100,bird,1.0
494,./kaggletest/grbcam1/,XC584051.ogg,103.49714285714286,0,65.0,5.0,44100,bird,1.0
495,./kaggletest/grbcam1/,XC584051.ogg,103.49714285714286,0,70.0,5.0,44100,bird,1.0
496,./kaggletest/grbcam1/,XC584051.ogg,103.49714285714286,0,75.0,5.0,44100,bird,1.0
497,./kaggletest/grbcam1/,XC584051.ogg,103.49714285714286,0,80.0,5.0,44100,bird,1.0
498,./kaggletest/grbcam1/,XC584051.ogg,103.49714285714286,0,85.0,5.0,44100,bird,1.0
499,./kaggletest/grbcam1/,XC584051.ogg,103.49714285714286,0,90.0,5.0,44100,bird,1.0
500,./kaggletest/grbcam1/,XC584051.ogg,103.49714285714286,0,95.0,5.0,44100,bird,1.0
501,./kaggletest/grbcam1/,XC455392.ogg,20.506122448979593,0,0.0,5.0,44100,bird,1.0
502,./kaggletest/grbcam1/,XC455392.ogg,20.506122448979593,0,5.0,5.0,44100,bird,1.0
503,./kaggletest/grbcam1/,XC455392.ogg,20.506122448979593,0,10.0,5.0,44100,bird,1.0
504,./kaggletest/grbcam1/,XC455392.ogg,20.506122448979593,0,15.0,5.0,44100,bird,1.0
505,./kaggletest/grbcam1/,XC459543.ogg,16.64,0,0.0,5.0,44100,bird,1.0
506,./kaggletest/grbcam1/,XC459543.ogg,16.64,0,5.0,5.0,44100,bird,1.0
507,./kaggletest/grbcam1/,XC459543.ogg,16.64,0,10.0,5.0,44100,bird,1.0
508,./kaggletest/grbcam1/,XC650865.ogg,17.528140589569162,0,0.0,5.0,44100,bird,1.0
509,./kaggletest/grbcam1/,XC650865.ogg,17.528140589569162,0,5.0,5.0,44100,bird,1.0
510,./kaggletest/grbcam1/,XC650865.ogg,17.528140589569162,0,10.0,5.0,44100,bird,1.0
511,./kaggletest/grbcam1/,XC412152.ogg,17.29299319727891,0,0.0,5.0,44100,bird,1.0
512,./kaggletest/grbcam1/,XC412152.ogg,17.29299319727891,0,5.0,5.0,44100,bird,1.0
513,./kaggletest/grbcam1/,XC412152.ogg,17.29299319727891,0,10.0,5.0,44100,bird,1.0
514,./kaggletest/grbcam1/,XC453678.ogg,30.023990929705214,0,0.0,5.0,44100,bird,1.0
515,./kaggletest/grbcam1/,XC453678.ogg,30.023990929705214,0,5.0,5.0,44100,bird,1.0
516,./kaggletest/grbcam1/,XC453678.ogg,30.023990929705214,0,10.0,5.0,44100,bird,1.0
517,./kaggletest/grbcam1/,XC453678.ogg,30.023990929705214,0,15.0,5.0,44100,bird,1.0
518,./kaggletest/grbcam1/,XC453678.ogg,30.023990929705214,0,20.0,5.0,44100,bird,1.0
519,./kaggletest/grbcam1/,XC453678.ogg,30.023990929705214,0,25.0,5.0,44100,bird,1.0
520,./kaggletest/grbcam1/,XC721281.ogg,19.04324263038549,0,0.0,5.0,44100,bird,1.0
521,./kaggletest/grbcam1/,XC721281.ogg,19.04324263038549,0,5.0,5.0,44100,bird,1.0
522,./kaggletest/grbcam1/,XC721281.ogg,19.04324263038549,0,10.0,5.0,44100,bird,1.0
523,./kaggletest/grbcam1/,XC424180.ogg,8.542018140589569,0,0.0,5.0,44100,bird,1.0
524,./kaggletest/grbcam1/,XC240661.ogg,46.46399092970522,0,0.0,5.0,44100,bird,1.0
525,./kaggletest/grbcam1/,XC240661.ogg,46.46399092970522,0,5.0,5.0,44100,bird,1.0
526,./kaggletest/grbcam1/,XC240661.ogg,46.46399092970522,0,10.0,5.0,44100,bird,1.0
527,./kaggletest/grbcam1/,XC240661.ogg,46.46399092970522,0,15.0,5.0,44100,bird,1.0
528,./kaggletest/grbcam1/,XC240661.ogg,46.46399092970522,0,20.0,5.0,44100,bird,1.0
529,./kaggletest/grbcam1/,XC240661.ogg,46.46399092970522,0,25.0,5.0,44100,bird,1.0
530,./kaggletest/grbcam1/,XC240661.ogg,46.46399092970522,0,30.0,5.0,44100,bird,1.0
531,./kaggletest/grbcam1/,XC240661.ogg,46.46399092970522,0,35.0,5.0,44100,bird,1.0
532,./kaggletest/grbcam1/,XC240661.ogg,46.46399092970522,0,40.0,5.0,44100,bird,1.0
533,./kaggletest/grbcam1/,XC397703.ogg,11.258775510204082,0,0.0,5.0,44100,bird,1.0
534,./kaggletest/grbcam1/,XC397703.ogg,11.258775510204082,0,5.0,5.0,44100,bird,1.0
535,./kaggletest/grbcam1/,XC633901.ogg,29.92798185941043,0,0.0,5.0,44100,bird,1.0
536,./kaggletest/grbcam1/,XC633901.ogg,29.92798185941043,0,5.0,5.0,44100,bird,1.0
537,./kaggletest/grbcam1/,XC633901.ogg,29.92798185941043,0,10.0,5.0,44100,bird,1.0
538,./kaggletest/grbcam1/,XC633901.ogg,29.92798185941043,0,15.0,5.0,44100,bird,1.0
539,./kaggletest/grbcam1/,XC633901.ogg,29.92798185941043,0,20.0,5.0,44100,bird,1.0
540,./kaggletest/grbcam1/,XC633900.ogg,32.80798185941043,0,0.0,5.0,44100,bird,1.0
541,./kaggletest/grbcam1/,XC633900.ogg,32.80798185941043,0,5.0,5.0,44100,bird,1.0
542,./kaggletest/grbcam1/,XC633900.ogg,32.80798185941043,0,10.0,5.0,44100,bird,1.0
543,./kaggletest/grbcam1/,XC633900.ogg,32.80798185941043,0,15.0,5.0,44100,bird,1.0
544,./kaggletest/grbcam1/,XC633900.ogg,32.80798185941043,0,20.0,5.0,44100,bird,1.0
545,./kaggletest/grbcam1/,XC633900.ogg,32.80798185941043,0,25.0,5.0,44100,bird,1.0
546,./kaggletest/grbcam1/,XC620820.ogg,27.845986394557823,0,0.0,5.0,44100,bird,1.0
547,./kaggletest/grbcam1/,XC620820.ogg,27.845986394557823,0,5.0,5.0,44100,bird,1.0
548,./kaggletest/grbcam1/,XC620820.ogg,27.845986394557823,0,10.0,5.0,44100,bird,1.0
549,./kaggletest/grbcam1/,XC620820.ogg,27.845986394557823,0,15.0,5.0,44100,bird,1.0
550,./kaggletest/grbcam1/,XC620820.ogg,27.845986394557823,0,20.0,5.0,44100,bird,1.0
551,./kaggletest/grbcam1/,XC633686.ogg,78.21598639455782,0,0.0,5.0,44100,bird,1.0
552,./kaggletest/grbcam1/,XC633686.ogg,78.21598639455782,0,5.0,5.0,44100,bird,1.0
553,./kaggletest/grbcam1/,XC633686.ogg,78.21598639455782,0,10.0,5.0,44100,bird,1.0
554,./kaggletest/grbcam1/,XC633686.ogg,78.21598639455782,0,15.0,5.0,44100,bird,1.0
555,./kaggletest/grbcam1/,XC633686.ogg,78.21598639455782,0,20.0,5.0,44100,bird,1.0
556,./kaggletest/grbcam1/,XC633686.ogg,78.21598639455782,0,25.0,5.0,44100,bird,1.0
557,./kaggletest/grbcam1/,XC633686.ogg,78.21598639455782,0,30.0,5.0,44100,bird,1.0
558,./kaggletest/grbcam1/,XC633686.ogg,78.21598639455782,0,35.0,5.0,44100,bird,1.0
559,./kaggletest/grbcam1/,XC633686.ogg,78.21598639455782,0,40.0,5.0,44100,bird,1.0
560,./kaggletest/grbcam1/,XC633686.ogg,78.21598639455782,0,45.0,5.0,44100,bird,1.0
561,./kaggletest/grbcam1/,XC633686.ogg,78.21598639455782,0,50.0,5.0,44100,bird,1.0
562,./kaggletest/grbcam1/,XC633686.ogg,78.21598639455782,0,55.0,5.0,44100,bird,1.0
563,./kaggletest/grbcam1/,XC633686.ogg,78.21598639455782,0,60.0,5.0,44100,bird,1.0
564,./kaggletest/grbcam1/,XC633686.ogg,78.21598639455782,0,65.0,5.0,44100,bird,1.0
565,./kaggletest/grbcam1/,XC633686.ogg,78.21598639455782,0,70.0,5.0,44100,bird,1.0
566,./kaggletest/grbcam1/,XC392056.ogg,44.17299319727891,0,0.0,5.0,44100,bird,1.0
567,./kaggletest/grbcam1/,XC392056.ogg,44.17299319727891,0,5.0,5.0,44100,bird,1.0
568,./kaggletest/grbcam1/,XC392056.ogg,44.17299319727891,0,10.0,5.0,44100,bird,1.0
569,./kaggletest/grbcam1/,XC392056.ogg,44.17299319727891,0,15.0,5.0,44100,bird,1.0
570,./kaggletest/grbcam1/,XC392056.ogg,44.17299319727891,0,20.0,5.0,44100,bird,1.0
571,./kaggletest/grbcam1/,XC392056.ogg,44.17299319727891,0,25.0,5.0,44100,bird,1.0
572,./kaggletest/grbcam1/,XC392056.ogg,44.17299319727891,0,30.0,5.0,44100,bird,1.0
573,./kaggletest/grbcam1/,XC392056.ogg,44.17299319727891,0,35.0,5.0,44100,bird,1.0
574,./kaggletest/grbcam1/,XC459544.ogg,25.234263038548754,0,0.0,5.0,44100,bird,1.0
575,./kaggletest/grbcam1/,XC459544.ogg,25.234263038548754,0,5.0,5.0,44100,bird,1.0
576,./kaggletest/grbcam1/,XC459544.ogg,25.234263038548754,0,10.0,5.0,44100,bird,1.0
577,./kaggletest/grbcam1/,XC459544.ogg,25.234263038548754,0,15.0,5.0,44100,bird,1.0
578,./kaggletest/grbcam1/,XC459544.ogg,25.234263038548754,0,20.0,5.0,44100,bird,1.0
579,./kaggletest/grbcam1/,XC453055.ogg,42.44798185941043,0,0.0,5.0,44100,bird,1.0
580,./kaggletest/grbcam1/,XC453055.ogg,42.44798185941043,0,5.0,5.0,44100,bird,1.0
581,./kaggletest/grbcam1/,XC453055.ogg,42.44798185941043,0,10.0,5.0,44100,bird,1.0
582,./kaggletest/grbcam1/,XC453055.ogg,42.44798185941043,0,15.0,5.0,44100,bird,1.0
583,./kaggletest/grbcam1/,XC453055.ogg,42.44798185941043,0,20.0,5.0,44100,bird,1.0
584,./kaggletest/grbcam1/,XC453055.ogg,42.44798185941043,0,25.0,5.0,44100,bird,1.0
585,./kaggletest/grbcam1/,XC453055.ogg,42.44798185941043,0,30.0,5.0,44100,bird,1.0
586,./kaggletest/grbcam1/,XC453055.ogg,42.44798185941043,0,35.0,5.0,44100,bird,1.0
587,./kaggletest/grbcam1/,XC350707.ogg,31.503673469387756,0,0.0,5.0,44100,bird,1.0
588,./kaggletest/grbcam1/,XC350707.ogg,31.503673469387756,0,5.0,5.0,44100,bird,1.0
589,./kaggletest/grbcam1/,XC350707.ogg,31.503673469387756,0,10.0,5.0,44100,bird,1.0
590,./kaggletest/grbcam1/,XC350707.ogg,31.503673469387756,0,15.0,5.0,44100,bird,1.0
591,./kaggletest/grbcam1/,XC350707.ogg,31.503673469387756,0,20.0,5.0,44100,bird,1.0
592,./kaggletest/grbcam1/,XC350707.ogg,31.503673469387756,0,25.0,5.0,44100,bird,1.0
593,./kaggletest/grbcam1/,XC462100.ogg,155.06283446712018,0,0.0,5.0,44100,bird,1.0
594,./kaggletest/grbcam1/,XC462100.ogg,155.06283446712018,0,5.0,5.0,44100,bird,1.0
595,./kaggletest/grbcam1/,XC462100.ogg,155.06283446712018,0,10.0,5.0,44100,bird,1.0
596,./kaggletest/grbcam1/,XC462100.ogg,155.06283446712018,0,15.0,5.0,44100,bird,1.0
597,./kaggletest/grbcam1/,XC462100.ogg,155.06283446712018,0,20.0,5.0,44100,bird,1.0
598,./kaggletest/grbcam1/,XC462100.ogg,155.06283446712018,0,25.0,5.0,44100,bird,1.0
599,./kaggletest/grbcam1/,XC462100.ogg,155.06283446712018,0,30.0,5.0,44100,bird,1.0
600,./kaggletest/grbcam1/,XC462100.ogg,155.06283446712018,0,35.0,5.0,44100,bird,1.0
601,./kaggletest/grbcam1/,XC462100.ogg,155.06283446712018,0,40.0,5.0,44100,bird,1.0
602,./kaggletest/grbcam1/,XC462100.ogg,155.06283446712018,0,45.0,5.0,44100,bird,1.0
603,./kaggletest/grbcam1/,XC462100.ogg,155.06283446712018,0,50.0,5.0,44100,bird,1.0
604,./kaggletest/grbcam1/,XC462100.ogg,155.06283446712018,0,55.0,5.0,44100,bird,1.0
605,./kaggletest/grbcam1/,XC462100.ogg,155.06283446712018,0,60.0,5.0,44100,bird,1.0
606,./kaggletest/grbcam1/,XC462100.ogg,155.06283446712018,0,65.0,5.0,44100,bird,1.0
607,./kaggletest/grbcam1/,XC462100.ogg,155.06283446712018,0,70.0,5.0,44100,bird,1.0
608,./kaggletest/grbcam1/,XC462100.ogg,155.06283446712018,0,75.0,5.0,44100,bird,1.0
609,./kaggletest/grbcam1/,XC462100.ogg,155.06283446712018,0,80.0,5.0,44100,bird,1.0
610,./kaggletest/grbcam1/,XC462100.ogg,155.06283446712018,0,85.0,5.0,44100,bird,1.0
611,./kaggletest/grbcam1/,XC462100.ogg,155.06283446712018,0,90.0,5.0,44100,bird,1.0
612,./kaggletest/grbcam1/,XC462100.ogg,155.06283446712018,0,95.0,5.0,44100,bird,1.0
613,./kaggletest/grbcam1/,XC462100.ogg,155.06283446712018,0,100.0,5.0,44100,bird,1.0
614,./kaggletest/grbcam1/,XC462100.ogg,155.06283446712018,0,105.0,5.0,44100,bird,1.0
615,./kaggletest/grbcam1/,XC462100.ogg,155.06283446712018,0,110.0,5.0,44100,bird,1.0
616,./kaggletest/grbcam1/,XC462100.ogg,155.06283446712018,0,115.0,5.0,44100,bird,1.0
617,./kaggletest/grbcam1/,XC462100.ogg,155.06283446712018,0,120.0,5.0,44100,bird,1.0
618,./kaggletest/grbcam1/,XC462100.ogg,155.06283446712018,0,125.0,5.0,44100,bird,1.0
619,./kaggletest/grbcam1/,XC462100.ogg,155.06283446712018,0,130.0,5.0,44100,bird,1.0
620,./kaggletest/grbcam1/,XC462100.ogg,155.06283446712018,0,135.0,5.0,44100,bird,1.0
621,./kaggletest/grbcam1/,XC462100.ogg,155.06283446712018,0,140.0,5.0,44100,bird,1.0
622,./kaggletest/grbcam1/,XC462100.ogg,155.06283446712018,0,145.0,5.0,44100,bird,1.0
623,./kaggletest/grbcam1/,XC462100.ogg,155.06283446712018,0,150.0,5.0,44100,bird,1.0
624,./kaggletest/grbcam1/,XC247642.ogg,32.31344671201814,0,0.0,5.0,44100,bird,1.0
625,./kaggletest/grbcam1/,XC247642.ogg,32.31344671201814,0,5.0,5.0,44100,bird,1.0
626,./kaggletest/grbcam1/,XC247642.ogg,32.31344671201814,0,10.0,5.0,44100,bird,1.0
627,./kaggletest/grbcam1/,XC247642.ogg,32.31344671201814,0,15.0,5.0,44100,bird,1.0
628,./kaggletest/grbcam1/,XC247642.ogg,32.31344671201814,0,20.0,5.0,44100,bird,1.0
629,./kaggletest/grbcam1/,XC247642.ogg,32.31344671201814,0,25.0,5.0,44100,bird,1.0
630,./kaggletest/grbcam1/,XC322541.ogg,10.187732426303855,0,0.0,5.0,44100,bird,1.0
631,./kaggletest/grbcam1/,XC322541.ogg,10.187732426303855,0,5.0,5.0,44100,bird,1.0
632,./kaggletest/grbcam1/,XC412168.ogg,40.32,0,0.0,5.0,44100,bird,1.0
633,./kaggletest/grbcam1/,XC412168.ogg,40.32,0,5.0,5.0,44100,bird,1.0
634,./kaggletest/grbcam1/,XC412168.ogg,40.32,0,10.0,5.0,44100,bird,1.0
635,./kaggletest/grbcam1/,XC412168.ogg,40.32,0,15.0,5.0,44100,bird,1.0
636,./kaggletest/grbcam1/,XC412168.ogg,40.32,0,20.0,5.0,44100,bird,1.0
637,./kaggletest/grbcam1/,XC412168.ogg,40.32,0,25.0,5.0,44100,bird,1.0
638,./kaggletest/grbcam1/,XC412168.ogg,40.32,0,30.0,5.0,44100,bird,1.0
639,./kaggletest/grbcam1/,XC412168.ogg,40.32,0,35.0,5.0,44100,bird,1.0
