,FOLDER,IN FILE,CLIP LENGTH,CHANNEL,OFFSET,DURATION,SAMPLE RATE,MANUAL ID,CONFIDENCE
0,./kaggletest/grccra1/,XC635359.ogg,5.093854875283447,0,0.0,5.0,44100,bird,1.0
1,./kaggletest/grccra1/,XC537120.ogg,45.479183673469386,0,0.0,5.0,44100,bird,1.0
2,./kaggletest/grccra1/,XC537120.ogg,45.479183673469386,0,5.0,5.0,44100,bird,1.0
3,./kaggletest/grccra1/,XC537120.ogg,45.479183673469386,0,10.0,5.0,44100,bird,1.0
4,./kaggletest/grccra1/,XC537120.ogg,45.479183673469386,0,15.0,5.0,44100,bird,1.0
5,./kaggletest/grccra1/,XC537120.ogg,45.479183673469386,0,20.0,5.0,44100,bird,1.0
6,./kaggletest/grccra1/,XC537120.ogg,45.479183673469386,0,25.0,5.0,44100,bird,1.0
7,./kaggletest/grccra1/,XC537120.ogg,45.479183673469386,0,30.0,5.0,44100,bird,1.0
8,./kaggletest/grccra1/,XC537120.ogg,45.479183673469386,0,35.0,5.0,44100,bird,1.0
9,./kaggletest/grccra1/,XC537120.ogg,45.479183673469386,0,40.0,5.0,44100,bird,1.0
10,./kaggletest/grccra1/,XC627139.ogg,89.18399092970522,0,15.0,5.0,44100,bird,1.0
11,./kaggletest/grccra1/,XC627139.ogg,89.18399092970522,0,20.0,5.0,44100,bird,1.0
12,./kaggletest/grccra1/,XC627139.ogg,89.18399092970522,0,25.0,5.0,44100,bird,1.0
13,./kaggletest/grccra1/,XC627139.ogg,89.18399092970522,0,35.0,5.0,44100,bird,1.0
14,./kaggletest/grccra1/,XC627139.ogg,89.18399092970522,0,40.0,5.0,44100,bird,1.0
15,./kaggletest/grccra1/,XC627139.ogg,89.18399092970522,0,70.0,5.0,44100,bird,1.0
16,./kaggletest/grccra1/,XC627139.ogg,89.18399092970522,0,75.0,5.0,44100,bird,1.0
17,./kaggletest/grccra1/,XC627139.ogg,89.18399092970522,0,80.0,5.0,44100,bird,1.0
18,./kaggletest/grccra1/,XC247345.ogg,11.154263038548752,0,0.0,5.0,44100,bird,1.0
19,./kaggletest/grccra1/,XC247345.ogg,11.154263038548752,0,5.0,5.0,44100,bird,1.0
20,./kaggletest/grccra1/,XC282056.ogg,131.84,0,0.0,5.0,44100,bird,1.0
21,./kaggletest/grccra1/,XC282056.ogg,131.84,0,5.0,5.0,44100,bird,1.0
22,./kaggletest/grccra1/,XC282056.ogg,131.84,0,10.0,5.0,44100,bird,1.0
23,./kaggletest/grccra1/,XC282056.ogg,131.84,0,15.0,5.0,44100,bird,1.0
24,./kaggletest/grccra1/,XC282056.ogg,131.84,0,20.0,5.0,44100,bird,1.0
25,./kaggletest/grccra1/,XC282056.ogg,131.84,0,30.0,5.0,44100,bird,1.0
26,./kaggletest/grccra1/,XC282056.ogg,131.84,0,35.0,5.0,44100,bird,1.0
27,./kaggletest/grccra1/,XC282056.ogg,131.84,0,40.0,5.0,44100,bird,1.0
28,./kaggletest/grccra1/,XC282056.ogg,131.84,0,45.0,5.0,44100,bird,1.0
29,./kaggletest/grccra1/,XC282056.ogg,131.84,0,50.0,5.0,44100,bird,1.0
30,./kaggletest/grccra1/,XC282056.ogg,131.84,0,55.0,5.0,44100,bird,1.0
31,./kaggletest/grccra1/,XC282056.ogg,131.84,0,60.0,5.0,44100,bird,1.0
32,./kaggletest/grccra1/,XC282056.ogg,131.84,0,65.0,5.0,44100,bird,1.0
33,./kaggletest/grccra1/,XC282056.ogg,131.84,0,70.0,5.0,44100,bird,1.0
34,./kaggletest/grccra1/,XC282056.ogg,131.84,0,75.0,5.0,44100,bird,1.0
35,./kaggletest/grccra1/,XC282056.ogg,131.84,0,80.0,5.0,44100,bird,1.0
36,./kaggletest/grccra1/,XC282056.ogg,131.84,0,85.0,5.0,44100,bird,1.0
37,./kaggletest/grccra1/,XC282056.ogg,131.84,0,90.0,5.0,44100,bird,1.0
38,./kaggletest/grccra1/,XC282056.ogg,131.84,0,95.0,5.0,44100,bird,1.0
39,./kaggletest/grccra1/,XC282056.ogg,131.84,0,100.0,5.0,44100,bird,1.0
40,./kaggletest/grccra1/,XC282056.ogg,131.84,0,105.0,5.0,44100,bird,1.0
41,./kaggletest/grccra1/,XC282056.ogg,131.84,0,110.0,5.0,44100,bird,1.0
42,./kaggletest/grccra1/,XC282056.ogg,131.84,0,120.0,5.0,44100,bird,1.0
43,./kaggletest/grccra1/,XC282056.ogg,131.84,0,125.0,5.0,44100,bird,1.0
44,./kaggletest/grccra1/,XC340511.ogg,11.591995464852607,0,0.0,5.0,44100,bird,1.0
45,./kaggletest/grccra1/,XC340511.ogg,11.591995464852607,0,5.0,5.0,44100,bird,1.0
46,./kaggletest/grccra1/,XC490796.ogg,9.935986394557823,0,0.0,5.0,44100,bird,1.0
47,./kaggletest/grccra1/,XC746035.ogg,5.087981859410431,0,0.0,5.0,44100,bird,1.0
48,./kaggletest/grccra1/,XC340923.ogg,13.66201814058957,0,0.0,5.0,44100,bird,1.0
49,./kaggletest/grccra1/,XC340923.ogg,13.66201814058957,0,5.0,5.0,44100,bird,1.0
50,./kaggletest/grccra1/,XC737596.ogg,245.36814058956915,0,0.0,5.0,44100,bird,1.0
51,./kaggletest/grccra1/,XC737596.ogg,245.36814058956915,0,5.0,5.0,44100,bird,1.0
52,./kaggletest/grccra1/,XC737596.ogg,245.36814058956915,0,30.0,5.0,44100,bird,1.0
53,./kaggletest/grccra1/,XC737596.ogg,245.36814058956915,0,35.0,5.0,44100,bird,1.0
54,./kaggletest/grccra1/,XC737596.ogg,245.36814058956915,0,40.0,5.0,44100,bird,1.0
55,./kaggletest/grccra1/,XC737596.ogg,245.36814058956915,0,45.0,5.0,44100,bird,1.0
56,./kaggletest/grccra1/,XC737596.ogg,245.36814058956915,0,50.0,5.0,44100,bird,1.0
57,./kaggletest/grccra1/,XC737596.ogg,245.36814058956915,0,55.0,5.0,44100,bird,1.0
58,./kaggletest/grccra1/,XC737596.ogg,245.36814058956915,0,70.0,5.0,44100,bird,1.0
59,./kaggletest/grccra1/,XC737596.ogg,245.36814058956915,0,75.0,5.0,44100,bird,1.0
60,./kaggletest/grccra1/,XC737596.ogg,245.36814058956915,0,85.0,5.0,44100,bird,1.0
61,./kaggletest/grccra1/,XC737596.ogg,245.36814058956915,0,90.0,5.0,44100,bird,1.0
62,./kaggletest/grccra1/,XC737596.ogg,245.36814058956915,0,95.0,5.0,44100,bird,1.0
63,./kaggletest/grccra1/,XC737596.ogg,245.36814058956915,0,125.0,5.0,44100,bird,1.0
64,./kaggletest/grccra1/,XC737596.ogg,245.36814058956915,0,145.0,5.0,44100,bird,1.0
65,./kaggletest/grccra1/,XC737596.ogg,245.36814058956915,0,155.0,5.0,44100,bird,1.0
66,./kaggletest/grccra1/,XC737596.ogg,245.36814058956915,0,160.0,5.0,44100,bird,1.0
67,./kaggletest/grccra1/,XC737596.ogg,245.36814058956915,0,170.0,5.0,44100,bird,1.0
68,./kaggletest/grccra1/,XC737596.ogg,245.36814058956915,0,175.0,5.0,44100,bird,1.0
69,./kaggletest/grccra1/,XC737596.ogg,245.36814058956915,0,180.0,5.0,44100,bird,1.0
70,./kaggletest/grccra1/,XC737596.ogg,245.36814058956915,0,185.0,5.0,44100,bird,1.0
71,./kaggletest/grccra1/,XC737596.ogg,245.36814058956915,0,190.0,5.0,44100,bird,1.0
72,./kaggletest/grccra1/,XC737596.ogg,245.36814058956915,0,195.0,5.0,44100,bird,1.0
73,./kaggletest/grccra1/,XC737596.ogg,245.36814058956915,0,200.0,5.0,44100,bird,1.0
74,./kaggletest/grccra1/,XC737596.ogg,245.36814058956915,0,215.0,5.0,44100,bird,1.0
75,./kaggletest/grccra1/,XC737596.ogg,245.36814058956915,0,220.0,5.0,44100,bird,1.0
76,./kaggletest/grccra1/,XC737596.ogg,245.36814058956915,0,225.0,5.0,44100,bird,1.0
77,./kaggletest/grccra1/,XC737596.ogg,245.36814058956915,0,230.0,5.0,44100,bird,1.0
