,FOLDER,IN FILE,CLIP LENGTH,CHANNEL,OFFSET,DURATION,SAMPLE RATE,MANUAL ID,CONFIDENCE
0,./kaggletest/greegr/,XC582204.ogg,20.52,0,0.0,5.0,44100,bird,1.0
1,./kaggletest/greegr/,XC582204.ogg,20.52,0,5.0,5.0,44100,bird,1.0
2,./kaggletest/greegr/,XC582204.ogg,20.52,0,10.0,5.0,44100,bird,1.0
3,./kaggletest/greegr/,XC582204.ogg,20.52,0,15.0,5.0,44100,bird,1.0
4,./kaggletest/greegr/,XC167719.ogg,6.243242630385487,0,0.0,5.0,44100,bird,1.0
5,./kaggletest/greegr/,XC292923.wav,5.0,0,0.0,5.0,44100,bird,1.0
6,./kaggletest/greegr/,XC456479.ogg,20.59199546485261,0,0.0,5.0,44100,bird,1.0
7,./kaggletest/greegr/,XC456479.ogg,20.59199546485261,0,5.0,5.0,44100,bird,1.0
8,./kaggletest/greegr/,XC456479.ogg,20.59199546485261,0,10.0,5.0,44100,bird,1.0
9,./kaggletest/greegr/,XC456479.ogg,20.59199546485261,0,15.0,5.0,44100,bird,1.0
10,./kaggletest/greegr/,XC606999.wav,5.0,0,0.0,5.0,44100,bird,1.0
11,./kaggletest/greegr/,XC751146.ogg,10.535986394557822,0,0.0,5.0,44100,bird,1.0
12,./kaggletest/greegr/,XC751146.ogg,10.535986394557822,0,5.0,5.0,44100,bird,1.0
13,./kaggletest/greegr/,XC672953.ogg,6.738979591836735,0,0.0,5.0,44100,bird,1.0
14,./kaggletest/greegr/,XC747042.ogg,17.951995464852608,0,0.0,5.0,44100,bird,1.0
15,./kaggletest/greegr/,XC747042.ogg,17.951995464852608,0,5.0,5.0,44100,bird,1.0
16,./kaggletest/greegr/,XC747042.ogg,17.951995464852608,0,10.0,5.0,44100,bird,1.0
17,./kaggletest/greegr/,XC515794.ogg,8.16,0,0.0,5.0,44100,bird,1.0
18,./kaggletest/greegr/,XC437079.ogg,6.191995464852607,0,0.0,5.0,44100,bird,1.0
19,./kaggletest/greegr/,XC202074.wav,5.0,0,0.0,5.0,44100,bird,1.0
20,./kaggletest/greegr/,XC389241.ogg,8.305986394557824,0,0.0,5.0,44100,bird,1.0
21,./kaggletest/greegr/,XC331727.ogg,20.92408163265306,0,0.0,5.0,44100,bird,1.0
22,./kaggletest/greegr/,XC331727.ogg,20.92408163265306,0,10.0,5.0,44100,bird,1.0
23,./kaggletest/greegr/,XC331727.ogg,20.92408163265306,0,15.0,5.0,44100,bird,1.0
24,./kaggletest/greegr/,XC264040.ogg,5.951995464852608,0,0.0,5.0,44100,bird,1.0
25,./kaggletest/greegr/,XC447429.ogg,13.923242630385488,0,0.0,5.0,44100,bird,1.0
26,./kaggletest/greegr/,XC447429.ogg,13.923242630385488,0,5.0,5.0,44100,bird,1.0
27,./kaggletest/greegr/,XC257307.ogg,21.133061224489797,0,0.0,5.0,44100,bird,1.0
28,./kaggletest/greegr/,XC257307.ogg,21.133061224489797,0,5.0,5.0,44100,bird,1.0
29,./kaggletest/greegr/,XC257307.ogg,21.133061224489797,0,10.0,5.0,44100,bird,1.0
30,./kaggletest/greegr/,XC257307.ogg,21.133061224489797,0,15.0,5.0,44100,bird,1.0
31,./kaggletest/greegr/,XC737360.ogg,16.404897959183675,0,0.0,5.0,44100,bird,1.0
32,./kaggletest/greegr/,XC737360.ogg,16.404897959183675,0,5.0,5.0,44100,bird,1.0
33,./kaggletest/greegr/,XC737360.ogg,16.404897959183675,0,10.0,5.0,44100,bird,1.0
34,./kaggletest/greegr/,XC119207.ogg,20.297142857142855,0,0.0,5.0,44100,bird,1.0
35,./kaggletest/greegr/,XC119207.ogg,20.297142857142855,0,5.0,5.0,44100,bird,1.0
36,./kaggletest/greegr/,XC119207.ogg,20.297142857142855,0,10.0,5.0,44100,bird,1.0
37,./kaggletest/greegr/,XC119207.ogg,20.297142857142855,0,15.0,5.0,44100,bird,1.0
38,./kaggletest/greegr/,XC452998.ogg,16.2,0,0.0,5.0,44100,bird,1.0
39,./kaggletest/greegr/,XC452998.ogg,16.2,0,5.0,5.0,44100,bird,1.0
40,./kaggletest/greegr/,XC452998.ogg,16.2,0,10.0,5.0,44100,bird,1.0
41,./kaggletest/greegr/,XC455629.ogg,18.128956916099774,0,0.0,5.0,44100,bird,1.0
42,./kaggletest/greegr/,XC455629.ogg,18.128956916099774,0,5.0,5.0,44100,bird,1.0
43,./kaggletest/greegr/,XC455629.ogg,18.128956916099774,0,10.0,5.0,44100,bird,1.0
44,./kaggletest/greegr/,XC290048.ogg,5.929773242630385,0,0.0,5.0,44100,bird,1.0
45,./kaggletest/greegr/,XC746174.ogg,5.76,0,0.0,5.0,44100,bird,1.0
46,./kaggletest/greegr/,XC357715.ogg,7.631995464852608,0,0.0,5.0,44100,bird,1.0
47,./kaggletest/greegr/,XC167108.ogg,15.203242630385487,0,0.0,5.0,44100,bird,1.0
48,./kaggletest/greegr/,XC167108.ogg,15.203242630385487,0,5.0,5.0,44100,bird,1.0
49,./kaggletest/greegr/,XC167108.ogg,15.203242630385487,0,10.0,5.0,44100,bird,1.0
50,./kaggletest/greegr/,XC337793.ogg,6.287981859410431,0,0.0,5.0,44100,bird,1.0
51,./kaggletest/greegr/,XC661723.ogg,9.695986394557822,0,0.0,5.0,44100,bird,1.0
52,./kaggletest/greegr/,XC558126.ogg,1255.0559863945577,0,0.0,5.0,44100,bird,1.0
53,./kaggletest/greegr/,XC558126.ogg,1255.0559863945577,0,5.0,5.0,44100,bird,1.0
54,./kaggletest/greegr/,XC558126.ogg,1255.0559863945577,0,10.0,5.0,44100,bird,1.0
55,./kaggletest/greegr/,XC558126.ogg,1255.0559863945577,0,15.0,5.0,44100,bird,1.0
56,./kaggletest/greegr/,XC558126.ogg,1255.0559863945577,0,20.0,5.0,44100,bird,1.0
57,./kaggletest/greegr/,XC558126.ogg,1255.0559863945577,0,25.0,5.0,44100,bird,1.0
58,./kaggletest/greegr/,XC558126.ogg,1255.0559863945577,0,30.0,5.0,44100,bird,1.0
59,./kaggletest/greegr/,XC558126.ogg,1255.0559863945577,0,35.0,5.0,44100,bird,1.0
60,./kaggletest/greegr/,XC558126.ogg,1255.0559863945577,0,45.0,5.0,44100,bird,1.0
61,./kaggletest/greegr/,XC558126.ogg,1255.0559863945577,0,50.0,5.0,44100,bird,1.0
62,./kaggletest/greegr/,XC558126.ogg,1255.0559863945577,0,55.0,5.0,44100,bird,1.0
63,./kaggletest/greegr/,XC558126.ogg,1255.0559863945577,0,60.0,5.0,44100,bird,1.0
64,./kaggletest/greegr/,XC558126.ogg,1255.0559863945577,0,65.0,5.0,44100,bird,1.0
65,./kaggletest/greegr/,XC558126.ogg,1255.0559863945577,0,70.0,5.0,44100,bird,1.0
66,./kaggletest/greegr/,XC558126.ogg,1255.0559863945577,0,75.0,5.0,44100,bird,1.0
67,./kaggletest/greegr/,XC558126.ogg,1255.0559863945577,0,80.0,5.0,44100,bird,1.0
68,./kaggletest/greegr/,XC558126.ogg,1255.0559863945577,0,85.0,5.0,44100,bird,1.0
69,./kaggletest/greegr/,XC558126.ogg,1255.0559863945577,0,90.0,5.0,44100,bird,1.0
70,./kaggletest/greegr/,XC558126.ogg,1255.0559863945577,0,95.0,5.0,44100,bird,1.0
71,./kaggletest/greegr/,XC558126.ogg,1255.0559863945577,0,100.0,5.0,44100,bird,1.0
72,./kaggletest/greegr/,XC558126.ogg,1255.0559863945577,0,105.0,5.0,44100,bird,1.0
73,./kaggletest/greegr/,XC558126.ogg,1255.0559863945577,0,110.0,5.0,44100,bird,1.0
74,./kaggletest/greegr/,XC558126.ogg,1255.0559863945577,0,115.0,5.0,44100,bird,1.0
75,./kaggletest/greegr/,XC558126.ogg,1255.0559863945577,0,120.0,5.0,44100,bird,1.0
76,./kaggletest/greegr/,XC558126.ogg,1255.0559863945577,0,125.0,5.0,44100,bird,1.0
77,./kaggletest/greegr/,XC558126.ogg,1255.0559863945577,0,130.0,5.0,44100,bird,1.0
78,./kaggletest/greegr/,XC558126.ogg,1255.0559863945577,0,135.0,5.0,44100,bird,1.0
79,./kaggletest/greegr/,XC558126.ogg,1255.0559863945577,0,140.0,5.0,44100,bird,1.0
80,./kaggletest/greegr/,XC558126.ogg,1255.0559863945577,0,145.0,5.0,44100,bird,1.0
81,./kaggletest/greegr/,XC558126.ogg,1255.0559863945577,0,150.0,5.0,44100,bird,1.0
82,./kaggletest/greegr/,XC558126.ogg,1255.0559863945577,0,155.0,5.0,44100,bird,1.0
83,./kaggletest/greegr/,XC558126.ogg,1255.0559863945577,0,160.0,5.0,44100,bird,1.0
84,./kaggletest/greegr/,XC558126.ogg,1255.0559863945577,0,165.0,5.0,44100,bird,1.0
85,./kaggletest/greegr/,XC558126.ogg,1255.0559863945577,0,170.0,5.0,44100,bird,1.0
86,./kaggletest/greegr/,XC558126.ogg,1255.0559863945577,0,175.0,5.0,44100,bird,1.0
87,./kaggletest/greegr/,XC558126.ogg,1255.0559863945577,0,180.0,5.0,44100,bird,1.0
88,./kaggletest/greegr/,XC558126.ogg,1255.0559863945577,0,185.0,5.0,44100,bird,1.0
89,./kaggletest/greegr/,XC558126.ogg,1255.0559863945577,0,190.0,5.0,44100,bird,1.0
90,./kaggletest/greegr/,XC558126.ogg,1255.0559863945577,0,195.0,5.0,44100,bird,1.0
91,./kaggletest/greegr/,XC558126.ogg,1255.0559863945577,0,200.0,5.0,44100,bird,1.0
92,./kaggletest/greegr/,XC558126.ogg,1255.0559863945577,0,205.0,5.0,44100,bird,1.0
93,./kaggletest/greegr/,XC558126.ogg,1255.0559863945577,0,210.0,5.0,44100,bird,1.0
94,./kaggletest/greegr/,XC558126.ogg,1255.0559863945577,0,215.0,5.0,44100,bird,1.0
95,./kaggletest/greegr/,XC558126.ogg,1255.0559863945577,0,220.0,5.0,44100,bird,1.0
96,./kaggletest/greegr/,XC558126.ogg,1255.0559863945577,0,225.0,5.0,44100,bird,1.0
97,./kaggletest/greegr/,XC558126.ogg,1255.0559863945577,0,230.0,5.0,44100,bird,1.0
98,./kaggletest/greegr/,XC558126.ogg,1255.0559863945577,0,235.0,5.0,44100,bird,1.0
99,./kaggletest/greegr/,XC558126.ogg,1255.0559863945577,0,240.0,5.0,44100,bird,1.0
100,./kaggletest/greegr/,XC558126.ogg,1255.0559863945577,0,245.0,5.0,44100,bird,1.0
101,./kaggletest/greegr/,XC558126.ogg,1255.0559863945577,0,250.0,5.0,44100,bird,1.0
102,./kaggletest/greegr/,XC558126.ogg,1255.0559863945577,0,255.0,5.0,44100,bird,1.0
103,./kaggletest/greegr/,XC558126.ogg,1255.0559863945577,0,260.0,5.0,44100,bird,1.0
104,./kaggletest/greegr/,XC558126.ogg,1255.0559863945577,0,265.0,5.0,44100,bird,1.0
105,./kaggletest/greegr/,XC558126.ogg,1255.0559863945577,0,270.0,5.0,44100,bird,1.0
106,./kaggletest/greegr/,XC558126.ogg,1255.0559863945577,0,275.0,5.0,44100,bird,1.0
107,./kaggletest/greegr/,XC558126.ogg,1255.0559863945577,0,280.0,5.0,44100,bird,1.0
108,./kaggletest/greegr/,XC558126.ogg,1255.0559863945577,0,285.0,5.0,44100,bird,1.0
109,./kaggletest/greegr/,XC558126.ogg,1255.0559863945577,0,290.0,5.0,44100,bird,1.0
110,./kaggletest/greegr/,XC558126.ogg,1255.0559863945577,0,295.0,5.0,44100,bird,1.0
111,./kaggletest/greegr/,XC558126.ogg,1255.0559863945577,0,300.0,5.0,44100,bird,1.0
112,./kaggletest/greegr/,XC558126.ogg,1255.0559863945577,0,305.0,5.0,44100,bird,1.0
113,./kaggletest/greegr/,XC558126.ogg,1255.0559863945577,0,310.0,5.0,44100,bird,1.0
114,./kaggletest/greegr/,XC558126.ogg,1255.0559863945577,0,315.0,5.0,44100,bird,1.0
115,./kaggletest/greegr/,XC558126.ogg,1255.0559863945577,0,320.0,5.0,44100,bird,1.0
116,./kaggletest/greegr/,XC558126.ogg,1255.0559863945577,0,325.0,5.0,44100,bird,1.0
117,./kaggletest/greegr/,XC558126.ogg,1255.0559863945577,0,330.0,5.0,44100,bird,1.0
118,./kaggletest/greegr/,XC558126.ogg,1255.0559863945577,0,335.0,5.0,44100,bird,1.0
119,./kaggletest/greegr/,XC558126.ogg,1255.0559863945577,0,340.0,5.0,44100,bird,1.0
120,./kaggletest/greegr/,XC558126.ogg,1255.0559863945577,0,355.0,5.0,44100,bird,1.0
121,./kaggletest/greegr/,XC558126.ogg,1255.0559863945577,0,360.0,5.0,44100,bird,1.0
122,./kaggletest/greegr/,XC558126.ogg,1255.0559863945577,0,365.0,5.0,44100,bird,1.0
123,./kaggletest/greegr/,XC558126.ogg,1255.0559863945577,0,370.0,5.0,44100,bird,1.0
124,./kaggletest/greegr/,XC558126.ogg,1255.0559863945577,0,375.0,5.0,44100,bird,1.0
125,./kaggletest/greegr/,XC558126.ogg,1255.0559863945577,0,380.0,5.0,44100,bird,1.0
126,./kaggletest/greegr/,XC558126.ogg,1255.0559863945577,0,385.0,5.0,44100,bird,1.0
127,./kaggletest/greegr/,XC558126.ogg,1255.0559863945577,0,390.0,5.0,44100,bird,1.0
128,./kaggletest/greegr/,XC558126.ogg,1255.0559863945577,0,395.0,5.0,44100,bird,1.0
129,./kaggletest/greegr/,XC558126.ogg,1255.0559863945577,0,400.0,5.0,44100,bird,1.0
130,./kaggletest/greegr/,XC558126.ogg,1255.0559863945577,0,405.0,5.0,44100,bird,1.0
131,./kaggletest/greegr/,XC558126.ogg,1255.0559863945577,0,410.0,5.0,44100,bird,1.0
132,./kaggletest/greegr/,XC558126.ogg,1255.0559863945577,0,415.0,5.0,44100,bird,1.0
133,./kaggletest/greegr/,XC558126.ogg,1255.0559863945577,0,420.0,5.0,44100,bird,1.0
134,./kaggletest/greegr/,XC558126.ogg,1255.0559863945577,0,425.0,5.0,44100,bird,1.0
135,./kaggletest/greegr/,XC558126.ogg,1255.0559863945577,0,430.0,5.0,44100,bird,1.0
136,./kaggletest/greegr/,XC558126.ogg,1255.0559863945577,0,435.0,5.0,44100,bird,1.0
137,./kaggletest/greegr/,XC558126.ogg,1255.0559863945577,0,440.0,5.0,44100,bird,1.0
138,./kaggletest/greegr/,XC558126.ogg,1255.0559863945577,0,445.0,5.0,44100,bird,1.0
139,./kaggletest/greegr/,XC558126.ogg,1255.0559863945577,0,450.0,5.0,44100,bird,1.0
140,./kaggletest/greegr/,XC558126.ogg,1255.0559863945577,0,455.0,5.0,44100,bird,1.0
141,./kaggletest/greegr/,XC558126.ogg,1255.0559863945577,0,460.0,5.0,44100,bird,1.0
142,./kaggletest/greegr/,XC558126.ogg,1255.0559863945577,0,465.0,5.0,44100,bird,1.0
143,./kaggletest/greegr/,XC558126.ogg,1255.0559863945577,0,470.0,5.0,44100,bird,1.0
144,./kaggletest/greegr/,XC558126.ogg,1255.0559863945577,0,475.0,5.0,44100,bird,1.0
145,./kaggletest/greegr/,XC558126.ogg,1255.0559863945577,0,480.0,5.0,44100,bird,1.0
146,./kaggletest/greegr/,XC558126.ogg,1255.0559863945577,0,485.0,5.0,44100,bird,1.0
147,./kaggletest/greegr/,XC558126.ogg,1255.0559863945577,0,490.0,5.0,44100,bird,1.0
148,./kaggletest/greegr/,XC558126.ogg,1255.0559863945577,0,495.0,5.0,44100,bird,1.0
149,./kaggletest/greegr/,XC558126.ogg,1255.0559863945577,0,500.0,5.0,44100,bird,1.0
150,./kaggletest/greegr/,XC558126.ogg,1255.0559863945577,0,505.0,5.0,44100,bird,1.0
151,./kaggletest/greegr/,XC558126.ogg,1255.0559863945577,0,510.0,5.0,44100,bird,1.0
152,./kaggletest/greegr/,XC558126.ogg,1255.0559863945577,0,515.0,5.0,44100,bird,1.0
153,./kaggletest/greegr/,XC558126.ogg,1255.0559863945577,0,520.0,5.0,44100,bird,1.0
154,./kaggletest/greegr/,XC558126.ogg,1255.0559863945577,0,525.0,5.0,44100,bird,1.0
155,./kaggletest/greegr/,XC558126.ogg,1255.0559863945577,0,530.0,5.0,44100,bird,1.0
156,./kaggletest/greegr/,XC558126.ogg,1255.0559863945577,0,535.0,5.0,44100,bird,1.0
157,./kaggletest/greegr/,XC558126.ogg,1255.0559863945577,0,540.0,5.0,44100,bird,1.0
158,./kaggletest/greegr/,XC558126.ogg,1255.0559863945577,0,545.0,5.0,44100,bird,1.0
159,./kaggletest/greegr/,XC558126.ogg,1255.0559863945577,0,550.0,5.0,44100,bird,1.0
160,./kaggletest/greegr/,XC558126.ogg,1255.0559863945577,0,555.0,5.0,44100,bird,1.0
161,./kaggletest/greegr/,XC558126.ogg,1255.0559863945577,0,560.0,5.0,44100,bird,1.0
162,./kaggletest/greegr/,XC558126.ogg,1255.0559863945577,0,565.0,5.0,44100,bird,1.0
163,./kaggletest/greegr/,XC558126.ogg,1255.0559863945577,0,570.0,5.0,44100,bird,1.0
164,./kaggletest/greegr/,XC558126.ogg,1255.0559863945577,0,575.0,5.0,44100,bird,1.0
165,./kaggletest/greegr/,XC558126.ogg,1255.0559863945577,0,580.0,5.0,44100,bird,1.0
166,./kaggletest/greegr/,XC558126.ogg,1255.0559863945577,0,585.0,5.0,44100,bird,1.0
167,./kaggletest/greegr/,XC558126.ogg,1255.0559863945577,0,590.0,5.0,44100,bird,1.0
168,./kaggletest/greegr/,XC558126.ogg,1255.0559863945577,0,595.0,5.0,44100,bird,1.0
169,./kaggletest/greegr/,XC558126.ogg,1255.0559863945577,0,600.0,5.0,44100,bird,1.0
170,./kaggletest/greegr/,XC558126.ogg,1255.0559863945577,0,605.0,5.0,44100,bird,1.0
171,./kaggletest/greegr/,XC558126.ogg,1255.0559863945577,0,610.0,5.0,44100,bird,1.0
172,./kaggletest/greegr/,XC558126.ogg,1255.0559863945577,0,620.0,5.0,44100,bird,1.0
173,./kaggletest/greegr/,XC558126.ogg,1255.0559863945577,0,625.0,5.0,44100,bird,1.0
174,./kaggletest/greegr/,XC558126.ogg,1255.0559863945577,0,630.0,5.0,44100,bird,1.0
175,./kaggletest/greegr/,XC558126.ogg,1255.0559863945577,0,635.0,5.0,44100,bird,1.0
176,./kaggletest/greegr/,XC558126.ogg,1255.0559863945577,0,640.0,5.0,44100,bird,1.0
177,./kaggletest/greegr/,XC558126.ogg,1255.0559863945577,0,645.0,5.0,44100,bird,1.0
178,./kaggletest/greegr/,XC558126.ogg,1255.0559863945577,0,650.0,5.0,44100,bird,1.0
179,./kaggletest/greegr/,XC558126.ogg,1255.0559863945577,0,655.0,5.0,44100,bird,1.0
180,./kaggletest/greegr/,XC558126.ogg,1255.0559863945577,0,670.0,5.0,44100,bird,1.0
181,./kaggletest/greegr/,XC558126.ogg,1255.0559863945577,0,675.0,5.0,44100,bird,1.0
182,./kaggletest/greegr/,XC558126.ogg,1255.0559863945577,0,680.0,5.0,44100,bird,1.0
183,./kaggletest/greegr/,XC558126.ogg,1255.0559863945577,0,685.0,5.0,44100,bird,1.0
184,./kaggletest/greegr/,XC558126.ogg,1255.0559863945577,0,690.0,5.0,44100,bird,1.0
185,./kaggletest/greegr/,XC558126.ogg,1255.0559863945577,0,695.0,5.0,44100,bird,1.0
186,./kaggletest/greegr/,XC558126.ogg,1255.0559863945577,0,700.0,5.0,44100,bird,1.0
187,./kaggletest/greegr/,XC558126.ogg,1255.0559863945577,0,705.0,5.0,44100,bird,1.0
188,./kaggletest/greegr/,XC558126.ogg,1255.0559863945577,0,710.0,5.0,44100,bird,1.0
189,./kaggletest/greegr/,XC558126.ogg,1255.0559863945577,0,715.0,5.0,44100,bird,1.0
190,./kaggletest/greegr/,XC558126.ogg,1255.0559863945577,0,720.0,5.0,44100,bird,1.0
191,./kaggletest/greegr/,XC558126.ogg,1255.0559863945577,0,725.0,5.0,44100,bird,1.0
192,./kaggletest/greegr/,XC558126.ogg,1255.0559863945577,0,730.0,5.0,44100,bird,1.0
193,./kaggletest/greegr/,XC558126.ogg,1255.0559863945577,0,735.0,5.0,44100,bird,1.0
194,./kaggletest/greegr/,XC558126.ogg,1255.0559863945577,0,740.0,5.0,44100,bird,1.0
195,./kaggletest/greegr/,XC558126.ogg,1255.0559863945577,0,745.0,5.0,44100,bird,1.0
196,./kaggletest/greegr/,XC558126.ogg,1255.0559863945577,0,750.0,5.0,44100,bird,1.0
197,./kaggletest/greegr/,XC558126.ogg,1255.0559863945577,0,755.0,5.0,44100,bird,1.0
198,./kaggletest/greegr/,XC558126.ogg,1255.0559863945577,0,760.0,5.0,44100,bird,1.0
199,./kaggletest/greegr/,XC558126.ogg,1255.0559863945577,0,765.0,5.0,44100,bird,1.0
200,./kaggletest/greegr/,XC558126.ogg,1255.0559863945577,0,770.0,5.0,44100,bird,1.0
201,./kaggletest/greegr/,XC558126.ogg,1255.0559863945577,0,775.0,5.0,44100,bird,1.0
202,./kaggletest/greegr/,XC558126.ogg,1255.0559863945577,0,780.0,5.0,44100,bird,1.0
203,./kaggletest/greegr/,XC558126.ogg,1255.0559863945577,0,785.0,5.0,44100,bird,1.0
204,./kaggletest/greegr/,XC558126.ogg,1255.0559863945577,0,790.0,5.0,44100,bird,1.0
205,./kaggletest/greegr/,XC558126.ogg,1255.0559863945577,0,795.0,5.0,44100,bird,1.0
206,./kaggletest/greegr/,XC558126.ogg,1255.0559863945577,0,800.0,5.0,44100,bird,1.0
207,./kaggletest/greegr/,XC558126.ogg,1255.0559863945577,0,805.0,5.0,44100,bird,1.0
208,./kaggletest/greegr/,XC558126.ogg,1255.0559863945577,0,810.0,5.0,44100,bird,1.0
209,./kaggletest/greegr/,XC558126.ogg,1255.0559863945577,0,815.0,5.0,44100,bird,1.0
210,./kaggletest/greegr/,XC558126.ogg,1255.0559863945577,0,820.0,5.0,44100,bird,1.0
211,./kaggletest/greegr/,XC558126.ogg,1255.0559863945577,0,825.0,5.0,44100,bird,1.0
212,./kaggletest/greegr/,XC558126.ogg,1255.0559863945577,0,830.0,5.0,44100,bird,1.0
213,./kaggletest/greegr/,XC558126.ogg,1255.0559863945577,0,835.0,5.0,44100,bird,1.0
214,./kaggletest/greegr/,XC558126.ogg,1255.0559863945577,0,840.0,5.0,44100,bird,1.0
215,./kaggletest/greegr/,XC558126.ogg,1255.0559863945577,0,845.0,5.0,44100,bird,1.0
216,./kaggletest/greegr/,XC558126.ogg,1255.0559863945577,0,850.0,5.0,44100,bird,1.0
217,./kaggletest/greegr/,XC558126.ogg,1255.0559863945577,0,855.0,5.0,44100,bird,1.0
218,./kaggletest/greegr/,XC558126.ogg,1255.0559863945577,0,860.0,5.0,44100,bird,1.0
219,./kaggletest/greegr/,XC558126.ogg,1255.0559863945577,0,865.0,5.0,44100,bird,1.0
220,./kaggletest/greegr/,XC558126.ogg,1255.0559863945577,0,870.0,5.0,44100,bird,1.0
221,./kaggletest/greegr/,XC558126.ogg,1255.0559863945577,0,875.0,5.0,44100,bird,1.0
222,./kaggletest/greegr/,XC558126.ogg,1255.0559863945577,0,880.0,5.0,44100,bird,1.0
223,./kaggletest/greegr/,XC558126.ogg,1255.0559863945577,0,885.0,5.0,44100,bird,1.0
224,./kaggletest/greegr/,XC558126.ogg,1255.0559863945577,0,890.0,5.0,44100,bird,1.0
225,./kaggletest/greegr/,XC558126.ogg,1255.0559863945577,0,895.0,5.0,44100,bird,1.0
226,./kaggletest/greegr/,XC558126.ogg,1255.0559863945577,0,900.0,5.0,44100,bird,1.0
227,./kaggletest/greegr/,XC558126.ogg,1255.0559863945577,0,905.0,5.0,44100,bird,1.0
228,./kaggletest/greegr/,XC558126.ogg,1255.0559863945577,0,910.0,5.0,44100,bird,1.0
229,./kaggletest/greegr/,XC558126.ogg,1255.0559863945577,0,915.0,5.0,44100,bird,1.0
230,./kaggletest/greegr/,XC558126.ogg,1255.0559863945577,0,920.0,5.0,44100,bird,1.0
231,./kaggletest/greegr/,XC558126.ogg,1255.0559863945577,0,925.0,5.0,44100,bird,1.0
232,./kaggletest/greegr/,XC558126.ogg,1255.0559863945577,0,930.0,5.0,44100,bird,1.0
233,./kaggletest/greegr/,XC558126.ogg,1255.0559863945577,0,935.0,5.0,44100,bird,1.0
234,./kaggletest/greegr/,XC558126.ogg,1255.0559863945577,0,940.0,5.0,44100,bird,1.0
235,./kaggletest/greegr/,XC558126.ogg,1255.0559863945577,0,945.0,5.0,44100,bird,1.0
236,./kaggletest/greegr/,XC558126.ogg,1255.0559863945577,0,950.0,5.0,44100,bird,1.0
237,./kaggletest/greegr/,XC558126.ogg,1255.0559863945577,0,955.0,5.0,44100,bird,1.0
238,./kaggletest/greegr/,XC558126.ogg,1255.0559863945577,0,960.0,5.0,44100,bird,1.0
239,./kaggletest/greegr/,XC558126.ogg,1255.0559863945577,0,965.0,5.0,44100,bird,1.0
240,./kaggletest/greegr/,XC558126.ogg,1255.0559863945577,0,970.0,5.0,44100,bird,1.0
241,./kaggletest/greegr/,XC558126.ogg,1255.0559863945577,0,975.0,5.0,44100,bird,1.0
242,./kaggletest/greegr/,XC558126.ogg,1255.0559863945577,0,980.0,5.0,44100,bird,1.0
243,./kaggletest/greegr/,XC558126.ogg,1255.0559863945577,0,985.0,5.0,44100,bird,1.0
244,./kaggletest/greegr/,XC558126.ogg,1255.0559863945577,0,990.0,5.0,44100,bird,1.0
245,./kaggletest/greegr/,XC558126.ogg,1255.0559863945577,0,995.0,5.0,44100,bird,1.0
246,./kaggletest/greegr/,XC558126.ogg,1255.0559863945577,0,1000.0,5.0,44100,bird,1.0
247,./kaggletest/greegr/,XC558126.ogg,1255.0559863945577,0,1005.0,5.0,44100,bird,1.0
248,./kaggletest/greegr/,XC558126.ogg,1255.0559863945577,0,1010.0,5.0,44100,bird,1.0
249,./kaggletest/greegr/,XC558126.ogg,1255.0559863945577,0,1015.0,5.0,44100,bird,1.0
250,./kaggletest/greegr/,XC558126.ogg,1255.0559863945577,0,1020.0,5.0,44100,bird,1.0
251,./kaggletest/greegr/,XC558126.ogg,1255.0559863945577,0,1025.0,5.0,44100,bird,1.0
252,./kaggletest/greegr/,XC558126.ogg,1255.0559863945577,0,1030.0,5.0,44100,bird,1.0
253,./kaggletest/greegr/,XC558126.ogg,1255.0559863945577,0,1035.0,5.0,44100,bird,1.0
254,./kaggletest/greegr/,XC558126.ogg,1255.0559863945577,0,1040.0,5.0,44100,bird,1.0
255,./kaggletest/greegr/,XC558126.ogg,1255.0559863945577,0,1045.0,5.0,44100,bird,1.0
256,./kaggletest/greegr/,XC558126.ogg,1255.0559863945577,0,1050.0,5.0,44100,bird,1.0
257,./kaggletest/greegr/,XC558126.ogg,1255.0559863945577,0,1055.0,5.0,44100,bird,1.0
258,./kaggletest/greegr/,XC558126.ogg,1255.0559863945577,0,1060.0,5.0,44100,bird,1.0
259,./kaggletest/greegr/,XC558126.ogg,1255.0559863945577,0,1065.0,5.0,44100,bird,1.0
260,./kaggletest/greegr/,XC558126.ogg,1255.0559863945577,0,1070.0,5.0,44100,bird,1.0
261,./kaggletest/greegr/,XC558126.ogg,1255.0559863945577,0,1075.0,5.0,44100,bird,1.0
262,./kaggletest/greegr/,XC558126.ogg,1255.0559863945577,0,1080.0,5.0,44100,bird,1.0
263,./kaggletest/greegr/,XC558126.ogg,1255.0559863945577,0,1085.0,5.0,44100,bird,1.0
264,./kaggletest/greegr/,XC558126.ogg,1255.0559863945577,0,1090.0,5.0,44100,bird,1.0
265,./kaggletest/greegr/,XC558126.ogg,1255.0559863945577,0,1095.0,5.0,44100,bird,1.0
266,./kaggletest/greegr/,XC558126.ogg,1255.0559863945577,0,1100.0,5.0,44100,bird,1.0
267,./kaggletest/greegr/,XC558126.ogg,1255.0559863945577,0,1105.0,5.0,44100,bird,1.0
268,./kaggletest/greegr/,XC558126.ogg,1255.0559863945577,0,1110.0,5.0,44100,bird,1.0
269,./kaggletest/greegr/,XC558126.ogg,1255.0559863945577,0,1115.0,5.0,44100,bird,1.0
270,./kaggletest/greegr/,XC558126.ogg,1255.0559863945577,0,1120.0,5.0,44100,bird,1.0
271,./kaggletest/greegr/,XC558126.ogg,1255.0559863945577,0,1125.0,5.0,44100,bird,1.0
272,./kaggletest/greegr/,XC558126.ogg,1255.0559863945577,0,1130.0,5.0,44100,bird,1.0
273,./kaggletest/greegr/,XC558126.ogg,1255.0559863945577,0,1135.0,5.0,44100,bird,1.0
274,./kaggletest/greegr/,XC558126.ogg,1255.0559863945577,0,1140.0,5.0,44100,bird,1.0
275,./kaggletest/greegr/,XC558126.ogg,1255.0559863945577,0,1145.0,5.0,44100,bird,1.0
276,./kaggletest/greegr/,XC558126.ogg,1255.0559863945577,0,1150.0,5.0,44100,bird,1.0
277,./kaggletest/greegr/,XC558126.ogg,1255.0559863945577,0,1155.0,5.0,44100,bird,1.0
278,./kaggletest/greegr/,XC558126.ogg,1255.0559863945577,0,1160.0,5.0,44100,bird,1.0
279,./kaggletest/greegr/,XC558126.ogg,1255.0559863945577,0,1165.0,5.0,44100,bird,1.0
280,./kaggletest/greegr/,XC558126.ogg,1255.0559863945577,0,1170.0,5.0,44100,bird,1.0
281,./kaggletest/greegr/,XC558126.ogg,1255.0559863945577,0,1175.0,5.0,44100,bird,1.0
282,./kaggletest/greegr/,XC558126.ogg,1255.0559863945577,0,1180.0,5.0,44100,bird,1.0
283,./kaggletest/greegr/,XC558126.ogg,1255.0559863945577,0,1185.0,5.0,44100,bird,1.0
284,./kaggletest/greegr/,XC558126.ogg,1255.0559863945577,0,1190.0,5.0,44100,bird,1.0
285,./kaggletest/greegr/,XC558126.ogg,1255.0559863945577,0,1195.0,5.0,44100,bird,1.0
286,./kaggletest/greegr/,XC558126.ogg,1255.0559863945577,0,1200.0,5.0,44100,bird,1.0
287,./kaggletest/greegr/,XC558126.ogg,1255.0559863945577,0,1205.0,5.0,44100,bird,1.0
288,./kaggletest/greegr/,XC558126.ogg,1255.0559863945577,0,1210.0,5.0,44100,bird,1.0
289,./kaggletest/greegr/,XC558126.ogg,1255.0559863945577,0,1215.0,5.0,44100,bird,1.0
290,./kaggletest/greegr/,XC558126.ogg,1255.0559863945577,0,1220.0,5.0,44100,bird,1.0
291,./kaggletest/greegr/,XC558126.ogg,1255.0559863945577,0,1225.0,5.0,44100,bird,1.0
292,./kaggletest/greegr/,XC558126.ogg,1255.0559863945577,0,1230.0,5.0,44100,bird,1.0
293,./kaggletest/greegr/,XC558126.ogg,1255.0559863945577,0,1235.0,5.0,44100,bird,1.0
294,./kaggletest/greegr/,XC558126.ogg,1255.0559863945577,0,1240.0,5.0,44100,bird,1.0
295,./kaggletest/greegr/,XC558126.ogg,1255.0559863945577,0,1245.0,5.0,44100,bird,1.0
296,./kaggletest/greegr/,XC558126.ogg,1255.0559863945577,0,1250.0,5.0,44100,bird,1.0
297,./kaggletest/greegr/,XC277163.ogg,18.23344671201814,0,0.0,5.0,44100,bird,1.0
298,./kaggletest/greegr/,XC277163.ogg,18.23344671201814,0,5.0,5.0,44100,bird,1.0
299,./kaggletest/greegr/,XC277163.ogg,18.23344671201814,0,10.0,5.0,44100,bird,1.0
300,./kaggletest/greegr/,XC323526.ogg,12.434263038548753,0,0.0,5.0,44100,bird,1.0
301,./kaggletest/greegr/,XC323526.ogg,12.434263038548753,0,5.0,5.0,44100,bird,1.0
302,./kaggletest/greegr/,XC463359.ogg,29.26798185941043,0,0.0,5.0,44100,bird,1.0
303,./kaggletest/greegr/,XC463359.ogg,29.26798185941043,0,5.0,5.0,44100,bird,1.0
304,./kaggletest/greegr/,XC463359.ogg,29.26798185941043,0,10.0,5.0,44100,bird,1.0
305,./kaggletest/greegr/,XC463359.ogg,29.26798185941043,0,15.0,5.0,44100,bird,1.0
306,./kaggletest/greegr/,XC463359.ogg,29.26798185941043,0,20.0,5.0,44100,bird,1.0
307,./kaggletest/greegr/,XC605058.ogg,16.56,0,0.0,5.0,44100,bird,1.0
308,./kaggletest/greegr/,XC605058.ogg,16.56,0,10.0,5.0,44100,bird,1.0
309,./kaggletest/greegr/,XC669141.ogg,14.951995464852608,0,0.0,5.0,44100,bird,1.0
310,./kaggletest/greegr/,XC669141.ogg,14.951995464852608,0,5.0,5.0,44100,bird,1.0
311,./kaggletest/greegr/,XC709064.ogg,6.2693650793650795,0,0.0,5.0,44100,bird,1.0
312,./kaggletest/greegr/,XC591078.ogg,5.543990929705215,0,0.0,5.0,44100,bird,1.0
313,./kaggletest/greegr/,XC452999.ogg,13.2,0,0.0,5.0,44100,bird,1.0
314,./kaggletest/greegr/,XC452999.ogg,13.2,0,5.0,5.0,44100,bird,1.0
315,./kaggletest/greegr/,XC257310.ogg,9.874263038548753,0,0.0,5.0,44100,bird,1.0
316,./kaggletest/greegr/,XC715673.ogg,6.047981859410431,0,0.0,5.0,44100,bird,1.0
317,./kaggletest/greegr/,XC113071.ogg,65.85598639455782,0,0.0,5.0,44100,bird,1.0
318,./kaggletest/greegr/,XC113071.ogg,65.85598639455782,0,15.0,5.0,44100,bird,1.0
319,./kaggletest/greegr/,XC113071.ogg,65.85598639455782,0,20.0,5.0,44100,bird,1.0
320,./kaggletest/greegr/,XC113071.ogg,65.85598639455782,0,45.0,5.0,44100,bird,1.0
321,./kaggletest/greegr/,XC113071.ogg,65.85598639455782,0,55.0,5.0,44100,bird,1.0
322,./kaggletest/greegr/,XC113071.ogg,65.85598639455782,0,60.0,5.0,44100,bird,1.0
323,./kaggletest/greegr/,XC109029.ogg,45.215986394557824,0,0.0,5.0,44100,bird,1.0
324,./kaggletest/greegr/,XC109029.ogg,45.215986394557824,0,5.0,5.0,44100,bird,1.0
325,./kaggletest/greegr/,XC109029.ogg,45.215986394557824,0,10.0,5.0,44100,bird,1.0
326,./kaggletest/greegr/,XC109029.ogg,45.215986394557824,0,15.0,5.0,44100,bird,1.0
327,./kaggletest/greegr/,XC109029.ogg,45.215986394557824,0,20.0,5.0,44100,bird,1.0
328,./kaggletest/greegr/,XC109029.ogg,45.215986394557824,0,25.0,5.0,44100,bird,1.0
329,./kaggletest/greegr/,XC109029.ogg,45.215986394557824,0,30.0,5.0,44100,bird,1.0
330,./kaggletest/greegr/,XC109029.ogg,45.215986394557824,0,35.0,5.0,44100,bird,1.0
331,./kaggletest/greegr/,XC109029.ogg,45.215986394557824,0,40.0,5.0,44100,bird,1.0
332,./kaggletest/greegr/,XC319269.ogg,6.844081632653062,0,0.0,5.0,44100,bird,1.0
333,./kaggletest/greegr/,XC304770.wav,5.0,0,0.0,5.0,44100,bird,1.0
334,./kaggletest/greegr/,XC679024.ogg,9.691428571428572,0,0.0,5.0,44100,bird,1.0
335,./kaggletest/greegr/,XC240330.ogg,6.635079365079365,0,0.0,5.0,44100,bird,1.0
336,./kaggletest/greegr/,XC130690.ogg,48.03918367346939,0,0.0,5.0,44100,bird,1.0
337,./kaggletest/greegr/,XC130690.ogg,48.03918367346939,0,5.0,5.0,44100,bird,1.0
338,./kaggletest/greegr/,XC130690.ogg,48.03918367346939,0,10.0,5.0,44100,bird,1.0
339,./kaggletest/greegr/,XC130690.ogg,48.03918367346939,0,15.0,5.0,44100,bird,1.0
340,./kaggletest/greegr/,XC130690.ogg,48.03918367346939,0,20.0,5.0,44100,bird,1.0
341,./kaggletest/greegr/,XC130690.ogg,48.03918367346939,0,25.0,5.0,44100,bird,1.0
342,./kaggletest/greegr/,XC130690.ogg,48.03918367346939,0,30.0,5.0,44100,bird,1.0
343,./kaggletest/greegr/,XC130690.ogg,48.03918367346939,0,35.0,5.0,44100,bird,1.0
344,./kaggletest/greegr/,XC130690.ogg,48.03918367346939,0,40.0,5.0,44100,bird,1.0
345,./kaggletest/greegr/,XC255881.wav,5.0,0,0.0,5.0,44100,bird,1.0
346,./kaggletest/greegr/,XC605060.ogg,5.087981859410431,0,0.0,5.0,44100,bird,1.0
347,./kaggletest/greegr/,XC158114.ogg,15.124897959183674,0,0.0,5.0,44100,bird,1.0
348,./kaggletest/greegr/,XC158114.ogg,15.124897959183674,0,5.0,5.0,44100,bird,1.0
349,./kaggletest/greegr/,XC158114.ogg,15.124897959183674,0,10.0,5.0,44100,bird,1.0
350,./kaggletest/greegr/,XC422107.wav,5.0,0,0.0,5.0,44100,bird,1.0
351,./kaggletest/greegr/,XC290049.wav,5.0,0,0.0,5.0,44100,bird,1.0
352,./kaggletest/greegr/,XC150992.ogg,7.288140589569161,0,0.0,5.0,44100,bird,1.0
353,./kaggletest/greegr/,XC605059.wav,5.0,0,0.0,5.0,44100,bird,1.0
354,./kaggletest/greegr/,XC406077.ogg,25.60798185941043,0,0.0,5.0,44100,bird,1.0
355,./kaggletest/greegr/,XC406077.ogg,25.60798185941043,0,5.0,5.0,44100,bird,1.0
356,./kaggletest/greegr/,XC406077.ogg,25.60798185941043,0,10.0,5.0,44100,bird,1.0
357,./kaggletest/greegr/,XC406077.ogg,25.60798185941043,0,15.0,5.0,44100,bird,1.0
358,./kaggletest/greegr/,XC406077.ogg,25.60798185941043,0,20.0,5.0,44100,bird,1.0
359,./kaggletest/greegr/,XC605061.ogg,5.6879818594104306,0,0.0,5.0,44100,bird,1.0
360,./kaggletest/greegr/,XC428239.wav,5.0,0,0.0,5.0,44100,bird,1.0
361,./kaggletest/greegr/,XC447826.wav,5.0,0,0.0,5.0,44100,bird,1.0
362,./kaggletest/greegr/,XC560053.ogg,13.391995464852608,0,0.0,5.0,44100,bird,1.0
363,./kaggletest/greegr/,XC560053.ogg,13.391995464852608,0,5.0,5.0,44100,bird,1.0
364,./kaggletest/greegr/,XC515816.ogg,6.767981859410431,0,0.0,5.0,44100,bird,1.0
365,./kaggletest/greegr/,XC649137.ogg,56.083990929705216,0,0.0,5.0,44100,bird,1.0
366,./kaggletest/greegr/,XC649137.ogg,56.083990929705216,0,5.0,5.0,44100,bird,1.0
367,./kaggletest/greegr/,XC649137.ogg,56.083990929705216,0,10.0,5.0,44100,bird,1.0
368,./kaggletest/greegr/,XC649137.ogg,56.083990929705216,0,15.0,5.0,44100,bird,1.0
369,./kaggletest/greegr/,XC649137.ogg,56.083990929705216,0,20.0,5.0,44100,bird,1.0
370,./kaggletest/greegr/,XC649137.ogg,56.083990929705216,0,25.0,5.0,44100,bird,1.0
371,./kaggletest/greegr/,XC649137.ogg,56.083990929705216,0,30.0,5.0,44100,bird,1.0
372,./kaggletest/greegr/,XC649137.ogg,56.083990929705216,0,35.0,5.0,44100,bird,1.0
373,./kaggletest/greegr/,XC649137.ogg,56.083990929705216,0,40.0,5.0,44100,bird,1.0
374,./kaggletest/greegr/,XC649137.ogg,56.083990929705216,0,45.0,5.0,44100,bird,1.0
375,./kaggletest/greegr/,XC649137.ogg,56.083990929705216,0,50.0,5.0,44100,bird,1.0
376,./kaggletest/greegr/,XC605063.ogg,13.535986394557822,0,0.0,5.0,44100,bird,1.0
377,./kaggletest/greegr/,XC605063.ogg,13.535986394557822,0,5.0,5.0,44100,bird,1.0
378,./kaggletest/greegr/,XC145803.wav,5.0,0,0.0,5.0,44100,bird,1.0
379,./kaggletest/greegr/,XC365950.ogg,14.735986394557823,0,0.0,5.0,44100,bird,1.0
380,./kaggletest/greegr/,XC365950.ogg,14.735986394557823,0,5.0,5.0,44100,bird,1.0
381,./kaggletest/greegr/,XC151334.wav,5.0,0,0.0,5.0,44100,bird,1.0
382,./kaggletest/greegr/,XC605062.ogg,7.8959863945578235,0,0.0,5.0,44100,bird,1.0
383,./kaggletest/greegr/,XC466555.ogg,17.162426303854875,0,0.0,5.0,44100,bird,1.0
384,./kaggletest/greegr/,XC466555.ogg,17.162426303854875,0,5.0,5.0,44100,bird,1.0
385,./kaggletest/greegr/,XC466555.ogg,17.162426303854875,0,10.0,5.0,44100,bird,1.0
386,./kaggletest/greegr/,XC598700.ogg,8.88,0,0.0,5.0,44100,bird,1.0
387,./kaggletest/greegr/,XC331726.wav,5.0,0,0.0,5.0,44100,bird,1.0
388,./kaggletest/greegr/,XC294676.ogg,5.799183673469388,0,0.0,5.0,44100,bird,1.0
389,./kaggletest/greegr/,XC437423.ogg,6.817959183673469,0,0.0,5.0,44100,bird,1.0
390,./kaggletest/greegr/,XC655961.ogg,17.68798185941043,0,0.0,5.0,44100,bird,1.0
391,./kaggletest/greegr/,XC655961.ogg,17.68798185941043,0,5.0,5.0,44100,bird,1.0
392,./kaggletest/greegr/,XC655961.ogg,17.68798185941043,0,10.0,5.0,44100,bird,1.0
393,./kaggletest/greegr/,XC598767.ogg,8.253990929705216,0,0.0,5.0,44100,bird,1.0
394,./kaggletest/greegr/,XC149108.ogg,8.351995464852608,0,0.0,5.0,44100,bird,1.0
395,./kaggletest/greegr/,XC684282.ogg,9.874263038548753,0,0.0,5.0,44100,bird,1.0
396,./kaggletest/greegr/,XC143579.ogg,11.543990929705215,0,0.0,5.0,44100,bird,1.0
397,./kaggletest/greegr/,XC143579.ogg,11.543990929705215,0,5.0,5.0,44100,bird,1.0
398,./kaggletest/greegr/,XC161280.ogg,112.84798185941042,0,0.0,5.0,44100,bird,1.0
399,./kaggletest/greegr/,XC161280.ogg,112.84798185941042,0,5.0,5.0,44100,bird,1.0
400,./kaggletest/greegr/,XC161280.ogg,112.84798185941042,0,10.0,5.0,44100,bird,1.0
401,./kaggletest/greegr/,XC161280.ogg,112.84798185941042,0,15.0,5.0,44100,bird,1.0
402,./kaggletest/greegr/,XC161280.ogg,112.84798185941042,0,20.0,5.0,44100,bird,1.0
403,./kaggletest/greegr/,XC161280.ogg,112.84798185941042,0,25.0,5.0,44100,bird,1.0
404,./kaggletest/greegr/,XC161280.ogg,112.84798185941042,0,30.0,5.0,44100,bird,1.0
405,./kaggletest/greegr/,XC161280.ogg,112.84798185941042,0,35.0,5.0,44100,bird,1.0
406,./kaggletest/greegr/,XC161280.ogg,112.84798185941042,0,40.0,5.0,44100,bird,1.0
407,./kaggletest/greegr/,XC161280.ogg,112.84798185941042,0,45.0,5.0,44100,bird,1.0
408,./kaggletest/greegr/,XC161280.ogg,112.84798185941042,0,50.0,5.0,44100,bird,1.0
409,./kaggletest/greegr/,XC161280.ogg,112.84798185941042,0,55.0,5.0,44100,bird,1.0
410,./kaggletest/greegr/,XC161280.ogg,112.84798185941042,0,60.0,5.0,44100,bird,1.0
411,./kaggletest/greegr/,XC161280.ogg,112.84798185941042,0,65.0,5.0,44100,bird,1.0
412,./kaggletest/greegr/,XC161280.ogg,112.84798185941042,0,70.0,5.0,44100,bird,1.0
413,./kaggletest/greegr/,XC161280.ogg,112.84798185941042,0,75.0,5.0,44100,bird,1.0
414,./kaggletest/greegr/,XC161280.ogg,112.84798185941042,0,80.0,5.0,44100,bird,1.0
415,./kaggletest/greegr/,XC161280.ogg,112.84798185941042,0,85.0,5.0,44100,bird,1.0
416,./kaggletest/greegr/,XC161280.ogg,112.84798185941042,0,90.0,5.0,44100,bird,1.0
417,./kaggletest/greegr/,XC161280.ogg,112.84798185941042,0,95.0,5.0,44100,bird,1.0
418,./kaggletest/greegr/,XC161280.ogg,112.84798185941042,0,100.0,5.0,44100,bird,1.0
419,./kaggletest/greegr/,XC161280.ogg,112.84798185941042,0,105.0,5.0,44100,bird,1.0
420,./kaggletest/greegr/,XC340208.ogg,14.255986394557823,0,0.0,5.0,44100,bird,1.0
421,./kaggletest/greegr/,XC340208.ogg,14.255986394557823,0,5.0,5.0,44100,bird,1.0
422,./kaggletest/greegr/,XC143578.ogg,5.6879818594104306,0,0.0,5.0,44100,bird,1.0
423,./kaggletest/greegr/,XC309393.ogg,28.68,0,0.0,5.0,44100,bird,1.0
424,./kaggletest/greegr/,XC309393.ogg,28.68,0,20.0,5.0,44100,bird,1.0
425,./kaggletest/greegr/,XC518984.ogg,6.974671201814059,0,0.0,5.0,44100,bird,1.0
426,./kaggletest/greegr/,XC705414.ogg,13.631995464852608,0,0.0,5.0,44100,bird,1.0
427,./kaggletest/greegr/,XC705414.ogg,13.631995464852608,0,5.0,5.0,44100,bird,1.0
428,./kaggletest/greegr/,XC711449.ogg,10.684081632653061,0,0.0,5.0,44100,bird,1.0
429,./kaggletest/greegr/,XC711449.ogg,10.684081632653061,0,5.0,5.0,44100,bird,1.0
430,./kaggletest/greegr/,XC645959.ogg,5.2319954648526075,0,0.0,5.0,44100,bird,1.0
431,./kaggletest/greegr/,XC435966.wav,5.0,0,0.0,5.0,44100,bird,1.0
432,./kaggletest/greegr/,XC593431.ogg,5.197981859410431,0,0.0,5.0,44100,bird,1.0
433,./kaggletest/greegr/,XC414789.ogg,37.04160997732426,0,0.0,5.0,44100,bird,1.0
434,./kaggletest/greegr/,XC414789.ogg,37.04160997732426,0,5.0,5.0,44100,bird,1.0
435,./kaggletest/greegr/,XC414789.ogg,37.04160997732426,0,10.0,5.0,44100,bird,1.0
436,./kaggletest/greegr/,XC414789.ogg,37.04160997732426,0,15.0,5.0,44100,bird,1.0
437,./kaggletest/greegr/,XC414789.ogg,37.04160997732426,0,20.0,5.0,44100,bird,1.0
438,./kaggletest/greegr/,XC414789.ogg,37.04160997732426,0,25.0,5.0,44100,bird,1.0
439,./kaggletest/greegr/,XC414789.ogg,37.04160997732426,0,30.0,5.0,44100,bird,1.0
440,./kaggletest/greegr/,XC390822.ogg,6.817959183673469,0,0.0,5.0,44100,bird,1.0
441,./kaggletest/greegr/,XC129760.ogg,12.669365079365079,0,0.0,5.0,44100,bird,1.0
442,./kaggletest/greegr/,XC129760.ogg,12.669365079365079,0,5.0,5.0,44100,bird,1.0
443,./kaggletest/greegr/,XC203486.wav,5.0,0,0.0,5.0,44100,bird,1.0
444,./kaggletest/greegr/,XC610379.ogg,6.163990929705215,0,0.0,5.0,44100,bird,1.0
445,./kaggletest/greegr/,XC630526.ogg,7.705986394557823,0,0.0,5.0,44100,bird,1.0
446,./kaggletest/greegr/,XC58491.ogg,25.939591836734692,0,0.0,5.0,44100,bird,1.0
447,./kaggletest/greegr/,XC58491.ogg,25.939591836734692,0,5.0,5.0,44100,bird,1.0
448,./kaggletest/greegr/,XC58491.ogg,25.939591836734692,0,10.0,5.0,44100,bird,1.0
449,./kaggletest/greegr/,XC58491.ogg,25.939591836734692,0,15.0,5.0,44100,bird,1.0
450,./kaggletest/greegr/,XC58491.ogg,25.939591836734692,0,20.0,5.0,44100,bird,1.0
451,./kaggletest/greegr/,XC116543.wav,5.0,0,0.0,5.0,44100,bird,1.0
452,./kaggletest/greegr/,XC720907.ogg,12.172993197278911,0,0.0,5.0,44100,bird,1.0
453,./kaggletest/greegr/,XC720907.ogg,12.172993197278911,0,5.0,5.0,44100,bird,1.0
454,./kaggletest/greegr/,XC468531.wav,5.0,0,0.0,5.0,44100,bird,1.0
455,./kaggletest/greegr/,XC116542.wav,5.0,0,0.0,5.0,44100,bird,1.0
456,./kaggletest/greegr/,XC58490.ogg,8.333061224489796,0,0.0,5.0,44100,bird,1.0
457,./kaggletest/greegr/,XC663143.ogg,10.343990929705216,0,0.0,5.0,44100,bird,1.0
458,./kaggletest/greegr/,XC663143.ogg,10.343990929705216,0,5.0,5.0,44100,bird,1.0
459,./kaggletest/greegr/,XC518944.ogg,11.467732426303854,0,0.0,5.0,44100,bird,1.0
460,./kaggletest/greegr/,XC518944.ogg,11.467732426303854,0,5.0,5.0,44100,bird,1.0
461,./kaggletest/greegr/,XC321346.ogg,9.551995464852608,0,0.0,5.0,44100,bird,1.0
462,./kaggletest/greegr/,XC285221.ogg,8.463673469387755,0,0.0,5.0,44100,bird,1.0
463,./kaggletest/greegr/,XC528049.wav,5.0,0,0.0,5.0,44100,bird,1.0
464,./kaggletest/greegr/,XC277289.ogg,8.975986394557824,0,0.0,5.0,44100,bird,1.0
465,./kaggletest/greegr/,XC586205.wav,5.0,0,0.0,5.0,44100,bird,1.0
466,./kaggletest/greegr/,XC171678.ogg,11.735986394557823,0,0.0,5.0,44100,bird,1.0
467,./kaggletest/greegr/,XC171678.ogg,11.735986394557823,0,5.0,5.0,44100,bird,1.0
468,./kaggletest/greegr/,XC705413.ogg,59.25598639455782,0,0.0,5.0,44100,bird,1.0
469,./kaggletest/greegr/,XC705413.ogg,59.25598639455782,0,5.0,5.0,44100,bird,1.0
470,./kaggletest/greegr/,XC705413.ogg,59.25598639455782,0,10.0,5.0,44100,bird,1.0
471,./kaggletest/greegr/,XC705413.ogg,59.25598639455782,0,15.0,5.0,44100,bird,1.0
472,./kaggletest/greegr/,XC705413.ogg,59.25598639455782,0,20.0,5.0,44100,bird,1.0
473,./kaggletest/greegr/,XC705413.ogg,59.25598639455782,0,25.0,5.0,44100,bird,1.0
474,./kaggletest/greegr/,XC705413.ogg,59.25598639455782,0,30.0,5.0,44100,bird,1.0
475,./kaggletest/greegr/,XC705413.ogg,59.25598639455782,0,35.0,5.0,44100,bird,1.0
476,./kaggletest/greegr/,XC705413.ogg,59.25598639455782,0,40.0,5.0,44100,bird,1.0
477,./kaggletest/greegr/,XC705413.ogg,59.25598639455782,0,45.0,5.0,44100,bird,1.0
478,./kaggletest/greegr/,XC705413.ogg,59.25598639455782,0,50.0,5.0,44100,bird,1.0
479,./kaggletest/greegr/,XC454182.ogg,16.953446712018142,0,0.0,5.0,44100,bird,1.0
480,./kaggletest/greegr/,XC454182.ogg,16.953446712018142,0,5.0,5.0,44100,bird,1.0
481,./kaggletest/greegr/,XC454182.ogg,16.953446712018142,0,10.0,5.0,44100,bird,1.0
482,./kaggletest/greegr/,XC285219.ogg,11.572244897959184,0,0.0,5.0,44100,bird,1.0
483,./kaggletest/greegr/,XC285219.ogg,11.572244897959184,0,5.0,5.0,44100,bird,1.0
484,./kaggletest/greegr/,XC654338.ogg,15.830204081632653,0,0.0,5.0,44100,bird,1.0
485,./kaggletest/greegr/,XC654338.ogg,15.830204081632653,0,5.0,5.0,44100,bird,1.0
486,./kaggletest/greegr/,XC654338.ogg,15.830204081632653,0,10.0,5.0,44100,bird,1.0
487,./kaggletest/greegr/,XC575428.ogg,7.92,0,0.0,5.0,44100,bird,1.0
488,./kaggletest/greegr/,XC317155.ogg,14.132244897959184,0,0.0,5.0,44100,bird,1.0
489,./kaggletest/greegr/,XC317155.ogg,14.132244897959184,0,5.0,5.0,44100,bird,1.0
490,./kaggletest/greegr/,XC650016.ogg,9.84,0,0.0,5.0,44100,bird,1.0
491,./kaggletest/greegr/,XC161279.ogg,230.54399092970522,0,0.0,5.0,44100,bird,1.0
492,./kaggletest/greegr/,XC161279.ogg,230.54399092970522,0,5.0,5.0,44100,bird,1.0
493,./kaggletest/greegr/,XC161279.ogg,230.54399092970522,0,10.0,5.0,44100,bird,1.0
494,./kaggletest/greegr/,XC161279.ogg,230.54399092970522,0,15.0,5.0,44100,bird,1.0
495,./kaggletest/greegr/,XC161279.ogg,230.54399092970522,0,20.0,5.0,44100,bird,1.0
496,./kaggletest/greegr/,XC161279.ogg,230.54399092970522,0,25.0,5.0,44100,bird,1.0
497,./kaggletest/greegr/,XC161279.ogg,230.54399092970522,0,30.0,5.0,44100,bird,1.0
498,./kaggletest/greegr/,XC161279.ogg,230.54399092970522,0,35.0,5.0,44100,bird,1.0
499,./kaggletest/greegr/,XC161279.ogg,230.54399092970522,0,40.0,5.0,44100,bird,1.0
500,./kaggletest/greegr/,XC161279.ogg,230.54399092970522,0,45.0,5.0,44100,bird,1.0
501,./kaggletest/greegr/,XC161279.ogg,230.54399092970522,0,50.0,5.0,44100,bird,1.0
502,./kaggletest/greegr/,XC161279.ogg,230.54399092970522,0,55.0,5.0,44100,bird,1.0
503,./kaggletest/greegr/,XC161279.ogg,230.54399092970522,0,60.0,5.0,44100,bird,1.0
504,./kaggletest/greegr/,XC161279.ogg,230.54399092970522,0,65.0,5.0,44100,bird,1.0
505,./kaggletest/greegr/,XC161279.ogg,230.54399092970522,0,70.0,5.0,44100,bird,1.0
506,./kaggletest/greegr/,XC161279.ogg,230.54399092970522,0,75.0,5.0,44100,bird,1.0
507,./kaggletest/greegr/,XC161279.ogg,230.54399092970522,0,80.0,5.0,44100,bird,1.0
508,./kaggletest/greegr/,XC161279.ogg,230.54399092970522,0,85.0,5.0,44100,bird,1.0
509,./kaggletest/greegr/,XC161279.ogg,230.54399092970522,0,90.0,5.0,44100,bird,1.0
510,./kaggletest/greegr/,XC161279.ogg,230.54399092970522,0,95.0,5.0,44100,bird,1.0
511,./kaggletest/greegr/,XC161279.ogg,230.54399092970522,0,100.0,5.0,44100,bird,1.0
512,./kaggletest/greegr/,XC161279.ogg,230.54399092970522,0,105.0,5.0,44100,bird,1.0
513,./kaggletest/greegr/,XC161279.ogg,230.54399092970522,0,110.0,5.0,44100,bird,1.0
514,./kaggletest/greegr/,XC161279.ogg,230.54399092970522,0,115.0,5.0,44100,bird,1.0
515,./kaggletest/greegr/,XC161279.ogg,230.54399092970522,0,120.0,5.0,44100,bird,1.0
516,./kaggletest/greegr/,XC161279.ogg,230.54399092970522,0,125.0,5.0,44100,bird,1.0
517,./kaggletest/greegr/,XC161279.ogg,230.54399092970522,0,130.0,5.0,44100,bird,1.0
518,./kaggletest/greegr/,XC161279.ogg,230.54399092970522,0,135.0,5.0,44100,bird,1.0
519,./kaggletest/greegr/,XC161279.ogg,230.54399092970522,0,140.0,5.0,44100,bird,1.0
520,./kaggletest/greegr/,XC161279.ogg,230.54399092970522,0,145.0,5.0,44100,bird,1.0
521,./kaggletest/greegr/,XC161279.ogg,230.54399092970522,0,150.0,5.0,44100,bird,1.0
522,./kaggletest/greegr/,XC161279.ogg,230.54399092970522,0,155.0,5.0,44100,bird,1.0
523,./kaggletest/greegr/,XC161279.ogg,230.54399092970522,0,160.0,5.0,44100,bird,1.0
524,./kaggletest/greegr/,XC161279.ogg,230.54399092970522,0,165.0,5.0,44100,bird,1.0
525,./kaggletest/greegr/,XC161279.ogg,230.54399092970522,0,170.0,5.0,44100,bird,1.0
526,./kaggletest/greegr/,XC161279.ogg,230.54399092970522,0,175.0,5.0,44100,bird,1.0
527,./kaggletest/greegr/,XC161279.ogg,230.54399092970522,0,180.0,5.0,44100,bird,1.0
528,./kaggletest/greegr/,XC161279.ogg,230.54399092970522,0,185.0,5.0,44100,bird,1.0
529,./kaggletest/greegr/,XC161279.ogg,230.54399092970522,0,190.0,5.0,44100,bird,1.0
530,./kaggletest/greegr/,XC161279.ogg,230.54399092970522,0,195.0,5.0,44100,bird,1.0
531,./kaggletest/greegr/,XC161279.ogg,230.54399092970522,0,200.0,5.0,44100,bird,1.0
532,./kaggletest/greegr/,XC161279.ogg,230.54399092970522,0,205.0,5.0,44100,bird,1.0
533,./kaggletest/greegr/,XC161279.ogg,230.54399092970522,0,210.0,5.0,44100,bird,1.0
534,./kaggletest/greegr/,XC161279.ogg,230.54399092970522,0,215.0,5.0,44100,bird,1.0
535,./kaggletest/greegr/,XC161279.ogg,230.54399092970522,0,220.0,5.0,44100,bird,1.0
536,./kaggletest/greegr/,XC161279.ogg,230.54399092970522,0,225.0,5.0,44100,bird,1.0
537,./kaggletest/greegr/,XC307187.ogg,6.1439909297052155,0,0.0,5.0,44100,bird,1.0
538,./kaggletest/greegr/,XC304688.wav,5.0,0,0.0,5.0,44100,bird,1.0
539,./kaggletest/greegr/,XC196155.ogg,128.32798185941044,0,0.0,5.0,44100,bird,1.0
540,./kaggletest/greegr/,XC196155.ogg,128.32798185941044,0,5.0,5.0,44100,bird,1.0
541,./kaggletest/greegr/,XC196155.ogg,128.32798185941044,0,10.0,5.0,44100,bird,1.0
542,./kaggletest/greegr/,XC196155.ogg,128.32798185941044,0,15.0,5.0,44100,bird,1.0
543,./kaggletest/greegr/,XC196155.ogg,128.32798185941044,0,20.0,5.0,44100,bird,1.0
544,./kaggletest/greegr/,XC196155.ogg,128.32798185941044,0,25.0,5.0,44100,bird,1.0
545,./kaggletest/greegr/,XC196155.ogg,128.32798185941044,0,30.0,5.0,44100,bird,1.0
546,./kaggletest/greegr/,XC196155.ogg,128.32798185941044,0,35.0,5.0,44100,bird,1.0
547,./kaggletest/greegr/,XC196155.ogg,128.32798185941044,0,40.0,5.0,44100,bird,1.0
548,./kaggletest/greegr/,XC196155.ogg,128.32798185941044,0,45.0,5.0,44100,bird,1.0
549,./kaggletest/greegr/,XC196155.ogg,128.32798185941044,0,50.0,5.0,44100,bird,1.0
550,./kaggletest/greegr/,XC196155.ogg,128.32798185941044,0,55.0,5.0,44100,bird,1.0
551,./kaggletest/greegr/,XC196155.ogg,128.32798185941044,0,60.0,5.0,44100,bird,1.0
552,./kaggletest/greegr/,XC196155.ogg,128.32798185941044,0,65.0,5.0,44100,bird,1.0
553,./kaggletest/greegr/,XC196155.ogg,128.32798185941044,0,70.0,5.0,44100,bird,1.0
554,./kaggletest/greegr/,XC196155.ogg,128.32798185941044,0,75.0,5.0,44100,bird,1.0
555,./kaggletest/greegr/,XC196155.ogg,128.32798185941044,0,80.0,5.0,44100,bird,1.0
556,./kaggletest/greegr/,XC196155.ogg,128.32798185941044,0,85.0,5.0,44100,bird,1.0
557,./kaggletest/greegr/,XC196155.ogg,128.32798185941044,0,90.0,5.0,44100,bird,1.0
558,./kaggletest/greegr/,XC196155.ogg,128.32798185941044,0,95.0,5.0,44100,bird,1.0
559,./kaggletest/greegr/,XC196155.ogg,128.32798185941044,0,100.0,5.0,44100,bird,1.0
560,./kaggletest/greegr/,XC196155.ogg,128.32798185941044,0,105.0,5.0,44100,bird,1.0
561,./kaggletest/greegr/,XC196155.ogg,128.32798185941044,0,110.0,5.0,44100,bird,1.0
562,./kaggletest/greegr/,XC196155.ogg,128.32798185941044,0,115.0,5.0,44100,bird,1.0
563,./kaggletest/greegr/,XC196155.ogg,128.32798185941044,0,120.0,5.0,44100,bird,1.0
564,./kaggletest/greegr/,XC307186.ogg,5.6879818594104306,0,0.0,5.0,44100,bird,1.0
565,./kaggletest/greegr/,XC613310.ogg,5.223990929705216,0,0.0,5.0,44100,bird,1.0
566,./kaggletest/greegr/,XC161278.ogg,59.04,0,0.0,5.0,44100,bird,1.0
567,./kaggletest/greegr/,XC161278.ogg,59.04,0,5.0,5.0,44100,bird,1.0
568,./kaggletest/greegr/,XC161278.ogg,59.04,0,10.0,5.0,44100,bird,1.0
569,./kaggletest/greegr/,XC161278.ogg,59.04,0,15.0,5.0,44100,bird,1.0
570,./kaggletest/greegr/,XC161278.ogg,59.04,0,20.0,5.0,44100,bird,1.0
571,./kaggletest/greegr/,XC161278.ogg,59.04,0,25.0,5.0,44100,bird,1.0
572,./kaggletest/greegr/,XC161278.ogg,59.04,0,30.0,5.0,44100,bird,1.0
573,./kaggletest/greegr/,XC161278.ogg,59.04,0,35.0,5.0,44100,bird,1.0
574,./kaggletest/greegr/,XC161278.ogg,59.04,0,40.0,5.0,44100,bird,1.0
575,./kaggletest/greegr/,XC161278.ogg,59.04,0,45.0,5.0,44100,bird,1.0
576,./kaggletest/greegr/,XC161278.ogg,59.04,0,50.0,5.0,44100,bird,1.0
577,./kaggletest/greegr/,XC253851.ogg,87.19673469387754,0,0.0,5.0,44100,bird,1.0
578,./kaggletest/greegr/,XC253851.ogg,87.19673469387754,0,5.0,5.0,44100,bird,1.0
579,./kaggletest/greegr/,XC253851.ogg,87.19673469387754,0,10.0,5.0,44100,bird,1.0
580,./kaggletest/greegr/,XC253851.ogg,87.19673469387754,0,15.0,5.0,44100,bird,1.0
581,./kaggletest/greegr/,XC253851.ogg,87.19673469387754,0,20.0,5.0,44100,bird,1.0
582,./kaggletest/greegr/,XC253851.ogg,87.19673469387754,0,25.0,5.0,44100,bird,1.0
583,./kaggletest/greegr/,XC253851.ogg,87.19673469387754,0,30.0,5.0,44100,bird,1.0
584,./kaggletest/greegr/,XC253851.ogg,87.19673469387754,0,35.0,5.0,44100,bird,1.0
585,./kaggletest/greegr/,XC253851.ogg,87.19673469387754,0,40.0,5.0,44100,bird,1.0
586,./kaggletest/greegr/,XC253851.ogg,87.19673469387754,0,45.0,5.0,44100,bird,1.0
587,./kaggletest/greegr/,XC253851.ogg,87.19673469387754,0,50.0,5.0,44100,bird,1.0
588,./kaggletest/greegr/,XC253851.ogg,87.19673469387754,0,55.0,5.0,44100,bird,1.0
589,./kaggletest/greegr/,XC253851.ogg,87.19673469387754,0,60.0,5.0,44100,bird,1.0
590,./kaggletest/greegr/,XC253851.ogg,87.19673469387754,0,65.0,5.0,44100,bird,1.0
591,./kaggletest/greegr/,XC253851.ogg,87.19673469387754,0,70.0,5.0,44100,bird,1.0
592,./kaggletest/greegr/,XC253851.ogg,87.19673469387754,0,75.0,5.0,44100,bird,1.0
593,./kaggletest/greegr/,XC253851.ogg,87.19673469387754,0,80.0,5.0,44100,bird,1.0
594,./kaggletest/greegr/,XC120152.ogg,65.38448979591837,0,0.0,5.0,44100,bird,1.0
595,./kaggletest/greegr/,XC120152.ogg,65.38448979591837,0,5.0,5.0,44100,bird,1.0
596,./kaggletest/greegr/,XC120152.ogg,65.38448979591837,0,10.0,5.0,44100,bird,1.0
597,./kaggletest/greegr/,XC120152.ogg,65.38448979591837,0,15.0,5.0,44100,bird,1.0
598,./kaggletest/greegr/,XC120152.ogg,65.38448979591837,0,20.0,5.0,44100,bird,1.0
599,./kaggletest/greegr/,XC120152.ogg,65.38448979591837,0,25.0,5.0,44100,bird,1.0
600,./kaggletest/greegr/,XC120152.ogg,65.38448979591837,0,30.0,5.0,44100,bird,1.0
601,./kaggletest/greegr/,XC120152.ogg,65.38448979591837,0,40.0,5.0,44100,bird,1.0
602,./kaggletest/greegr/,XC120152.ogg,65.38448979591837,0,45.0,5.0,44100,bird,1.0
603,./kaggletest/greegr/,XC120152.ogg,65.38448979591837,0,50.0,5.0,44100,bird,1.0
604,./kaggletest/greegr/,XC437424.ogg,5.668548752834467,0,0.0,5.0,44100,bird,1.0
605,./kaggletest/greegr/,XC705412.ogg,22.991995464852607,0,0.0,5.0,44100,bird,1.0
606,./kaggletest/greegr/,XC705412.ogg,22.991995464852607,0,5.0,5.0,44100,bird,1.0
607,./kaggletest/greegr/,XC705412.ogg,22.991995464852607,0,10.0,5.0,44100,bird,1.0
608,./kaggletest/greegr/,XC705412.ogg,22.991995464852607,0,15.0,5.0,44100,bird,1.0
609,./kaggletest/greegr/,XC400277.ogg,8.411428571428571,0,0.0,5.0,44100,bird,1.0
610,./kaggletest/greegr/,XC705410.ogg,15.023990929705215,0,0.0,5.0,44100,bird,1.0
611,./kaggletest/greegr/,XC705410.ogg,15.023990929705215,0,5.0,5.0,44100,bird,1.0
612,./kaggletest/greegr/,XC705410.ogg,15.023990929705215,0,10.0,5.0,44100,bird,1.0
613,./kaggletest/greegr/,XC518943.ogg,10.10936507936508,0,0.0,5.0,44100,bird,1.0
614,./kaggletest/greegr/,XC518943.ogg,10.10936507936508,0,5.0,5.0,44100,bird,1.0
615,./kaggletest/greegr/,XC116545.wav,5.0,0,0.0,5.0,44100,bird,1.0
616,./kaggletest/greegr/,XC116544.wav,5.0,0,0.0,5.0,44100,bird,1.0
617,./kaggletest/greegr/,XC196156.ogg,54.455986394557826,0,0.0,5.0,44100,bird,1.0
618,./kaggletest/greegr/,XC196156.ogg,54.455986394557826,0,5.0,5.0,44100,bird,1.0
619,./kaggletest/greegr/,XC196156.ogg,54.455986394557826,0,10.0,5.0,44100,bird,1.0
620,./kaggletest/greegr/,XC196156.ogg,54.455986394557826,0,15.0,5.0,44100,bird,1.0
621,./kaggletest/greegr/,XC196156.ogg,54.455986394557826,0,20.0,5.0,44100,bird,1.0
622,./kaggletest/greegr/,XC196156.ogg,54.455986394557826,0,25.0,5.0,44100,bird,1.0
623,./kaggletest/greegr/,XC196156.ogg,54.455986394557826,0,30.0,5.0,44100,bird,1.0
624,./kaggletest/greegr/,XC196156.ogg,54.455986394557826,0,35.0,5.0,44100,bird,1.0
625,./kaggletest/greegr/,XC196156.ogg,54.455986394557826,0,40.0,5.0,44100,bird,1.0
626,./kaggletest/greegr/,XC196156.ogg,54.455986394557826,0,45.0,5.0,44100,bird,1.0
627,./kaggletest/greegr/,XC357981.ogg,43.56,0,5.0,5.0,44100,bird,1.0
628,./kaggletest/greegr/,XC357981.ogg,43.56,0,15.0,5.0,44100,bird,1.0
629,./kaggletest/greegr/,XC357981.ogg,43.56,0,20.0,5.0,44100,bird,1.0
630,./kaggletest/greegr/,XC357981.ogg,43.56,0,25.0,5.0,44100,bird,1.0
631,./kaggletest/greegr/,XC357981.ogg,43.56,0,30.0,5.0,44100,bird,1.0
632,./kaggletest/greegr/,XC357981.ogg,43.56,0,35.0,5.0,44100,bird,1.0
633,./kaggletest/greegr/,XC187098.ogg,5.255986394557823,0,0.0,5.0,44100,bird,1.0
634,./kaggletest/greegr/,XC665078.ogg,5.773061224489796,0,0.0,5.0,44100,bird,1.0
635,./kaggletest/greegr/,XC678001.ogg,8.951995464852608,0,0.0,5.0,44100,bird,1.0
636,./kaggletest/greegr/,XC532749.ogg,9.311995464852608,0,0.0,5.0,44100,bird,1.0
637,./kaggletest/greegr/,XC692235.ogg,15.855986394557823,0,0.0,5.0,44100,bird,1.0
638,./kaggletest/greegr/,XC513744.ogg,15.815986394557823,0,0.0,5.0,44100,bird,1.0
639,./kaggletest/greegr/,XC513744.ogg,15.815986394557823,0,10.0,5.0,44100,bird,1.0
640,./kaggletest/greegr/,XC597642.wav,5.0,0,0.0,5.0,44100,bird,1.0
641,./kaggletest/greegr/,XC147337.ogg,11.135986394557824,0,0.0,5.0,44100,bird,1.0
642,./kaggletest/greegr/,XC147337.ogg,11.135986394557824,0,5.0,5.0,44100,bird,1.0
643,./kaggletest/greegr/,XC523477.ogg,9.24,0,0.0,5.0,44100,bird,1.0
644,./kaggletest/greegr/,XC412523.ogg,7.444897959183673,0,0.0,5.0,44100,bird,1.0
645,./kaggletest/greegr/,XC465581.ogg,12.617142857142857,0,0.0,5.0,44100,bird,1.0
646,./kaggletest/greegr/,XC465581.ogg,12.617142857142857,0,5.0,5.0,44100,bird,1.0
647,./kaggletest/greegr/,XC161276.ogg,16.703990929705217,0,0.0,5.0,44100,bird,1.0
648,./kaggletest/greegr/,XC161276.ogg,16.703990929705217,0,5.0,5.0,44100,bird,1.0
649,./kaggletest/greegr/,XC161276.ogg,16.703990929705217,0,10.0,5.0,44100,bird,1.0
650,./kaggletest/greegr/,XC401201.wav,5.0,0,0.0,5.0,44100,bird,1.0
651,./kaggletest/greegr/,XC455650.wav,5.0,0,0.0,5.0,44100,bird,1.0
652,./kaggletest/greegr/,XC307188.ogg,6.455986394557823,0,0.0,5.0,44100,bird,1.0
653,./kaggletest/greegr/,XC607343.ogg,5.276734693877551,0,0.0,5.0,44100,bird,1.0
654,./kaggletest/greegr/,XC607342.ogg,14.053854875283447,0,0.0,5.0,44100,bird,1.0
655,./kaggletest/greegr/,XC607342.ogg,14.053854875283447,0,5.0,5.0,44100,bird,1.0
656,./kaggletest/greegr/,XC161277.ogg,72.21598639455782,0,0.0,5.0,44100,bird,1.0
657,./kaggletest/greegr/,XC161277.ogg,72.21598639455782,0,5.0,5.0,44100,bird,1.0
658,./kaggletest/greegr/,XC161277.ogg,72.21598639455782,0,10.0,5.0,44100,bird,1.0
659,./kaggletest/greegr/,XC161277.ogg,72.21598639455782,0,15.0,5.0,44100,bird,1.0
660,./kaggletest/greegr/,XC161277.ogg,72.21598639455782,0,20.0,5.0,44100,bird,1.0
661,./kaggletest/greegr/,XC161277.ogg,72.21598639455782,0,25.0,5.0,44100,bird,1.0
662,./kaggletest/greegr/,XC161277.ogg,72.21598639455782,0,30.0,5.0,44100,bird,1.0
663,./kaggletest/greegr/,XC161277.ogg,72.21598639455782,0,35.0,5.0,44100,bird,1.0
664,./kaggletest/greegr/,XC161277.ogg,72.21598639455782,0,40.0,5.0,44100,bird,1.0
665,./kaggletest/greegr/,XC161277.ogg,72.21598639455782,0,45.0,5.0,44100,bird,1.0
666,./kaggletest/greegr/,XC161277.ogg,72.21598639455782,0,50.0,5.0,44100,bird,1.0
667,./kaggletest/greegr/,XC161277.ogg,72.21598639455782,0,55.0,5.0,44100,bird,1.0
668,./kaggletest/greegr/,XC161277.ogg,72.21598639455782,0,60.0,5.0,44100,bird,1.0
669,./kaggletest/greegr/,XC161277.ogg,72.21598639455782,0,65.0,5.0,44100,bird,1.0
670,./kaggletest/greegr/,XC694714.ogg,11.18,0,0.0,5.0,44100,bird,1.0
671,./kaggletest/greegr/,XC694714.ogg,11.18,0,5.0,5.0,44100,bird,1.0
672,./kaggletest/greegr/,XC161273.wav,5.0,0,0.0,5.0,44100,bird,1.0
673,./kaggletest/greegr/,XC609186.ogg,15.986916099773243,0,0.0,5.0,44100,bird,1.0
674,./kaggletest/greegr/,XC609186.ogg,15.986916099773243,0,5.0,5.0,44100,bird,1.0
675,./kaggletest/greegr/,XC609186.ogg,15.986916099773243,0,10.0,5.0,44100,bird,1.0
676,./kaggletest/greegr/,XC256098.ogg,7.943990929705215,0,0.0,5.0,44100,bird,1.0
677,./kaggletest/greegr/,XC336032.wav,5.0,0,0.0,5.0,44100,bird,1.0
678,./kaggletest/greegr/,XC443382.ogg,8.568140589569161,0,0.0,5.0,44100,bird,1.0
679,./kaggletest/greegr/,XC512126.ogg,10.703990929705215,0,0.0,5.0,44100,bird,1.0
680,./kaggletest/greegr/,XC512126.ogg,10.703990929705215,0,5.0,5.0,44100,bird,1.0
681,./kaggletest/greegr/,XC17012.ogg,6.555986394557823,0,0.0,5.0,44100,bird,1.0
682,./kaggletest/greegr/,XC302352.ogg,12.355895691609977,0,0.0,5.0,44100,bird,1.0
683,./kaggletest/greegr/,XC302352.ogg,12.355895691609977,0,5.0,5.0,44100,bird,1.0
684,./kaggletest/greegr/,XC473082.ogg,27.166984126984126,0,0.0,5.0,44100,bird,1.0
685,./kaggletest/greegr/,XC473082.ogg,27.166984126984126,0,5.0,5.0,44100,bird,1.0
686,./kaggletest/greegr/,XC473082.ogg,27.166984126984126,0,15.0,5.0,44100,bird,1.0
687,./kaggletest/greegr/,XC473082.ogg,27.166984126984126,0,20.0,5.0,44100,bird,1.0
688,./kaggletest/greegr/,XC512483.ogg,7.000793650793651,0,0.0,5.0,44100,bird,1.0
689,./kaggletest/greegr/,XC234780.ogg,95.16408163265307,0,5.0,5.0,44100,bird,1.0
690,./kaggletest/greegr/,XC234780.ogg,95.16408163265307,0,10.0,5.0,44100,bird,1.0
691,./kaggletest/greegr/,XC234780.ogg,95.16408163265307,0,15.0,5.0,44100,bird,1.0
692,./kaggletest/greegr/,XC234780.ogg,95.16408163265307,0,20.0,5.0,44100,bird,1.0
693,./kaggletest/greegr/,XC234780.ogg,95.16408163265307,0,25.0,5.0,44100,bird,1.0
694,./kaggletest/greegr/,XC234780.ogg,95.16408163265307,0,30.0,5.0,44100,bird,1.0
695,./kaggletest/greegr/,XC234780.ogg,95.16408163265307,0,35.0,5.0,44100,bird,1.0
696,./kaggletest/greegr/,XC234780.ogg,95.16408163265307,0,40.0,5.0,44100,bird,1.0
697,./kaggletest/greegr/,XC234780.ogg,95.16408163265307,0,45.0,5.0,44100,bird,1.0
698,./kaggletest/greegr/,XC234780.ogg,95.16408163265307,0,50.0,5.0,44100,bird,1.0
699,./kaggletest/greegr/,XC234780.ogg,95.16408163265307,0,55.0,5.0,44100,bird,1.0
700,./kaggletest/greegr/,XC234780.ogg,95.16408163265307,0,60.0,5.0,44100,bird,1.0
701,./kaggletest/greegr/,XC234780.ogg,95.16408163265307,0,65.0,5.0,44100,bird,1.0
702,./kaggletest/greegr/,XC234780.ogg,95.16408163265307,0,70.0,5.0,44100,bird,1.0
703,./kaggletest/greegr/,XC234780.ogg,95.16408163265307,0,75.0,5.0,44100,bird,1.0
704,./kaggletest/greegr/,XC234780.ogg,95.16408163265307,0,80.0,5.0,44100,bird,1.0
705,./kaggletest/greegr/,XC234780.ogg,95.16408163265307,0,85.0,5.0,44100,bird,1.0
706,./kaggletest/greegr/,XC234780.ogg,95.16408163265307,0,90.0,5.0,44100,bird,1.0
707,./kaggletest/greegr/,XC345145.ogg,9.822018140589568,0,0.0,5.0,44100,bird,1.0
708,./kaggletest/greegr/,XC161275.ogg,22.32,0,0.0,5.0,44100,bird,1.0
709,./kaggletest/greegr/,XC161275.ogg,22.32,0,5.0,5.0,44100,bird,1.0
710,./kaggletest/greegr/,XC161275.ogg,22.32,0,10.0,5.0,44100,bird,1.0
711,./kaggletest/greegr/,XC161275.ogg,22.32,0,15.0,5.0,44100,bird,1.0
712,./kaggletest/greegr/,XC465582.ogg,21.028548752834467,0,0.0,5.0,44100,bird,1.0
713,./kaggletest/greegr/,XC465582.ogg,21.028548752834467,0,5.0,5.0,44100,bird,1.0
714,./kaggletest/greegr/,XC465582.ogg,21.028548752834467,0,10.0,5.0,44100,bird,1.0
715,./kaggletest/greegr/,XC465582.ogg,21.028548752834467,0,15.0,5.0,44100,bird,1.0
716,./kaggletest/greegr/,XC287953.ogg,8.594263038548753,0,0.0,5.0,44100,bird,1.0
717,./kaggletest/greegr/,XC639080.wav,5.0,0,0.0,5.0,44100,bird,1.0
718,./kaggletest/greegr/,XC161274.ogg,92.54399092970522,0,0.0,5.0,44100,bird,1.0
719,./kaggletest/greegr/,XC161274.ogg,92.54399092970522,0,5.0,5.0,44100,bird,1.0
720,./kaggletest/greegr/,XC161274.ogg,92.54399092970522,0,10.0,5.0,44100,bird,1.0
721,./kaggletest/greegr/,XC161274.ogg,92.54399092970522,0,15.0,5.0,44100,bird,1.0
722,./kaggletest/greegr/,XC161274.ogg,92.54399092970522,0,20.0,5.0,44100,bird,1.0
723,./kaggletest/greegr/,XC161274.ogg,92.54399092970522,0,25.0,5.0,44100,bird,1.0
724,./kaggletest/greegr/,XC161274.ogg,92.54399092970522,0,30.0,5.0,44100,bird,1.0
725,./kaggletest/greegr/,XC161274.ogg,92.54399092970522,0,35.0,5.0,44100,bird,1.0
726,./kaggletest/greegr/,XC161274.ogg,92.54399092970522,0,40.0,5.0,44100,bird,1.0
727,./kaggletest/greegr/,XC161274.ogg,92.54399092970522,0,45.0,5.0,44100,bird,1.0
728,./kaggletest/greegr/,XC161274.ogg,92.54399092970522,0,50.0,5.0,44100,bird,1.0
729,./kaggletest/greegr/,XC161274.ogg,92.54399092970522,0,55.0,5.0,44100,bird,1.0
730,./kaggletest/greegr/,XC161274.ogg,92.54399092970522,0,60.0,5.0,44100,bird,1.0
731,./kaggletest/greegr/,XC161274.ogg,92.54399092970522,0,65.0,5.0,44100,bird,1.0
732,./kaggletest/greegr/,XC161274.ogg,92.54399092970522,0,70.0,5.0,44100,bird,1.0
733,./kaggletest/greegr/,XC161274.ogg,92.54399092970522,0,75.0,5.0,44100,bird,1.0
734,./kaggletest/greegr/,XC161274.ogg,92.54399092970522,0,80.0,5.0,44100,bird,1.0
735,./kaggletest/greegr/,XC161274.ogg,92.54399092970522,0,85.0,5.0,44100,bird,1.0
736,./kaggletest/greegr/,XC84914.ogg,19.173854875283446,0,0.0,5.0,44100,bird,1.0
737,./kaggletest/greegr/,XC84914.ogg,19.173854875283446,0,5.0,5.0,44100,bird,1.0
738,./kaggletest/greegr/,XC84914.ogg,19.173854875283446,0,10.0,5.0,44100,bird,1.0
739,./kaggletest/greegr/,XC116013.wav,5.0,0,0.0,5.0,44100,bird,1.0
740,./kaggletest/greegr/,XC669249.ogg,9.350997732426304,0,0.0,5.0,44100,bird,1.0
741,./kaggletest/greegr/,XC512125.ogg,6.268979591836735,0,0.0,5.0,44100,bird,1.0
742,./kaggletest/greegr/,XC638748.wav,5.0,0,0.0,5.0,44100,bird,1.0
743,./kaggletest/greegr/,XC431288.ogg,17.65877551020408,0,0.0,5.0,44100,bird,1.0
744,./kaggletest/greegr/,XC431288.ogg,17.65877551020408,0,5.0,5.0,44100,bird,1.0
745,./kaggletest/greegr/,XC431288.ogg,17.65877551020408,0,10.0,5.0,44100,bird,1.0
746,./kaggletest/greegr/,XC453357.ogg,45.0609977324263,0,0.0,5.0,44100,bird,1.0
747,./kaggletest/greegr/,XC453357.ogg,45.0609977324263,0,5.0,5.0,44100,bird,1.0
748,./kaggletest/greegr/,XC453357.ogg,45.0609977324263,0,10.0,5.0,44100,bird,1.0
749,./kaggletest/greegr/,XC453357.ogg,45.0609977324263,0,15.0,5.0,44100,bird,1.0
750,./kaggletest/greegr/,XC453357.ogg,45.0609977324263,0,30.0,5.0,44100,bird,1.0
751,./kaggletest/greegr/,XC453357.ogg,45.0609977324263,0,35.0,5.0,44100,bird,1.0
752,./kaggletest/greegr/,XC453357.ogg,45.0609977324263,0,40.0,5.0,44100,bird,1.0
753,./kaggletest/greegr/,XC598967.ogg,5.807981859410431,0,0.0,5.0,44100,bird,1.0
754,./kaggletest/greegr/,XC188001.ogg,6.191020408163265,0,0.0,5.0,44100,bird,1.0
755,./kaggletest/greegr/,XC302380.ogg,10.631836734693877,0,0.0,5.0,44100,bird,1.0
756,./kaggletest/greegr/,XC302380.ogg,10.631836734693877,0,5.0,5.0,44100,bird,1.0
757,./kaggletest/greegr/,XC452101.ogg,15.311995464852608,0,0.0,5.0,44100,bird,1.0
758,./kaggletest/greegr/,XC452101.ogg,15.311995464852608,0,5.0,5.0,44100,bird,1.0
759,./kaggletest/greegr/,XC452101.ogg,15.311995464852608,0,10.0,5.0,44100,bird,1.0
760,./kaggletest/greegr/,XC57590.ogg,8.96,0,0.0,5.0,44100,bird,1.0
761,./kaggletest/greegr/,XC295629.wav,5.0,0,0.0,5.0,44100,bird,1.0
762,./kaggletest/greegr/,XC665088.wav,5.0,0,0.0,5.0,44100,bird,1.0
763,./kaggletest/greegr/,XC650221.ogg,52.662834467120184,0,0.0,5.0,44100,bird,1.0
764,./kaggletest/greegr/,XC650221.ogg,52.662834467120184,0,5.0,5.0,44100,bird,1.0
765,./kaggletest/greegr/,XC650221.ogg,52.662834467120184,0,10.0,5.0,44100,bird,1.0
766,./kaggletest/greegr/,XC650221.ogg,52.662834467120184,0,15.0,5.0,44100,bird,1.0
767,./kaggletest/greegr/,XC650221.ogg,52.662834467120184,0,20.0,5.0,44100,bird,1.0
768,./kaggletest/greegr/,XC650221.ogg,52.662834467120184,0,25.0,5.0,44100,bird,1.0
769,./kaggletest/greegr/,XC650221.ogg,52.662834467120184,0,30.0,5.0,44100,bird,1.0
770,./kaggletest/greegr/,XC650221.ogg,52.662834467120184,0,35.0,5.0,44100,bird,1.0
771,./kaggletest/greegr/,XC650221.ogg,52.662834467120184,0,40.0,5.0,44100,bird,1.0
772,./kaggletest/greegr/,XC650221.ogg,52.662834467120184,0,45.0,5.0,44100,bird,1.0
773,./kaggletest/greegr/,XC188602.wav,5.0,0,0.0,5.0,44100,bird,1.0
774,./kaggletest/greegr/,XC441197.ogg,5.982018140589569,0,0.0,5.0,44100,bird,1.0
775,./kaggletest/greegr/,XC143577.ogg,24.263990929705216,0,0.0,5.0,44100,bird,1.0
776,./kaggletest/greegr/,XC143577.ogg,24.263990929705216,0,5.0,5.0,44100,bird,1.0
777,./kaggletest/greegr/,XC143577.ogg,24.263990929705216,0,10.0,5.0,44100,bird,1.0
778,./kaggletest/greegr/,XC143577.ogg,24.263990929705216,0,15.0,5.0,44100,bird,1.0
779,./kaggletest/greegr/,XC131650.ogg,6.164897959183674,0,0.0,5.0,44100,bird,1.0
780,./kaggletest/greegr/,XC669884.ogg,6.023990929705215,0,0.0,5.0,44100,bird,1.0
781,./kaggletest/greegr/,XC412524.ogg,8.019591836734694,0,0.0,5.0,44100,bird,1.0
782,./kaggletest/greegr/,XC638749.wav,5.0,0,0.0,5.0,44100,bird,1.0
783,./kaggletest/greegr/,XC171658.ogg,8.359183673469389,0,0.0,5.0,44100,bird,1.0
784,./kaggletest/greegr/,XC681080.ogg,28.08,0,0.0,5.0,44100,bird,1.0
785,./kaggletest/greegr/,XC681080.ogg,28.08,0,5.0,5.0,44100,bird,1.0
786,./kaggletest/greegr/,XC681080.ogg,28.08,0,10.0,5.0,44100,bird,1.0
787,./kaggletest/greegr/,XC681080.ogg,28.08,0,15.0,5.0,44100,bird,1.0
788,./kaggletest/greegr/,XC681080.ogg,28.08,0,20.0,5.0,44100,bird,1.0
789,./kaggletest/greegr/,XC2778.ogg,13.583673469387755,0,0.0,5.0,44100,bird,1.0
790,./kaggletest/greegr/,XC2778.ogg,13.583673469387755,0,5.0,5.0,44100,bird,1.0
791,./kaggletest/greegr/,XC597845.wav,5.0,0,0.0,5.0,44100,bird,1.0
792,./kaggletest/greegr/,XC580865.ogg,5.407324263038549,0,0.0,5.0,44100,bird,1.0
793,./kaggletest/greegr/,XC490733.ogg,5.093854875283447,0,0.0,5.0,44100,bird,1.0
794,./kaggletest/greegr/,XC627082.ogg,13.190997732426304,0,0.0,5.0,44100,bird,1.0
795,./kaggletest/greegr/,XC627082.ogg,13.190997732426304,0,5.0,5.0,44100,bird,1.0
796,./kaggletest/greegr/,XC139959.ogg,28.8,0,0.0,5.0,44100,bird,1.0
797,./kaggletest/greegr/,XC139959.ogg,28.8,0,5.0,5.0,44100,bird,1.0
798,./kaggletest/greegr/,XC139959.ogg,28.8,0,10.0,5.0,44100,bird,1.0
799,./kaggletest/greegr/,XC139959.ogg,28.8,0,15.0,5.0,44100,bird,1.0
800,./kaggletest/greegr/,XC139959.ogg,28.8,0,20.0,5.0,44100,bird,1.0
801,./kaggletest/greegr/,XC686664.ogg,28.70798185941043,0,0.0,5.0,44100,bird,1.0
802,./kaggletest/greegr/,XC686664.ogg,28.70798185941043,0,5.0,5.0,44100,bird,1.0
803,./kaggletest/greegr/,XC686664.ogg,28.70798185941043,0,10.0,5.0,44100,bird,1.0
804,./kaggletest/greegr/,XC686664.ogg,28.70798185941043,0,15.0,5.0,44100,bird,1.0
805,./kaggletest/greegr/,XC686664.ogg,28.70798185941043,0,20.0,5.0,44100,bird,1.0
806,./kaggletest/greegr/,XC627083.ogg,10.160997732426305,0,0.0,5.0,44100,bird,1.0
807,./kaggletest/greegr/,XC627083.ogg,10.160997732426305,0,5.0,5.0,44100,bird,1.0
808,./kaggletest/greegr/,XC161538.wav,5.0,0,0.0,5.0,44100,bird,1.0
809,./kaggletest/greegr/,XC605975.ogg,11.598367346938776,0,0.0,5.0,44100,bird,1.0
810,./kaggletest/greegr/,XC605975.ogg,11.598367346938776,0,5.0,5.0,44100,bird,1.0
811,./kaggletest/greegr/,XC455644.ogg,6.973990929705216,0,0.0,5.0,44100,bird,1.0
812,./kaggletest/greegr/,XC167213.ogg,15.767981859410432,0,0.0,5.0,44100,bird,1.0
813,./kaggletest/greegr/,XC167213.ogg,15.767981859410432,0,5.0,5.0,44100,bird,1.0
814,./kaggletest/greegr/,XC167213.ogg,15.767981859410432,0,10.0,5.0,44100,bird,1.0
815,./kaggletest/greegr/,XC303739.ogg,5.9759863945578235,0,0.0,5.0,44100,bird,1.0
816,./kaggletest/greegr/,XC193153.ogg,245.37598639455783,0,0.0,5.0,44100,bird,1.0
817,./kaggletest/greegr/,XC193153.ogg,245.37598639455783,0,5.0,5.0,44100,bird,1.0
818,./kaggletest/greegr/,XC193153.ogg,245.37598639455783,0,10.0,5.0,44100,bird,1.0
819,./kaggletest/greegr/,XC193153.ogg,245.37598639455783,0,15.0,5.0,44100,bird,1.0
820,./kaggletest/greegr/,XC193153.ogg,245.37598639455783,0,20.0,5.0,44100,bird,1.0
821,./kaggletest/greegr/,XC193153.ogg,245.37598639455783,0,25.0,5.0,44100,bird,1.0
822,./kaggletest/greegr/,XC193153.ogg,245.37598639455783,0,30.0,5.0,44100,bird,1.0
823,./kaggletest/greegr/,XC193153.ogg,245.37598639455783,0,35.0,5.0,44100,bird,1.0
824,./kaggletest/greegr/,XC193153.ogg,245.37598639455783,0,40.0,5.0,44100,bird,1.0
825,./kaggletest/greegr/,XC193153.ogg,245.37598639455783,0,45.0,5.0,44100,bird,1.0
826,./kaggletest/greegr/,XC193153.ogg,245.37598639455783,0,50.0,5.0,44100,bird,1.0
827,./kaggletest/greegr/,XC193153.ogg,245.37598639455783,0,55.0,5.0,44100,bird,1.0
828,./kaggletest/greegr/,XC193153.ogg,245.37598639455783,0,60.0,5.0,44100,bird,1.0
829,./kaggletest/greegr/,XC193153.ogg,245.37598639455783,0,65.0,5.0,44100,bird,1.0
830,./kaggletest/greegr/,XC193153.ogg,245.37598639455783,0,70.0,5.0,44100,bird,1.0
831,./kaggletest/greegr/,XC193153.ogg,245.37598639455783,0,75.0,5.0,44100,bird,1.0
832,./kaggletest/greegr/,XC193153.ogg,245.37598639455783,0,80.0,5.0,44100,bird,1.0
833,./kaggletest/greegr/,XC193153.ogg,245.37598639455783,0,85.0,5.0,44100,bird,1.0
834,./kaggletest/greegr/,XC193153.ogg,245.37598639455783,0,90.0,5.0,44100,bird,1.0
835,./kaggletest/greegr/,XC193153.ogg,245.37598639455783,0,95.0,5.0,44100,bird,1.0
836,./kaggletest/greegr/,XC193153.ogg,245.37598639455783,0,100.0,5.0,44100,bird,1.0
837,./kaggletest/greegr/,XC193153.ogg,245.37598639455783,0,105.0,5.0,44100,bird,1.0
838,./kaggletest/greegr/,XC193153.ogg,245.37598639455783,0,110.0,5.0,44100,bird,1.0
839,./kaggletest/greegr/,XC193153.ogg,245.37598639455783,0,115.0,5.0,44100,bird,1.0
840,./kaggletest/greegr/,XC193153.ogg,245.37598639455783,0,120.0,5.0,44100,bird,1.0
841,./kaggletest/greegr/,XC193153.ogg,245.37598639455783,0,125.0,5.0,44100,bird,1.0
842,./kaggletest/greegr/,XC193153.ogg,245.37598639455783,0,130.0,5.0,44100,bird,1.0
843,./kaggletest/greegr/,XC193153.ogg,245.37598639455783,0,135.0,5.0,44100,bird,1.0
844,./kaggletest/greegr/,XC193153.ogg,245.37598639455783,0,140.0,5.0,44100,bird,1.0
845,./kaggletest/greegr/,XC193153.ogg,245.37598639455783,0,145.0,5.0,44100,bird,1.0
846,./kaggletest/greegr/,XC193153.ogg,245.37598639455783,0,150.0,5.0,44100,bird,1.0
847,./kaggletest/greegr/,XC193153.ogg,245.37598639455783,0,155.0,5.0,44100,bird,1.0
848,./kaggletest/greegr/,XC193153.ogg,245.37598639455783,0,160.0,5.0,44100,bird,1.0
849,./kaggletest/greegr/,XC193153.ogg,245.37598639455783,0,165.0,5.0,44100,bird,1.0
850,./kaggletest/greegr/,XC193153.ogg,245.37598639455783,0,170.0,5.0,44100,bird,1.0
851,./kaggletest/greegr/,XC193153.ogg,245.37598639455783,0,175.0,5.0,44100,bird,1.0
852,./kaggletest/greegr/,XC193153.ogg,245.37598639455783,0,180.0,5.0,44100,bird,1.0
853,./kaggletest/greegr/,XC193153.ogg,245.37598639455783,0,185.0,5.0,44100,bird,1.0
854,./kaggletest/greegr/,XC193153.ogg,245.37598639455783,0,190.0,5.0,44100,bird,1.0
855,./kaggletest/greegr/,XC193153.ogg,245.37598639455783,0,195.0,5.0,44100,bird,1.0
856,./kaggletest/greegr/,XC193153.ogg,245.37598639455783,0,200.0,5.0,44100,bird,1.0
857,./kaggletest/greegr/,XC193153.ogg,245.37598639455783,0,205.0,5.0,44100,bird,1.0
858,./kaggletest/greegr/,XC193153.ogg,245.37598639455783,0,210.0,5.0,44100,bird,1.0
859,./kaggletest/greegr/,XC193153.ogg,245.37598639455783,0,215.0,5.0,44100,bird,1.0
860,./kaggletest/greegr/,XC193153.ogg,245.37598639455783,0,220.0,5.0,44100,bird,1.0
861,./kaggletest/greegr/,XC193153.ogg,245.37598639455783,0,225.0,5.0,44100,bird,1.0
862,./kaggletest/greegr/,XC193153.ogg,245.37598639455783,0,230.0,5.0,44100,bird,1.0
863,./kaggletest/greegr/,XC193153.ogg,245.37598639455783,0,235.0,5.0,44100,bird,1.0
864,./kaggletest/greegr/,XC193153.ogg,245.37598639455783,0,240.0,5.0,44100,bird,1.0
865,./kaggletest/greegr/,XC135970.ogg,43.363242630385486,0,0.0,5.0,44100,bird,1.0
866,./kaggletest/greegr/,XC135970.ogg,43.363242630385486,0,5.0,5.0,44100,bird,1.0
867,./kaggletest/greegr/,XC135970.ogg,43.363242630385486,0,10.0,5.0,44100,bird,1.0
868,./kaggletest/greegr/,XC135970.ogg,43.363242630385486,0,15.0,5.0,44100,bird,1.0
869,./kaggletest/greegr/,XC135970.ogg,43.363242630385486,0,20.0,5.0,44100,bird,1.0
870,./kaggletest/greegr/,XC135970.ogg,43.363242630385486,0,25.0,5.0,44100,bird,1.0
871,./kaggletest/greegr/,XC135970.ogg,43.363242630385486,0,30.0,5.0,44100,bird,1.0
872,./kaggletest/greegr/,XC135970.ogg,43.363242630385486,0,35.0,5.0,44100,bird,1.0
873,./kaggletest/greegr/,XC425957.ogg,10.475079365079365,0,0.0,5.0,44100,bird,1.0
874,./kaggletest/greegr/,XC425957.ogg,10.475079365079365,0,5.0,5.0,44100,bird,1.0
875,./kaggletest/greegr/,XC345092.ogg,7.471020408163265,0,0.0,5.0,44100,bird,1.0
876,./kaggletest/greegr/,XC615283.ogg,8.04,0,0.0,5.0,44100,bird,1.0
877,./kaggletest/greegr/,XC453044.ogg,6.815986394557823,0,0.0,5.0,44100,bird,1.0
878,./kaggletest/greegr/,XC515993.ogg,46.08,0,0.0,5.0,44100,bird,1.0
879,./kaggletest/greegr/,XC515993.ogg,46.08,0,5.0,5.0,44100,bird,1.0
880,./kaggletest/greegr/,XC515993.ogg,46.08,0,10.0,5.0,44100,bird,1.0
881,./kaggletest/greegr/,XC515993.ogg,46.08,0,15.0,5.0,44100,bird,1.0
882,./kaggletest/greegr/,XC515993.ogg,46.08,0,20.0,5.0,44100,bird,1.0
883,./kaggletest/greegr/,XC515993.ogg,46.08,0,25.0,5.0,44100,bird,1.0
884,./kaggletest/greegr/,XC515993.ogg,46.08,0,30.0,5.0,44100,bird,1.0
885,./kaggletest/greegr/,XC515993.ogg,46.08,0,35.0,5.0,44100,bird,1.0
886,./kaggletest/greegr/,XC515993.ogg,46.08,0,40.0,5.0,44100,bird,1.0
887,./kaggletest/greegr/,XC351385.ogg,5.276734693877551,0,0.0,5.0,44100,bird,1.0
888,./kaggletest/greegr/,XC515821.wav,5.0,0,0.0,5.0,44100,bird,1.0
889,./kaggletest/greegr/,XC432068.ogg,113.50199546485261,0,0.0,5.0,44100,bird,1.0
890,./kaggletest/greegr/,XC432068.ogg,113.50199546485261,0,5.0,5.0,44100,bird,1.0
891,./kaggletest/greegr/,XC432068.ogg,113.50199546485261,0,10.0,5.0,44100,bird,1.0
892,./kaggletest/greegr/,XC432068.ogg,113.50199546485261,0,15.0,5.0,44100,bird,1.0
893,./kaggletest/greegr/,XC432068.ogg,113.50199546485261,0,20.0,5.0,44100,bird,1.0
894,./kaggletest/greegr/,XC432068.ogg,113.50199546485261,0,25.0,5.0,44100,bird,1.0
895,./kaggletest/greegr/,XC432068.ogg,113.50199546485261,0,30.0,5.0,44100,bird,1.0
896,./kaggletest/greegr/,XC432068.ogg,113.50199546485261,0,35.0,5.0,44100,bird,1.0
897,./kaggletest/greegr/,XC432068.ogg,113.50199546485261,0,40.0,5.0,44100,bird,1.0
898,./kaggletest/greegr/,XC432068.ogg,113.50199546485261,0,45.0,5.0,44100,bird,1.0
899,./kaggletest/greegr/,XC432068.ogg,113.50199546485261,0,50.0,5.0,44100,bird,1.0
900,./kaggletest/greegr/,XC432068.ogg,113.50199546485261,0,55.0,5.0,44100,bird,1.0
901,./kaggletest/greegr/,XC432068.ogg,113.50199546485261,0,65.0,5.0,44100,bird,1.0
902,./kaggletest/greegr/,XC432068.ogg,113.50199546485261,0,75.0,5.0,44100,bird,1.0
903,./kaggletest/greegr/,XC432068.ogg,113.50199546485261,0,80.0,5.0,44100,bird,1.0
904,./kaggletest/greegr/,XC432068.ogg,113.50199546485261,0,85.0,5.0,44100,bird,1.0
905,./kaggletest/greegr/,XC432068.ogg,113.50199546485261,0,95.0,5.0,44100,bird,1.0
906,./kaggletest/greegr/,XC432068.ogg,113.50199546485261,0,100.0,5.0,44100,bird,1.0
907,./kaggletest/greegr/,XC432068.ogg,113.50199546485261,0,105.0,5.0,44100,bird,1.0
908,./kaggletest/greegr/,XC298741.ogg,14.08798185941043,0,0.0,5.0,44100,bird,1.0
909,./kaggletest/greegr/,XC298741.ogg,14.08798185941043,0,5.0,5.0,44100,bird,1.0
910,./kaggletest/greegr/,XC738072.ogg,12.564897959183673,0,0.0,5.0,44100,bird,1.0
911,./kaggletest/greegr/,XC738072.ogg,12.564897959183673,0,5.0,5.0,44100,bird,1.0
912,./kaggletest/greegr/,XC603579.wav,5.0,0,0.0,5.0,44100,bird,1.0
913,./kaggletest/greegr/,XC307659.ogg,6.060385487528345,0,0.0,5.0,44100,bird,1.0
914,./kaggletest/greegr/,XC673449.ogg,9.324988662131519,0,0.0,5.0,44100,bird,1.0
915,./kaggletest/greegr/,XC569906.ogg,15.333854875283446,0,0.0,5.0,44100,bird,1.0
916,./kaggletest/greegr/,XC569906.ogg,15.333854875283446,0,5.0,5.0,44100,bird,1.0
917,./kaggletest/greegr/,XC130689.ogg,15.307732426303854,0,0.0,5.0,44100,bird,1.0
918,./kaggletest/greegr/,XC130689.ogg,15.307732426303854,0,5.0,5.0,44100,bird,1.0
919,./kaggletest/greegr/,XC130689.ogg,15.307732426303854,0,10.0,5.0,44100,bird,1.0
920,./kaggletest/greegr/,XC109030.ogg,26.831995464852607,0,0.0,5.0,44100,bird,1.0
921,./kaggletest/greegr/,XC109030.ogg,26.831995464852607,0,5.0,5.0,44100,bird,1.0
922,./kaggletest/greegr/,XC109030.ogg,26.831995464852607,0,10.0,5.0,44100,bird,1.0
923,./kaggletest/greegr/,XC109030.ogg,26.831995464852607,0,15.0,5.0,44100,bird,1.0
924,./kaggletest/greegr/,XC109030.ogg,26.831995464852607,0,20.0,5.0,44100,bird,1.0
925,./kaggletest/greegr/,XC123183.ogg,8.724897959183673,0,0.0,5.0,44100,bird,1.0
926,./kaggletest/greegr/,XC257309.ogg,8.176303854875284,0,0.0,5.0,44100,bird,1.0
927,./kaggletest/greegr/,XC615285.ogg,7.631995464852608,0,0.0,5.0,44100,bird,1.0
928,./kaggletest/greegr/,XC129041.ogg,72.6726530612245,0,0.0,5.0,44100,bird,1.0
929,./kaggletest/greegr/,XC129041.ogg,72.6726530612245,0,5.0,5.0,44100,bird,1.0
930,./kaggletest/greegr/,XC129041.ogg,72.6726530612245,0,10.0,5.0,44100,bird,1.0
931,./kaggletest/greegr/,XC129041.ogg,72.6726530612245,0,15.0,5.0,44100,bird,1.0
932,./kaggletest/greegr/,XC129041.ogg,72.6726530612245,0,20.0,5.0,44100,bird,1.0
933,./kaggletest/greegr/,XC129041.ogg,72.6726530612245,0,25.0,5.0,44100,bird,1.0
934,./kaggletest/greegr/,XC129041.ogg,72.6726530612245,0,30.0,5.0,44100,bird,1.0
935,./kaggletest/greegr/,XC129041.ogg,72.6726530612245,0,35.0,5.0,44100,bird,1.0
936,./kaggletest/greegr/,XC129041.ogg,72.6726530612245,0,40.0,5.0,44100,bird,1.0
937,./kaggletest/greegr/,XC129041.ogg,72.6726530612245,0,45.0,5.0,44100,bird,1.0
938,./kaggletest/greegr/,XC129041.ogg,72.6726530612245,0,50.0,5.0,44100,bird,1.0
939,./kaggletest/greegr/,XC290050.ogg,9.221201814058958,0,0.0,5.0,44100,bird,1.0
940,./kaggletest/greegr/,XC398626.ogg,5.850997732426304,0,0.0,5.0,44100,bird,1.0
941,./kaggletest/greegr/,XC247286.ogg,9.743673469387755,0,0.0,5.0,44100,bird,1.0
942,./kaggletest/greegr/,XC515943.ogg,9.191995464852608,0,0.0,5.0,44100,bird,1.0
943,./kaggletest/greegr/,XC515994.ogg,8.071836734693878,0,0.0,5.0,44100,bird,1.0
944,./kaggletest/greegr/,XC234687.ogg,133.4595918367347,0,0.0,5.0,44100,bird,1.0
945,./kaggletest/greegr/,XC234687.ogg,133.4595918367347,0,5.0,5.0,44100,bird,1.0
946,./kaggletest/greegr/,XC234687.ogg,133.4595918367347,0,10.0,5.0,44100,bird,1.0
947,./kaggletest/greegr/,XC234687.ogg,133.4595918367347,0,15.0,5.0,44100,bird,1.0
948,./kaggletest/greegr/,XC234687.ogg,133.4595918367347,0,20.0,5.0,44100,bird,1.0
949,./kaggletest/greegr/,XC234687.ogg,133.4595918367347,0,25.0,5.0,44100,bird,1.0
950,./kaggletest/greegr/,XC234687.ogg,133.4595918367347,0,30.0,5.0,44100,bird,1.0
951,./kaggletest/greegr/,XC234687.ogg,133.4595918367347,0,35.0,5.0,44100,bird,1.0
952,./kaggletest/greegr/,XC234687.ogg,133.4595918367347,0,40.0,5.0,44100,bird,1.0
953,./kaggletest/greegr/,XC234687.ogg,133.4595918367347,0,45.0,5.0,44100,bird,1.0
954,./kaggletest/greegr/,XC234687.ogg,133.4595918367347,0,50.0,5.0,44100,bird,1.0
955,./kaggletest/greegr/,XC234687.ogg,133.4595918367347,0,55.0,5.0,44100,bird,1.0
956,./kaggletest/greegr/,XC234687.ogg,133.4595918367347,0,60.0,5.0,44100,bird,1.0
957,./kaggletest/greegr/,XC234687.ogg,133.4595918367347,0,65.0,5.0,44100,bird,1.0
958,./kaggletest/greegr/,XC234687.ogg,133.4595918367347,0,70.0,5.0,44100,bird,1.0
959,./kaggletest/greegr/,XC234687.ogg,133.4595918367347,0,75.0,5.0,44100,bird,1.0
960,./kaggletest/greegr/,XC234687.ogg,133.4595918367347,0,80.0,5.0,44100,bird,1.0
961,./kaggletest/greegr/,XC234687.ogg,133.4595918367347,0,85.0,5.0,44100,bird,1.0
962,./kaggletest/greegr/,XC234687.ogg,133.4595918367347,0,90.0,5.0,44100,bird,1.0
963,./kaggletest/greegr/,XC234687.ogg,133.4595918367347,0,95.0,5.0,44100,bird,1.0
964,./kaggletest/greegr/,XC234687.ogg,133.4595918367347,0,100.0,5.0,44100,bird,1.0
965,./kaggletest/greegr/,XC234687.ogg,133.4595918367347,0,105.0,5.0,44100,bird,1.0
966,./kaggletest/greegr/,XC234687.ogg,133.4595918367347,0,110.0,5.0,44100,bird,1.0
967,./kaggletest/greegr/,XC234687.ogg,133.4595918367347,0,115.0,5.0,44100,bird,1.0
968,./kaggletest/greegr/,XC234687.ogg,133.4595918367347,0,120.0,5.0,44100,bird,1.0
969,./kaggletest/greegr/,XC234687.ogg,133.4595918367347,0,125.0,5.0,44100,bird,1.0
970,./kaggletest/greegr/,XC257308.ogg,14.628548752834467,0,0.0,5.0,44100,bird,1.0
971,./kaggletest/greegr/,XC257308.ogg,14.628548752834467,0,5.0,5.0,44100,bird,1.0
972,./kaggletest/greegr/,XC497808.ogg,10.160997732426305,0,0.0,5.0,44100,bird,1.0
973,./kaggletest/greegr/,XC497808.ogg,10.160997732426305,0,5.0,5.0,44100,bird,1.0
974,./kaggletest/greegr/,XC554102.ogg,11.28,0,0.0,5.0,44100,bird,1.0
975,./kaggletest/greegr/,XC554102.ogg,11.28,0,5.0,5.0,44100,bird,1.0
976,./kaggletest/greegr/,XC198099.ogg,15.595079365079364,0,0.0,5.0,44100,bird,1.0
977,./kaggletest/greegr/,XC198099.ogg,15.595079365079364,0,5.0,5.0,44100,bird,1.0
978,./kaggletest/greegr/,XC198099.ogg,15.595079365079364,0,10.0,5.0,44100,bird,1.0
979,./kaggletest/greegr/,XC397338.ogg,24.031995464852606,0,0.0,5.0,44100,bird,1.0
980,./kaggletest/greegr/,XC397338.ogg,24.031995464852606,0,5.0,5.0,44100,bird,1.0
981,./kaggletest/greegr/,XC397338.ogg,24.031995464852606,0,10.0,5.0,44100,bird,1.0
982,./kaggletest/greegr/,XC397338.ogg,24.031995464852606,0,15.0,5.0,44100,bird,1.0
983,./kaggletest/greegr/,XC570049.ogg,6.767981859410431,0,0.0,5.0,44100,bird,1.0
984,./kaggletest/greegr/,XC462840.ogg,10.421995464852607,0,0.0,5.0,44100,bird,1.0
985,./kaggletest/greegr/,XC462840.ogg,10.421995464852607,0,5.0,5.0,44100,bird,1.0
986,./kaggletest/greegr/,XC361135.ogg,24.398367346938777,0,0.0,5.0,44100,bird,1.0
987,./kaggletest/greegr/,XC361135.ogg,24.398367346938777,0,5.0,5.0,44100,bird,1.0
988,./kaggletest/greegr/,XC361135.ogg,24.398367346938777,0,10.0,5.0,44100,bird,1.0
989,./kaggletest/greegr/,XC361135.ogg,24.398367346938777,0,15.0,5.0,44100,bird,1.0
990,./kaggletest/greegr/,XC674495.wav,5.0,0,0.0,5.0,44100,bird,1.0
991,./kaggletest/greegr/,XC515945.wav,5.0,0,0.0,5.0,44100,bird,1.0
992,./kaggletest/greegr/,XC198104.ogg,40.88160997732426,0,0.0,5.0,44100,bird,1.0
993,./kaggletest/greegr/,XC198104.ogg,40.88160997732426,0,5.0,5.0,44100,bird,1.0
994,./kaggletest/greegr/,XC198104.ogg,40.88160997732426,0,10.0,5.0,44100,bird,1.0
995,./kaggletest/greegr/,XC198104.ogg,40.88160997732426,0,15.0,5.0,44100,bird,1.0
996,./kaggletest/greegr/,XC198104.ogg,40.88160997732426,0,20.0,5.0,44100,bird,1.0
997,./kaggletest/greegr/,XC198104.ogg,40.88160997732426,0,25.0,5.0,44100,bird,1.0
998,./kaggletest/greegr/,XC198104.ogg,40.88160997732426,0,30.0,5.0,44100,bird,1.0
999,./kaggletest/greegr/,XC198104.ogg,40.88160997732426,0,35.0,5.0,44100,bird,1.0
1000,./kaggletest/greegr/,XC515940.ogg,6.743990929705215,0,0.0,5.0,44100,bird,1.0
1001,./kaggletest/greegr/,XC338469.wav,5.0,0,0.0,5.0,44100,bird,1.0
