,FOLDER,IN FILE,CLIP LENGTH,CHANNEL,OFFSET,DURATION,SAMPLE RATE,MANUAL ID,CONFIDENCE
0,./kaggletest/gryapa1/,XC429118.ogg,16.169773242630384,0,0.0,5.0,44100,bird,1.0
1,./kaggletest/gryapa1/,XC429118.ogg,16.169773242630384,0,5.0,5.0,44100,bird,1.0
2,./kaggletest/gryapa1/,XC429118.ogg,16.169773242630384,0,10.0,5.0,44100,bird,1.0
3,./kaggletest/gryapa1/,XC430677.ogg,10.94498866213152,0,0.0,5.0,44100,bird,1.0
4,./kaggletest/gryapa1/,XC430677.ogg,10.94498866213152,0,5.0,5.0,44100,bird,1.0
5,./kaggletest/gryapa1/,XC158717.ogg,30.623990929705215,0,0.0,5.0,44100,bird,1.0
6,./kaggletest/gryapa1/,XC158717.ogg,30.623990929705215,0,5.0,5.0,44100,bird,1.0
7,./kaggletest/gryapa1/,XC158717.ogg,30.623990929705215,0,10.0,5.0,44100,bird,1.0
8,./kaggletest/gryapa1/,XC158717.ogg,30.623990929705215,0,15.0,5.0,44100,bird,1.0
9,./kaggletest/gryapa1/,XC158717.ogg,30.623990929705215,0,20.0,5.0,44100,bird,1.0
10,./kaggletest/gryapa1/,XC158717.ogg,30.623990929705215,0,25.0,5.0,44100,bird,1.0
11,./kaggletest/gryapa1/,XC289530.ogg,38.45224489795918,0,0.0,5.0,44100,bird,1.0
12,./kaggletest/gryapa1/,XC289530.ogg,38.45224489795918,0,5.0,5.0,44100,bird,1.0
13,./kaggletest/gryapa1/,XC289530.ogg,38.45224489795918,0,10.0,5.0,44100,bird,1.0
14,./kaggletest/gryapa1/,XC289530.ogg,38.45224489795918,0,15.0,5.0,44100,bird,1.0
15,./kaggletest/gryapa1/,XC289530.ogg,38.45224489795918,0,20.0,5.0,44100,bird,1.0
16,./kaggletest/gryapa1/,XC289530.ogg,38.45224489795918,0,25.0,5.0,44100,bird,1.0
17,./kaggletest/gryapa1/,XC289530.ogg,38.45224489795918,0,30.0,5.0,44100,bird,1.0
18,./kaggletest/gryapa1/,XC205446.ogg,16.901201814058957,0,0.0,5.0,44100,bird,1.0
19,./kaggletest/gryapa1/,XC205446.ogg,16.901201814058957,0,5.0,5.0,44100,bird,1.0
20,./kaggletest/gryapa1/,XC205446.ogg,16.901201814058957,0,10.0,5.0,44100,bird,1.0
21,./kaggletest/gryapa1/,XC537889.ogg,25.364897959183672,0,0.0,5.0,44100,bird,1.0
22,./kaggletest/gryapa1/,XC537889.ogg,25.364897959183672,0,10.0,5.0,44100,bird,1.0
23,./kaggletest/gryapa1/,XC537889.ogg,25.364897959183672,0,15.0,5.0,44100,bird,1.0
24,./kaggletest/gryapa1/,XC537889.ogg,25.364897959183672,0,20.0,5.0,44100,bird,1.0
25,./kaggletest/gryapa1/,XC241775.ogg,46.13201814058957,0,0.0,5.0,44100,bird,1.0
26,./kaggletest/gryapa1/,XC241775.ogg,46.13201814058957,0,5.0,5.0,44100,bird,1.0
27,./kaggletest/gryapa1/,XC241775.ogg,46.13201814058957,0,10.0,5.0,44100,bird,1.0
28,./kaggletest/gryapa1/,XC241775.ogg,46.13201814058957,0,15.0,5.0,44100,bird,1.0
29,./kaggletest/gryapa1/,XC241775.ogg,46.13201814058957,0,20.0,5.0,44100,bird,1.0
30,./kaggletest/gryapa1/,XC241775.ogg,46.13201814058957,0,25.0,5.0,44100,bird,1.0
31,./kaggletest/gryapa1/,XC241775.ogg,46.13201814058957,0,30.0,5.0,44100,bird,1.0
32,./kaggletest/gryapa1/,XC241775.ogg,46.13201814058957,0,35.0,5.0,44100,bird,1.0
33,./kaggletest/gryapa1/,XC241775.ogg,46.13201814058957,0,40.0,5.0,44100,bird,1.0
34,./kaggletest/gryapa1/,XC479064.ogg,7.757981859410431,0,0.0,5.0,44100,bird,1.0
35,./kaggletest/gryapa1/,XC289708.ogg,14.08,0,0.0,5.0,44100,bird,1.0
36,./kaggletest/gryapa1/,XC289708.ogg,14.08,0,5.0,5.0,44100,bird,1.0
37,./kaggletest/gryapa1/,XC157040.ogg,15.07265306122449,0,10.0,5.0,44100,bird,1.0
38,./kaggletest/gryapa1/,XC465945.ogg,28.47344671201814,0,0.0,5.0,44100,bird,1.0
39,./kaggletest/gryapa1/,XC465945.ogg,28.47344671201814,0,5.0,5.0,44100,bird,1.0
40,./kaggletest/gryapa1/,XC465945.ogg,28.47344671201814,0,10.0,5.0,44100,bird,1.0
41,./kaggletest/gryapa1/,XC465945.ogg,28.47344671201814,0,15.0,5.0,44100,bird,1.0
42,./kaggletest/gryapa1/,XC465945.ogg,28.47344671201814,0,20.0,5.0,44100,bird,1.0
43,./kaggletest/gryapa1/,XC756852.ogg,13.322426303854876,0,0.0,5.0,44100,bird,1.0
44,./kaggletest/gryapa1/,XC756852.ogg,13.322426303854876,0,5.0,5.0,44100,bird,1.0
45,./kaggletest/gryapa1/,XC465954.ogg,33.95918367346939,0,0.0,5.0,44100,bird,1.0
46,./kaggletest/gryapa1/,XC465954.ogg,33.95918367346939,0,5.0,5.0,44100,bird,1.0
47,./kaggletest/gryapa1/,XC465954.ogg,33.95918367346939,0,10.0,5.0,44100,bird,1.0
48,./kaggletest/gryapa1/,XC465954.ogg,33.95918367346939,0,15.0,5.0,44100,bird,1.0
49,./kaggletest/gryapa1/,XC465954.ogg,33.95918367346939,0,20.0,5.0,44100,bird,1.0
50,./kaggletest/gryapa1/,XC465954.ogg,33.95918367346939,0,25.0,5.0,44100,bird,1.0
51,./kaggletest/gryapa1/,XC289554.ogg,39.99344671201814,0,0.0,5.0,44100,bird,1.0
52,./kaggletest/gryapa1/,XC289554.ogg,39.99344671201814,0,5.0,5.0,44100,bird,1.0
53,./kaggletest/gryapa1/,XC289554.ogg,39.99344671201814,0,10.0,5.0,44100,bird,1.0
54,./kaggletest/gryapa1/,XC289554.ogg,39.99344671201814,0,15.0,5.0,44100,bird,1.0
55,./kaggletest/gryapa1/,XC289554.ogg,39.99344671201814,0,20.0,5.0,44100,bird,1.0
56,./kaggletest/gryapa1/,XC289554.ogg,39.99344671201814,0,25.0,5.0,44100,bird,1.0
57,./kaggletest/gryapa1/,XC289554.ogg,39.99344671201814,0,30.0,5.0,44100,bird,1.0
58,./kaggletest/gryapa1/,XC465592.ogg,21.91673469387755,0,0.0,5.0,44100,bird,1.0
59,./kaggletest/gryapa1/,XC465592.ogg,21.91673469387755,0,5.0,5.0,44100,bird,1.0
60,./kaggletest/gryapa1/,XC465592.ogg,21.91673469387755,0,10.0,5.0,44100,bird,1.0
61,./kaggletest/gryapa1/,XC465592.ogg,21.91673469387755,0,15.0,5.0,44100,bird,1.0
62,./kaggletest/gryapa1/,XC286542.ogg,38.164897959183676,0,0.0,5.0,44100,bird,1.0
63,./kaggletest/gryapa1/,XC286542.ogg,38.164897959183676,0,5.0,5.0,44100,bird,1.0
64,./kaggletest/gryapa1/,XC286542.ogg,38.164897959183676,0,10.0,5.0,44100,bird,1.0
65,./kaggletest/gryapa1/,XC286542.ogg,38.164897959183676,0,15.0,5.0,44100,bird,1.0
66,./kaggletest/gryapa1/,XC286542.ogg,38.164897959183676,0,20.0,5.0,44100,bird,1.0
67,./kaggletest/gryapa1/,XC286542.ogg,38.164897959183676,0,25.0,5.0,44100,bird,1.0
68,./kaggletest/gryapa1/,XC286542.ogg,38.164897959183676,0,30.0,5.0,44100,bird,1.0
69,./kaggletest/gryapa1/,XC548129.ogg,10.919183673469387,0,0.0,5.0,44100,bird,1.0
70,./kaggletest/gryapa1/,XC548129.ogg,10.919183673469387,0,5.0,5.0,44100,bird,1.0
71,./kaggletest/gryapa1/,XC434141.ogg,39.078979591836735,0,0.0,5.0,44100,bird,1.0
72,./kaggletest/gryapa1/,XC434141.ogg,39.078979591836735,0,10.0,5.0,44100,bird,1.0
73,./kaggletest/gryapa1/,XC434141.ogg,39.078979591836735,0,15.0,5.0,44100,bird,1.0
74,./kaggletest/gryapa1/,XC434141.ogg,39.078979591836735,0,25.0,5.0,44100,bird,1.0
75,./kaggletest/gryapa1/,XC18181.ogg,15.72498866213152,0,0.0,5.0,44100,bird,1.0
76,./kaggletest/gryapa1/,XC18181.ogg,15.72498866213152,0,5.0,5.0,44100,bird,1.0
77,./kaggletest/gryapa1/,XC18181.ogg,15.72498866213152,0,10.0,5.0,44100,bird,1.0
78,./kaggletest/gryapa1/,XC749273.ogg,24.21548752834467,0,0.0,5.0,44100,bird,1.0
79,./kaggletest/gryapa1/,XC749273.ogg,24.21548752834467,0,5.0,5.0,44100,bird,1.0
80,./kaggletest/gryapa1/,XC749273.ogg,24.21548752834467,0,10.0,5.0,44100,bird,1.0
81,./kaggletest/gryapa1/,XC749273.ogg,24.21548752834467,0,15.0,5.0,44100,bird,1.0
82,./kaggletest/gryapa1/,XC401270.ogg,10.72798185941043,0,0.0,5.0,44100,bird,1.0
83,./kaggletest/gryapa1/,XC401270.ogg,10.72798185941043,0,5.0,5.0,44100,bird,1.0
84,./kaggletest/gryapa1/,XC434142.ogg,53.49798185941043,0,0.0,5.0,44100,bird,1.0
85,./kaggletest/gryapa1/,XC434142.ogg,53.49798185941043,0,10.0,5.0,44100,bird,1.0
86,./kaggletest/gryapa1/,XC434142.ogg,53.49798185941043,0,15.0,5.0,44100,bird,1.0
87,./kaggletest/gryapa1/,XC434142.ogg,53.49798185941043,0,20.0,5.0,44100,bird,1.0
88,./kaggletest/gryapa1/,XC434142.ogg,53.49798185941043,0,25.0,5.0,44100,bird,1.0
89,./kaggletest/gryapa1/,XC434142.ogg,53.49798185941043,0,30.0,5.0,44100,bird,1.0
90,./kaggletest/gryapa1/,XC434142.ogg,53.49798185941043,0,35.0,5.0,44100,bird,1.0
91,./kaggletest/gryapa1/,XC434142.ogg,53.49798185941043,0,40.0,5.0,44100,bird,1.0
92,./kaggletest/gryapa1/,XC434142.ogg,53.49798185941043,0,45.0,5.0,44100,bird,1.0
93,./kaggletest/gryapa1/,XC429117.ogg,28.73467120181406,0,0.0,5.0,44100,bird,1.0
94,./kaggletest/gryapa1/,XC429117.ogg,28.73467120181406,0,5.0,5.0,44100,bird,1.0
95,./kaggletest/gryapa1/,XC429117.ogg,28.73467120181406,0,10.0,5.0,44100,bird,1.0
96,./kaggletest/gryapa1/,XC429117.ogg,28.73467120181406,0,15.0,5.0,44100,bird,1.0
97,./kaggletest/gryapa1/,XC429117.ogg,28.73467120181406,0,20.0,5.0,44100,bird,1.0
98,./kaggletest/gryapa1/,XC687308.ogg,49.11,0,0.0,5.0,44100,bird,1.0
99,./kaggletest/gryapa1/,XC687308.ogg,49.11,0,5.0,5.0,44100,bird,1.0
100,./kaggletest/gryapa1/,XC687308.ogg,49.11,0,10.0,5.0,44100,bird,1.0
101,./kaggletest/gryapa1/,XC687308.ogg,49.11,0,15.0,5.0,44100,bird,1.0
102,./kaggletest/gryapa1/,XC687308.ogg,49.11,0,20.0,5.0,44100,bird,1.0
103,./kaggletest/gryapa1/,XC687308.ogg,49.11,0,25.0,5.0,44100,bird,1.0
104,./kaggletest/gryapa1/,XC687308.ogg,49.11,0,30.0,5.0,44100,bird,1.0
105,./kaggletest/gryapa1/,XC687308.ogg,49.11,0,35.0,5.0,44100,bird,1.0
106,./kaggletest/gryapa1/,XC687308.ogg,49.11,0,40.0,5.0,44100,bird,1.0
107,./kaggletest/gryapa1/,XC469901.ogg,42.47507936507937,0,0.0,5.0,44100,bird,1.0
108,./kaggletest/gryapa1/,XC469901.ogg,42.47507936507937,0,5.0,5.0,44100,bird,1.0
109,./kaggletest/gryapa1/,XC469901.ogg,42.47507936507937,0,10.0,5.0,44100,bird,1.0
110,./kaggletest/gryapa1/,XC469901.ogg,42.47507936507937,0,15.0,5.0,44100,bird,1.0
111,./kaggletest/gryapa1/,XC469901.ogg,42.47507936507937,0,20.0,5.0,44100,bird,1.0
112,./kaggletest/gryapa1/,XC469901.ogg,42.47507936507937,0,25.0,5.0,44100,bird,1.0
113,./kaggletest/gryapa1/,XC469901.ogg,42.47507936507937,0,30.0,5.0,44100,bird,1.0
114,./kaggletest/gryapa1/,XC469901.ogg,42.47507936507937,0,35.0,5.0,44100,bird,1.0
115,./kaggletest/gryapa1/,XC240500.ogg,7.053061224489796,0,0.0,5.0,44100,bird,1.0
116,./kaggletest/gryapa1/,XC240501.ogg,7.053061224489796,0,0.0,5.0,44100,bird,1.0
117,./kaggletest/gryapa1/,XC469900.ogg,63.58201814058957,0,0.0,5.0,44100,bird,1.0
118,./kaggletest/gryapa1/,XC469900.ogg,63.58201814058957,0,5.0,5.0,44100,bird,1.0
119,./kaggletest/gryapa1/,XC469900.ogg,63.58201814058957,0,10.0,5.0,44100,bird,1.0
120,./kaggletest/gryapa1/,XC469900.ogg,63.58201814058957,0,15.0,5.0,44100,bird,1.0
121,./kaggletest/gryapa1/,XC469900.ogg,63.58201814058957,0,20.0,5.0,44100,bird,1.0
122,./kaggletest/gryapa1/,XC469900.ogg,63.58201814058957,0,25.0,5.0,44100,bird,1.0
123,./kaggletest/gryapa1/,XC469900.ogg,63.58201814058957,0,30.0,5.0,44100,bird,1.0
124,./kaggletest/gryapa1/,XC469900.ogg,63.58201814058957,0,35.0,5.0,44100,bird,1.0
125,./kaggletest/gryapa1/,XC469900.ogg,63.58201814058957,0,40.0,5.0,44100,bird,1.0
126,./kaggletest/gryapa1/,XC469900.ogg,63.58201814058957,0,45.0,5.0,44100,bird,1.0
127,./kaggletest/gryapa1/,XC469900.ogg,63.58201814058957,0,50.0,5.0,44100,bird,1.0
128,./kaggletest/gryapa1/,XC469900.ogg,63.58201814058957,0,55.0,5.0,44100,bird,1.0
