,FOLDER,IN FILE,CLIP LENGTH,CHANNEL,OFFSET,DURATION,SAMPLE RATE,MANUAL ID,CONFIDENCE
0,./kaggletest/hamerk1/,XC18015.ogg,21.053990929705215,0,0.0,5.0,44100,bird,1.0
1,./kaggletest/hamerk1/,XC18015.ogg,21.053990929705215,0,5.0,5.0,44100,bird,1.0
2,./kaggletest/hamerk1/,XC18015.ogg,21.053990929705215,0,10.0,5.0,44100,bird,1.0
3,./kaggletest/hamerk1/,XC18015.ogg,21.053990929705215,0,15.0,5.0,44100,bird,1.0
4,./kaggletest/hamerk1/,XC18014.ogg,9.716984126984126,0,0.0,5.0,44100,bird,1.0
5,./kaggletest/hamerk1/,XC532201.ogg,109.44,0,0.0,5.0,44100,bird,1.0
6,./kaggletest/hamerk1/,XC532201.ogg,109.44,0,5.0,5.0,44100,bird,1.0
7,./kaggletest/hamerk1/,XC532201.ogg,109.44,0,10.0,5.0,44100,bird,1.0
8,./kaggletest/hamerk1/,XC532201.ogg,109.44,0,15.0,5.0,44100,bird,1.0
9,./kaggletest/hamerk1/,XC532201.ogg,109.44,0,20.0,5.0,44100,bird,1.0
10,./kaggletest/hamerk1/,XC532201.ogg,109.44,0,25.0,5.0,44100,bird,1.0
11,./kaggletest/hamerk1/,XC532201.ogg,109.44,0,30.0,5.0,44100,bird,1.0
12,./kaggletest/hamerk1/,XC532201.ogg,109.44,0,35.0,5.0,44100,bird,1.0
13,./kaggletest/hamerk1/,XC532201.ogg,109.44,0,40.0,5.0,44100,bird,1.0
14,./kaggletest/hamerk1/,XC532201.ogg,109.44,0,45.0,5.0,44100,bird,1.0
15,./kaggletest/hamerk1/,XC532201.ogg,109.44,0,50.0,5.0,44100,bird,1.0
16,./kaggletest/hamerk1/,XC532201.ogg,109.44,0,55.0,5.0,44100,bird,1.0
17,./kaggletest/hamerk1/,XC532201.ogg,109.44,0,60.0,5.0,44100,bird,1.0
18,./kaggletest/hamerk1/,XC532201.ogg,109.44,0,65.0,5.0,44100,bird,1.0
19,./kaggletest/hamerk1/,XC532201.ogg,109.44,0,75.0,5.0,44100,bird,1.0
20,./kaggletest/hamerk1/,XC532201.ogg,109.44,0,80.0,5.0,44100,bird,1.0
21,./kaggletest/hamerk1/,XC532201.ogg,109.44,0,85.0,5.0,44100,bird,1.0
22,./kaggletest/hamerk1/,XC532201.ogg,109.44,0,90.0,5.0,44100,bird,1.0
23,./kaggletest/hamerk1/,XC532201.ogg,109.44,0,95.0,5.0,44100,bird,1.0
24,./kaggletest/hamerk1/,XC532201.ogg,109.44,0,100.0,5.0,44100,bird,1.0
25,./kaggletest/hamerk1/,XC426329.ogg,23.92798185941043,0,5.0,5.0,44100,bird,1.0
26,./kaggletest/hamerk1/,XC426329.ogg,23.92798185941043,0,10.0,5.0,44100,bird,1.0
27,./kaggletest/hamerk1/,XC426329.ogg,23.92798185941043,0,15.0,5.0,44100,bird,1.0
28,./kaggletest/hamerk1/,XC605762.ogg,18.48,0,5.0,5.0,44100,bird,1.0
29,./kaggletest/hamerk1/,XC605762.ogg,18.48,0,10.0,5.0,44100,bird,1.0
30,./kaggletest/hamerk1/,XC514166.ogg,5.250612244897959,0,0.0,5.0,44100,bird,1.0
31,./kaggletest/hamerk1/,XC125577.ogg,13.191836734693878,0,0.0,5.0,44100,bird,1.0
32,./kaggletest/hamerk1/,XC125577.ogg,13.191836734693878,0,5.0,5.0,44100,bird,1.0
33,./kaggletest/hamerk1/,XC336402.ogg,17.711020408163265,0,0.0,5.0,44100,bird,1.0
34,./kaggletest/hamerk1/,XC336402.ogg,17.711020408163265,0,5.0,5.0,44100,bird,1.0
35,./kaggletest/hamerk1/,XC336402.ogg,17.711020408163265,0,10.0,5.0,44100,bird,1.0
36,./kaggletest/hamerk1/,XC640401.ogg,19.895986394557823,0,0.0,5.0,44100,bird,1.0
37,./kaggletest/hamerk1/,XC640401.ogg,19.895986394557823,0,5.0,5.0,44100,bird,1.0
38,./kaggletest/hamerk1/,XC640401.ogg,19.895986394557823,0,10.0,5.0,44100,bird,1.0
39,./kaggletest/hamerk1/,XC746056.ogg,42.791995464852604,0,0.0,5.0,44100,bird,1.0
40,./kaggletest/hamerk1/,XC746056.ogg,42.791995464852604,0,5.0,5.0,44100,bird,1.0
41,./kaggletest/hamerk1/,XC746056.ogg,42.791995464852604,0,10.0,5.0,44100,bird,1.0
42,./kaggletest/hamerk1/,XC746056.ogg,42.791995464852604,0,15.0,5.0,44100,bird,1.0
43,./kaggletest/hamerk1/,XC746056.ogg,42.791995464852604,0,20.0,5.0,44100,bird,1.0
44,./kaggletest/hamerk1/,XC746056.ogg,42.791995464852604,0,25.0,5.0,44100,bird,1.0
45,./kaggletest/hamerk1/,XC746056.ogg,42.791995464852604,0,30.0,5.0,44100,bird,1.0
46,./kaggletest/hamerk1/,XC746056.ogg,42.791995464852604,0,35.0,5.0,44100,bird,1.0
47,./kaggletest/hamerk1/,XC507105.ogg,6.425986394557823,0,0.0,5.0,44100,bird,1.0
48,./kaggletest/hamerk1/,XC396321.ogg,7.079183673469387,0,0.0,5.0,44100,bird,1.0
49,./kaggletest/hamerk1/,XC421465.ogg,17.397551020408162,0,0.0,5.0,44100,bird,1.0
50,./kaggletest/hamerk1/,XC421465.ogg,17.397551020408162,0,5.0,5.0,44100,bird,1.0
51,./kaggletest/hamerk1/,XC421465.ogg,17.397551020408162,0,10.0,5.0,44100,bird,1.0
52,./kaggletest/hamerk1/,XC396320.ogg,5.485714285714286,0,0.0,5.0,44100,bird,1.0
53,./kaggletest/hamerk1/,XC530964.ogg,27.610997732426306,0,0.0,5.0,44100,bird,1.0
54,./kaggletest/hamerk1/,XC530964.ogg,27.610997732426306,0,5.0,5.0,44100,bird,1.0
55,./kaggletest/hamerk1/,XC530964.ogg,27.610997732426306,0,10.0,5.0,44100,bird,1.0
56,./kaggletest/hamerk1/,XC530964.ogg,27.610997732426306,0,15.0,5.0,44100,bird,1.0
57,./kaggletest/hamerk1/,XC436068.ogg,13.055986394557824,0,0.0,5.0,44100,bird,1.0
58,./kaggletest/hamerk1/,XC436068.ogg,13.055986394557824,0,5.0,5.0,44100,bird,1.0
59,./kaggletest/hamerk1/,XC508622.ogg,11.38936507936508,0,0.0,5.0,44100,bird,1.0
60,./kaggletest/hamerk1/,XC508622.ogg,11.38936507936508,0,5.0,5.0,44100,bird,1.0
61,./kaggletest/hamerk1/,XC113550.ogg,5.615986394557823,0,0.0,5.0,44100,bird,1.0
62,./kaggletest/hamerk1/,XC608114.ogg,17.29299319727891,0,0.0,5.0,44100,bird,1.0
63,./kaggletest/hamerk1/,XC127724.ogg,9.142834467120181,0,0.0,5.0,44100,bird,1.0
64,./kaggletest/hamerk1/,XC513846.ogg,20.66199546485261,0,0.0,5.0,44100,bird,1.0
65,./kaggletest/hamerk1/,XC513846.ogg,20.66199546485261,0,5.0,5.0,44100,bird,1.0
66,./kaggletest/hamerk1/,XC513846.ogg,20.66199546485261,0,10.0,5.0,44100,bird,1.0
67,./kaggletest/hamerk1/,XC513846.ogg,20.66199546485261,0,15.0,5.0,44100,bird,1.0
68,./kaggletest/hamerk1/,XC138405.ogg,31.085714285714285,0,0.0,5.0,44100,bird,1.0
69,./kaggletest/hamerk1/,XC138405.ogg,31.085714285714285,0,5.0,5.0,44100,bird,1.0
70,./kaggletest/hamerk1/,XC138405.ogg,31.085714285714285,0,10.0,5.0,44100,bird,1.0
71,./kaggletest/hamerk1/,XC138405.ogg,31.085714285714285,0,15.0,5.0,44100,bird,1.0
72,./kaggletest/hamerk1/,XC138405.ogg,31.085714285714285,0,20.0,5.0,44100,bird,1.0
73,./kaggletest/hamerk1/,XC138405.ogg,31.085714285714285,0,25.0,5.0,44100,bird,1.0
74,./kaggletest/hamerk1/,XC138404.ogg,15.151020408163266,0,0.0,5.0,44100,bird,1.0
75,./kaggletest/hamerk1/,XC138404.ogg,15.151020408163266,0,5.0,5.0,44100,bird,1.0
76,./kaggletest/hamerk1/,XC138404.ogg,15.151020408163266,0,10.0,5.0,44100,bird,1.0
77,./kaggletest/hamerk1/,XC692701.ogg,24.658979591836733,0,0.0,5.0,44100,bird,1.0
78,./kaggletest/hamerk1/,XC692701.ogg,24.658979591836733,0,5.0,5.0,44100,bird,1.0
79,./kaggletest/hamerk1/,XC692701.ogg,24.658979591836733,0,10.0,5.0,44100,bird,1.0
80,./kaggletest/hamerk1/,XC692701.ogg,24.658979591836733,0,15.0,5.0,44100,bird,1.0
81,./kaggletest/hamerk1/,XC631720.ogg,12.564897959183673,0,0.0,5.0,44100,bird,1.0
82,./kaggletest/hamerk1/,XC631720.ogg,12.564897959183673,0,5.0,5.0,44100,bird,1.0
83,./kaggletest/hamerk1/,XC56771.ogg,29.62283446712018,0,0.0,5.0,44100,bird,1.0
84,./kaggletest/hamerk1/,XC56771.ogg,29.62283446712018,0,5.0,5.0,44100,bird,1.0
85,./kaggletest/hamerk1/,XC56771.ogg,29.62283446712018,0,10.0,5.0,44100,bird,1.0
86,./kaggletest/hamerk1/,XC56771.ogg,29.62283446712018,0,15.0,5.0,44100,bird,1.0
87,./kaggletest/hamerk1/,XC56771.ogg,29.62283446712018,0,20.0,5.0,44100,bird,1.0
