,FOLDER,IN FILE,CLIP LENGTH,CHANNEL,OFFSET,DURATION,SAMPLE RATE,MANUAL ID,CONFIDENCE
0,./kaggletest/hartur1/,XC122257.ogg,44.85224489795918,0,0.0,5.0,44100,bird,1.0
1,./kaggletest/hartur1/,XC122257.ogg,44.85224489795918,0,5.0,5.0,44100,bird,1.0
2,./kaggletest/hartur1/,XC122257.ogg,44.85224489795918,0,10.0,5.0,44100,bird,1.0
3,./kaggletest/hartur1/,XC122257.ogg,44.85224489795918,0,15.0,5.0,44100,bird,1.0
4,./kaggletest/hartur1/,XC122257.ogg,44.85224489795918,0,20.0,5.0,44100,bird,1.0
5,./kaggletest/hartur1/,XC122257.ogg,44.85224489795918,0,25.0,5.0,44100,bird,1.0
6,./kaggletest/hartur1/,XC122257.ogg,44.85224489795918,0,30.0,5.0,44100,bird,1.0
7,./kaggletest/hartur1/,XC122257.ogg,44.85224489795918,0,35.0,5.0,44100,bird,1.0
8,./kaggletest/hartur1/,XC398571.ogg,19.8,0,0.0,5.0,44100,bird,1.0
9,./kaggletest/hartur1/,XC398571.ogg,19.8,0,5.0,5.0,44100,bird,1.0
10,./kaggletest/hartur1/,XC398571.ogg,19.8,0,10.0,5.0,44100,bird,1.0
11,./kaggletest/hartur1/,XC578635.ogg,13.367981859410431,0,0.0,5.0,44100,bird,1.0
12,./kaggletest/hartur1/,XC578635.ogg,13.367981859410431,0,5.0,5.0,44100,bird,1.0
13,./kaggletest/hartur1/,XC122256.ogg,27.58530612244898,0,0.0,5.0,44100,bird,1.0
14,./kaggletest/hartur1/,XC122256.ogg,27.58530612244898,0,5.0,5.0,44100,bird,1.0
15,./kaggletest/hartur1/,XC122256.ogg,27.58530612244898,0,10.0,5.0,44100,bird,1.0
16,./kaggletest/hartur1/,XC122256.ogg,27.58530612244898,0,15.0,5.0,44100,bird,1.0
17,./kaggletest/hartur1/,XC122256.ogg,27.58530612244898,0,20.0,5.0,44100,bird,1.0
18,./kaggletest/hartur1/,XC205519.ogg,13.165714285714285,0,0.0,5.0,44100,bird,1.0
19,./kaggletest/hartur1/,XC205519.ogg,13.165714285714285,0,5.0,5.0,44100,bird,1.0
20,./kaggletest/hartur1/,XC441956.ogg,13.63498866213152,0,0.0,5.0,44100,bird,1.0
21,./kaggletest/hartur1/,XC441956.ogg,13.63498866213152,0,5.0,5.0,44100,bird,1.0
22,./kaggletest/hartur1/,XC299342.ogg,60.083990929705216,0,0.0,5.0,44100,bird,1.0
23,./kaggletest/hartur1/,XC299342.ogg,60.083990929705216,0,5.0,5.0,44100,bird,1.0
24,./kaggletest/hartur1/,XC299342.ogg,60.083990929705216,0,10.0,5.0,44100,bird,1.0
25,./kaggletest/hartur1/,XC299342.ogg,60.083990929705216,0,15.0,5.0,44100,bird,1.0
26,./kaggletest/hartur1/,XC299342.ogg,60.083990929705216,0,20.0,5.0,44100,bird,1.0
27,./kaggletest/hartur1/,XC299342.ogg,60.083990929705216,0,25.0,5.0,44100,bird,1.0
28,./kaggletest/hartur1/,XC299342.ogg,60.083990929705216,0,30.0,5.0,44100,bird,1.0
29,./kaggletest/hartur1/,XC299342.ogg,60.083990929705216,0,35.0,5.0,44100,bird,1.0
30,./kaggletest/hartur1/,XC299342.ogg,60.083990929705216,0,40.0,5.0,44100,bird,1.0
31,./kaggletest/hartur1/,XC299342.ogg,60.083990929705216,0,45.0,5.0,44100,bird,1.0
32,./kaggletest/hartur1/,XC299342.ogg,60.083990929705216,0,50.0,5.0,44100,bird,1.0
33,./kaggletest/hartur1/,XC299342.ogg,60.083990929705216,0,55.0,5.0,44100,bird,1.0
34,./kaggletest/hartur1/,XC144155.ogg,5.12,0,0.0,5.0,44100,bird,1.0
35,./kaggletest/hartur1/,XC289772.ogg,46.60242630385488,0,0.0,5.0,44100,bird,1.0
36,./kaggletest/hartur1/,XC289772.ogg,46.60242630385488,0,5.0,5.0,44100,bird,1.0
37,./kaggletest/hartur1/,XC289772.ogg,46.60242630385488,0,10.0,5.0,44100,bird,1.0
38,./kaggletest/hartur1/,XC289772.ogg,46.60242630385488,0,15.0,5.0,44100,bird,1.0
39,./kaggletest/hartur1/,XC289772.ogg,46.60242630385488,0,20.0,5.0,44100,bird,1.0
40,./kaggletest/hartur1/,XC289772.ogg,46.60242630385488,0,25.0,5.0,44100,bird,1.0
41,./kaggletest/hartur1/,XC289772.ogg,46.60242630385488,0,30.0,5.0,44100,bird,1.0
42,./kaggletest/hartur1/,XC289772.ogg,46.60242630385488,0,35.0,5.0,44100,bird,1.0
43,./kaggletest/hartur1/,XC289772.ogg,46.60242630385488,0,40.0,5.0,44100,bird,1.0
44,./kaggletest/hartur1/,XC428568.ogg,23.221995464852608,0,0.0,5.0,44100,bird,1.0
45,./kaggletest/hartur1/,XC428568.ogg,23.221995464852608,0,5.0,5.0,44100,bird,1.0
46,./kaggletest/hartur1/,XC428568.ogg,23.221995464852608,0,10.0,5.0,44100,bird,1.0
47,./kaggletest/hartur1/,XC428568.ogg,23.221995464852608,0,15.0,5.0,44100,bird,1.0
48,./kaggletest/hartur1/,XC303775.ogg,69.55199546485261,0,0.0,5.0,44100,bird,1.0
49,./kaggletest/hartur1/,XC303775.ogg,69.55199546485261,0,5.0,5.0,44100,bird,1.0
50,./kaggletest/hartur1/,XC303775.ogg,69.55199546485261,0,10.0,5.0,44100,bird,1.0
51,./kaggletest/hartur1/,XC303775.ogg,69.55199546485261,0,15.0,5.0,44100,bird,1.0
52,./kaggletest/hartur1/,XC303775.ogg,69.55199546485261,0,20.0,5.0,44100,bird,1.0
53,./kaggletest/hartur1/,XC303775.ogg,69.55199546485261,0,25.0,5.0,44100,bird,1.0
54,./kaggletest/hartur1/,XC303775.ogg,69.55199546485261,0,30.0,5.0,44100,bird,1.0
55,./kaggletest/hartur1/,XC303775.ogg,69.55199546485261,0,35.0,5.0,44100,bird,1.0
56,./kaggletest/hartur1/,XC303775.ogg,69.55199546485261,0,40.0,5.0,44100,bird,1.0
57,./kaggletest/hartur1/,XC303775.ogg,69.55199546485261,0,45.0,5.0,44100,bird,1.0
58,./kaggletest/hartur1/,XC303775.ogg,69.55199546485261,0,50.0,5.0,44100,bird,1.0
59,./kaggletest/hartur1/,XC303775.ogg,69.55199546485261,0,55.0,5.0,44100,bird,1.0
60,./kaggletest/hartur1/,XC303775.ogg,69.55199546485261,0,60.0,5.0,44100,bird,1.0
61,./kaggletest/hartur1/,XC205711.ogg,15.986916099773243,0,0.0,5.0,44100,bird,1.0
62,./kaggletest/hartur1/,XC205711.ogg,15.986916099773243,0,5.0,5.0,44100,bird,1.0
63,./kaggletest/hartur1/,XC205711.ogg,15.986916099773243,0,10.0,5.0,44100,bird,1.0
64,./kaggletest/hartur1/,XC537880.ogg,69.43344671201814,0,0.0,5.0,44100,bird,1.0
65,./kaggletest/hartur1/,XC537880.ogg,69.43344671201814,0,5.0,5.0,44100,bird,1.0
66,./kaggletest/hartur1/,XC537880.ogg,69.43344671201814,0,10.0,5.0,44100,bird,1.0
67,./kaggletest/hartur1/,XC537880.ogg,69.43344671201814,0,15.0,5.0,44100,bird,1.0
68,./kaggletest/hartur1/,XC537880.ogg,69.43344671201814,0,25.0,5.0,44100,bird,1.0
69,./kaggletest/hartur1/,XC537880.ogg,69.43344671201814,0,30.0,5.0,44100,bird,1.0
70,./kaggletest/hartur1/,XC537880.ogg,69.43344671201814,0,40.0,5.0,44100,bird,1.0
71,./kaggletest/hartur1/,XC537880.ogg,69.43344671201814,0,50.0,5.0,44100,bird,1.0
72,./kaggletest/hartur1/,XC537880.ogg,69.43344671201814,0,60.0,5.0,44100,bird,1.0
73,./kaggletest/hartur1/,XC537883.ogg,33.72408163265306,0,0.0,5.0,44100,bird,1.0
74,./kaggletest/hartur1/,XC537883.ogg,33.72408163265306,0,5.0,5.0,44100,bird,1.0
75,./kaggletest/hartur1/,XC537883.ogg,33.72408163265306,0,10.0,5.0,44100,bird,1.0
76,./kaggletest/hartur1/,XC537883.ogg,33.72408163265306,0,15.0,5.0,44100,bird,1.0
77,./kaggletest/hartur1/,XC537883.ogg,33.72408163265306,0,20.0,5.0,44100,bird,1.0
78,./kaggletest/hartur1/,XC537883.ogg,33.72408163265306,0,25.0,5.0,44100,bird,1.0
