,FOLDER,IN FILE,CLIP LENGTH,CHANNEL,OFFSET,DURATION,SAMPLE RATE,MANUAL ID,CONFIDENCE
0,./kaggletest/kerspa2/,XC194531.ogg,60.70854875283447,0,0.0,5.0,44100,bird,1.0
1,./kaggletest/kerspa2/,XC194531.ogg,60.70854875283447,0,5.0,5.0,44100,bird,1.0
2,./kaggletest/kerspa2/,XC194531.ogg,60.70854875283447,0,10.0,5.0,44100,bird,1.0
3,./kaggletest/kerspa2/,XC194531.ogg,60.70854875283447,0,15.0,5.0,44100,bird,1.0
4,./kaggletest/kerspa2/,XC194531.ogg,60.70854875283447,0,20.0,5.0,44100,bird,1.0
5,./kaggletest/kerspa2/,XC194531.ogg,60.70854875283447,0,25.0,5.0,44100,bird,1.0
6,./kaggletest/kerspa2/,XC194531.ogg,60.70854875283447,0,35.0,5.0,44100,bird,1.0
7,./kaggletest/kerspa2/,XC194531.ogg,60.70854875283447,0,40.0,5.0,44100,bird,1.0
8,./kaggletest/kerspa2/,XC194531.ogg,60.70854875283447,0,45.0,5.0,44100,bird,1.0
9,./kaggletest/kerspa2/,XC194531.ogg,60.70854875283447,0,50.0,5.0,44100,bird,1.0
10,./kaggletest/kerspa2/,XC194531.ogg,60.70854875283447,0,55.0,5.0,44100,bird,1.0
11,./kaggletest/kerspa2/,XC523622.ogg,58.95798185941043,0,0.0,5.0,44100,bird,1.0
12,./kaggletest/kerspa2/,XC523622.ogg,58.95798185941043,0,5.0,5.0,44100,bird,1.0
13,./kaggletest/kerspa2/,XC523622.ogg,58.95798185941043,0,10.0,5.0,44100,bird,1.0
14,./kaggletest/kerspa2/,XC523622.ogg,58.95798185941043,0,15.0,5.0,44100,bird,1.0
15,./kaggletest/kerspa2/,XC523622.ogg,58.95798185941043,0,20.0,5.0,44100,bird,1.0
16,./kaggletest/kerspa2/,XC523622.ogg,58.95798185941043,0,25.0,5.0,44100,bird,1.0
17,./kaggletest/kerspa2/,XC523622.ogg,58.95798185941043,0,35.0,5.0,44100,bird,1.0
18,./kaggletest/kerspa2/,XC523622.ogg,58.95798185941043,0,50.0,5.0,44100,bird,1.0
19,./kaggletest/kerspa2/,XC131992.ogg,78.02773242630386,0,0.0,5.0,44100,bird,1.0
20,./kaggletest/kerspa2/,XC131992.ogg,78.02773242630386,0,5.0,5.0,44100,bird,1.0
21,./kaggletest/kerspa2/,XC131992.ogg,78.02773242630386,0,10.0,5.0,44100,bird,1.0
22,./kaggletest/kerspa2/,XC131992.ogg,78.02773242630386,0,15.0,5.0,44100,bird,1.0
23,./kaggletest/kerspa2/,XC131992.ogg,78.02773242630386,0,20.0,5.0,44100,bird,1.0
24,./kaggletest/kerspa2/,XC131992.ogg,78.02773242630386,0,25.0,5.0,44100,bird,1.0
25,./kaggletest/kerspa2/,XC131992.ogg,78.02773242630386,0,30.0,5.0,44100,bird,1.0
26,./kaggletest/kerspa2/,XC131992.ogg,78.02773242630386,0,35.0,5.0,44100,bird,1.0
27,./kaggletest/kerspa2/,XC131992.ogg,78.02773242630386,0,40.0,5.0,44100,bird,1.0
28,./kaggletest/kerspa2/,XC131992.ogg,78.02773242630386,0,45.0,5.0,44100,bird,1.0
29,./kaggletest/kerspa2/,XC131992.ogg,78.02773242630386,0,50.0,5.0,44100,bird,1.0
30,./kaggletest/kerspa2/,XC131992.ogg,78.02773242630386,0,55.0,5.0,44100,bird,1.0
31,./kaggletest/kerspa2/,XC131992.ogg,78.02773242630386,0,60.0,5.0,44100,bird,1.0
32,./kaggletest/kerspa2/,XC131992.ogg,78.02773242630386,0,65.0,5.0,44100,bird,1.0
33,./kaggletest/kerspa2/,XC131992.ogg,78.02773242630386,0,70.0,5.0,44100,bird,1.0
34,./kaggletest/kerspa2/,XC398560.ogg,36.04798185941043,0,0.0,5.0,44100,bird,1.0
35,./kaggletest/kerspa2/,XC398560.ogg,36.04798185941043,0,5.0,5.0,44100,bird,1.0
36,./kaggletest/kerspa2/,XC398560.ogg,36.04798185941043,0,10.0,5.0,44100,bird,1.0
37,./kaggletest/kerspa2/,XC398560.ogg,36.04798185941043,0,15.0,5.0,44100,bird,1.0
38,./kaggletest/kerspa2/,XC398560.ogg,36.04798185941043,0,20.0,5.0,44100,bird,1.0
39,./kaggletest/kerspa2/,XC398560.ogg,36.04798185941043,0,25.0,5.0,44100,bird,1.0
40,./kaggletest/kerspa2/,XC398560.ogg,36.04798185941043,0,30.0,5.0,44100,bird,1.0
41,./kaggletest/kerspa2/,XC524173.ogg,50.07598639455782,0,0.0,5.0,44100,bird,1.0
42,./kaggletest/kerspa2/,XC524173.ogg,50.07598639455782,0,5.0,5.0,44100,bird,1.0
43,./kaggletest/kerspa2/,XC524173.ogg,50.07598639455782,0,10.0,5.0,44100,bird,1.0
44,./kaggletest/kerspa2/,XC524173.ogg,50.07598639455782,0,15.0,5.0,44100,bird,1.0
45,./kaggletest/kerspa2/,XC524173.ogg,50.07598639455782,0,20.0,5.0,44100,bird,1.0
46,./kaggletest/kerspa2/,XC524173.ogg,50.07598639455782,0,25.0,5.0,44100,bird,1.0
47,./kaggletest/kerspa2/,XC524173.ogg,50.07598639455782,0,30.0,5.0,44100,bird,1.0
48,./kaggletest/kerspa2/,XC524173.ogg,50.07598639455782,0,35.0,5.0,44100,bird,1.0
49,./kaggletest/kerspa2/,XC524173.ogg,50.07598639455782,0,40.0,5.0,44100,bird,1.0
50,./kaggletest/kerspa2/,XC524173.ogg,50.07598639455782,0,45.0,5.0,44100,bird,1.0
51,./kaggletest/kerspa2/,XC382316.ogg,18.935986394557823,0,0.0,5.0,44100,bird,1.0
52,./kaggletest/kerspa2/,XC382316.ogg,18.935986394557823,0,5.0,5.0,44100,bird,1.0
53,./kaggletest/kerspa2/,XC382316.ogg,18.935986394557823,0,10.0,5.0,44100,bird,1.0
54,./kaggletest/kerspa2/,XC131993.ogg,9.84814058956916,0,0.0,5.0,44100,bird,1.0
55,./kaggletest/kerspa2/,XC382313.ogg,27.623990929705215,0,0.0,5.0,44100,bird,1.0
56,./kaggletest/kerspa2/,XC382313.ogg,27.623990929705215,0,5.0,5.0,44100,bird,1.0
57,./kaggletest/kerspa2/,XC382313.ogg,27.623990929705215,0,10.0,5.0,44100,bird,1.0
58,./kaggletest/kerspa2/,XC382313.ogg,27.623990929705215,0,15.0,5.0,44100,bird,1.0
59,./kaggletest/kerspa2/,XC382313.ogg,27.623990929705215,0,20.0,5.0,44100,bird,1.0
60,./kaggletest/kerspa2/,XC212516.ogg,40.85548752834467,0,0.0,5.0,44100,bird,1.0
61,./kaggletest/kerspa2/,XC212516.ogg,40.85548752834467,0,5.0,5.0,44100,bird,1.0
62,./kaggletest/kerspa2/,XC212516.ogg,40.85548752834467,0,10.0,5.0,44100,bird,1.0
63,./kaggletest/kerspa2/,XC212516.ogg,40.85548752834467,0,15.0,5.0,44100,bird,1.0
64,./kaggletest/kerspa2/,XC212516.ogg,40.85548752834467,0,20.0,5.0,44100,bird,1.0
65,./kaggletest/kerspa2/,XC212516.ogg,40.85548752834467,0,25.0,5.0,44100,bird,1.0
66,./kaggletest/kerspa2/,XC212516.ogg,40.85548752834467,0,30.0,5.0,44100,bird,1.0
67,./kaggletest/kerspa2/,XC212516.ogg,40.85548752834467,0,35.0,5.0,44100,bird,1.0
68,./kaggletest/kerspa2/,XC212517.ogg,8.437551020408163,0,0.0,5.0,44100,bird,1.0
69,./kaggletest/kerspa2/,XC397521.ogg,31.345986394557823,0,0.0,5.0,44100,bird,1.0
70,./kaggletest/kerspa2/,XC397521.ogg,31.345986394557823,0,5.0,5.0,44100,bird,1.0
71,./kaggletest/kerspa2/,XC397521.ogg,31.345986394557823,0,10.0,5.0,44100,bird,1.0
72,./kaggletest/kerspa2/,XC397521.ogg,31.345986394557823,0,15.0,5.0,44100,bird,1.0
73,./kaggletest/kerspa2/,XC397521.ogg,31.345986394557823,0,20.0,5.0,44100,bird,1.0
74,./kaggletest/kerspa2/,XC397521.ogg,31.345986394557823,0,25.0,5.0,44100,bird,1.0
75,./kaggletest/kerspa2/,XC749257.ogg,28.708548752834467,0,0.0,5.0,44100,bird,1.0
76,./kaggletest/kerspa2/,XC749257.ogg,28.708548752834467,0,5.0,5.0,44100,bird,1.0
77,./kaggletest/kerspa2/,XC749257.ogg,28.708548752834467,0,10.0,5.0,44100,bird,1.0
78,./kaggletest/kerspa2/,XC749257.ogg,28.708548752834467,0,15.0,5.0,44100,bird,1.0
79,./kaggletest/kerspa2/,XC749257.ogg,28.708548752834467,0,20.0,5.0,44100,bird,1.0
80,./kaggletest/kerspa2/,XC524174.ogg,50.07598639455782,0,0.0,5.0,44100,bird,1.0
81,./kaggletest/kerspa2/,XC524174.ogg,50.07598639455782,0,5.0,5.0,44100,bird,1.0
82,./kaggletest/kerspa2/,XC524174.ogg,50.07598639455782,0,10.0,5.0,44100,bird,1.0
83,./kaggletest/kerspa2/,XC524174.ogg,50.07598639455782,0,15.0,5.0,44100,bird,1.0
84,./kaggletest/kerspa2/,XC524174.ogg,50.07598639455782,0,20.0,5.0,44100,bird,1.0
85,./kaggletest/kerspa2/,XC524174.ogg,50.07598639455782,0,25.0,5.0,44100,bird,1.0
86,./kaggletest/kerspa2/,XC524174.ogg,50.07598639455782,0,30.0,5.0,44100,bird,1.0
87,./kaggletest/kerspa2/,XC524174.ogg,50.07598639455782,0,35.0,5.0,44100,bird,1.0
88,./kaggletest/kerspa2/,XC524174.ogg,50.07598639455782,0,40.0,5.0,44100,bird,1.0
89,./kaggletest/kerspa2/,XC524174.ogg,50.07598639455782,0,45.0,5.0,44100,bird,1.0
90,./kaggletest/kerspa2/,XC444426.ogg,23.76,0,0.0,5.0,44100,bird,1.0
91,./kaggletest/kerspa2/,XC444426.ogg,23.76,0,5.0,5.0,44100,bird,1.0
92,./kaggletest/kerspa2/,XC444426.ogg,23.76,0,10.0,5.0,44100,bird,1.0
93,./kaggletest/kerspa2/,XC444426.ogg,23.76,0,15.0,5.0,44100,bird,1.0
94,./kaggletest/kerspa2/,XC315427.ogg,61.727981859410434,0,0.0,5.0,44100,bird,1.0
95,./kaggletest/kerspa2/,XC315427.ogg,61.727981859410434,0,5.0,5.0,44100,bird,1.0
96,./kaggletest/kerspa2/,XC315427.ogg,61.727981859410434,0,10.0,5.0,44100,bird,1.0
97,./kaggletest/kerspa2/,XC315427.ogg,61.727981859410434,0,15.0,5.0,44100,bird,1.0
98,./kaggletest/kerspa2/,XC315427.ogg,61.727981859410434,0,20.0,5.0,44100,bird,1.0
99,./kaggletest/kerspa2/,XC315427.ogg,61.727981859410434,0,25.0,5.0,44100,bird,1.0
100,./kaggletest/kerspa2/,XC315427.ogg,61.727981859410434,0,30.0,5.0,44100,bird,1.0
101,./kaggletest/kerspa2/,XC315427.ogg,61.727981859410434,0,35.0,5.0,44100,bird,1.0
102,./kaggletest/kerspa2/,XC315427.ogg,61.727981859410434,0,40.0,5.0,44100,bird,1.0
103,./kaggletest/kerspa2/,XC315427.ogg,61.727981859410434,0,45.0,5.0,44100,bird,1.0
104,./kaggletest/kerspa2/,XC315427.ogg,61.727981859410434,0,50.0,5.0,44100,bird,1.0
105,./kaggletest/kerspa2/,XC315427.ogg,61.727981859410434,0,55.0,5.0,44100,bird,1.0
106,./kaggletest/kerspa2/,XC444427.ogg,28.835986394557825,0,0.0,5.0,44100,bird,1.0
107,./kaggletest/kerspa2/,XC444427.ogg,28.835986394557825,0,5.0,5.0,44100,bird,1.0
108,./kaggletest/kerspa2/,XC444427.ogg,28.835986394557825,0,10.0,5.0,44100,bird,1.0
109,./kaggletest/kerspa2/,XC444427.ogg,28.835986394557825,0,15.0,5.0,44100,bird,1.0
110,./kaggletest/kerspa2/,XC444427.ogg,28.835986394557825,0,20.0,5.0,44100,bird,1.0
111,./kaggletest/kerspa2/,XC527141.ogg,16.32,0,0.0,5.0,44100,bird,1.0
112,./kaggletest/kerspa2/,XC527141.ogg,16.32,0,5.0,5.0,44100,bird,1.0
113,./kaggletest/kerspa2/,XC527141.ogg,16.32,0,10.0,5.0,44100,bird,1.0
114,./kaggletest/kerspa2/,XC600157.ogg,12.747732426303855,0,0.0,5.0,44100,bird,1.0
115,./kaggletest/kerspa2/,XC600157.ogg,12.747732426303855,0,5.0,5.0,44100,bird,1.0
116,./kaggletest/kerspa2/,XC472384.ogg,68.91102040816327,0,0.0,5.0,44100,bird,1.0
117,./kaggletest/kerspa2/,XC472384.ogg,68.91102040816327,0,5.0,5.0,44100,bird,1.0
118,./kaggletest/kerspa2/,XC472384.ogg,68.91102040816327,0,10.0,5.0,44100,bird,1.0
119,./kaggletest/kerspa2/,XC472384.ogg,68.91102040816327,0,15.0,5.0,44100,bird,1.0
120,./kaggletest/kerspa2/,XC472384.ogg,68.91102040816327,0,20.0,5.0,44100,bird,1.0
121,./kaggletest/kerspa2/,XC472384.ogg,68.91102040816327,0,25.0,5.0,44100,bird,1.0
122,./kaggletest/kerspa2/,XC472384.ogg,68.91102040816327,0,30.0,5.0,44100,bird,1.0
123,./kaggletest/kerspa2/,XC472384.ogg,68.91102040816327,0,35.0,5.0,44100,bird,1.0
124,./kaggletest/kerspa2/,XC472384.ogg,68.91102040816327,0,40.0,5.0,44100,bird,1.0
125,./kaggletest/kerspa2/,XC472384.ogg,68.91102040816327,0,45.0,5.0,44100,bird,1.0
126,./kaggletest/kerspa2/,XC472384.ogg,68.91102040816327,0,50.0,5.0,44100,bird,1.0
127,./kaggletest/kerspa2/,XC472384.ogg,68.91102040816327,0,55.0,5.0,44100,bird,1.0
128,./kaggletest/kerspa2/,XC472384.ogg,68.91102040816327,0,60.0,5.0,44100,bird,1.0
129,./kaggletest/kerspa2/,XC600794.ogg,22.871995464852606,0,0.0,5.0,44100,bird,1.0
130,./kaggletest/kerspa2/,XC600794.ogg,22.871995464852606,0,5.0,5.0,44100,bird,1.0
131,./kaggletest/kerspa2/,XC600794.ogg,22.871995464852606,0,10.0,5.0,44100,bird,1.0
132,./kaggletest/kerspa2/,XC600794.ogg,22.871995464852606,0,15.0,5.0,44100,bird,1.0
133,./kaggletest/kerspa2/,XC607235.ogg,36.64798185941043,0,0.0,5.0,44100,bird,1.0
134,./kaggletest/kerspa2/,XC607235.ogg,36.64798185941043,0,5.0,5.0,44100,bird,1.0
135,./kaggletest/kerspa2/,XC607235.ogg,36.64798185941043,0,10.0,5.0,44100,bird,1.0
136,./kaggletest/kerspa2/,XC607235.ogg,36.64798185941043,0,15.0,5.0,44100,bird,1.0
137,./kaggletest/kerspa2/,XC607235.ogg,36.64798185941043,0,20.0,5.0,44100,bird,1.0
138,./kaggletest/kerspa2/,XC607235.ogg,36.64798185941043,0,25.0,5.0,44100,bird,1.0
139,./kaggletest/kerspa2/,XC607235.ogg,36.64798185941043,0,30.0,5.0,44100,bird,1.0
140,./kaggletest/kerspa2/,XC581942.ogg,18.023990929705214,0,0.0,5.0,44100,bird,1.0
141,./kaggletest/kerspa2/,XC581942.ogg,18.023990929705214,0,5.0,5.0,44100,bird,1.0
142,./kaggletest/kerspa2/,XC581942.ogg,18.023990929705214,0,10.0,5.0,44100,bird,1.0
143,./kaggletest/kerspa2/,XC395956.ogg,52.00798185941043,0,0.0,5.0,44100,bird,1.0
144,./kaggletest/kerspa2/,XC395956.ogg,52.00798185941043,0,10.0,5.0,44100,bird,1.0
145,./kaggletest/kerspa2/,XC395956.ogg,52.00798185941043,0,15.0,5.0,44100,bird,1.0
146,./kaggletest/kerspa2/,XC395956.ogg,52.00798185941043,0,20.0,5.0,44100,bird,1.0
147,./kaggletest/kerspa2/,XC395956.ogg,52.00798185941043,0,25.0,5.0,44100,bird,1.0
148,./kaggletest/kerspa2/,XC395956.ogg,52.00798185941043,0,30.0,5.0,44100,bird,1.0
149,./kaggletest/kerspa2/,XC395956.ogg,52.00798185941043,0,35.0,5.0,44100,bird,1.0
150,./kaggletest/kerspa2/,XC395956.ogg,52.00798185941043,0,40.0,5.0,44100,bird,1.0
151,./kaggletest/kerspa2/,XC395956.ogg,52.00798185941043,0,45.0,5.0,44100,bird,1.0
152,./kaggletest/kerspa2/,XC622844.ogg,15.143990929705215,0,0.0,5.0,44100,bird,1.0
153,./kaggletest/kerspa2/,XC622844.ogg,15.143990929705215,0,5.0,5.0,44100,bird,1.0
154,./kaggletest/kerspa2/,XC622844.ogg,15.143990929705215,0,10.0,5.0,44100,bird,1.0
155,./kaggletest/kerspa2/,XC18468.ogg,12.563990929705215,0,0.0,5.0,44100,bird,1.0
156,./kaggletest/kerspa2/,XC18468.ogg,12.563990929705215,0,5.0,5.0,44100,bird,1.0
157,./kaggletest/kerspa2/,XC301377.ogg,78.36698412698412,0,0.0,5.0,44100,bird,1.0
158,./kaggletest/kerspa2/,XC301377.ogg,78.36698412698412,0,5.0,5.0,44100,bird,1.0
159,./kaggletest/kerspa2/,XC301377.ogg,78.36698412698412,0,10.0,5.0,44100,bird,1.0
160,./kaggletest/kerspa2/,XC301377.ogg,78.36698412698412,0,15.0,5.0,44100,bird,1.0
161,./kaggletest/kerspa2/,XC301377.ogg,78.36698412698412,0,20.0,5.0,44100,bird,1.0
162,./kaggletest/kerspa2/,XC301377.ogg,78.36698412698412,0,25.0,5.0,44100,bird,1.0
163,./kaggletest/kerspa2/,XC301377.ogg,78.36698412698412,0,30.0,5.0,44100,bird,1.0
164,./kaggletest/kerspa2/,XC301377.ogg,78.36698412698412,0,35.0,5.0,44100,bird,1.0
165,./kaggletest/kerspa2/,XC301377.ogg,78.36698412698412,0,40.0,5.0,44100,bird,1.0
166,./kaggletest/kerspa2/,XC301377.ogg,78.36698412698412,0,45.0,5.0,44100,bird,1.0
167,./kaggletest/kerspa2/,XC301377.ogg,78.36698412698412,0,50.0,5.0,44100,bird,1.0
168,./kaggletest/kerspa2/,XC301377.ogg,78.36698412698412,0,55.0,5.0,44100,bird,1.0
169,./kaggletest/kerspa2/,XC301377.ogg,78.36698412698412,0,60.0,5.0,44100,bird,1.0
170,./kaggletest/kerspa2/,XC301377.ogg,78.36698412698412,0,65.0,5.0,44100,bird,1.0
171,./kaggletest/kerspa2/,XC301377.ogg,78.36698412698412,0,70.0,5.0,44100,bird,1.0
172,./kaggletest/kerspa2/,XC212519.ogg,14.393446712018141,0,0.0,5.0,44100,bird,1.0
173,./kaggletest/kerspa2/,XC212519.ogg,14.393446712018141,0,5.0,5.0,44100,bird,1.0
174,./kaggletest/kerspa2/,XC212518.ogg,25.234263038548754,0,0.0,5.0,44100,bird,1.0
175,./kaggletest/kerspa2/,XC212518.ogg,25.234263038548754,0,5.0,5.0,44100,bird,1.0
176,./kaggletest/kerspa2/,XC212518.ogg,25.234263038548754,0,10.0,5.0,44100,bird,1.0
177,./kaggletest/kerspa2/,XC212518.ogg,25.234263038548754,0,15.0,5.0,44100,bird,1.0
178,./kaggletest/kerspa2/,XC212518.ogg,25.234263038548754,0,20.0,5.0,44100,bird,1.0
179,./kaggletest/kerspa2/,XC239827.ogg,62.04079365079365,0,0.0,5.0,44100,bird,1.0
180,./kaggletest/kerspa2/,XC239827.ogg,62.04079365079365,0,5.0,5.0,44100,bird,1.0
181,./kaggletest/kerspa2/,XC239827.ogg,62.04079365079365,0,10.0,5.0,44100,bird,1.0
182,./kaggletest/kerspa2/,XC239827.ogg,62.04079365079365,0,15.0,5.0,44100,bird,1.0
183,./kaggletest/kerspa2/,XC239827.ogg,62.04079365079365,0,20.0,5.0,44100,bird,1.0
184,./kaggletest/kerspa2/,XC239827.ogg,62.04079365079365,0,25.0,5.0,44100,bird,1.0
185,./kaggletest/kerspa2/,XC239827.ogg,62.04079365079365,0,30.0,5.0,44100,bird,1.0
186,./kaggletest/kerspa2/,XC239827.ogg,62.04079365079365,0,35.0,5.0,44100,bird,1.0
187,./kaggletest/kerspa2/,XC239827.ogg,62.04079365079365,0,40.0,5.0,44100,bird,1.0
188,./kaggletest/kerspa2/,XC239827.ogg,62.04079365079365,0,45.0,5.0,44100,bird,1.0
189,./kaggletest/kerspa2/,XC239827.ogg,62.04079365079365,0,50.0,5.0,44100,bird,1.0
190,./kaggletest/kerspa2/,XC239827.ogg,62.04079365079365,0,55.0,5.0,44100,bird,1.0
191,./kaggletest/kerspa2/,XC374072.ogg,23.903990929705216,0,0.0,5.0,44100,bird,1.0
192,./kaggletest/kerspa2/,XC374072.ogg,23.903990929705216,0,5.0,5.0,44100,bird,1.0
193,./kaggletest/kerspa2/,XC374072.ogg,23.903990929705216,0,10.0,5.0,44100,bird,1.0
194,./kaggletest/kerspa2/,XC374072.ogg,23.903990929705216,0,15.0,5.0,44100,bird,1.0
195,./kaggletest/kerspa2/,XC364472.ogg,120.05798185941043,0,0.0,5.0,44100,bird,1.0
196,./kaggletest/kerspa2/,XC364472.ogg,120.05798185941043,0,5.0,5.0,44100,bird,1.0
197,./kaggletest/kerspa2/,XC364472.ogg,120.05798185941043,0,10.0,5.0,44100,bird,1.0
198,./kaggletest/kerspa2/,XC364472.ogg,120.05798185941043,0,15.0,5.0,44100,bird,1.0
199,./kaggletest/kerspa2/,XC364472.ogg,120.05798185941043,0,20.0,5.0,44100,bird,1.0
200,./kaggletest/kerspa2/,XC364472.ogg,120.05798185941043,0,25.0,5.0,44100,bird,1.0
201,./kaggletest/kerspa2/,XC364472.ogg,120.05798185941043,0,30.0,5.0,44100,bird,1.0
202,./kaggletest/kerspa2/,XC364472.ogg,120.05798185941043,0,35.0,5.0,44100,bird,1.0
203,./kaggletest/kerspa2/,XC364472.ogg,120.05798185941043,0,40.0,5.0,44100,bird,1.0
204,./kaggletest/kerspa2/,XC364472.ogg,120.05798185941043,0,45.0,5.0,44100,bird,1.0
205,./kaggletest/kerspa2/,XC364472.ogg,120.05798185941043,0,50.0,5.0,44100,bird,1.0
206,./kaggletest/kerspa2/,XC364472.ogg,120.05798185941043,0,55.0,5.0,44100,bird,1.0
207,./kaggletest/kerspa2/,XC364472.ogg,120.05798185941043,0,60.0,5.0,44100,bird,1.0
208,./kaggletest/kerspa2/,XC364472.ogg,120.05798185941043,0,65.0,5.0,44100,bird,1.0
209,./kaggletest/kerspa2/,XC364472.ogg,120.05798185941043,0,70.0,5.0,44100,bird,1.0
210,./kaggletest/kerspa2/,XC364472.ogg,120.05798185941043,0,75.0,5.0,44100,bird,1.0
211,./kaggletest/kerspa2/,XC364472.ogg,120.05798185941043,0,80.0,5.0,44100,bird,1.0
212,./kaggletest/kerspa2/,XC364472.ogg,120.05798185941043,0,85.0,5.0,44100,bird,1.0
213,./kaggletest/kerspa2/,XC364472.ogg,120.05798185941043,0,90.0,5.0,44100,bird,1.0
214,./kaggletest/kerspa2/,XC364472.ogg,120.05798185941043,0,95.0,5.0,44100,bird,1.0
215,./kaggletest/kerspa2/,XC364472.ogg,120.05798185941043,0,100.0,5.0,44100,bird,1.0
216,./kaggletest/kerspa2/,XC364472.ogg,120.05798185941043,0,105.0,5.0,44100,bird,1.0
217,./kaggletest/kerspa2/,XC364472.ogg,120.05798185941043,0,110.0,5.0,44100,bird,1.0
218,./kaggletest/kerspa2/,XC364472.ogg,120.05798185941043,0,115.0,5.0,44100,bird,1.0
219,./kaggletest/kerspa2/,XC409991.ogg,41.09,0,0.0,5.0,44100,bird,1.0
220,./kaggletest/kerspa2/,XC409991.ogg,41.09,0,5.0,5.0,44100,bird,1.0
221,./kaggletest/kerspa2/,XC409991.ogg,41.09,0,10.0,5.0,44100,bird,1.0
222,./kaggletest/kerspa2/,XC409991.ogg,41.09,0,15.0,5.0,44100,bird,1.0
223,./kaggletest/kerspa2/,XC409991.ogg,41.09,0,20.0,5.0,44100,bird,1.0
224,./kaggletest/kerspa2/,XC409991.ogg,41.09,0,25.0,5.0,44100,bird,1.0
225,./kaggletest/kerspa2/,XC409991.ogg,41.09,0,30.0,5.0,44100,bird,1.0
226,./kaggletest/kerspa2/,XC409991.ogg,41.09,0,35.0,5.0,44100,bird,1.0
227,./kaggletest/kerspa2/,XC206019.ogg,38.55673469387755,0,0.0,5.0,44100,bird,1.0
228,./kaggletest/kerspa2/,XC206019.ogg,38.55673469387755,0,5.0,5.0,44100,bird,1.0
229,./kaggletest/kerspa2/,XC206019.ogg,38.55673469387755,0,10.0,5.0,44100,bird,1.0
230,./kaggletest/kerspa2/,XC206019.ogg,38.55673469387755,0,15.0,5.0,44100,bird,1.0
231,./kaggletest/kerspa2/,XC206019.ogg,38.55673469387755,0,20.0,5.0,44100,bird,1.0
232,./kaggletest/kerspa2/,XC206019.ogg,38.55673469387755,0,25.0,5.0,44100,bird,1.0
233,./kaggletest/kerspa2/,XC206019.ogg,38.55673469387755,0,30.0,5.0,44100,bird,1.0
234,./kaggletest/kerspa2/,XC428223.ogg,37.30199546485261,0,0.0,5.0,44100,bird,1.0
235,./kaggletest/kerspa2/,XC428223.ogg,37.30199546485261,0,5.0,5.0,44100,bird,1.0
236,./kaggletest/kerspa2/,XC428223.ogg,37.30199546485261,0,10.0,5.0,44100,bird,1.0
237,./kaggletest/kerspa2/,XC428223.ogg,37.30199546485261,0,15.0,5.0,44100,bird,1.0
238,./kaggletest/kerspa2/,XC428223.ogg,37.30199546485261,0,20.0,5.0,44100,bird,1.0
239,./kaggletest/kerspa2/,XC428223.ogg,37.30199546485261,0,25.0,5.0,44100,bird,1.0
240,./kaggletest/kerspa2/,XC428223.ogg,37.30199546485261,0,30.0,5.0,44100,bird,1.0
