,FOLDER,IN FILE,CLIP LENGTH,CHANNEL,OFFSET,DURATION,SAMPLE RATE,MANUAL ID,CONFIDENCE
0,./kaggletest/klacuc1/,XC460929.ogg,74.39598639455782,0,0.0,5.0,44100,bird,1.0
1,./kaggletest/klacuc1/,XC460929.ogg,74.39598639455782,0,20.0,5.0,44100,bird,1.0
2,./kaggletest/klacuc1/,XC460929.ogg,74.39598639455782,0,30.0,5.0,44100,bird,1.0
3,./kaggletest/klacuc1/,XC460929.ogg,74.39598639455782,0,35.0,5.0,44100,bird,1.0
4,./kaggletest/klacuc1/,XC460929.ogg,74.39598639455782,0,40.0,5.0,44100,bird,1.0
5,./kaggletest/klacuc1/,XC460929.ogg,74.39598639455782,0,50.0,5.0,44100,bird,1.0
6,./kaggletest/klacuc1/,XC460929.ogg,74.39598639455782,0,55.0,5.0,44100,bird,1.0
7,./kaggletest/klacuc1/,XC460929.ogg,74.39598639455782,0,60.0,5.0,44100,bird,1.0
8,./kaggletest/klacuc1/,XC460929.ogg,74.39598639455782,0,65.0,5.0,44100,bird,1.0
9,./kaggletest/klacuc1/,XC342483.ogg,30.170997732426304,0,0.0,5.0,44100,bird,1.0
10,./kaggletest/klacuc1/,XC342483.ogg,30.170997732426304,0,5.0,5.0,44100,bird,1.0
11,./kaggletest/klacuc1/,XC342483.ogg,30.170997732426304,0,10.0,5.0,44100,bird,1.0
12,./kaggletest/klacuc1/,XC342483.ogg,30.170997732426304,0,15.0,5.0,44100,bird,1.0
13,./kaggletest/klacuc1/,XC342483.ogg,30.170997732426304,0,20.0,5.0,44100,bird,1.0
14,./kaggletest/klacuc1/,XC342483.ogg,30.170997732426304,0,25.0,5.0,44100,bird,1.0
15,./kaggletest/klacuc1/,XC682335.ogg,26.183990929705214,0,0.0,5.0,44100,bird,1.0
16,./kaggletest/klacuc1/,XC682335.ogg,26.183990929705214,0,5.0,5.0,44100,bird,1.0
17,./kaggletest/klacuc1/,XC682335.ogg,26.183990929705214,0,10.0,5.0,44100,bird,1.0
18,./kaggletest/klacuc1/,XC682335.ogg,26.183990929705214,0,15.0,5.0,44100,bird,1.0
19,./kaggletest/klacuc1/,XC682335.ogg,26.183990929705214,0,20.0,5.0,44100,bird,1.0
20,./kaggletest/klacuc1/,XC734483.ogg,91.27199546485261,0,0.0,5.0,44100,bird,1.0
21,./kaggletest/klacuc1/,XC734483.ogg,91.27199546485261,0,5.0,5.0,44100,bird,1.0
22,./kaggletest/klacuc1/,XC734483.ogg,91.27199546485261,0,15.0,5.0,44100,bird,1.0
23,./kaggletest/klacuc1/,XC734483.ogg,91.27199546485261,0,20.0,5.0,44100,bird,1.0
24,./kaggletest/klacuc1/,XC734483.ogg,91.27199546485261,0,25.0,5.0,44100,bird,1.0
25,./kaggletest/klacuc1/,XC734483.ogg,91.27199546485261,0,30.0,5.0,44100,bird,1.0
26,./kaggletest/klacuc1/,XC734483.ogg,91.27199546485261,0,35.0,5.0,44100,bird,1.0
27,./kaggletest/klacuc1/,XC734483.ogg,91.27199546485261,0,40.0,5.0,44100,bird,1.0
28,./kaggletest/klacuc1/,XC734483.ogg,91.27199546485261,0,45.0,5.0,44100,bird,1.0
29,./kaggletest/klacuc1/,XC734483.ogg,91.27199546485261,0,55.0,5.0,44100,bird,1.0
30,./kaggletest/klacuc1/,XC734483.ogg,91.27199546485261,0,60.0,5.0,44100,bird,1.0
31,./kaggletest/klacuc1/,XC734483.ogg,91.27199546485261,0,65.0,5.0,44100,bird,1.0
32,./kaggletest/klacuc1/,XC734483.ogg,91.27199546485261,0,70.0,5.0,44100,bird,1.0
33,./kaggletest/klacuc1/,XC734483.ogg,91.27199546485261,0,75.0,5.0,44100,bird,1.0
34,./kaggletest/klacuc1/,XC734483.ogg,91.27199546485261,0,80.0,5.0,44100,bird,1.0
35,./kaggletest/klacuc1/,XC734483.ogg,91.27199546485261,0,85.0,5.0,44100,bird,1.0
36,./kaggletest/klacuc1/,XC537136.ogg,21.002426303854875,0,15.0,5.0,44100,bird,1.0
37,./kaggletest/klacuc1/,XC497009.ogg,54.93548752834467,0,0.0,5.0,44100,bird,1.0
38,./kaggletest/klacuc1/,XC497009.ogg,54.93548752834467,0,5.0,5.0,44100,bird,1.0
39,./kaggletest/klacuc1/,XC497009.ogg,54.93548752834467,0,10.0,5.0,44100,bird,1.0
40,./kaggletest/klacuc1/,XC497009.ogg,54.93548752834467,0,15.0,5.0,44100,bird,1.0
41,./kaggletest/klacuc1/,XC497009.ogg,54.93548752834467,0,20.0,5.0,44100,bird,1.0
42,./kaggletest/klacuc1/,XC497009.ogg,54.93548752834467,0,25.0,5.0,44100,bird,1.0
43,./kaggletest/klacuc1/,XC497009.ogg,54.93548752834467,0,30.0,5.0,44100,bird,1.0
44,./kaggletest/klacuc1/,XC497009.ogg,54.93548752834467,0,35.0,5.0,44100,bird,1.0
45,./kaggletest/klacuc1/,XC497009.ogg,54.93548752834467,0,40.0,5.0,44100,bird,1.0
46,./kaggletest/klacuc1/,XC497009.ogg,54.93548752834467,0,45.0,5.0,44100,bird,1.0
47,./kaggletest/klacuc1/,XC680902.ogg,51.303990929705215,0,0.0,5.0,44100,bird,1.0
48,./kaggletest/klacuc1/,XC680902.ogg,51.303990929705215,0,5.0,5.0,44100,bird,1.0
49,./kaggletest/klacuc1/,XC680902.ogg,51.303990929705215,0,10.0,5.0,44100,bird,1.0
50,./kaggletest/klacuc1/,XC680902.ogg,51.303990929705215,0,15.0,5.0,44100,bird,1.0
51,./kaggletest/klacuc1/,XC680902.ogg,51.303990929705215,0,20.0,5.0,44100,bird,1.0
52,./kaggletest/klacuc1/,XC680902.ogg,51.303990929705215,0,25.0,5.0,44100,bird,1.0
53,./kaggletest/klacuc1/,XC680902.ogg,51.303990929705215,0,30.0,5.0,44100,bird,1.0
54,./kaggletest/klacuc1/,XC680902.ogg,51.303990929705215,0,35.0,5.0,44100,bird,1.0
55,./kaggletest/klacuc1/,XC680902.ogg,51.303990929705215,0,45.0,5.0,44100,bird,1.0
56,./kaggletest/klacuc1/,XC684232.ogg,76.22530612244898,0,0.0,5.0,44100,bird,1.0
57,./kaggletest/klacuc1/,XC684232.ogg,76.22530612244898,0,5.0,5.0,44100,bird,1.0
58,./kaggletest/klacuc1/,XC684232.ogg,76.22530612244898,0,10.0,5.0,44100,bird,1.0
59,./kaggletest/klacuc1/,XC684232.ogg,76.22530612244898,0,15.0,5.0,44100,bird,1.0
60,./kaggletest/klacuc1/,XC684232.ogg,76.22530612244898,0,20.0,5.0,44100,bird,1.0
61,./kaggletest/klacuc1/,XC684232.ogg,76.22530612244898,0,25.0,5.0,44100,bird,1.0
62,./kaggletest/klacuc1/,XC684232.ogg,76.22530612244898,0,30.0,5.0,44100,bird,1.0
63,./kaggletest/klacuc1/,XC684232.ogg,76.22530612244898,0,35.0,5.0,44100,bird,1.0
64,./kaggletest/klacuc1/,XC684232.ogg,76.22530612244898,0,40.0,5.0,44100,bird,1.0
65,./kaggletest/klacuc1/,XC684232.ogg,76.22530612244898,0,45.0,5.0,44100,bird,1.0
66,./kaggletest/klacuc1/,XC684232.ogg,76.22530612244898,0,50.0,5.0,44100,bird,1.0
67,./kaggletest/klacuc1/,XC684232.ogg,76.22530612244898,0,55.0,5.0,44100,bird,1.0
68,./kaggletest/klacuc1/,XC684232.ogg,76.22530612244898,0,60.0,5.0,44100,bird,1.0
69,./kaggletest/klacuc1/,XC684232.ogg,76.22530612244898,0,65.0,5.0,44100,bird,1.0
70,./kaggletest/klacuc1/,XC684232.ogg,76.22530612244898,0,70.0,5.0,44100,bird,1.0
71,./kaggletest/klacuc1/,XC537450.ogg,60.65630385487528,0,0.0,5.0,44100,bird,1.0
72,./kaggletest/klacuc1/,XC537450.ogg,60.65630385487528,0,5.0,5.0,44100,bird,1.0
73,./kaggletest/klacuc1/,XC537450.ogg,60.65630385487528,0,10.0,5.0,44100,bird,1.0
74,./kaggletest/klacuc1/,XC537450.ogg,60.65630385487528,0,15.0,5.0,44100,bird,1.0
75,./kaggletest/klacuc1/,XC537450.ogg,60.65630385487528,0,20.0,5.0,44100,bird,1.0
76,./kaggletest/klacuc1/,XC537450.ogg,60.65630385487528,0,25.0,5.0,44100,bird,1.0
77,./kaggletest/klacuc1/,XC537450.ogg,60.65630385487528,0,30.0,5.0,44100,bird,1.0
78,./kaggletest/klacuc1/,XC537450.ogg,60.65630385487528,0,35.0,5.0,44100,bird,1.0
79,./kaggletest/klacuc1/,XC537450.ogg,60.65630385487528,0,40.0,5.0,44100,bird,1.0
80,./kaggletest/klacuc1/,XC537450.ogg,60.65630385487528,0,45.0,5.0,44100,bird,1.0
81,./kaggletest/klacuc1/,XC537450.ogg,60.65630385487528,0,50.0,5.0,44100,bird,1.0
82,./kaggletest/klacuc1/,XC537450.ogg,60.65630385487528,0,55.0,5.0,44100,bird,1.0
83,./kaggletest/klacuc1/,XC332853.ogg,26.17467120181406,0,0.0,5.0,44100,bird,1.0
84,./kaggletest/klacuc1/,XC332853.ogg,26.17467120181406,0,5.0,5.0,44100,bird,1.0
85,./kaggletest/klacuc1/,XC332853.ogg,26.17467120181406,0,10.0,5.0,44100,bird,1.0
86,./kaggletest/klacuc1/,XC332853.ogg,26.17467120181406,0,15.0,5.0,44100,bird,1.0
87,./kaggletest/klacuc1/,XC332853.ogg,26.17467120181406,0,20.0,5.0,44100,bird,1.0
88,./kaggletest/klacuc1/,XC395190.ogg,13.703990929705215,0,0.0,5.0,44100,bird,1.0
89,./kaggletest/klacuc1/,XC45758.ogg,14.236734693877551,0,0.0,5.0,44100,bird,1.0
90,./kaggletest/klacuc1/,XC45758.ogg,14.236734693877551,0,5.0,5.0,44100,bird,1.0
91,./kaggletest/klacuc1/,XC444805.ogg,19.304489795918368,0,0.0,5.0,44100,bird,1.0
92,./kaggletest/klacuc1/,XC444805.ogg,19.304489795918368,0,5.0,5.0,44100,bird,1.0
93,./kaggletest/klacuc1/,XC444805.ogg,19.304489795918368,0,10.0,5.0,44100,bird,1.0
94,./kaggletest/klacuc1/,XC301509.ogg,33.85467120181406,0,5.0,5.0,44100,bird,1.0
95,./kaggletest/klacuc1/,XC301509.ogg,33.85467120181406,0,15.0,5.0,44100,bird,1.0
96,./kaggletest/klacuc1/,XC301509.ogg,33.85467120181406,0,20.0,5.0,44100,bird,1.0
97,./kaggletest/klacuc1/,XC301509.ogg,33.85467120181406,0,25.0,5.0,44100,bird,1.0
98,./kaggletest/klacuc1/,XC397378.ogg,6.060385487528345,0,0.0,5.0,44100,bird,1.0
99,./kaggletest/klacuc1/,XC513802.ogg,176.08798185941043,0,0.0,5.0,44100,bird,1.0
100,./kaggletest/klacuc1/,XC513802.ogg,176.08798185941043,0,5.0,5.0,44100,bird,1.0
101,./kaggletest/klacuc1/,XC513802.ogg,176.08798185941043,0,10.0,5.0,44100,bird,1.0
102,./kaggletest/klacuc1/,XC513802.ogg,176.08798185941043,0,15.0,5.0,44100,bird,1.0
103,./kaggletest/klacuc1/,XC513802.ogg,176.08798185941043,0,20.0,5.0,44100,bird,1.0
104,./kaggletest/klacuc1/,XC513802.ogg,176.08798185941043,0,30.0,5.0,44100,bird,1.0
105,./kaggletest/klacuc1/,XC513802.ogg,176.08798185941043,0,35.0,5.0,44100,bird,1.0
106,./kaggletest/klacuc1/,XC513802.ogg,176.08798185941043,0,40.0,5.0,44100,bird,1.0
107,./kaggletest/klacuc1/,XC513802.ogg,176.08798185941043,0,45.0,5.0,44100,bird,1.0
108,./kaggletest/klacuc1/,XC513802.ogg,176.08798185941043,0,55.0,5.0,44100,bird,1.0
109,./kaggletest/klacuc1/,XC513802.ogg,176.08798185941043,0,60.0,5.0,44100,bird,1.0
110,./kaggletest/klacuc1/,XC513802.ogg,176.08798185941043,0,65.0,5.0,44100,bird,1.0
111,./kaggletest/klacuc1/,XC513802.ogg,176.08798185941043,0,75.0,5.0,44100,bird,1.0
112,./kaggletest/klacuc1/,XC513802.ogg,176.08798185941043,0,80.0,5.0,44100,bird,1.0
113,./kaggletest/klacuc1/,XC513802.ogg,176.08798185941043,0,85.0,5.0,44100,bird,1.0
114,./kaggletest/klacuc1/,XC513802.ogg,176.08798185941043,0,100.0,5.0,44100,bird,1.0
115,./kaggletest/klacuc1/,XC513802.ogg,176.08798185941043,0,105.0,5.0,44100,bird,1.0
116,./kaggletest/klacuc1/,XC513802.ogg,176.08798185941043,0,120.0,5.0,44100,bird,1.0
117,./kaggletest/klacuc1/,XC513802.ogg,176.08798185941043,0,125.0,5.0,44100,bird,1.0
118,./kaggletest/klacuc1/,XC513802.ogg,176.08798185941043,0,140.0,5.0,44100,bird,1.0
119,./kaggletest/klacuc1/,XC513802.ogg,176.08798185941043,0,145.0,5.0,44100,bird,1.0
120,./kaggletest/klacuc1/,XC513802.ogg,176.08798185941043,0,150.0,5.0,44100,bird,1.0
121,./kaggletest/klacuc1/,XC513802.ogg,176.08798185941043,0,155.0,5.0,44100,bird,1.0
122,./kaggletest/klacuc1/,XC513802.ogg,176.08798185941043,0,160.0,5.0,44100,bird,1.0
123,./kaggletest/klacuc1/,XC513802.ogg,176.08798185941043,0,165.0,5.0,44100,bird,1.0
124,./kaggletest/klacuc1/,XC513802.ogg,176.08798185941043,0,170.0,5.0,44100,bird,1.0
125,./kaggletest/klacuc1/,XC340556.ogg,81.73714285714286,0,0.0,5.0,44100,bird,1.0
126,./kaggletest/klacuc1/,XC340556.ogg,81.73714285714286,0,5.0,5.0,44100,bird,1.0
127,./kaggletest/klacuc1/,XC340556.ogg,81.73714285714286,0,10.0,5.0,44100,bird,1.0
128,./kaggletest/klacuc1/,XC340556.ogg,81.73714285714286,0,15.0,5.0,44100,bird,1.0
129,./kaggletest/klacuc1/,XC340556.ogg,81.73714285714286,0,20.0,5.0,44100,bird,1.0
130,./kaggletest/klacuc1/,XC340556.ogg,81.73714285714286,0,25.0,5.0,44100,bird,1.0
131,./kaggletest/klacuc1/,XC340556.ogg,81.73714285714286,0,30.0,5.0,44100,bird,1.0
132,./kaggletest/klacuc1/,XC340556.ogg,81.73714285714286,0,35.0,5.0,44100,bird,1.0
133,./kaggletest/klacuc1/,XC340556.ogg,81.73714285714286,0,45.0,5.0,44100,bird,1.0
134,./kaggletest/klacuc1/,XC340556.ogg,81.73714285714286,0,55.0,5.0,44100,bird,1.0
135,./kaggletest/klacuc1/,XC340556.ogg,81.73714285714286,0,60.0,5.0,44100,bird,1.0
136,./kaggletest/klacuc1/,XC340556.ogg,81.73714285714286,0,75.0,5.0,44100,bird,1.0
137,./kaggletest/klacuc1/,XC750202.ogg,5.407324263038549,0,0.0,5.0,44100,bird,1.0
138,./kaggletest/klacuc1/,XC328370.ogg,52.29714285714286,0,0.0,5.0,44100,bird,1.0
139,./kaggletest/klacuc1/,XC328370.ogg,52.29714285714286,0,10.0,5.0,44100,bird,1.0
140,./kaggletest/klacuc1/,XC328370.ogg,52.29714285714286,0,15.0,5.0,44100,bird,1.0
141,./kaggletest/klacuc1/,XC328370.ogg,52.29714285714286,0,20.0,5.0,44100,bird,1.0
142,./kaggletest/klacuc1/,XC328370.ogg,52.29714285714286,0,25.0,5.0,44100,bird,1.0
143,./kaggletest/klacuc1/,XC328370.ogg,52.29714285714286,0,35.0,5.0,44100,bird,1.0
144,./kaggletest/klacuc1/,XC328370.ogg,52.29714285714286,0,45.0,5.0,44100,bird,1.0
145,./kaggletest/klacuc1/,XC347628.ogg,15.830204081632653,0,0.0,5.0,44100,bird,1.0
146,./kaggletest/klacuc1/,XC347628.ogg,15.830204081632653,0,5.0,5.0,44100,bird,1.0
147,./kaggletest/klacuc1/,XC347628.ogg,15.830204081632653,0,10.0,5.0,44100,bird,1.0
148,./kaggletest/klacuc1/,XC289773.ogg,116.1665306122449,0,0.0,5.0,44100,bird,1.0
149,./kaggletest/klacuc1/,XC289773.ogg,116.1665306122449,0,10.0,5.0,44100,bird,1.0
150,./kaggletest/klacuc1/,XC289773.ogg,116.1665306122449,0,15.0,5.0,44100,bird,1.0
151,./kaggletest/klacuc1/,XC289773.ogg,116.1665306122449,0,20.0,5.0,44100,bird,1.0
152,./kaggletest/klacuc1/,XC289773.ogg,116.1665306122449,0,25.0,5.0,44100,bird,1.0
153,./kaggletest/klacuc1/,XC289773.ogg,116.1665306122449,0,30.0,5.0,44100,bird,1.0
154,./kaggletest/klacuc1/,XC289773.ogg,116.1665306122449,0,35.0,5.0,44100,bird,1.0
155,./kaggletest/klacuc1/,XC289773.ogg,116.1665306122449,0,45.0,5.0,44100,bird,1.0
156,./kaggletest/klacuc1/,XC289773.ogg,116.1665306122449,0,50.0,5.0,44100,bird,1.0
157,./kaggletest/klacuc1/,XC289773.ogg,116.1665306122449,0,55.0,5.0,44100,bird,1.0
158,./kaggletest/klacuc1/,XC289773.ogg,116.1665306122449,0,65.0,5.0,44100,bird,1.0
159,./kaggletest/klacuc1/,XC289773.ogg,116.1665306122449,0,70.0,5.0,44100,bird,1.0
160,./kaggletest/klacuc1/,XC289773.ogg,116.1665306122449,0,75.0,5.0,44100,bird,1.0
161,./kaggletest/klacuc1/,XC289773.ogg,116.1665306122449,0,80.0,5.0,44100,bird,1.0
162,./kaggletest/klacuc1/,XC289773.ogg,116.1665306122449,0,85.0,5.0,44100,bird,1.0
163,./kaggletest/klacuc1/,XC289773.ogg,116.1665306122449,0,95.0,5.0,44100,bird,1.0
164,./kaggletest/klacuc1/,XC289773.ogg,116.1665306122449,0,100.0,5.0,44100,bird,1.0
165,./kaggletest/klacuc1/,XC289773.ogg,116.1665306122449,0,105.0,5.0,44100,bird,1.0
166,./kaggletest/klacuc1/,XC289773.ogg,116.1665306122449,0,110.0,5.0,44100,bird,1.0
167,./kaggletest/klacuc1/,XC316680.ogg,5.224489795918367,0,0.0,5.0,44100,bird,1.0
168,./kaggletest/klacuc1/,XC116764.ogg,31.660385487528345,0,0.0,5.0,44100,bird,1.0
169,./kaggletest/klacuc1/,XC116764.ogg,31.660385487528345,0,5.0,5.0,44100,bird,1.0
170,./kaggletest/klacuc1/,XC116764.ogg,31.660385487528345,0,10.0,5.0,44100,bird,1.0
171,./kaggletest/klacuc1/,XC116764.ogg,31.660385487528345,0,15.0,5.0,44100,bird,1.0
172,./kaggletest/klacuc1/,XC116764.ogg,31.660385487528345,0,20.0,5.0,44100,bird,1.0
173,./kaggletest/klacuc1/,XC116764.ogg,31.660385487528345,0,25.0,5.0,44100,bird,1.0
174,./kaggletest/klacuc1/,XC421470.ogg,83.87918367346938,0,0.0,5.0,44100,bird,1.0
175,./kaggletest/klacuc1/,XC421470.ogg,83.87918367346938,0,5.0,5.0,44100,bird,1.0
176,./kaggletest/klacuc1/,XC421470.ogg,83.87918367346938,0,10.0,5.0,44100,bird,1.0
177,./kaggletest/klacuc1/,XC421470.ogg,83.87918367346938,0,15.0,5.0,44100,bird,1.0
178,./kaggletest/klacuc1/,XC421470.ogg,83.87918367346938,0,20.0,5.0,44100,bird,1.0
179,./kaggletest/klacuc1/,XC421470.ogg,83.87918367346938,0,30.0,5.0,44100,bird,1.0
180,./kaggletest/klacuc1/,XC421470.ogg,83.87918367346938,0,35.0,5.0,44100,bird,1.0
181,./kaggletest/klacuc1/,XC421470.ogg,83.87918367346938,0,40.0,5.0,44100,bird,1.0
182,./kaggletest/klacuc1/,XC421470.ogg,83.87918367346938,0,45.0,5.0,44100,bird,1.0
183,./kaggletest/klacuc1/,XC421470.ogg,83.87918367346938,0,50.0,5.0,44100,bird,1.0
184,./kaggletest/klacuc1/,XC421470.ogg,83.87918367346938,0,55.0,5.0,44100,bird,1.0
185,./kaggletest/klacuc1/,XC421470.ogg,83.87918367346938,0,60.0,5.0,44100,bird,1.0
186,./kaggletest/klacuc1/,XC421470.ogg,83.87918367346938,0,65.0,5.0,44100,bird,1.0
187,./kaggletest/klacuc1/,XC421470.ogg,83.87918367346938,0,70.0,5.0,44100,bird,1.0
188,./kaggletest/klacuc1/,XC421470.ogg,83.87918367346938,0,75.0,5.0,44100,bird,1.0
189,./kaggletest/klacuc1/,XC404431.ogg,49.031836734693876,0,0.0,5.0,44100,bird,1.0
190,./kaggletest/klacuc1/,XC404431.ogg,49.031836734693876,0,10.0,5.0,44100,bird,1.0
191,./kaggletest/klacuc1/,XC339470.ogg,104.20242630385488,0,0.0,5.0,44100,bird,1.0
192,./kaggletest/klacuc1/,XC339470.ogg,104.20242630385488,0,5.0,5.0,44100,bird,1.0
193,./kaggletest/klacuc1/,XC339470.ogg,104.20242630385488,0,10.0,5.0,44100,bird,1.0
194,./kaggletest/klacuc1/,XC339470.ogg,104.20242630385488,0,15.0,5.0,44100,bird,1.0
195,./kaggletest/klacuc1/,XC339470.ogg,104.20242630385488,0,20.0,5.0,44100,bird,1.0
196,./kaggletest/klacuc1/,XC339470.ogg,104.20242630385488,0,25.0,5.0,44100,bird,1.0
197,./kaggletest/klacuc1/,XC339470.ogg,104.20242630385488,0,30.0,5.0,44100,bird,1.0
198,./kaggletest/klacuc1/,XC339470.ogg,104.20242630385488,0,35.0,5.0,44100,bird,1.0
199,./kaggletest/klacuc1/,XC339470.ogg,104.20242630385488,0,40.0,5.0,44100,bird,1.0
200,./kaggletest/klacuc1/,XC339470.ogg,104.20242630385488,0,45.0,5.0,44100,bird,1.0
201,./kaggletest/klacuc1/,XC339470.ogg,104.20242630385488,0,55.0,5.0,44100,bird,1.0
202,./kaggletest/klacuc1/,XC339470.ogg,104.20242630385488,0,60.0,5.0,44100,bird,1.0
203,./kaggletest/klacuc1/,XC339470.ogg,104.20242630385488,0,65.0,5.0,44100,bird,1.0
204,./kaggletest/klacuc1/,XC339470.ogg,104.20242630385488,0,70.0,5.0,44100,bird,1.0
205,./kaggletest/klacuc1/,XC339470.ogg,104.20242630385488,0,75.0,5.0,44100,bird,1.0
206,./kaggletest/klacuc1/,XC339470.ogg,104.20242630385488,0,80.0,5.0,44100,bird,1.0
207,./kaggletest/klacuc1/,XC339470.ogg,104.20242630385488,0,85.0,5.0,44100,bird,1.0
208,./kaggletest/klacuc1/,XC339470.ogg,104.20242630385488,0,90.0,5.0,44100,bird,1.0
209,./kaggletest/klacuc1/,XC339470.ogg,104.20242630385488,0,95.0,5.0,44100,bird,1.0
210,./kaggletest/klacuc1/,XC120990.ogg,80.2319954648526,0,0.0,5.0,44100,bird,1.0
211,./kaggletest/klacuc1/,XC120990.ogg,80.2319954648526,0,5.0,5.0,44100,bird,1.0
212,./kaggletest/klacuc1/,XC120990.ogg,80.2319954648526,0,15.0,5.0,44100,bird,1.0
213,./kaggletest/klacuc1/,XC120990.ogg,80.2319954648526,0,20.0,5.0,44100,bird,1.0
214,./kaggletest/klacuc1/,XC120990.ogg,80.2319954648526,0,35.0,5.0,44100,bird,1.0
215,./kaggletest/klacuc1/,XC120990.ogg,80.2319954648526,0,40.0,5.0,44100,bird,1.0
216,./kaggletest/klacuc1/,XC120990.ogg,80.2319954648526,0,50.0,5.0,44100,bird,1.0
217,./kaggletest/klacuc1/,XC120990.ogg,80.2319954648526,0,55.0,5.0,44100,bird,1.0
218,./kaggletest/klacuc1/,XC120990.ogg,80.2319954648526,0,60.0,5.0,44100,bird,1.0
219,./kaggletest/klacuc1/,XC120990.ogg,80.2319954648526,0,65.0,5.0,44100,bird,1.0
220,./kaggletest/klacuc1/,XC120990.ogg,80.2319954648526,0,70.0,5.0,44100,bird,1.0
221,./kaggletest/klacuc1/,XC120990.ogg,80.2319954648526,0,75.0,5.0,44100,bird,1.0
222,./kaggletest/klacuc1/,XC607609.ogg,7.131428571428572,0,0.0,5.0,44100,bird,1.0
223,./kaggletest/klacuc1/,XC430020.ogg,29.648956916099774,0,0.0,5.0,44100,bird,1.0
224,./kaggletest/klacuc1/,XC430020.ogg,29.648956916099774,0,5.0,5.0,44100,bird,1.0
225,./kaggletest/klacuc1/,XC430020.ogg,29.648956916099774,0,10.0,5.0,44100,bird,1.0
226,./kaggletest/klacuc1/,XC430020.ogg,29.648956916099774,0,15.0,5.0,44100,bird,1.0
227,./kaggletest/klacuc1/,XC430020.ogg,29.648956916099774,0,20.0,5.0,44100,bird,1.0
228,./kaggletest/klacuc1/,XC650034.ogg,22.30854875283447,0,0.0,5.0,44100,bird,1.0
229,./kaggletest/klacuc1/,XC650034.ogg,22.30854875283447,0,15.0,5.0,44100,bird,1.0
230,./kaggletest/klacuc1/,XC404190.ogg,53.105986394557824,0,0.0,5.0,44100,bird,1.0
231,./kaggletest/klacuc1/,XC404190.ogg,53.105986394557824,0,5.0,5.0,44100,bird,1.0
232,./kaggletest/klacuc1/,XC404190.ogg,53.105986394557824,0,10.0,5.0,44100,bird,1.0
233,./kaggletest/klacuc1/,XC404190.ogg,53.105986394557824,0,15.0,5.0,44100,bird,1.0
234,./kaggletest/klacuc1/,XC404190.ogg,53.105986394557824,0,25.0,5.0,44100,bird,1.0
235,./kaggletest/klacuc1/,XC404190.ogg,53.105986394557824,0,30.0,5.0,44100,bird,1.0
236,./kaggletest/klacuc1/,XC404190.ogg,53.105986394557824,0,35.0,5.0,44100,bird,1.0
237,./kaggletest/klacuc1/,XC404190.ogg,53.105986394557824,0,45.0,5.0,44100,bird,1.0
238,./kaggletest/klacuc1/,XC611690.ogg,88.00598639455782,0,0.0,5.0,44100,bird,1.0
239,./kaggletest/klacuc1/,XC611690.ogg,88.00598639455782,0,5.0,5.0,44100,bird,1.0
240,./kaggletest/klacuc1/,XC611690.ogg,88.00598639455782,0,10.0,5.0,44100,bird,1.0
241,./kaggletest/klacuc1/,XC611690.ogg,88.00598639455782,0,20.0,5.0,44100,bird,1.0
242,./kaggletest/klacuc1/,XC611690.ogg,88.00598639455782,0,25.0,5.0,44100,bird,1.0
243,./kaggletest/klacuc1/,XC611690.ogg,88.00598639455782,0,35.0,5.0,44100,bird,1.0
244,./kaggletest/klacuc1/,XC611690.ogg,88.00598639455782,0,40.0,5.0,44100,bird,1.0
245,./kaggletest/klacuc1/,XC611690.ogg,88.00598639455782,0,45.0,5.0,44100,bird,1.0
246,./kaggletest/klacuc1/,XC611690.ogg,88.00598639455782,0,50.0,5.0,44100,bird,1.0
247,./kaggletest/klacuc1/,XC611690.ogg,88.00598639455782,0,55.0,5.0,44100,bird,1.0
248,./kaggletest/klacuc1/,XC611690.ogg,88.00598639455782,0,60.0,5.0,44100,bird,1.0
249,./kaggletest/klacuc1/,XC611690.ogg,88.00598639455782,0,65.0,5.0,44100,bird,1.0
250,./kaggletest/klacuc1/,XC611690.ogg,88.00598639455782,0,70.0,5.0,44100,bird,1.0
251,./kaggletest/klacuc1/,XC611690.ogg,88.00598639455782,0,75.0,5.0,44100,bird,1.0
252,./kaggletest/klacuc1/,XC611690.ogg,88.00598639455782,0,80.0,5.0,44100,bird,1.0
253,./kaggletest/klacuc1/,XC252049.ogg,20.015986394557824,0,0.0,5.0,44100,bird,1.0
254,./kaggletest/klacuc1/,XC252049.ogg,20.015986394557824,0,5.0,5.0,44100,bird,1.0
255,./kaggletest/klacuc1/,XC252049.ogg,20.015986394557824,0,10.0,5.0,44100,bird,1.0
256,./kaggletest/klacuc1/,XC252049.ogg,20.015986394557824,0,15.0,5.0,44100,bird,1.0
257,./kaggletest/klacuc1/,XC338694.ogg,36.07507936507937,0,0.0,5.0,44100,bird,1.0
258,./kaggletest/klacuc1/,XC338694.ogg,36.07507936507937,0,10.0,5.0,44100,bird,1.0
259,./kaggletest/klacuc1/,XC338694.ogg,36.07507936507937,0,15.0,5.0,44100,bird,1.0
260,./kaggletest/klacuc1/,XC338694.ogg,36.07507936507937,0,20.0,5.0,44100,bird,1.0
261,./kaggletest/klacuc1/,XC338694.ogg,36.07507936507937,0,25.0,5.0,44100,bird,1.0
262,./kaggletest/klacuc1/,XC338694.ogg,36.07507936507937,0,30.0,5.0,44100,bird,1.0
263,./kaggletest/klacuc1/,XC138406.ogg,65.43673469387755,0,0.0,5.0,44100,bird,1.0
264,./kaggletest/klacuc1/,XC138406.ogg,65.43673469387755,0,5.0,5.0,44100,bird,1.0
265,./kaggletest/klacuc1/,XC138406.ogg,65.43673469387755,0,10.0,5.0,44100,bird,1.0
266,./kaggletest/klacuc1/,XC138406.ogg,65.43673469387755,0,15.0,5.0,44100,bird,1.0
267,./kaggletest/klacuc1/,XC138406.ogg,65.43673469387755,0,20.0,5.0,44100,bird,1.0
268,./kaggletest/klacuc1/,XC138406.ogg,65.43673469387755,0,25.0,5.0,44100,bird,1.0
269,./kaggletest/klacuc1/,XC138406.ogg,65.43673469387755,0,30.0,5.0,44100,bird,1.0
270,./kaggletest/klacuc1/,XC138406.ogg,65.43673469387755,0,35.0,5.0,44100,bird,1.0
271,./kaggletest/klacuc1/,XC138406.ogg,65.43673469387755,0,40.0,5.0,44100,bird,1.0
272,./kaggletest/klacuc1/,XC138406.ogg,65.43673469387755,0,45.0,5.0,44100,bird,1.0
273,./kaggletest/klacuc1/,XC138406.ogg,65.43673469387755,0,55.0,5.0,44100,bird,1.0
274,./kaggletest/klacuc1/,XC138406.ogg,65.43673469387755,0,60.0,5.0,44100,bird,1.0
275,./kaggletest/klacuc1/,XC298807.ogg,25.487981859410432,0,0.0,5.0,44100,bird,1.0
276,./kaggletest/klacuc1/,XC298807.ogg,25.487981859410432,0,5.0,5.0,44100,bird,1.0
277,./kaggletest/klacuc1/,XC298807.ogg,25.487981859410432,0,10.0,5.0,44100,bird,1.0
278,./kaggletest/klacuc1/,XC298807.ogg,25.487981859410432,0,15.0,5.0,44100,bird,1.0
279,./kaggletest/klacuc1/,XC298807.ogg,25.487981859410432,0,20.0,5.0,44100,bird,1.0
280,./kaggletest/klacuc1/,XC725194.ogg,13.11344671201814,0,0.0,5.0,44100,bird,1.0
281,./kaggletest/klacuc1/,XC725194.ogg,13.11344671201814,0,5.0,5.0,44100,bird,1.0
282,./kaggletest/klacuc1/,XC28650.ogg,41.116734693877554,0,0.0,5.0,44100,bird,1.0
283,./kaggletest/klacuc1/,XC28650.ogg,41.116734693877554,0,5.0,5.0,44100,bird,1.0
284,./kaggletest/klacuc1/,XC28650.ogg,41.116734693877554,0,10.0,5.0,44100,bird,1.0
285,./kaggletest/klacuc1/,XC28650.ogg,41.116734693877554,0,15.0,5.0,44100,bird,1.0
286,./kaggletest/klacuc1/,XC28650.ogg,41.116734693877554,0,20.0,5.0,44100,bird,1.0
287,./kaggletest/klacuc1/,XC28650.ogg,41.116734693877554,0,25.0,5.0,44100,bird,1.0
288,./kaggletest/klacuc1/,XC28650.ogg,41.116734693877554,0,30.0,5.0,44100,bird,1.0
289,./kaggletest/klacuc1/,XC28650.ogg,41.116734693877554,0,35.0,5.0,44100,bird,1.0
290,./kaggletest/klacuc1/,XC286392.ogg,28.708548752834467,0,0.0,5.0,44100,bird,1.0
291,./kaggletest/klacuc1/,XC286392.ogg,28.708548752834467,0,5.0,5.0,44100,bird,1.0
292,./kaggletest/klacuc1/,XC286392.ogg,28.708548752834467,0,10.0,5.0,44100,bird,1.0
293,./kaggletest/klacuc1/,XC286392.ogg,28.708548752834467,0,15.0,5.0,44100,bird,1.0
294,./kaggletest/klacuc1/,XC286392.ogg,28.708548752834467,0,20.0,5.0,44100,bird,1.0
295,./kaggletest/klacuc1/,XC530441.ogg,33.618979591836734,0,0.0,5.0,44100,bird,1.0
296,./kaggletest/klacuc1/,XC530441.ogg,33.618979591836734,0,5.0,5.0,44100,bird,1.0
297,./kaggletest/klacuc1/,XC530441.ogg,33.618979591836734,0,10.0,5.0,44100,bird,1.0
298,./kaggletest/klacuc1/,XC530441.ogg,33.618979591836734,0,15.0,5.0,44100,bird,1.0
299,./kaggletest/klacuc1/,XC530441.ogg,33.618979591836734,0,20.0,5.0,44100,bird,1.0
300,./kaggletest/klacuc1/,XC530441.ogg,33.618979591836734,0,25.0,5.0,44100,bird,1.0
301,./kaggletest/klacuc1/,XC209711.ogg,45.071995464852606,0,0.0,5.0,44100,bird,1.0
302,./kaggletest/klacuc1/,XC209711.ogg,45.071995464852606,0,5.0,5.0,44100,bird,1.0
303,./kaggletest/klacuc1/,XC209711.ogg,45.071995464852606,0,10.0,5.0,44100,bird,1.0
304,./kaggletest/klacuc1/,XC209711.ogg,45.071995464852606,0,15.0,5.0,44100,bird,1.0
305,./kaggletest/klacuc1/,XC209711.ogg,45.071995464852606,0,25.0,5.0,44100,bird,1.0
306,./kaggletest/klacuc1/,XC209711.ogg,45.071995464852606,0,30.0,5.0,44100,bird,1.0
307,./kaggletest/klacuc1/,XC209711.ogg,45.071995464852606,0,40.0,5.0,44100,bird,1.0
308,./kaggletest/klacuc1/,XC194271.ogg,33.436734693877554,0,0.0,5.0,44100,bird,1.0
309,./kaggletest/klacuc1/,XC194271.ogg,33.436734693877554,0,10.0,5.0,44100,bird,1.0
310,./kaggletest/klacuc1/,XC194271.ogg,33.436734693877554,0,25.0,5.0,44100,bird,1.0
311,./kaggletest/klacuc1/,XC440201.ogg,8.903990929705216,0,0.0,5.0,44100,bird,1.0
312,./kaggletest/klacuc1/,XC459154.ogg,64.80897959183673,0,0.0,5.0,44100,bird,1.0
313,./kaggletest/klacuc1/,XC459154.ogg,64.80897959183673,0,5.0,5.0,44100,bird,1.0
314,./kaggletest/klacuc1/,XC459154.ogg,64.80897959183673,0,10.0,5.0,44100,bird,1.0
315,./kaggletest/klacuc1/,XC459154.ogg,64.80897959183673,0,15.0,5.0,44100,bird,1.0
316,./kaggletest/klacuc1/,XC459154.ogg,64.80897959183673,0,25.0,5.0,44100,bird,1.0
317,./kaggletest/klacuc1/,XC459154.ogg,64.80897959183673,0,30.0,5.0,44100,bird,1.0
318,./kaggletest/klacuc1/,XC459154.ogg,64.80897959183673,0,35.0,5.0,44100,bird,1.0
319,./kaggletest/klacuc1/,XC459154.ogg,64.80897959183673,0,40.0,5.0,44100,bird,1.0
320,./kaggletest/klacuc1/,XC459154.ogg,64.80897959183673,0,50.0,5.0,44100,bird,1.0
321,./kaggletest/klacuc1/,XC459154.ogg,64.80897959183673,0,55.0,5.0,44100,bird,1.0
322,./kaggletest/klacuc1/,XC338493.ogg,54.07344671201814,0,0.0,5.0,44100,bird,1.0
323,./kaggletest/klacuc1/,XC338493.ogg,54.07344671201814,0,5.0,5.0,44100,bird,1.0
324,./kaggletest/klacuc1/,XC338493.ogg,54.07344671201814,0,10.0,5.0,44100,bird,1.0
325,./kaggletest/klacuc1/,XC338493.ogg,54.07344671201814,0,15.0,5.0,44100,bird,1.0
326,./kaggletest/klacuc1/,XC338493.ogg,54.07344671201814,0,25.0,5.0,44100,bird,1.0
327,./kaggletest/klacuc1/,XC338493.ogg,54.07344671201814,0,30.0,5.0,44100,bird,1.0
328,./kaggletest/klacuc1/,XC338493.ogg,54.07344671201814,0,35.0,5.0,44100,bird,1.0
329,./kaggletest/klacuc1/,XC338493.ogg,54.07344671201814,0,40.0,5.0,44100,bird,1.0
330,./kaggletest/klacuc1/,XC338493.ogg,54.07344671201814,0,45.0,5.0,44100,bird,1.0
331,./kaggletest/klacuc1/,XC368138.ogg,81.05698412698413,0,0.0,5.0,44100,bird,1.0
332,./kaggletest/klacuc1/,XC368138.ogg,81.05698412698413,0,5.0,5.0,44100,bird,1.0
333,./kaggletest/klacuc1/,XC368138.ogg,81.05698412698413,0,10.0,5.0,44100,bird,1.0
334,./kaggletest/klacuc1/,XC368138.ogg,81.05698412698413,0,15.0,5.0,44100,bird,1.0
335,./kaggletest/klacuc1/,XC368138.ogg,81.05698412698413,0,20.0,5.0,44100,bird,1.0
336,./kaggletest/klacuc1/,XC368138.ogg,81.05698412698413,0,25.0,5.0,44100,bird,1.0
337,./kaggletest/klacuc1/,XC368138.ogg,81.05698412698413,0,30.0,5.0,44100,bird,1.0
338,./kaggletest/klacuc1/,XC368138.ogg,81.05698412698413,0,35.0,5.0,44100,bird,1.0
339,./kaggletest/klacuc1/,XC368138.ogg,81.05698412698413,0,45.0,5.0,44100,bird,1.0
340,./kaggletest/klacuc1/,XC368138.ogg,81.05698412698413,0,60.0,5.0,44100,bird,1.0
341,./kaggletest/klacuc1/,XC368138.ogg,81.05698412698413,0,65.0,5.0,44100,bird,1.0
342,./kaggletest/klacuc1/,XC368138.ogg,81.05698412698413,0,70.0,5.0,44100,bird,1.0
343,./kaggletest/klacuc1/,XC368138.ogg,81.05698412698413,0,75.0,5.0,44100,bird,1.0
