,FOLDER,IN FILE,CLIP LENGTH,CHANNEL,OFFSET,DURATION,SAMPLE RATE,MANUAL ID,CONFIDENCE
0,./kaggletest/kvbsun1/,XC344743.ogg,15.203242630385487,0,0.0,5.0,44100,bird,1.0
1,./kaggletest/kvbsun1/,XC344743.ogg,15.203242630385487,0,5.0,5.0,44100,bird,1.0
2,./kaggletest/kvbsun1/,XC344743.ogg,15.203242630385487,0,10.0,5.0,44100,bird,1.0
3,./kaggletest/kvbsun1/,XC459159.ogg,39.99299319727891,0,0.0,5.0,44100,bird,1.0
4,./kaggletest/kvbsun1/,XC459159.ogg,39.99299319727891,0,5.0,5.0,44100,bird,1.0
5,./kaggletest/kvbsun1/,XC459159.ogg,39.99299319727891,0,10.0,5.0,44100,bird,1.0
6,./kaggletest/kvbsun1/,XC459159.ogg,39.99299319727891,0,15.0,5.0,44100,bird,1.0
7,./kaggletest/kvbsun1/,XC459159.ogg,39.99299319727891,0,20.0,5.0,44100,bird,1.0
8,./kaggletest/kvbsun1/,XC459159.ogg,39.99299319727891,0,25.0,5.0,44100,bird,1.0
9,./kaggletest/kvbsun1/,XC459159.ogg,39.99299319727891,0,30.0,5.0,44100,bird,1.0
10,./kaggletest/kvbsun1/,XC267764.ogg,10.343990929705216,0,0.0,5.0,44100,bird,1.0
11,./kaggletest/kvbsun1/,XC267764.ogg,10.343990929705216,0,5.0,5.0,44100,bird,1.0
12,./kaggletest/kvbsun1/,XC699711.ogg,16.848956916099773,0,0.0,5.0,44100,bird,1.0
13,./kaggletest/kvbsun1/,XC699711.ogg,16.848956916099773,0,5.0,5.0,44100,bird,1.0
14,./kaggletest/kvbsun1/,XC699711.ogg,16.848956916099773,0,10.0,5.0,44100,bird,1.0
15,./kaggletest/kvbsun1/,XC578595.ogg,20.20798185941043,0,0.0,5.0,44100,bird,1.0
16,./kaggletest/kvbsun1/,XC578595.ogg,20.20798185941043,0,5.0,5.0,44100,bird,1.0
17,./kaggletest/kvbsun1/,XC267767.ogg,45.455986394557826,0,0.0,5.0,44100,bird,1.0
18,./kaggletest/kvbsun1/,XC267767.ogg,45.455986394557826,0,5.0,5.0,44100,bird,1.0
19,./kaggletest/kvbsun1/,XC267767.ogg,45.455986394557826,0,10.0,5.0,44100,bird,1.0
20,./kaggletest/kvbsun1/,XC267767.ogg,45.455986394557826,0,15.0,5.0,44100,bird,1.0
21,./kaggletest/kvbsun1/,XC267767.ogg,45.455986394557826,0,20.0,5.0,44100,bird,1.0
22,./kaggletest/kvbsun1/,XC267767.ogg,45.455986394557826,0,25.0,5.0,44100,bird,1.0
23,./kaggletest/kvbsun1/,XC267767.ogg,45.455986394557826,0,30.0,5.0,44100,bird,1.0
24,./kaggletest/kvbsun1/,XC267767.ogg,45.455986394557826,0,35.0,5.0,44100,bird,1.0
25,./kaggletest/kvbsun1/,XC267767.ogg,45.455986394557826,0,40.0,5.0,44100,bird,1.0
26,./kaggletest/kvbsun1/,XC578596.ogg,29.88,0,0.0,5.0,44100,bird,1.0
27,./kaggletest/kvbsun1/,XC578596.ogg,29.88,0,5.0,5.0,44100,bird,1.0
28,./kaggletest/kvbsun1/,XC578596.ogg,29.88,0,10.0,5.0,44100,bird,1.0
29,./kaggletest/kvbsun1/,XC578596.ogg,29.88,0,15.0,5.0,44100,bird,1.0
30,./kaggletest/kvbsun1/,XC578596.ogg,29.88,0,20.0,5.0,44100,bird,1.0
31,./kaggletest/kvbsun1/,XC267766.ogg,13.127981859410431,0,0.0,5.0,44100,bird,1.0
32,./kaggletest/kvbsun1/,XC267766.ogg,13.127981859410431,0,5.0,5.0,44100,bird,1.0
33,./kaggletest/kvbsun1/,XC373647.ogg,33.215986394557824,0,0.0,5.0,44100,bird,1.0
34,./kaggletest/kvbsun1/,XC373647.ogg,33.215986394557824,0,5.0,5.0,44100,bird,1.0
35,./kaggletest/kvbsun1/,XC373647.ogg,33.215986394557824,0,10.0,5.0,44100,bird,1.0
36,./kaggletest/kvbsun1/,XC373647.ogg,33.215986394557824,0,15.0,5.0,44100,bird,1.0
37,./kaggletest/kvbsun1/,XC373647.ogg,33.215986394557824,0,25.0,5.0,44100,bird,1.0
