,FOLDER,IN FILE,CLIP LENGTH,CHANNEL,OFFSET,DURATION,SAMPLE RATE,MANUAL ID,CONFIDENCE
0,./kaggletest/lesmaw1/,XC153497.ogg,177.9461224489796,0,0.0,5.0,44100,bird,1.0
1,./kaggletest/lesmaw1/,XC153497.ogg,177.9461224489796,0,5.0,5.0,44100,bird,1.0
2,./kaggletest/lesmaw1/,XC153497.ogg,177.9461224489796,0,10.0,5.0,44100,bird,1.0
3,./kaggletest/lesmaw1/,XC153497.ogg,177.9461224489796,0,20.0,5.0,44100,bird,1.0
4,./kaggletest/lesmaw1/,XC153497.ogg,177.9461224489796,0,25.0,5.0,44100,bird,1.0
5,./kaggletest/lesmaw1/,XC153497.ogg,177.9461224489796,0,30.0,5.0,44100,bird,1.0
6,./kaggletest/lesmaw1/,XC153497.ogg,177.9461224489796,0,45.0,5.0,44100,bird,1.0
7,./kaggletest/lesmaw1/,XC153497.ogg,177.9461224489796,0,50.0,5.0,44100,bird,1.0
8,./kaggletest/lesmaw1/,XC153497.ogg,177.9461224489796,0,55.0,5.0,44100,bird,1.0
9,./kaggletest/lesmaw1/,XC153497.ogg,177.9461224489796,0,60.0,5.0,44100,bird,1.0
10,./kaggletest/lesmaw1/,XC153497.ogg,177.9461224489796,0,65.0,5.0,44100,bird,1.0
11,./kaggletest/lesmaw1/,XC153497.ogg,177.9461224489796,0,70.0,5.0,44100,bird,1.0
12,./kaggletest/lesmaw1/,XC153497.ogg,177.9461224489796,0,75.0,5.0,44100,bird,1.0
13,./kaggletest/lesmaw1/,XC153497.ogg,177.9461224489796,0,90.0,5.0,44100,bird,1.0
14,./kaggletest/lesmaw1/,XC153497.ogg,177.9461224489796,0,95.0,5.0,44100,bird,1.0
15,./kaggletest/lesmaw1/,XC153497.ogg,177.9461224489796,0,100.0,5.0,44100,bird,1.0
16,./kaggletest/lesmaw1/,XC153497.ogg,177.9461224489796,0,105.0,5.0,44100,bird,1.0
17,./kaggletest/lesmaw1/,XC153497.ogg,177.9461224489796,0,110.0,5.0,44100,bird,1.0
18,./kaggletest/lesmaw1/,XC153497.ogg,177.9461224489796,0,115.0,5.0,44100,bird,1.0
19,./kaggletest/lesmaw1/,XC153497.ogg,177.9461224489796,0,120.0,5.0,44100,bird,1.0
20,./kaggletest/lesmaw1/,XC153497.ogg,177.9461224489796,0,125.0,5.0,44100,bird,1.0
21,./kaggletest/lesmaw1/,XC153497.ogg,177.9461224489796,0,130.0,5.0,44100,bird,1.0
22,./kaggletest/lesmaw1/,XC153497.ogg,177.9461224489796,0,135.0,5.0,44100,bird,1.0
23,./kaggletest/lesmaw1/,XC153497.ogg,177.9461224489796,0,140.0,5.0,44100,bird,1.0
24,./kaggletest/lesmaw1/,XC153497.ogg,177.9461224489796,0,145.0,5.0,44100,bird,1.0
25,./kaggletest/lesmaw1/,XC153497.ogg,177.9461224489796,0,150.0,5.0,44100,bird,1.0
26,./kaggletest/lesmaw1/,XC153497.ogg,177.9461224489796,0,155.0,5.0,44100,bird,1.0
27,./kaggletest/lesmaw1/,XC153497.ogg,177.9461224489796,0,160.0,5.0,44100,bird,1.0
28,./kaggletest/lesmaw1/,XC153497.ogg,177.9461224489796,0,165.0,5.0,44100,bird,1.0
29,./kaggletest/lesmaw1/,XC153497.ogg,177.9461224489796,0,170.0,5.0,44100,bird,1.0
30,./kaggletest/lesmaw1/,XC150411.ogg,48.300385487528345,0,0.0,5.0,44100,bird,1.0
31,./kaggletest/lesmaw1/,XC150411.ogg,48.300385487528345,0,5.0,5.0,44100,bird,1.0
32,./kaggletest/lesmaw1/,XC150411.ogg,48.300385487528345,0,10.0,5.0,44100,bird,1.0
33,./kaggletest/lesmaw1/,XC150411.ogg,48.300385487528345,0,15.0,5.0,44100,bird,1.0
34,./kaggletest/lesmaw1/,XC150411.ogg,48.300385487528345,0,20.0,5.0,44100,bird,1.0
35,./kaggletest/lesmaw1/,XC150411.ogg,48.300385487528345,0,25.0,5.0,44100,bird,1.0
36,./kaggletest/lesmaw1/,XC150411.ogg,48.300385487528345,0,30.0,5.0,44100,bird,1.0
37,./kaggletest/lesmaw1/,XC150411.ogg,48.300385487528345,0,35.0,5.0,44100,bird,1.0
38,./kaggletest/lesmaw1/,XC150411.ogg,48.300385487528345,0,40.0,5.0,44100,bird,1.0
39,./kaggletest/lesmaw1/,XC240902.ogg,39.52324263038549,0,0.0,5.0,44100,bird,1.0
40,./kaggletest/lesmaw1/,XC240902.ogg,39.52324263038549,0,5.0,5.0,44100,bird,1.0
41,./kaggletest/lesmaw1/,XC240902.ogg,39.52324263038549,0,10.0,5.0,44100,bird,1.0
42,./kaggletest/lesmaw1/,XC240902.ogg,39.52324263038549,0,15.0,5.0,44100,bird,1.0
43,./kaggletest/lesmaw1/,XC240902.ogg,39.52324263038549,0,20.0,5.0,44100,bird,1.0
44,./kaggletest/lesmaw1/,XC240902.ogg,39.52324263038549,0,25.0,5.0,44100,bird,1.0
45,./kaggletest/lesmaw1/,XC240902.ogg,39.52324263038549,0,30.0,5.0,44100,bird,1.0
46,./kaggletest/lesmaw1/,XC194655.ogg,53.002426303854875,0,0.0,5.0,44100,bird,1.0
47,./kaggletest/lesmaw1/,XC194655.ogg,53.002426303854875,0,5.0,5.0,44100,bird,1.0
48,./kaggletest/lesmaw1/,XC194655.ogg,53.002426303854875,0,10.0,5.0,44100,bird,1.0
49,./kaggletest/lesmaw1/,XC194655.ogg,53.002426303854875,0,15.0,5.0,44100,bird,1.0
50,./kaggletest/lesmaw1/,XC194655.ogg,53.002426303854875,0,20.0,5.0,44100,bird,1.0
51,./kaggletest/lesmaw1/,XC194655.ogg,53.002426303854875,0,25.0,5.0,44100,bird,1.0
52,./kaggletest/lesmaw1/,XC194655.ogg,53.002426303854875,0,30.0,5.0,44100,bird,1.0
53,./kaggletest/lesmaw1/,XC194655.ogg,53.002426303854875,0,35.0,5.0,44100,bird,1.0
54,./kaggletest/lesmaw1/,XC194655.ogg,53.002426303854875,0,40.0,5.0,44100,bird,1.0
55,./kaggletest/lesmaw1/,XC194655.ogg,53.002426303854875,0,45.0,5.0,44100,bird,1.0
56,./kaggletest/lesmaw1/,XC397441.ogg,64.94,0,0.0,5.0,44100,bird,1.0
57,./kaggletest/lesmaw1/,XC397441.ogg,64.94,0,5.0,5.0,44100,bird,1.0
58,./kaggletest/lesmaw1/,XC397441.ogg,64.94,0,10.0,5.0,44100,bird,1.0
59,./kaggletest/lesmaw1/,XC397441.ogg,64.94,0,15.0,5.0,44100,bird,1.0
60,./kaggletest/lesmaw1/,XC397441.ogg,64.94,0,20.0,5.0,44100,bird,1.0
61,./kaggletest/lesmaw1/,XC397441.ogg,64.94,0,25.0,5.0,44100,bird,1.0
62,./kaggletest/lesmaw1/,XC397441.ogg,64.94,0,30.0,5.0,44100,bird,1.0
63,./kaggletest/lesmaw1/,XC397441.ogg,64.94,0,35.0,5.0,44100,bird,1.0
64,./kaggletest/lesmaw1/,XC397441.ogg,64.94,0,40.0,5.0,44100,bird,1.0
65,./kaggletest/lesmaw1/,XC397441.ogg,64.94,0,45.0,5.0,44100,bird,1.0
66,./kaggletest/lesmaw1/,XC397441.ogg,64.94,0,50.0,5.0,44100,bird,1.0
67,./kaggletest/lesmaw1/,XC397441.ogg,64.94,0,55.0,5.0,44100,bird,1.0
68,./kaggletest/lesmaw1/,XC153490.ogg,60.107732426303855,0,0.0,5.0,44100,bird,1.0
69,./kaggletest/lesmaw1/,XC153490.ogg,60.107732426303855,0,5.0,5.0,44100,bird,1.0
70,./kaggletest/lesmaw1/,XC153490.ogg,60.107732426303855,0,10.0,5.0,44100,bird,1.0
71,./kaggletest/lesmaw1/,XC153490.ogg,60.107732426303855,0,15.0,5.0,44100,bird,1.0
72,./kaggletest/lesmaw1/,XC153490.ogg,60.107732426303855,0,20.0,5.0,44100,bird,1.0
73,./kaggletest/lesmaw1/,XC153490.ogg,60.107732426303855,0,25.0,5.0,44100,bird,1.0
74,./kaggletest/lesmaw1/,XC153490.ogg,60.107732426303855,0,30.0,5.0,44100,bird,1.0
75,./kaggletest/lesmaw1/,XC153490.ogg,60.107732426303855,0,35.0,5.0,44100,bird,1.0
76,./kaggletest/lesmaw1/,XC153490.ogg,60.107732426303855,0,40.0,5.0,44100,bird,1.0
77,./kaggletest/lesmaw1/,XC153490.ogg,60.107732426303855,0,45.0,5.0,44100,bird,1.0
78,./kaggletest/lesmaw1/,XC153490.ogg,60.107732426303855,0,50.0,5.0,44100,bird,1.0
79,./kaggletest/lesmaw1/,XC153490.ogg,60.107732426303855,0,55.0,5.0,44100,bird,1.0
80,./kaggletest/lesmaw1/,XC371355.ogg,23.735986394557823,0,0.0,5.0,44100,bird,1.0
81,./kaggletest/lesmaw1/,XC371355.ogg,23.735986394557823,0,5.0,5.0,44100,bird,1.0
82,./kaggletest/lesmaw1/,XC371355.ogg,23.735986394557823,0,10.0,5.0,44100,bird,1.0
83,./kaggletest/lesmaw1/,XC371355.ogg,23.735986394557823,0,15.0,5.0,44100,bird,1.0
84,./kaggletest/lesmaw1/,XC162813.ogg,10.919183673469387,0,0.0,5.0,44100,bird,1.0
85,./kaggletest/lesmaw1/,XC162813.ogg,10.919183673469387,0,5.0,5.0,44100,bird,1.0
86,./kaggletest/lesmaw1/,XC608248.ogg,55.87498866213152,0,0.0,5.0,44100,bird,1.0
87,./kaggletest/lesmaw1/,XC608248.ogg,55.87498866213152,0,5.0,5.0,44100,bird,1.0
88,./kaggletest/lesmaw1/,XC608248.ogg,55.87498866213152,0,10.0,5.0,44100,bird,1.0
89,./kaggletest/lesmaw1/,XC608248.ogg,55.87498866213152,0,15.0,5.0,44100,bird,1.0
90,./kaggletest/lesmaw1/,XC608248.ogg,55.87498866213152,0,20.0,5.0,44100,bird,1.0
91,./kaggletest/lesmaw1/,XC608248.ogg,55.87498866213152,0,25.0,5.0,44100,bird,1.0
92,./kaggletest/lesmaw1/,XC608248.ogg,55.87498866213152,0,30.0,5.0,44100,bird,1.0
93,./kaggletest/lesmaw1/,XC608248.ogg,55.87498866213152,0,35.0,5.0,44100,bird,1.0
94,./kaggletest/lesmaw1/,XC608248.ogg,55.87498866213152,0,40.0,5.0,44100,bird,1.0
95,./kaggletest/lesmaw1/,XC608248.ogg,55.87498866213152,0,45.0,5.0,44100,bird,1.0
96,./kaggletest/lesmaw1/,XC608248.ogg,55.87498866213152,0,50.0,5.0,44100,bird,1.0
97,./kaggletest/lesmaw1/,XC444776.ogg,20.19265306122449,0,0.0,5.0,44100,bird,1.0
98,./kaggletest/lesmaw1/,XC444776.ogg,20.19265306122449,0,5.0,5.0,44100,bird,1.0
99,./kaggletest/lesmaw1/,XC444776.ogg,20.19265306122449,0,10.0,5.0,44100,bird,1.0
100,./kaggletest/lesmaw1/,XC444776.ogg,20.19265306122449,0,15.0,5.0,44100,bird,1.0
101,./kaggletest/lesmaw1/,XC473963.ogg,48.16897959183674,0,0.0,5.0,44100,bird,1.0
102,./kaggletest/lesmaw1/,XC473963.ogg,48.16897959183674,0,10.0,5.0,44100,bird,1.0
103,./kaggletest/lesmaw1/,XC473963.ogg,48.16897959183674,0,15.0,5.0,44100,bird,1.0
104,./kaggletest/lesmaw1/,XC473963.ogg,48.16897959183674,0,20.0,5.0,44100,bird,1.0
105,./kaggletest/lesmaw1/,XC473963.ogg,48.16897959183674,0,30.0,5.0,44100,bird,1.0
106,./kaggletest/lesmaw1/,XC473963.ogg,48.16897959183674,0,40.0,5.0,44100,bird,1.0
107,./kaggletest/lesmaw1/,XC755909.ogg,21.695986394557824,0,0.0,5.0,44100,bird,1.0
108,./kaggletest/lesmaw1/,XC755909.ogg,21.695986394557824,0,5.0,5.0,44100,bird,1.0
109,./kaggletest/lesmaw1/,XC755909.ogg,21.695986394557824,0,10.0,5.0,44100,bird,1.0
110,./kaggletest/lesmaw1/,XC755909.ogg,21.695986394557824,0,15.0,5.0,44100,bird,1.0
