,FOLDER,IN FILE,CLIP LENGTH,CHANNEL,OFFSET,DURATION,SAMPLE RATE,MANUAL ID,CONFIDENCE
0,./kaggletest/litswi1/,XC443712.ogg,25.823990929705214,0,0.0,5.0,44100,bird,1.0
1,./kaggletest/litswi1/,XC443712.ogg,25.823990929705214,0,5.0,5.0,44100,bird,1.0
2,./kaggletest/litswi1/,XC443712.ogg,25.823990929705214,0,10.0,5.0,44100,bird,1.0
3,./kaggletest/litswi1/,XC443712.ogg,25.823990929705214,0,15.0,5.0,44100,bird,1.0
4,./kaggletest/litswi1/,XC443712.ogg,25.823990929705214,0,20.0,5.0,44100,bird,1.0
5,./kaggletest/litswi1/,XC606976.ogg,31.42498866213152,0,0.0,5.0,44100,bird,1.0
6,./kaggletest/litswi1/,XC606976.ogg,31.42498866213152,0,5.0,5.0,44100,bird,1.0
7,./kaggletest/litswi1/,XC606976.ogg,31.42498866213152,0,10.0,5.0,44100,bird,1.0
8,./kaggletest/litswi1/,XC606976.ogg,31.42498866213152,0,15.0,5.0,44100,bird,1.0
9,./kaggletest/litswi1/,XC606976.ogg,31.42498866213152,0,20.0,5.0,44100,bird,1.0
10,./kaggletest/litswi1/,XC606976.ogg,31.42498866213152,0,25.0,5.0,44100,bird,1.0
11,./kaggletest/litswi1/,XC443716.wav,5.0,0,0.0,5.0,44100,bird,1.0
12,./kaggletest/litswi1/,XC344780.ogg,28.813061224489797,0,0.0,5.0,44100,bird,1.0
13,./kaggletest/litswi1/,XC344780.ogg,28.813061224489797,0,5.0,5.0,44100,bird,1.0
14,./kaggletest/litswi1/,XC344780.ogg,28.813061224489797,0,10.0,5.0,44100,bird,1.0
15,./kaggletest/litswi1/,XC344780.ogg,28.813061224489797,0,15.0,5.0,44100,bird,1.0
16,./kaggletest/litswi1/,XC344780.ogg,28.813061224489797,0,20.0,5.0,44100,bird,1.0
17,./kaggletest/litswi1/,XC443713.ogg,25.871995464852606,0,0.0,5.0,44100,bird,1.0
18,./kaggletest/litswi1/,XC443713.ogg,25.871995464852606,0,5.0,5.0,44100,bird,1.0
19,./kaggletest/litswi1/,XC443713.ogg,25.871995464852606,0,10.0,5.0,44100,bird,1.0
20,./kaggletest/litswi1/,XC443713.ogg,25.871995464852606,0,15.0,5.0,44100,bird,1.0
21,./kaggletest/litswi1/,XC443713.ogg,25.871995464852606,0,20.0,5.0,44100,bird,1.0
22,./kaggletest/litswi1/,XC443707.ogg,12.191995464852608,0,0.0,5.0,44100,bird,1.0
23,./kaggletest/litswi1/,XC443707.ogg,12.191995464852608,0,5.0,5.0,44100,bird,1.0
24,./kaggletest/litswi1/,XC153681.ogg,36.70201814058957,0,0.0,5.0,44100,bird,1.0
25,./kaggletest/litswi1/,XC153681.ogg,36.70201814058957,0,5.0,5.0,44100,bird,1.0
26,./kaggletest/litswi1/,XC153681.ogg,36.70201814058957,0,10.0,5.0,44100,bird,1.0
27,./kaggletest/litswi1/,XC153681.ogg,36.70201814058957,0,15.0,5.0,44100,bird,1.0
28,./kaggletest/litswi1/,XC153681.ogg,36.70201814058957,0,20.0,5.0,44100,bird,1.0
29,./kaggletest/litswi1/,XC153681.ogg,36.70201814058957,0,25.0,5.0,44100,bird,1.0
30,./kaggletest/litswi1/,XC153681.ogg,36.70201814058957,0,30.0,5.0,44100,bird,1.0
31,./kaggletest/litswi1/,XC443705.ogg,42.983990929705215,0,5.0,5.0,44100,bird,1.0
32,./kaggletest/litswi1/,XC443705.ogg,42.983990929705215,0,10.0,5.0,44100,bird,1.0
33,./kaggletest/litswi1/,XC443705.ogg,42.983990929705215,0,15.0,5.0,44100,bird,1.0
34,./kaggletest/litswi1/,XC443705.ogg,42.983990929705215,0,20.0,5.0,44100,bird,1.0
35,./kaggletest/litswi1/,XC443705.ogg,42.983990929705215,0,25.0,5.0,44100,bird,1.0
36,./kaggletest/litswi1/,XC443705.ogg,42.983990929705215,0,30.0,5.0,44100,bird,1.0
37,./kaggletest/litswi1/,XC443705.ogg,42.983990929705215,0,35.0,5.0,44100,bird,1.0
38,./kaggletest/litswi1/,XC443715.wav,5.0,0,0.0,5.0,44100,bird,1.0
39,./kaggletest/litswi1/,XC443710.ogg,14.015986394557823,0,0.0,5.0,44100,bird,1.0
40,./kaggletest/litswi1/,XC443710.ogg,14.015986394557823,0,5.0,5.0,44100,bird,1.0
41,./kaggletest/litswi1/,XC173030.ogg,16.613854875283447,0,0.0,5.0,44100,bird,1.0
42,./kaggletest/litswi1/,XC173030.ogg,16.613854875283447,0,5.0,5.0,44100,bird,1.0
43,./kaggletest/litswi1/,XC173030.ogg,16.613854875283447,0,10.0,5.0,44100,bird,1.0
44,./kaggletest/litswi1/,XC443714.ogg,79.60798185941043,0,0.0,5.0,44100,bird,1.0
45,./kaggletest/litswi1/,XC443714.ogg,79.60798185941043,0,5.0,5.0,44100,bird,1.0
46,./kaggletest/litswi1/,XC443714.ogg,79.60798185941043,0,10.0,5.0,44100,bird,1.0
47,./kaggletest/litswi1/,XC443714.ogg,79.60798185941043,0,15.0,5.0,44100,bird,1.0
48,./kaggletest/litswi1/,XC443714.ogg,79.60798185941043,0,20.0,5.0,44100,bird,1.0
49,./kaggletest/litswi1/,XC443714.ogg,79.60798185941043,0,25.0,5.0,44100,bird,1.0
50,./kaggletest/litswi1/,XC443714.ogg,79.60798185941043,0,30.0,5.0,44100,bird,1.0
51,./kaggletest/litswi1/,XC443714.ogg,79.60798185941043,0,35.0,5.0,44100,bird,1.0
52,./kaggletest/litswi1/,XC443714.ogg,79.60798185941043,0,40.0,5.0,44100,bird,1.0
53,./kaggletest/litswi1/,XC443714.ogg,79.60798185941043,0,45.0,5.0,44100,bird,1.0
54,./kaggletest/litswi1/,XC443714.ogg,79.60798185941043,0,50.0,5.0,44100,bird,1.0
55,./kaggletest/litswi1/,XC443714.ogg,79.60798185941043,0,55.0,5.0,44100,bird,1.0
56,./kaggletest/litswi1/,XC443714.ogg,79.60798185941043,0,60.0,5.0,44100,bird,1.0
57,./kaggletest/litswi1/,XC443714.ogg,79.60798185941043,0,65.0,5.0,44100,bird,1.0
58,./kaggletest/litswi1/,XC443714.ogg,79.60798185941043,0,70.0,5.0,44100,bird,1.0
59,./kaggletest/litswi1/,XC439709.ogg,64.20895691609978,0,0.0,5.0,44100,bird,1.0
60,./kaggletest/litswi1/,XC439709.ogg,64.20895691609978,0,5.0,5.0,44100,bird,1.0
61,./kaggletest/litswi1/,XC439709.ogg,64.20895691609978,0,10.0,5.0,44100,bird,1.0
62,./kaggletest/litswi1/,XC439709.ogg,64.20895691609978,0,15.0,5.0,44100,bird,1.0
63,./kaggletest/litswi1/,XC439709.ogg,64.20895691609978,0,20.0,5.0,44100,bird,1.0
64,./kaggletest/litswi1/,XC439709.ogg,64.20895691609978,0,25.0,5.0,44100,bird,1.0
65,./kaggletest/litswi1/,XC439709.ogg,64.20895691609978,0,30.0,5.0,44100,bird,1.0
66,./kaggletest/litswi1/,XC439709.ogg,64.20895691609978,0,35.0,5.0,44100,bird,1.0
67,./kaggletest/litswi1/,XC439709.ogg,64.20895691609978,0,40.0,5.0,44100,bird,1.0
68,./kaggletest/litswi1/,XC439709.ogg,64.20895691609978,0,45.0,5.0,44100,bird,1.0
69,./kaggletest/litswi1/,XC439709.ogg,64.20895691609978,0,50.0,5.0,44100,bird,1.0
70,./kaggletest/litswi1/,XC439709.ogg,64.20895691609978,0,55.0,5.0,44100,bird,1.0
71,./kaggletest/litswi1/,XC443711.wav,5.0,0,0.0,5.0,44100,bird,1.0
72,./kaggletest/litswi1/,XC574608.ogg,15.647324263038549,0,0.0,5.0,44100,bird,1.0
73,./kaggletest/litswi1/,XC574608.ogg,15.647324263038549,0,5.0,5.0,44100,bird,1.0
74,./kaggletest/litswi1/,XC574608.ogg,15.647324263038549,0,10.0,5.0,44100,bird,1.0
75,./kaggletest/litswi1/,XC660996.ogg,183.3119954648526,0,0.0,5.0,44100,bird,1.0
76,./kaggletest/litswi1/,XC660996.ogg,183.3119954648526,0,5.0,5.0,44100,bird,1.0
77,./kaggletest/litswi1/,XC660996.ogg,183.3119954648526,0,10.0,5.0,44100,bird,1.0
78,./kaggletest/litswi1/,XC660996.ogg,183.3119954648526,0,15.0,5.0,44100,bird,1.0
79,./kaggletest/litswi1/,XC660996.ogg,183.3119954648526,0,20.0,5.0,44100,bird,1.0
80,./kaggletest/litswi1/,XC660996.ogg,183.3119954648526,0,25.0,5.0,44100,bird,1.0
81,./kaggletest/litswi1/,XC660996.ogg,183.3119954648526,0,30.0,5.0,44100,bird,1.0
82,./kaggletest/litswi1/,XC660996.ogg,183.3119954648526,0,35.0,5.0,44100,bird,1.0
83,./kaggletest/litswi1/,XC660996.ogg,183.3119954648526,0,40.0,5.0,44100,bird,1.0
84,./kaggletest/litswi1/,XC660996.ogg,183.3119954648526,0,50.0,5.0,44100,bird,1.0
85,./kaggletest/litswi1/,XC660996.ogg,183.3119954648526,0,55.0,5.0,44100,bird,1.0
86,./kaggletest/litswi1/,XC660996.ogg,183.3119954648526,0,65.0,5.0,44100,bird,1.0
87,./kaggletest/litswi1/,XC660996.ogg,183.3119954648526,0,70.0,5.0,44100,bird,1.0
88,./kaggletest/litswi1/,XC660996.ogg,183.3119954648526,0,75.0,5.0,44100,bird,1.0
89,./kaggletest/litswi1/,XC660996.ogg,183.3119954648526,0,80.0,5.0,44100,bird,1.0
90,./kaggletest/litswi1/,XC660996.ogg,183.3119954648526,0,85.0,5.0,44100,bird,1.0
91,./kaggletest/litswi1/,XC660996.ogg,183.3119954648526,0,90.0,5.0,44100,bird,1.0
92,./kaggletest/litswi1/,XC660996.ogg,183.3119954648526,0,95.0,5.0,44100,bird,1.0
93,./kaggletest/litswi1/,XC660996.ogg,183.3119954648526,0,105.0,5.0,44100,bird,1.0
94,./kaggletest/litswi1/,XC660996.ogg,183.3119954648526,0,115.0,5.0,44100,bird,1.0
95,./kaggletest/litswi1/,XC660996.ogg,183.3119954648526,0,120.0,5.0,44100,bird,1.0
96,./kaggletest/litswi1/,XC660996.ogg,183.3119954648526,0,125.0,5.0,44100,bird,1.0
97,./kaggletest/litswi1/,XC660996.ogg,183.3119954648526,0,130.0,5.0,44100,bird,1.0
98,./kaggletest/litswi1/,XC660996.ogg,183.3119954648526,0,135.0,5.0,44100,bird,1.0
99,./kaggletest/litswi1/,XC660996.ogg,183.3119954648526,0,145.0,5.0,44100,bird,1.0
100,./kaggletest/litswi1/,XC660996.ogg,183.3119954648526,0,150.0,5.0,44100,bird,1.0
101,./kaggletest/litswi1/,XC660996.ogg,183.3119954648526,0,155.0,5.0,44100,bird,1.0
102,./kaggletest/litswi1/,XC660996.ogg,183.3119954648526,0,165.0,5.0,44100,bird,1.0
103,./kaggletest/litswi1/,XC660996.ogg,183.3119954648526,0,170.0,5.0,44100,bird,1.0
104,./kaggletest/litswi1/,XC660996.ogg,183.3119954648526,0,175.0,5.0,44100,bird,1.0
105,./kaggletest/litswi1/,XC173033.ogg,28.133854875283447,0,0.0,5.0,44100,bird,1.0
106,./kaggletest/litswi1/,XC173033.ogg,28.133854875283447,0,5.0,5.0,44100,bird,1.0
107,./kaggletest/litswi1/,XC173033.ogg,28.133854875283447,0,10.0,5.0,44100,bird,1.0
108,./kaggletest/litswi1/,XC173033.ogg,28.133854875283447,0,15.0,5.0,44100,bird,1.0
109,./kaggletest/litswi1/,XC173033.ogg,28.133854875283447,0,20.0,5.0,44100,bird,1.0
110,./kaggletest/litswi1/,XC443717.ogg,34.22399092970522,0,0.0,5.0,44100,bird,1.0
111,./kaggletest/litswi1/,XC443717.ogg,34.22399092970522,0,5.0,5.0,44100,bird,1.0
112,./kaggletest/litswi1/,XC443717.ogg,34.22399092970522,0,10.0,5.0,44100,bird,1.0
113,./kaggletest/litswi1/,XC443717.ogg,34.22399092970522,0,15.0,5.0,44100,bird,1.0
114,./kaggletest/litswi1/,XC443717.ogg,34.22399092970522,0,20.0,5.0,44100,bird,1.0
115,./kaggletest/litswi1/,XC443717.ogg,34.22399092970522,0,25.0,5.0,44100,bird,1.0
116,./kaggletest/litswi1/,XC28675.ogg,71.0530612244898,0,0.0,5.0,44100,bird,1.0
117,./kaggletest/litswi1/,XC28675.ogg,71.0530612244898,0,5.0,5.0,44100,bird,1.0
118,./kaggletest/litswi1/,XC28675.ogg,71.0530612244898,0,10.0,5.0,44100,bird,1.0
119,./kaggletest/litswi1/,XC28675.ogg,71.0530612244898,0,15.0,5.0,44100,bird,1.0
120,./kaggletest/litswi1/,XC28675.ogg,71.0530612244898,0,20.0,5.0,44100,bird,1.0
121,./kaggletest/litswi1/,XC28675.ogg,71.0530612244898,0,25.0,5.0,44100,bird,1.0
122,./kaggletest/litswi1/,XC28675.ogg,71.0530612244898,0,30.0,5.0,44100,bird,1.0
123,./kaggletest/litswi1/,XC28675.ogg,71.0530612244898,0,35.0,5.0,44100,bird,1.0
124,./kaggletest/litswi1/,XC28675.ogg,71.0530612244898,0,40.0,5.0,44100,bird,1.0
125,./kaggletest/litswi1/,XC28675.ogg,71.0530612244898,0,45.0,5.0,44100,bird,1.0
126,./kaggletest/litswi1/,XC28675.ogg,71.0530612244898,0,50.0,5.0,44100,bird,1.0
127,./kaggletest/litswi1/,XC28675.ogg,71.0530612244898,0,55.0,5.0,44100,bird,1.0
128,./kaggletest/litswi1/,XC28675.ogg,71.0530612244898,0,60.0,5.0,44100,bird,1.0
129,./kaggletest/litswi1/,XC28675.ogg,71.0530612244898,0,65.0,5.0,44100,bird,1.0
130,./kaggletest/litswi1/,XC443706.wav,5.0,0,0.0,5.0,44100,bird,1.0
131,./kaggletest/litswi1/,XC443070.ogg,39.57598639455782,0,25.0,5.0,44100,bird,1.0
132,./kaggletest/litswi1/,XC466810.ogg,21.08079365079365,0,0.0,5.0,44100,bird,1.0
133,./kaggletest/litswi1/,XC466810.ogg,21.08079365079365,0,5.0,5.0,44100,bird,1.0
134,./kaggletest/litswi1/,XC466810.ogg,21.08079365079365,0,10.0,5.0,44100,bird,1.0
135,./kaggletest/litswi1/,XC466810.ogg,21.08079365079365,0,15.0,5.0,44100,bird,1.0
136,./kaggletest/litswi1/,XC173032.ogg,44.747732426303855,0,0.0,5.0,44100,bird,1.0
137,./kaggletest/litswi1/,XC173032.ogg,44.747732426303855,0,5.0,5.0,44100,bird,1.0
138,./kaggletest/litswi1/,XC173032.ogg,44.747732426303855,0,10.0,5.0,44100,bird,1.0
139,./kaggletest/litswi1/,XC173032.ogg,44.747732426303855,0,15.0,5.0,44100,bird,1.0
140,./kaggletest/litswi1/,XC173032.ogg,44.747732426303855,0,20.0,5.0,44100,bird,1.0
141,./kaggletest/litswi1/,XC173032.ogg,44.747732426303855,0,25.0,5.0,44100,bird,1.0
142,./kaggletest/litswi1/,XC173032.ogg,44.747732426303855,0,30.0,5.0,44100,bird,1.0
143,./kaggletest/litswi1/,XC173032.ogg,44.747732426303855,0,35.0,5.0,44100,bird,1.0
144,./kaggletest/litswi1/,XC440155.ogg,17.11199546485261,0,0.0,5.0,44100,bird,1.0
145,./kaggletest/litswi1/,XC440155.ogg,17.11199546485261,0,5.0,5.0,44100,bird,1.0
146,./kaggletest/litswi1/,XC440155.ogg,17.11199546485261,0,10.0,5.0,44100,bird,1.0
147,./kaggletest/litswi1/,XC607160.ogg,27.897981859410432,0,0.0,5.0,44100,bird,1.0
148,./kaggletest/litswi1/,XC607160.ogg,27.897981859410432,0,5.0,5.0,44100,bird,1.0
149,./kaggletest/litswi1/,XC607160.ogg,27.897981859410432,0,10.0,5.0,44100,bird,1.0
150,./kaggletest/litswi1/,XC607160.ogg,27.897981859410432,0,15.0,5.0,44100,bird,1.0
151,./kaggletest/litswi1/,XC607160.ogg,27.897981859410432,0,20.0,5.0,44100,bird,1.0
152,./kaggletest/litswi1/,XC195498.ogg,64.67918367346938,0,0.0,5.0,44100,bird,1.0
153,./kaggletest/litswi1/,XC195498.ogg,64.67918367346938,0,5.0,5.0,44100,bird,1.0
154,./kaggletest/litswi1/,XC195498.ogg,64.67918367346938,0,10.0,5.0,44100,bird,1.0
155,./kaggletest/litswi1/,XC195498.ogg,64.67918367346938,0,15.0,5.0,44100,bird,1.0
156,./kaggletest/litswi1/,XC195498.ogg,64.67918367346938,0,20.0,5.0,44100,bird,1.0
157,./kaggletest/litswi1/,XC195498.ogg,64.67918367346938,0,25.0,5.0,44100,bird,1.0
158,./kaggletest/litswi1/,XC195498.ogg,64.67918367346938,0,30.0,5.0,44100,bird,1.0
159,./kaggletest/litswi1/,XC195498.ogg,64.67918367346938,0,35.0,5.0,44100,bird,1.0
160,./kaggletest/litswi1/,XC195498.ogg,64.67918367346938,0,40.0,5.0,44100,bird,1.0
161,./kaggletest/litswi1/,XC195498.ogg,64.67918367346938,0,45.0,5.0,44100,bird,1.0
162,./kaggletest/litswi1/,XC195498.ogg,64.67918367346938,0,50.0,5.0,44100,bird,1.0
163,./kaggletest/litswi1/,XC195498.ogg,64.67918367346938,0,55.0,5.0,44100,bird,1.0
164,./kaggletest/litswi1/,XC430826.ogg,22.59589569160998,0,0.0,5.0,44100,bird,1.0
165,./kaggletest/litswi1/,XC430826.ogg,22.59589569160998,0,5.0,5.0,44100,bird,1.0
166,./kaggletest/litswi1/,XC430826.ogg,22.59589569160998,0,10.0,5.0,44100,bird,1.0
167,./kaggletest/litswi1/,XC430826.ogg,22.59589569160998,0,15.0,5.0,44100,bird,1.0
168,./kaggletest/litswi1/,XC358257.ogg,13.66201814058957,0,0.0,5.0,44100,bird,1.0
169,./kaggletest/litswi1/,XC358257.ogg,13.66201814058957,0,5.0,5.0,44100,bird,1.0
170,./kaggletest/litswi1/,XC253699.ogg,484.02283446712016,0,0.0,5.0,44100,bird,1.0
171,./kaggletest/litswi1/,XC253699.ogg,484.02283446712016,0,20.0,5.0,44100,bird,1.0
172,./kaggletest/litswi1/,XC253699.ogg,484.02283446712016,0,25.0,5.0,44100,bird,1.0
173,./kaggletest/litswi1/,XC253699.ogg,484.02283446712016,0,30.0,5.0,44100,bird,1.0
174,./kaggletest/litswi1/,XC253699.ogg,484.02283446712016,0,35.0,5.0,44100,bird,1.0
175,./kaggletest/litswi1/,XC253699.ogg,484.02283446712016,0,40.0,5.0,44100,bird,1.0
176,./kaggletest/litswi1/,XC253699.ogg,484.02283446712016,0,45.0,5.0,44100,bird,1.0
177,./kaggletest/litswi1/,XC253699.ogg,484.02283446712016,0,50.0,5.0,44100,bird,1.0
178,./kaggletest/litswi1/,XC253699.ogg,484.02283446712016,0,55.0,5.0,44100,bird,1.0
179,./kaggletest/litswi1/,XC253699.ogg,484.02283446712016,0,60.0,5.0,44100,bird,1.0
180,./kaggletest/litswi1/,XC253699.ogg,484.02283446712016,0,65.0,5.0,44100,bird,1.0
181,./kaggletest/litswi1/,XC253699.ogg,484.02283446712016,0,70.0,5.0,44100,bird,1.0
182,./kaggletest/litswi1/,XC253699.ogg,484.02283446712016,0,75.0,5.0,44100,bird,1.0
183,./kaggletest/litswi1/,XC253699.ogg,484.02283446712016,0,80.0,5.0,44100,bird,1.0
184,./kaggletest/litswi1/,XC253699.ogg,484.02283446712016,0,85.0,5.0,44100,bird,1.0
185,./kaggletest/litswi1/,XC253699.ogg,484.02283446712016,0,90.0,5.0,44100,bird,1.0
186,./kaggletest/litswi1/,XC253699.ogg,484.02283446712016,0,95.0,5.0,44100,bird,1.0
187,./kaggletest/litswi1/,XC253699.ogg,484.02283446712016,0,100.0,5.0,44100,bird,1.0
188,./kaggletest/litswi1/,XC253699.ogg,484.02283446712016,0,105.0,5.0,44100,bird,1.0
189,./kaggletest/litswi1/,XC253699.ogg,484.02283446712016,0,110.0,5.0,44100,bird,1.0
190,./kaggletest/litswi1/,XC253699.ogg,484.02283446712016,0,115.0,5.0,44100,bird,1.0
191,./kaggletest/litswi1/,XC253699.ogg,484.02283446712016,0,120.0,5.0,44100,bird,1.0
192,./kaggletest/litswi1/,XC253699.ogg,484.02283446712016,0,125.0,5.0,44100,bird,1.0
193,./kaggletest/litswi1/,XC253699.ogg,484.02283446712016,0,130.0,5.0,44100,bird,1.0
194,./kaggletest/litswi1/,XC253699.ogg,484.02283446712016,0,135.0,5.0,44100,bird,1.0
195,./kaggletest/litswi1/,XC253699.ogg,484.02283446712016,0,140.0,5.0,44100,bird,1.0
196,./kaggletest/litswi1/,XC253699.ogg,484.02283446712016,0,145.0,5.0,44100,bird,1.0
197,./kaggletest/litswi1/,XC253699.ogg,484.02283446712016,0,150.0,5.0,44100,bird,1.0
198,./kaggletest/litswi1/,XC253699.ogg,484.02283446712016,0,155.0,5.0,44100,bird,1.0
199,./kaggletest/litswi1/,XC253699.ogg,484.02283446712016,0,160.0,5.0,44100,bird,1.0
200,./kaggletest/litswi1/,XC253699.ogg,484.02283446712016,0,165.0,5.0,44100,bird,1.0
201,./kaggletest/litswi1/,XC253699.ogg,484.02283446712016,0,170.0,5.0,44100,bird,1.0
202,./kaggletest/litswi1/,XC253699.ogg,484.02283446712016,0,175.0,5.0,44100,bird,1.0
203,./kaggletest/litswi1/,XC253699.ogg,484.02283446712016,0,180.0,5.0,44100,bird,1.0
204,./kaggletest/litswi1/,XC253699.ogg,484.02283446712016,0,185.0,5.0,44100,bird,1.0
205,./kaggletest/litswi1/,XC253699.ogg,484.02283446712016,0,190.0,5.0,44100,bird,1.0
206,./kaggletest/litswi1/,XC253699.ogg,484.02283446712016,0,195.0,5.0,44100,bird,1.0
207,./kaggletest/litswi1/,XC253699.ogg,484.02283446712016,0,200.0,5.0,44100,bird,1.0
208,./kaggletest/litswi1/,XC253699.ogg,484.02283446712016,0,205.0,5.0,44100,bird,1.0
209,./kaggletest/litswi1/,XC253699.ogg,484.02283446712016,0,210.0,5.0,44100,bird,1.0
210,./kaggletest/litswi1/,XC253699.ogg,484.02283446712016,0,215.0,5.0,44100,bird,1.0
211,./kaggletest/litswi1/,XC253699.ogg,484.02283446712016,0,220.0,5.0,44100,bird,1.0
212,./kaggletest/litswi1/,XC253699.ogg,484.02283446712016,0,225.0,5.0,44100,bird,1.0
213,./kaggletest/litswi1/,XC253699.ogg,484.02283446712016,0,230.0,5.0,44100,bird,1.0
214,./kaggletest/litswi1/,XC253699.ogg,484.02283446712016,0,235.0,5.0,44100,bird,1.0
215,./kaggletest/litswi1/,XC253699.ogg,484.02283446712016,0,240.0,5.0,44100,bird,1.0
216,./kaggletest/litswi1/,XC253699.ogg,484.02283446712016,0,245.0,5.0,44100,bird,1.0
217,./kaggletest/litswi1/,XC253699.ogg,484.02283446712016,0,250.0,5.0,44100,bird,1.0
218,./kaggletest/litswi1/,XC253699.ogg,484.02283446712016,0,255.0,5.0,44100,bird,1.0
219,./kaggletest/litswi1/,XC253699.ogg,484.02283446712016,0,260.0,5.0,44100,bird,1.0
220,./kaggletest/litswi1/,XC253699.ogg,484.02283446712016,0,265.0,5.0,44100,bird,1.0
221,./kaggletest/litswi1/,XC253699.ogg,484.02283446712016,0,270.0,5.0,44100,bird,1.0
222,./kaggletest/litswi1/,XC253699.ogg,484.02283446712016,0,275.0,5.0,44100,bird,1.0
223,./kaggletest/litswi1/,XC253699.ogg,484.02283446712016,0,280.0,5.0,44100,bird,1.0
224,./kaggletest/litswi1/,XC253699.ogg,484.02283446712016,0,285.0,5.0,44100,bird,1.0
225,./kaggletest/litswi1/,XC253699.ogg,484.02283446712016,0,290.0,5.0,44100,bird,1.0
226,./kaggletest/litswi1/,XC253699.ogg,484.02283446712016,0,295.0,5.0,44100,bird,1.0
227,./kaggletest/litswi1/,XC253699.ogg,484.02283446712016,0,300.0,5.0,44100,bird,1.0
228,./kaggletest/litswi1/,XC253699.ogg,484.02283446712016,0,305.0,5.0,44100,bird,1.0
229,./kaggletest/litswi1/,XC253699.ogg,484.02283446712016,0,310.0,5.0,44100,bird,1.0
230,./kaggletest/litswi1/,XC253699.ogg,484.02283446712016,0,315.0,5.0,44100,bird,1.0
231,./kaggletest/litswi1/,XC253699.ogg,484.02283446712016,0,320.0,5.0,44100,bird,1.0
232,./kaggletest/litswi1/,XC253699.ogg,484.02283446712016,0,325.0,5.0,44100,bird,1.0
233,./kaggletest/litswi1/,XC253699.ogg,484.02283446712016,0,330.0,5.0,44100,bird,1.0
234,./kaggletest/litswi1/,XC253699.ogg,484.02283446712016,0,335.0,5.0,44100,bird,1.0
235,./kaggletest/litswi1/,XC253699.ogg,484.02283446712016,0,340.0,5.0,44100,bird,1.0
236,./kaggletest/litswi1/,XC253699.ogg,484.02283446712016,0,345.0,5.0,44100,bird,1.0
237,./kaggletest/litswi1/,XC253699.ogg,484.02283446712016,0,350.0,5.0,44100,bird,1.0
238,./kaggletest/litswi1/,XC253699.ogg,484.02283446712016,0,355.0,5.0,44100,bird,1.0
239,./kaggletest/litswi1/,XC253699.ogg,484.02283446712016,0,360.0,5.0,44100,bird,1.0
240,./kaggletest/litswi1/,XC253699.ogg,484.02283446712016,0,365.0,5.0,44100,bird,1.0
241,./kaggletest/litswi1/,XC253699.ogg,484.02283446712016,0,370.0,5.0,44100,bird,1.0
242,./kaggletest/litswi1/,XC253699.ogg,484.02283446712016,0,375.0,5.0,44100,bird,1.0
243,./kaggletest/litswi1/,XC253699.ogg,484.02283446712016,0,380.0,5.0,44100,bird,1.0
244,./kaggletest/litswi1/,XC253699.ogg,484.02283446712016,0,385.0,5.0,44100,bird,1.0
245,./kaggletest/litswi1/,XC253699.ogg,484.02283446712016,0,390.0,5.0,44100,bird,1.0
246,./kaggletest/litswi1/,XC253699.ogg,484.02283446712016,0,395.0,5.0,44100,bird,1.0
247,./kaggletest/litswi1/,XC253699.ogg,484.02283446712016,0,400.0,5.0,44100,bird,1.0
248,./kaggletest/litswi1/,XC253699.ogg,484.02283446712016,0,405.0,5.0,44100,bird,1.0
249,./kaggletest/litswi1/,XC253699.ogg,484.02283446712016,0,410.0,5.0,44100,bird,1.0
250,./kaggletest/litswi1/,XC253699.ogg,484.02283446712016,0,420.0,5.0,44100,bird,1.0
251,./kaggletest/litswi1/,XC253699.ogg,484.02283446712016,0,425.0,5.0,44100,bird,1.0
252,./kaggletest/litswi1/,XC253699.ogg,484.02283446712016,0,430.0,5.0,44100,bird,1.0
253,./kaggletest/litswi1/,XC253699.ogg,484.02283446712016,0,435.0,5.0,44100,bird,1.0
254,./kaggletest/litswi1/,XC253699.ogg,484.02283446712016,0,440.0,5.0,44100,bird,1.0
255,./kaggletest/litswi1/,XC253699.ogg,484.02283446712016,0,445.0,5.0,44100,bird,1.0
256,./kaggletest/litswi1/,XC253699.ogg,484.02283446712016,0,450.0,5.0,44100,bird,1.0
257,./kaggletest/litswi1/,XC253699.ogg,484.02283446712016,0,455.0,5.0,44100,bird,1.0
258,./kaggletest/litswi1/,XC253699.ogg,484.02283446712016,0,460.0,5.0,44100,bird,1.0
259,./kaggletest/litswi1/,XC253699.ogg,484.02283446712016,0,465.0,5.0,44100,bird,1.0
260,./kaggletest/litswi1/,XC253699.ogg,484.02283446712016,0,470.0,5.0,44100,bird,1.0
261,./kaggletest/litswi1/,XC253699.ogg,484.02283446712016,0,475.0,5.0,44100,bird,1.0
262,./kaggletest/litswi1/,XC710190.ogg,7.652993197278912,0,0.0,5.0,44100,bird,1.0
263,./kaggletest/litswi1/,XC253698.ogg,510.14530612244897,0,5.0,5.0,44100,bird,1.0
264,./kaggletest/litswi1/,XC253698.ogg,510.14530612244897,0,10.0,5.0,44100,bird,1.0
265,./kaggletest/litswi1/,XC253698.ogg,510.14530612244897,0,15.0,5.0,44100,bird,1.0
266,./kaggletest/litswi1/,XC253698.ogg,510.14530612244897,0,20.0,5.0,44100,bird,1.0
267,./kaggletest/litswi1/,XC253698.ogg,510.14530612244897,0,25.0,5.0,44100,bird,1.0
268,./kaggletest/litswi1/,XC253698.ogg,510.14530612244897,0,30.0,5.0,44100,bird,1.0
269,./kaggletest/litswi1/,XC253698.ogg,510.14530612244897,0,35.0,5.0,44100,bird,1.0
270,./kaggletest/litswi1/,XC253698.ogg,510.14530612244897,0,40.0,5.0,44100,bird,1.0
271,./kaggletest/litswi1/,XC253698.ogg,510.14530612244897,0,45.0,5.0,44100,bird,1.0
272,./kaggletest/litswi1/,XC253698.ogg,510.14530612244897,0,50.0,5.0,44100,bird,1.0
273,./kaggletest/litswi1/,XC253698.ogg,510.14530612244897,0,55.0,5.0,44100,bird,1.0
274,./kaggletest/litswi1/,XC253698.ogg,510.14530612244897,0,60.0,5.0,44100,bird,1.0
275,./kaggletest/litswi1/,XC253698.ogg,510.14530612244897,0,65.0,5.0,44100,bird,1.0
276,./kaggletest/litswi1/,XC253698.ogg,510.14530612244897,0,75.0,5.0,44100,bird,1.0
277,./kaggletest/litswi1/,XC253698.ogg,510.14530612244897,0,80.0,5.0,44100,bird,1.0
278,./kaggletest/litswi1/,XC253698.ogg,510.14530612244897,0,85.0,5.0,44100,bird,1.0
279,./kaggletest/litswi1/,XC253698.ogg,510.14530612244897,0,90.0,5.0,44100,bird,1.0
280,./kaggletest/litswi1/,XC253698.ogg,510.14530612244897,0,115.0,5.0,44100,bird,1.0
281,./kaggletest/litswi1/,XC253698.ogg,510.14530612244897,0,120.0,5.0,44100,bird,1.0
282,./kaggletest/litswi1/,XC253698.ogg,510.14530612244897,0,125.0,5.0,44100,bird,1.0
283,./kaggletest/litswi1/,XC253698.ogg,510.14530612244897,0,130.0,5.0,44100,bird,1.0
284,./kaggletest/litswi1/,XC253698.ogg,510.14530612244897,0,135.0,5.0,44100,bird,1.0
285,./kaggletest/litswi1/,XC253698.ogg,510.14530612244897,0,140.0,5.0,44100,bird,1.0
286,./kaggletest/litswi1/,XC253698.ogg,510.14530612244897,0,145.0,5.0,44100,bird,1.0
287,./kaggletest/litswi1/,XC253698.ogg,510.14530612244897,0,150.0,5.0,44100,bird,1.0
288,./kaggletest/litswi1/,XC253698.ogg,510.14530612244897,0,155.0,5.0,44100,bird,1.0
289,./kaggletest/litswi1/,XC253698.ogg,510.14530612244897,0,160.0,5.0,44100,bird,1.0
290,./kaggletest/litswi1/,XC253698.ogg,510.14530612244897,0,165.0,5.0,44100,bird,1.0
291,./kaggletest/litswi1/,XC253698.ogg,510.14530612244897,0,170.0,5.0,44100,bird,1.0
292,./kaggletest/litswi1/,XC253698.ogg,510.14530612244897,0,175.0,5.0,44100,bird,1.0
293,./kaggletest/litswi1/,XC253698.ogg,510.14530612244897,0,180.0,5.0,44100,bird,1.0
294,./kaggletest/litswi1/,XC253698.ogg,510.14530612244897,0,185.0,5.0,44100,bird,1.0
295,./kaggletest/litswi1/,XC253698.ogg,510.14530612244897,0,190.0,5.0,44100,bird,1.0
296,./kaggletest/litswi1/,XC253698.ogg,510.14530612244897,0,195.0,5.0,44100,bird,1.0
297,./kaggletest/litswi1/,XC253698.ogg,510.14530612244897,0,200.0,5.0,44100,bird,1.0
298,./kaggletest/litswi1/,XC253698.ogg,510.14530612244897,0,205.0,5.0,44100,bird,1.0
299,./kaggletest/litswi1/,XC253698.ogg,510.14530612244897,0,210.0,5.0,44100,bird,1.0
300,./kaggletest/litswi1/,XC253698.ogg,510.14530612244897,0,215.0,5.0,44100,bird,1.0
301,./kaggletest/litswi1/,XC253698.ogg,510.14530612244897,0,220.0,5.0,44100,bird,1.0
302,./kaggletest/litswi1/,XC253698.ogg,510.14530612244897,0,225.0,5.0,44100,bird,1.0
303,./kaggletest/litswi1/,XC253698.ogg,510.14530612244897,0,230.0,5.0,44100,bird,1.0
304,./kaggletest/litswi1/,XC253698.ogg,510.14530612244897,0,235.0,5.0,44100,bird,1.0
305,./kaggletest/litswi1/,XC253698.ogg,510.14530612244897,0,240.0,5.0,44100,bird,1.0
306,./kaggletest/litswi1/,XC253698.ogg,510.14530612244897,0,245.0,5.0,44100,bird,1.0
307,./kaggletest/litswi1/,XC253698.ogg,510.14530612244897,0,250.0,5.0,44100,bird,1.0
308,./kaggletest/litswi1/,XC253698.ogg,510.14530612244897,0,255.0,5.0,44100,bird,1.0
309,./kaggletest/litswi1/,XC253698.ogg,510.14530612244897,0,260.0,5.0,44100,bird,1.0
310,./kaggletest/litswi1/,XC253698.ogg,510.14530612244897,0,265.0,5.0,44100,bird,1.0
311,./kaggletest/litswi1/,XC253698.ogg,510.14530612244897,0,270.0,5.0,44100,bird,1.0
312,./kaggletest/litswi1/,XC253698.ogg,510.14530612244897,0,275.0,5.0,44100,bird,1.0
313,./kaggletest/litswi1/,XC253698.ogg,510.14530612244897,0,280.0,5.0,44100,bird,1.0
314,./kaggletest/litswi1/,XC253698.ogg,510.14530612244897,0,285.0,5.0,44100,bird,1.0
315,./kaggletest/litswi1/,XC253698.ogg,510.14530612244897,0,290.0,5.0,44100,bird,1.0
316,./kaggletest/litswi1/,XC253698.ogg,510.14530612244897,0,295.0,5.0,44100,bird,1.0
317,./kaggletest/litswi1/,XC253698.ogg,510.14530612244897,0,300.0,5.0,44100,bird,1.0
318,./kaggletest/litswi1/,XC253698.ogg,510.14530612244897,0,305.0,5.0,44100,bird,1.0
319,./kaggletest/litswi1/,XC253698.ogg,510.14530612244897,0,310.0,5.0,44100,bird,1.0
320,./kaggletest/litswi1/,XC253698.ogg,510.14530612244897,0,315.0,5.0,44100,bird,1.0
321,./kaggletest/litswi1/,XC253698.ogg,510.14530612244897,0,320.0,5.0,44100,bird,1.0
322,./kaggletest/litswi1/,XC253698.ogg,510.14530612244897,0,325.0,5.0,44100,bird,1.0
323,./kaggletest/litswi1/,XC253698.ogg,510.14530612244897,0,330.0,5.0,44100,bird,1.0
324,./kaggletest/litswi1/,XC253698.ogg,510.14530612244897,0,335.0,5.0,44100,bird,1.0
325,./kaggletest/litswi1/,XC253698.ogg,510.14530612244897,0,340.0,5.0,44100,bird,1.0
326,./kaggletest/litswi1/,XC253698.ogg,510.14530612244897,0,345.0,5.0,44100,bird,1.0
327,./kaggletest/litswi1/,XC253698.ogg,510.14530612244897,0,350.0,5.0,44100,bird,1.0
328,./kaggletest/litswi1/,XC253698.ogg,510.14530612244897,0,355.0,5.0,44100,bird,1.0
329,./kaggletest/litswi1/,XC253698.ogg,510.14530612244897,0,360.0,5.0,44100,bird,1.0
330,./kaggletest/litswi1/,XC253698.ogg,510.14530612244897,0,365.0,5.0,44100,bird,1.0
331,./kaggletest/litswi1/,XC253698.ogg,510.14530612244897,0,370.0,5.0,44100,bird,1.0
332,./kaggletest/litswi1/,XC253698.ogg,510.14530612244897,0,375.0,5.0,44100,bird,1.0
333,./kaggletest/litswi1/,XC253698.ogg,510.14530612244897,0,380.0,5.0,44100,bird,1.0
334,./kaggletest/litswi1/,XC253698.ogg,510.14530612244897,0,385.0,5.0,44100,bird,1.0
335,./kaggletest/litswi1/,XC253698.ogg,510.14530612244897,0,390.0,5.0,44100,bird,1.0
336,./kaggletest/litswi1/,XC253698.ogg,510.14530612244897,0,395.0,5.0,44100,bird,1.0
337,./kaggletest/litswi1/,XC253698.ogg,510.14530612244897,0,400.0,5.0,44100,bird,1.0
338,./kaggletest/litswi1/,XC253698.ogg,510.14530612244897,0,405.0,5.0,44100,bird,1.0
339,./kaggletest/litswi1/,XC253698.ogg,510.14530612244897,0,410.0,5.0,44100,bird,1.0
340,./kaggletest/litswi1/,XC253698.ogg,510.14530612244897,0,415.0,5.0,44100,bird,1.0
341,./kaggletest/litswi1/,XC253698.ogg,510.14530612244897,0,420.0,5.0,44100,bird,1.0
342,./kaggletest/litswi1/,XC253698.ogg,510.14530612244897,0,425.0,5.0,44100,bird,1.0
343,./kaggletest/litswi1/,XC253698.ogg,510.14530612244897,0,430.0,5.0,44100,bird,1.0
344,./kaggletest/litswi1/,XC253698.ogg,510.14530612244897,0,435.0,5.0,44100,bird,1.0
345,./kaggletest/litswi1/,XC253698.ogg,510.14530612244897,0,440.0,5.0,44100,bird,1.0
346,./kaggletest/litswi1/,XC253698.ogg,510.14530612244897,0,445.0,5.0,44100,bird,1.0
347,./kaggletest/litswi1/,XC253698.ogg,510.14530612244897,0,450.0,5.0,44100,bird,1.0
348,./kaggletest/litswi1/,XC253698.ogg,510.14530612244897,0,455.0,5.0,44100,bird,1.0
349,./kaggletest/litswi1/,XC253698.ogg,510.14530612244897,0,460.0,5.0,44100,bird,1.0
350,./kaggletest/litswi1/,XC253698.ogg,510.14530612244897,0,465.0,5.0,44100,bird,1.0
351,./kaggletest/litswi1/,XC253698.ogg,510.14530612244897,0,470.0,5.0,44100,bird,1.0
352,./kaggletest/litswi1/,XC253698.ogg,510.14530612244897,0,475.0,5.0,44100,bird,1.0
353,./kaggletest/litswi1/,XC253698.ogg,510.14530612244897,0,480.0,5.0,44100,bird,1.0
354,./kaggletest/litswi1/,XC253698.ogg,510.14530612244897,0,485.0,5.0,44100,bird,1.0
355,./kaggletest/litswi1/,XC253698.ogg,510.14530612244897,0,490.0,5.0,44100,bird,1.0
356,./kaggletest/litswi1/,XC253698.ogg,510.14530612244897,0,495.0,5.0,44100,bird,1.0
357,./kaggletest/litswi1/,XC253698.ogg,510.14530612244897,0,500.0,5.0,44100,bird,1.0
358,./kaggletest/litswi1/,XC253698.ogg,510.14530612244897,0,505.0,5.0,44100,bird,1.0
359,./kaggletest/litswi1/,XC309587.ogg,30.64160997732426,0,0.0,5.0,44100,bird,1.0
360,./kaggletest/litswi1/,XC309587.ogg,30.64160997732426,0,5.0,5.0,44100,bird,1.0
361,./kaggletest/litswi1/,XC309587.ogg,30.64160997732426,0,10.0,5.0,44100,bird,1.0
362,./kaggletest/litswi1/,XC309587.ogg,30.64160997732426,0,15.0,5.0,44100,bird,1.0
363,./kaggletest/litswi1/,XC309587.ogg,30.64160997732426,0,20.0,5.0,44100,bird,1.0
364,./kaggletest/litswi1/,XC309587.ogg,30.64160997732426,0,25.0,5.0,44100,bird,1.0
365,./kaggletest/litswi1/,XC345969.ogg,36.10120181405896,0,0.0,5.0,44100,bird,1.0
366,./kaggletest/litswi1/,XC345969.ogg,36.10120181405896,0,5.0,5.0,44100,bird,1.0
367,./kaggletest/litswi1/,XC345969.ogg,36.10120181405896,0,10.0,5.0,44100,bird,1.0
368,./kaggletest/litswi1/,XC345969.ogg,36.10120181405896,0,15.0,5.0,44100,bird,1.0
369,./kaggletest/litswi1/,XC345969.ogg,36.10120181405896,0,20.0,5.0,44100,bird,1.0
370,./kaggletest/litswi1/,XC345969.ogg,36.10120181405896,0,25.0,5.0,44100,bird,1.0
371,./kaggletest/litswi1/,XC345969.ogg,36.10120181405896,0,30.0,5.0,44100,bird,1.0
372,./kaggletest/litswi1/,XC659392.ogg,310.36079365079365,0,5.0,5.0,44100,bird,1.0
373,./kaggletest/litswi1/,XC659392.ogg,310.36079365079365,0,25.0,5.0,44100,bird,1.0
374,./kaggletest/litswi1/,XC659392.ogg,310.36079365079365,0,30.0,5.0,44100,bird,1.0
375,./kaggletest/litswi1/,XC659392.ogg,310.36079365079365,0,35.0,5.0,44100,bird,1.0
376,./kaggletest/litswi1/,XC659392.ogg,310.36079365079365,0,40.0,5.0,44100,bird,1.0
377,./kaggletest/litswi1/,XC659392.ogg,310.36079365079365,0,45.0,5.0,44100,bird,1.0
378,./kaggletest/litswi1/,XC659392.ogg,310.36079365079365,0,55.0,5.0,44100,bird,1.0
379,./kaggletest/litswi1/,XC659392.ogg,310.36079365079365,0,60.0,5.0,44100,bird,1.0
380,./kaggletest/litswi1/,XC659392.ogg,310.36079365079365,0,65.0,5.0,44100,bird,1.0
381,./kaggletest/litswi1/,XC659392.ogg,310.36079365079365,0,70.0,5.0,44100,bird,1.0
382,./kaggletest/litswi1/,XC659392.ogg,310.36079365079365,0,75.0,5.0,44100,bird,1.0
383,./kaggletest/litswi1/,XC659392.ogg,310.36079365079365,0,80.0,5.0,44100,bird,1.0
384,./kaggletest/litswi1/,XC659392.ogg,310.36079365079365,0,85.0,5.0,44100,bird,1.0
385,./kaggletest/litswi1/,XC659392.ogg,310.36079365079365,0,95.0,5.0,44100,bird,1.0
386,./kaggletest/litswi1/,XC659392.ogg,310.36079365079365,0,105.0,5.0,44100,bird,1.0
387,./kaggletest/litswi1/,XC659392.ogg,310.36079365079365,0,115.0,5.0,44100,bird,1.0
388,./kaggletest/litswi1/,XC659392.ogg,310.36079365079365,0,120.0,5.0,44100,bird,1.0
389,./kaggletest/litswi1/,XC659392.ogg,310.36079365079365,0,125.0,5.0,44100,bird,1.0
390,./kaggletest/litswi1/,XC659392.ogg,310.36079365079365,0,135.0,5.0,44100,bird,1.0
391,./kaggletest/litswi1/,XC659392.ogg,310.36079365079365,0,140.0,5.0,44100,bird,1.0
392,./kaggletest/litswi1/,XC659392.ogg,310.36079365079365,0,150.0,5.0,44100,bird,1.0
393,./kaggletest/litswi1/,XC659392.ogg,310.36079365079365,0,155.0,5.0,44100,bird,1.0
394,./kaggletest/litswi1/,XC659392.ogg,310.36079365079365,0,160.0,5.0,44100,bird,1.0
395,./kaggletest/litswi1/,XC659392.ogg,310.36079365079365,0,165.0,5.0,44100,bird,1.0
396,./kaggletest/litswi1/,XC659392.ogg,310.36079365079365,0,170.0,5.0,44100,bird,1.0
397,./kaggletest/litswi1/,XC659392.ogg,310.36079365079365,0,175.0,5.0,44100,bird,1.0
398,./kaggletest/litswi1/,XC659392.ogg,310.36079365079365,0,180.0,5.0,44100,bird,1.0
399,./kaggletest/litswi1/,XC659392.ogg,310.36079365079365,0,185.0,5.0,44100,bird,1.0
400,./kaggletest/litswi1/,XC659392.ogg,310.36079365079365,0,195.0,5.0,44100,bird,1.0
401,./kaggletest/litswi1/,XC659392.ogg,310.36079365079365,0,200.0,5.0,44100,bird,1.0
402,./kaggletest/litswi1/,XC659392.ogg,310.36079365079365,0,210.0,5.0,44100,bird,1.0
403,./kaggletest/litswi1/,XC659392.ogg,310.36079365079365,0,215.0,5.0,44100,bird,1.0
404,./kaggletest/litswi1/,XC659392.ogg,310.36079365079365,0,220.0,5.0,44100,bird,1.0
405,./kaggletest/litswi1/,XC659392.ogg,310.36079365079365,0,225.0,5.0,44100,bird,1.0
406,./kaggletest/litswi1/,XC659392.ogg,310.36079365079365,0,230.0,5.0,44100,bird,1.0
407,./kaggletest/litswi1/,XC659392.ogg,310.36079365079365,0,235.0,5.0,44100,bird,1.0
408,./kaggletest/litswi1/,XC659392.ogg,310.36079365079365,0,240.0,5.0,44100,bird,1.0
409,./kaggletest/litswi1/,XC659392.ogg,310.36079365079365,0,245.0,5.0,44100,bird,1.0
410,./kaggletest/litswi1/,XC659392.ogg,310.36079365079365,0,255.0,5.0,44100,bird,1.0
411,./kaggletest/litswi1/,XC659392.ogg,310.36079365079365,0,260.0,5.0,44100,bird,1.0
412,./kaggletest/litswi1/,XC659392.ogg,310.36079365079365,0,265.0,5.0,44100,bird,1.0
413,./kaggletest/litswi1/,XC659392.ogg,310.36079365079365,0,270.0,5.0,44100,bird,1.0
414,./kaggletest/litswi1/,XC659392.ogg,310.36079365079365,0,280.0,5.0,44100,bird,1.0
415,./kaggletest/litswi1/,XC659392.ogg,310.36079365079365,0,285.0,5.0,44100,bird,1.0
416,./kaggletest/litswi1/,XC659392.ogg,310.36079365079365,0,290.0,5.0,44100,bird,1.0
417,./kaggletest/litswi1/,XC659392.ogg,310.36079365079365,0,295.0,5.0,44100,bird,1.0
418,./kaggletest/litswi1/,XC659392.ogg,310.36079365079365,0,300.0,5.0,44100,bird,1.0
419,./kaggletest/litswi1/,XC731944.ogg,23.495986394557825,0,0.0,5.0,44100,bird,1.0
420,./kaggletest/litswi1/,XC731944.ogg,23.495986394557825,0,5.0,5.0,44100,bird,1.0
421,./kaggletest/litswi1/,XC731944.ogg,23.495986394557825,0,10.0,5.0,44100,bird,1.0
422,./kaggletest/litswi1/,XC731944.ogg,23.495986394557825,0,15.0,5.0,44100,bird,1.0
423,./kaggletest/litswi1/,XC394496.ogg,6.008140589569161,0,0.0,5.0,44100,bird,1.0
424,./kaggletest/litswi1/,XC157049.ogg,37.067732426303856,0,0.0,5.0,44100,bird,1.0
425,./kaggletest/litswi1/,XC157049.ogg,37.067732426303856,0,5.0,5.0,44100,bird,1.0
426,./kaggletest/litswi1/,XC157049.ogg,37.067732426303856,0,10.0,5.0,44100,bird,1.0
427,./kaggletest/litswi1/,XC157049.ogg,37.067732426303856,0,15.0,5.0,44100,bird,1.0
428,./kaggletest/litswi1/,XC157049.ogg,37.067732426303856,0,20.0,5.0,44100,bird,1.0
429,./kaggletest/litswi1/,XC157049.ogg,37.067732426303856,0,25.0,5.0,44100,bird,1.0
430,./kaggletest/litswi1/,XC157049.ogg,37.067732426303856,0,30.0,5.0,44100,bird,1.0
431,./kaggletest/litswi1/,XC424696.ogg,23.848979591836734,0,0.0,5.0,44100,bird,1.0
432,./kaggletest/litswi1/,XC424696.ogg,23.848979591836734,0,5.0,5.0,44100,bird,1.0
433,./kaggletest/litswi1/,XC424696.ogg,23.848979591836734,0,10.0,5.0,44100,bird,1.0
434,./kaggletest/litswi1/,XC424696.ogg,23.848979591836734,0,15.0,5.0,44100,bird,1.0
435,./kaggletest/litswi1/,XC723394.ogg,10.082993197278912,0,0.0,5.0,44100,bird,1.0
436,./kaggletest/litswi1/,XC723394.ogg,10.082993197278912,0,5.0,5.0,44100,bird,1.0
437,./kaggletest/litswi1/,XC659389.ogg,227.03020408163266,0,0.0,5.0,44100,bird,1.0
438,./kaggletest/litswi1/,XC659389.ogg,227.03020408163266,0,5.0,5.0,44100,bird,1.0
439,./kaggletest/litswi1/,XC659389.ogg,227.03020408163266,0,10.0,5.0,44100,bird,1.0
440,./kaggletest/litswi1/,XC659389.ogg,227.03020408163266,0,15.0,5.0,44100,bird,1.0
441,./kaggletest/litswi1/,XC659389.ogg,227.03020408163266,0,20.0,5.0,44100,bird,1.0
442,./kaggletest/litswi1/,XC659389.ogg,227.03020408163266,0,25.0,5.0,44100,bird,1.0
443,./kaggletest/litswi1/,XC659389.ogg,227.03020408163266,0,30.0,5.0,44100,bird,1.0
444,./kaggletest/litswi1/,XC659389.ogg,227.03020408163266,0,35.0,5.0,44100,bird,1.0
445,./kaggletest/litswi1/,XC659389.ogg,227.03020408163266,0,40.0,5.0,44100,bird,1.0
446,./kaggletest/litswi1/,XC659389.ogg,227.03020408163266,0,45.0,5.0,44100,bird,1.0
447,./kaggletest/litswi1/,XC659389.ogg,227.03020408163266,0,50.0,5.0,44100,bird,1.0
448,./kaggletest/litswi1/,XC659389.ogg,227.03020408163266,0,55.0,5.0,44100,bird,1.0
449,./kaggletest/litswi1/,XC659389.ogg,227.03020408163266,0,60.0,5.0,44100,bird,1.0
450,./kaggletest/litswi1/,XC659389.ogg,227.03020408163266,0,65.0,5.0,44100,bird,1.0
451,./kaggletest/litswi1/,XC659389.ogg,227.03020408163266,0,70.0,5.0,44100,bird,1.0
452,./kaggletest/litswi1/,XC659389.ogg,227.03020408163266,0,75.0,5.0,44100,bird,1.0
453,./kaggletest/litswi1/,XC659389.ogg,227.03020408163266,0,80.0,5.0,44100,bird,1.0
454,./kaggletest/litswi1/,XC659389.ogg,227.03020408163266,0,85.0,5.0,44100,bird,1.0
455,./kaggletest/litswi1/,XC659389.ogg,227.03020408163266,0,90.0,5.0,44100,bird,1.0
456,./kaggletest/litswi1/,XC659389.ogg,227.03020408163266,0,95.0,5.0,44100,bird,1.0
457,./kaggletest/litswi1/,XC659389.ogg,227.03020408163266,0,105.0,5.0,44100,bird,1.0
458,./kaggletest/litswi1/,XC659389.ogg,227.03020408163266,0,110.0,5.0,44100,bird,1.0
459,./kaggletest/litswi1/,XC659389.ogg,227.03020408163266,0,115.0,5.0,44100,bird,1.0
460,./kaggletest/litswi1/,XC659389.ogg,227.03020408163266,0,120.0,5.0,44100,bird,1.0
461,./kaggletest/litswi1/,XC659389.ogg,227.03020408163266,0,125.0,5.0,44100,bird,1.0
462,./kaggletest/litswi1/,XC659389.ogg,227.03020408163266,0,130.0,5.0,44100,bird,1.0
463,./kaggletest/litswi1/,XC659389.ogg,227.03020408163266,0,135.0,5.0,44100,bird,1.0
464,./kaggletest/litswi1/,XC659389.ogg,227.03020408163266,0,140.0,5.0,44100,bird,1.0
465,./kaggletest/litswi1/,XC659389.ogg,227.03020408163266,0,145.0,5.0,44100,bird,1.0
466,./kaggletest/litswi1/,XC659389.ogg,227.03020408163266,0,150.0,5.0,44100,bird,1.0
467,./kaggletest/litswi1/,XC659389.ogg,227.03020408163266,0,155.0,5.0,44100,bird,1.0
468,./kaggletest/litswi1/,XC659389.ogg,227.03020408163266,0,160.0,5.0,44100,bird,1.0
469,./kaggletest/litswi1/,XC659389.ogg,227.03020408163266,0,165.0,5.0,44100,bird,1.0
470,./kaggletest/litswi1/,XC659389.ogg,227.03020408163266,0,170.0,5.0,44100,bird,1.0
471,./kaggletest/litswi1/,XC659389.ogg,227.03020408163266,0,175.0,5.0,44100,bird,1.0
472,./kaggletest/litswi1/,XC659389.ogg,227.03020408163266,0,185.0,5.0,44100,bird,1.0
473,./kaggletest/litswi1/,XC659389.ogg,227.03020408163266,0,195.0,5.0,44100,bird,1.0
474,./kaggletest/litswi1/,XC659389.ogg,227.03020408163266,0,200.0,5.0,44100,bird,1.0
475,./kaggletest/litswi1/,XC659389.ogg,227.03020408163266,0,210.0,5.0,44100,bird,1.0
476,./kaggletest/litswi1/,XC659389.ogg,227.03020408163266,0,215.0,5.0,44100,bird,1.0
477,./kaggletest/litswi1/,XC659389.ogg,227.03020408163266,0,220.0,5.0,44100,bird,1.0
478,./kaggletest/litswi1/,XC315558.ogg,26.48814058956916,0,0.0,5.0,44100,bird,1.0
479,./kaggletest/litswi1/,XC315558.ogg,26.48814058956916,0,5.0,5.0,44100,bird,1.0
480,./kaggletest/litswi1/,XC315558.ogg,26.48814058956916,0,10.0,5.0,44100,bird,1.0
481,./kaggletest/litswi1/,XC315558.ogg,26.48814058956916,0,15.0,5.0,44100,bird,1.0
482,./kaggletest/litswi1/,XC315558.ogg,26.48814058956916,0,20.0,5.0,44100,bird,1.0
483,./kaggletest/litswi1/,XC336800.ogg,120.18936507936507,0,0.0,5.0,44100,bird,1.0
484,./kaggletest/litswi1/,XC336800.ogg,120.18936507936507,0,5.0,5.0,44100,bird,1.0
485,./kaggletest/litswi1/,XC336800.ogg,120.18936507936507,0,10.0,5.0,44100,bird,1.0
486,./kaggletest/litswi1/,XC336800.ogg,120.18936507936507,0,15.0,5.0,44100,bird,1.0
487,./kaggletest/litswi1/,XC336800.ogg,120.18936507936507,0,20.0,5.0,44100,bird,1.0
488,./kaggletest/litswi1/,XC336800.ogg,120.18936507936507,0,25.0,5.0,44100,bird,1.0
489,./kaggletest/litswi1/,XC336800.ogg,120.18936507936507,0,30.0,5.0,44100,bird,1.0
490,./kaggletest/litswi1/,XC336800.ogg,120.18936507936507,0,35.0,5.0,44100,bird,1.0
491,./kaggletest/litswi1/,XC336800.ogg,120.18936507936507,0,40.0,5.0,44100,bird,1.0
492,./kaggletest/litswi1/,XC336800.ogg,120.18936507936507,0,45.0,5.0,44100,bird,1.0
493,./kaggletest/litswi1/,XC336800.ogg,120.18936507936507,0,50.0,5.0,44100,bird,1.0
494,./kaggletest/litswi1/,XC336800.ogg,120.18936507936507,0,65.0,5.0,44100,bird,1.0
495,./kaggletest/litswi1/,XC336800.ogg,120.18936507936507,0,75.0,5.0,44100,bird,1.0
496,./kaggletest/litswi1/,XC336800.ogg,120.18936507936507,0,85.0,5.0,44100,bird,1.0
497,./kaggletest/litswi1/,XC336800.ogg,120.18936507936507,0,90.0,5.0,44100,bird,1.0
498,./kaggletest/litswi1/,XC336800.ogg,120.18936507936507,0,95.0,5.0,44100,bird,1.0
499,./kaggletest/litswi1/,XC336800.ogg,120.18936507936507,0,100.0,5.0,44100,bird,1.0
500,./kaggletest/litswi1/,XC336800.ogg,120.18936507936507,0,105.0,5.0,44100,bird,1.0
501,./kaggletest/litswi1/,XC336800.ogg,120.18936507936507,0,110.0,5.0,44100,bird,1.0
502,./kaggletest/litswi1/,XC336800.ogg,120.18936507936507,0,115.0,5.0,44100,bird,1.0
503,./kaggletest/litswi1/,XC379681.ogg,10.943990929705215,0,0.0,5.0,44100,bird,1.0
504,./kaggletest/litswi1/,XC379681.ogg,10.943990929705215,0,5.0,5.0,44100,bird,1.0
505,./kaggletest/litswi1/,XC746533.ogg,18.04798185941043,0,0.0,5.0,44100,bird,1.0
506,./kaggletest/litswi1/,XC746533.ogg,18.04798185941043,0,5.0,5.0,44100,bird,1.0
507,./kaggletest/litswi1/,XC746533.ogg,18.04798185941043,0,10.0,5.0,44100,bird,1.0
508,./kaggletest/litswi1/,XC498620.ogg,30.28798185941043,0,0.0,5.0,44100,bird,1.0
509,./kaggletest/litswi1/,XC498620.ogg,30.28798185941043,0,5.0,5.0,44100,bird,1.0
510,./kaggletest/litswi1/,XC498620.ogg,30.28798185941043,0,10.0,5.0,44100,bird,1.0
511,./kaggletest/litswi1/,XC498620.ogg,30.28798185941043,0,15.0,5.0,44100,bird,1.0
512,./kaggletest/litswi1/,XC498620.ogg,30.28798185941043,0,20.0,5.0,44100,bird,1.0
513,./kaggletest/litswi1/,XC498620.ogg,30.28798185941043,0,25.0,5.0,44100,bird,1.0
514,./kaggletest/litswi1/,XC126262.wav,5.0,0,0.0,5.0,44100,bird,1.0
515,./kaggletest/litswi1/,XC253696.ogg,619.3632426303855,0,0.0,5.0,44100,bird,1.0
516,./kaggletest/litswi1/,XC253696.ogg,619.3632426303855,0,5.0,5.0,44100,bird,1.0
517,./kaggletest/litswi1/,XC253696.ogg,619.3632426303855,0,10.0,5.0,44100,bird,1.0
518,./kaggletest/litswi1/,XC253696.ogg,619.3632426303855,0,15.0,5.0,44100,bird,1.0
519,./kaggletest/litswi1/,XC253696.ogg,619.3632426303855,0,20.0,5.0,44100,bird,1.0
520,./kaggletest/litswi1/,XC253696.ogg,619.3632426303855,0,25.0,5.0,44100,bird,1.0
521,./kaggletest/litswi1/,XC253696.ogg,619.3632426303855,0,30.0,5.0,44100,bird,1.0
522,./kaggletest/litswi1/,XC253696.ogg,619.3632426303855,0,35.0,5.0,44100,bird,1.0
523,./kaggletest/litswi1/,XC253696.ogg,619.3632426303855,0,40.0,5.0,44100,bird,1.0
524,./kaggletest/litswi1/,XC253696.ogg,619.3632426303855,0,45.0,5.0,44100,bird,1.0
525,./kaggletest/litswi1/,XC253696.ogg,619.3632426303855,0,50.0,5.0,44100,bird,1.0
526,./kaggletest/litswi1/,XC253696.ogg,619.3632426303855,0,55.0,5.0,44100,bird,1.0
527,./kaggletest/litswi1/,XC253696.ogg,619.3632426303855,0,60.0,5.0,44100,bird,1.0
528,./kaggletest/litswi1/,XC253696.ogg,619.3632426303855,0,65.0,5.0,44100,bird,1.0
529,./kaggletest/litswi1/,XC253696.ogg,619.3632426303855,0,75.0,5.0,44100,bird,1.0
530,./kaggletest/litswi1/,XC253696.ogg,619.3632426303855,0,80.0,5.0,44100,bird,1.0
531,./kaggletest/litswi1/,XC253696.ogg,619.3632426303855,0,85.0,5.0,44100,bird,1.0
532,./kaggletest/litswi1/,XC253696.ogg,619.3632426303855,0,90.0,5.0,44100,bird,1.0
533,./kaggletest/litswi1/,XC253696.ogg,619.3632426303855,0,95.0,5.0,44100,bird,1.0
534,./kaggletest/litswi1/,XC253696.ogg,619.3632426303855,0,100.0,5.0,44100,bird,1.0
535,./kaggletest/litswi1/,XC253696.ogg,619.3632426303855,0,105.0,5.0,44100,bird,1.0
536,./kaggletest/litswi1/,XC253696.ogg,619.3632426303855,0,110.0,5.0,44100,bird,1.0
537,./kaggletest/litswi1/,XC253696.ogg,619.3632426303855,0,115.0,5.0,44100,bird,1.0
538,./kaggletest/litswi1/,XC253696.ogg,619.3632426303855,0,120.0,5.0,44100,bird,1.0
539,./kaggletest/litswi1/,XC253696.ogg,619.3632426303855,0,125.0,5.0,44100,bird,1.0
540,./kaggletest/litswi1/,XC253696.ogg,619.3632426303855,0,130.0,5.0,44100,bird,1.0
541,./kaggletest/litswi1/,XC253696.ogg,619.3632426303855,0,135.0,5.0,44100,bird,1.0
542,./kaggletest/litswi1/,XC253696.ogg,619.3632426303855,0,140.0,5.0,44100,bird,1.0
543,./kaggletest/litswi1/,XC253696.ogg,619.3632426303855,0,145.0,5.0,44100,bird,1.0
544,./kaggletest/litswi1/,XC253696.ogg,619.3632426303855,0,150.0,5.0,44100,bird,1.0
545,./kaggletest/litswi1/,XC253696.ogg,619.3632426303855,0,155.0,5.0,44100,bird,1.0
546,./kaggletest/litswi1/,XC253696.ogg,619.3632426303855,0,160.0,5.0,44100,bird,1.0
547,./kaggletest/litswi1/,XC253696.ogg,619.3632426303855,0,165.0,5.0,44100,bird,1.0
548,./kaggletest/litswi1/,XC253696.ogg,619.3632426303855,0,170.0,5.0,44100,bird,1.0
549,./kaggletest/litswi1/,XC253696.ogg,619.3632426303855,0,175.0,5.0,44100,bird,1.0
550,./kaggletest/litswi1/,XC253696.ogg,619.3632426303855,0,180.0,5.0,44100,bird,1.0
551,./kaggletest/litswi1/,XC253696.ogg,619.3632426303855,0,185.0,5.0,44100,bird,1.0
552,./kaggletest/litswi1/,XC253696.ogg,619.3632426303855,0,190.0,5.0,44100,bird,1.0
553,./kaggletest/litswi1/,XC253696.ogg,619.3632426303855,0,195.0,5.0,44100,bird,1.0
554,./kaggletest/litswi1/,XC253696.ogg,619.3632426303855,0,200.0,5.0,44100,bird,1.0
555,./kaggletest/litswi1/,XC253696.ogg,619.3632426303855,0,205.0,5.0,44100,bird,1.0
556,./kaggletest/litswi1/,XC253696.ogg,619.3632426303855,0,210.0,5.0,44100,bird,1.0
557,./kaggletest/litswi1/,XC253696.ogg,619.3632426303855,0,215.0,5.0,44100,bird,1.0
558,./kaggletest/litswi1/,XC253696.ogg,619.3632426303855,0,220.0,5.0,44100,bird,1.0
559,./kaggletest/litswi1/,XC253696.ogg,619.3632426303855,0,225.0,5.0,44100,bird,1.0
560,./kaggletest/litswi1/,XC253696.ogg,619.3632426303855,0,230.0,5.0,44100,bird,1.0
561,./kaggletest/litswi1/,XC253696.ogg,619.3632426303855,0,235.0,5.0,44100,bird,1.0
562,./kaggletest/litswi1/,XC253696.ogg,619.3632426303855,0,240.0,5.0,44100,bird,1.0
563,./kaggletest/litswi1/,XC253696.ogg,619.3632426303855,0,245.0,5.0,44100,bird,1.0
564,./kaggletest/litswi1/,XC253696.ogg,619.3632426303855,0,250.0,5.0,44100,bird,1.0
565,./kaggletest/litswi1/,XC253696.ogg,619.3632426303855,0,255.0,5.0,44100,bird,1.0
566,./kaggletest/litswi1/,XC253696.ogg,619.3632426303855,0,260.0,5.0,44100,bird,1.0
567,./kaggletest/litswi1/,XC253696.ogg,619.3632426303855,0,265.0,5.0,44100,bird,1.0
568,./kaggletest/litswi1/,XC253696.ogg,619.3632426303855,0,270.0,5.0,44100,bird,1.0
569,./kaggletest/litswi1/,XC253696.ogg,619.3632426303855,0,275.0,5.0,44100,bird,1.0
570,./kaggletest/litswi1/,XC253696.ogg,619.3632426303855,0,280.0,5.0,44100,bird,1.0
571,./kaggletest/litswi1/,XC253696.ogg,619.3632426303855,0,285.0,5.0,44100,bird,1.0
572,./kaggletest/litswi1/,XC253696.ogg,619.3632426303855,0,290.0,5.0,44100,bird,1.0
573,./kaggletest/litswi1/,XC253696.ogg,619.3632426303855,0,295.0,5.0,44100,bird,1.0
574,./kaggletest/litswi1/,XC253696.ogg,619.3632426303855,0,300.0,5.0,44100,bird,1.0
575,./kaggletest/litswi1/,XC253696.ogg,619.3632426303855,0,305.0,5.0,44100,bird,1.0
576,./kaggletest/litswi1/,XC253696.ogg,619.3632426303855,0,310.0,5.0,44100,bird,1.0
577,./kaggletest/litswi1/,XC253696.ogg,619.3632426303855,0,315.0,5.0,44100,bird,1.0
578,./kaggletest/litswi1/,XC253696.ogg,619.3632426303855,0,325.0,5.0,44100,bird,1.0
579,./kaggletest/litswi1/,XC253696.ogg,619.3632426303855,0,330.0,5.0,44100,bird,1.0
580,./kaggletest/litswi1/,XC253696.ogg,619.3632426303855,0,335.0,5.0,44100,bird,1.0
581,./kaggletest/litswi1/,XC253696.ogg,619.3632426303855,0,340.0,5.0,44100,bird,1.0
582,./kaggletest/litswi1/,XC253696.ogg,619.3632426303855,0,345.0,5.0,44100,bird,1.0
583,./kaggletest/litswi1/,XC253696.ogg,619.3632426303855,0,350.0,5.0,44100,bird,1.0
584,./kaggletest/litswi1/,XC253696.ogg,619.3632426303855,0,355.0,5.0,44100,bird,1.0
585,./kaggletest/litswi1/,XC253696.ogg,619.3632426303855,0,360.0,5.0,44100,bird,1.0
586,./kaggletest/litswi1/,XC253696.ogg,619.3632426303855,0,365.0,5.0,44100,bird,1.0
587,./kaggletest/litswi1/,XC253696.ogg,619.3632426303855,0,370.0,5.0,44100,bird,1.0
588,./kaggletest/litswi1/,XC253696.ogg,619.3632426303855,0,375.0,5.0,44100,bird,1.0
589,./kaggletest/litswi1/,XC253696.ogg,619.3632426303855,0,380.0,5.0,44100,bird,1.0
590,./kaggletest/litswi1/,XC253696.ogg,619.3632426303855,0,385.0,5.0,44100,bird,1.0
591,./kaggletest/litswi1/,XC253696.ogg,619.3632426303855,0,390.0,5.0,44100,bird,1.0
592,./kaggletest/litswi1/,XC253696.ogg,619.3632426303855,0,395.0,5.0,44100,bird,1.0
593,./kaggletest/litswi1/,XC253696.ogg,619.3632426303855,0,400.0,5.0,44100,bird,1.0
594,./kaggletest/litswi1/,XC253696.ogg,619.3632426303855,0,405.0,5.0,44100,bird,1.0
595,./kaggletest/litswi1/,XC253696.ogg,619.3632426303855,0,410.0,5.0,44100,bird,1.0
596,./kaggletest/litswi1/,XC253696.ogg,619.3632426303855,0,415.0,5.0,44100,bird,1.0
597,./kaggletest/litswi1/,XC253696.ogg,619.3632426303855,0,420.0,5.0,44100,bird,1.0
598,./kaggletest/litswi1/,XC253696.ogg,619.3632426303855,0,425.0,5.0,44100,bird,1.0
599,./kaggletest/litswi1/,XC253696.ogg,619.3632426303855,0,430.0,5.0,44100,bird,1.0
600,./kaggletest/litswi1/,XC253696.ogg,619.3632426303855,0,435.0,5.0,44100,bird,1.0
601,./kaggletest/litswi1/,XC253696.ogg,619.3632426303855,0,440.0,5.0,44100,bird,1.0
602,./kaggletest/litswi1/,XC253696.ogg,619.3632426303855,0,445.0,5.0,44100,bird,1.0
603,./kaggletest/litswi1/,XC253696.ogg,619.3632426303855,0,450.0,5.0,44100,bird,1.0
604,./kaggletest/litswi1/,XC253696.ogg,619.3632426303855,0,455.0,5.0,44100,bird,1.0
605,./kaggletest/litswi1/,XC253696.ogg,619.3632426303855,0,460.0,5.0,44100,bird,1.0
606,./kaggletest/litswi1/,XC253696.ogg,619.3632426303855,0,465.0,5.0,44100,bird,1.0
607,./kaggletest/litswi1/,XC253696.ogg,619.3632426303855,0,470.0,5.0,44100,bird,1.0
608,./kaggletest/litswi1/,XC253696.ogg,619.3632426303855,0,475.0,5.0,44100,bird,1.0
609,./kaggletest/litswi1/,XC253696.ogg,619.3632426303855,0,480.0,5.0,44100,bird,1.0
610,./kaggletest/litswi1/,XC253696.ogg,619.3632426303855,0,485.0,5.0,44100,bird,1.0
611,./kaggletest/litswi1/,XC253696.ogg,619.3632426303855,0,490.0,5.0,44100,bird,1.0
612,./kaggletest/litswi1/,XC253696.ogg,619.3632426303855,0,495.0,5.0,44100,bird,1.0
613,./kaggletest/litswi1/,XC253696.ogg,619.3632426303855,0,500.0,5.0,44100,bird,1.0
614,./kaggletest/litswi1/,XC253696.ogg,619.3632426303855,0,505.0,5.0,44100,bird,1.0
615,./kaggletest/litswi1/,XC253696.ogg,619.3632426303855,0,510.0,5.0,44100,bird,1.0
616,./kaggletest/litswi1/,XC253696.ogg,619.3632426303855,0,515.0,5.0,44100,bird,1.0
617,./kaggletest/litswi1/,XC253696.ogg,619.3632426303855,0,520.0,5.0,44100,bird,1.0
618,./kaggletest/litswi1/,XC253696.ogg,619.3632426303855,0,525.0,5.0,44100,bird,1.0
619,./kaggletest/litswi1/,XC253696.ogg,619.3632426303855,0,535.0,5.0,44100,bird,1.0
620,./kaggletest/litswi1/,XC253696.ogg,619.3632426303855,0,540.0,5.0,44100,bird,1.0
621,./kaggletest/litswi1/,XC253696.ogg,619.3632426303855,0,545.0,5.0,44100,bird,1.0
622,./kaggletest/litswi1/,XC253696.ogg,619.3632426303855,0,550.0,5.0,44100,bird,1.0
623,./kaggletest/litswi1/,XC253696.ogg,619.3632426303855,0,555.0,5.0,44100,bird,1.0
624,./kaggletest/litswi1/,XC253696.ogg,619.3632426303855,0,560.0,5.0,44100,bird,1.0
625,./kaggletest/litswi1/,XC253696.ogg,619.3632426303855,0,565.0,5.0,44100,bird,1.0
626,./kaggletest/litswi1/,XC253696.ogg,619.3632426303855,0,570.0,5.0,44100,bird,1.0
627,./kaggletest/litswi1/,XC253696.ogg,619.3632426303855,0,575.0,5.0,44100,bird,1.0
628,./kaggletest/litswi1/,XC253696.ogg,619.3632426303855,0,580.0,5.0,44100,bird,1.0
629,./kaggletest/litswi1/,XC253696.ogg,619.3632426303855,0,585.0,5.0,44100,bird,1.0
630,./kaggletest/litswi1/,XC253696.ogg,619.3632426303855,0,590.0,5.0,44100,bird,1.0
631,./kaggletest/litswi1/,XC253696.ogg,619.3632426303855,0,595.0,5.0,44100,bird,1.0
632,./kaggletest/litswi1/,XC253696.ogg,619.3632426303855,0,600.0,5.0,44100,bird,1.0
633,./kaggletest/litswi1/,XC253696.ogg,619.3632426303855,0,605.0,5.0,44100,bird,1.0
634,./kaggletest/litswi1/,XC253696.ogg,619.3632426303855,0,610.0,5.0,44100,bird,1.0
635,./kaggletest/litswi1/,XC379679.ogg,13.055986394557824,0,0.0,5.0,44100,bird,1.0
636,./kaggletest/litswi1/,XC379679.ogg,13.055986394557824,0,5.0,5.0,44100,bird,1.0
637,./kaggletest/litswi1/,XC305771.ogg,20.20798185941043,0,0.0,5.0,44100,bird,1.0
638,./kaggletest/litswi1/,XC305771.ogg,20.20798185941043,0,5.0,5.0,44100,bird,1.0
639,./kaggletest/litswi1/,XC305771.ogg,20.20798185941043,0,10.0,5.0,44100,bird,1.0
640,./kaggletest/litswi1/,XC305771.ogg,20.20798185941043,0,15.0,5.0,44100,bird,1.0
641,./kaggletest/litswi1/,XC634767.ogg,15.228979591836735,0,0.0,5.0,44100,bird,1.0
642,./kaggletest/litswi1/,XC634767.ogg,15.228979591836735,0,5.0,5.0,44100,bird,1.0
643,./kaggletest/litswi1/,XC634767.ogg,15.228979591836735,0,10.0,5.0,44100,bird,1.0
644,./kaggletest/litswi1/,XC748849.ogg,11.807324263038549,0,0.0,5.0,44100,bird,1.0
645,./kaggletest/litswi1/,XC748849.ogg,11.807324263038549,0,5.0,5.0,44100,bird,1.0
646,./kaggletest/litswi1/,XC253697.ogg,485.7730612244898,0,0.0,5.0,44100,bird,1.0
647,./kaggletest/litswi1/,XC253697.ogg,485.7730612244898,0,10.0,5.0,44100,bird,1.0
648,./kaggletest/litswi1/,XC253697.ogg,485.7730612244898,0,15.0,5.0,44100,bird,1.0
649,./kaggletest/litswi1/,XC253697.ogg,485.7730612244898,0,20.0,5.0,44100,bird,1.0
650,./kaggletest/litswi1/,XC253697.ogg,485.7730612244898,0,30.0,5.0,44100,bird,1.0
651,./kaggletest/litswi1/,XC253697.ogg,485.7730612244898,0,45.0,5.0,44100,bird,1.0
652,./kaggletest/litswi1/,XC253697.ogg,485.7730612244898,0,55.0,5.0,44100,bird,1.0
653,./kaggletest/litswi1/,XC253697.ogg,485.7730612244898,0,60.0,5.0,44100,bird,1.0
654,./kaggletest/litswi1/,XC253697.ogg,485.7730612244898,0,65.0,5.0,44100,bird,1.0
655,./kaggletest/litswi1/,XC253697.ogg,485.7730612244898,0,70.0,5.0,44100,bird,1.0
656,./kaggletest/litswi1/,XC253697.ogg,485.7730612244898,0,75.0,5.0,44100,bird,1.0
657,./kaggletest/litswi1/,XC253697.ogg,485.7730612244898,0,80.0,5.0,44100,bird,1.0
658,./kaggletest/litswi1/,XC253697.ogg,485.7730612244898,0,85.0,5.0,44100,bird,1.0
659,./kaggletest/litswi1/,XC253697.ogg,485.7730612244898,0,90.0,5.0,44100,bird,1.0
660,./kaggletest/litswi1/,XC253697.ogg,485.7730612244898,0,95.0,5.0,44100,bird,1.0
661,./kaggletest/litswi1/,XC253697.ogg,485.7730612244898,0,105.0,5.0,44100,bird,1.0
662,./kaggletest/litswi1/,XC253697.ogg,485.7730612244898,0,110.0,5.0,44100,bird,1.0
663,./kaggletest/litswi1/,XC253697.ogg,485.7730612244898,0,120.0,5.0,44100,bird,1.0
664,./kaggletest/litswi1/,XC253697.ogg,485.7730612244898,0,125.0,5.0,44100,bird,1.0
665,./kaggletest/litswi1/,XC253697.ogg,485.7730612244898,0,135.0,5.0,44100,bird,1.0
666,./kaggletest/litswi1/,XC253697.ogg,485.7730612244898,0,140.0,5.0,44100,bird,1.0
667,./kaggletest/litswi1/,XC253697.ogg,485.7730612244898,0,160.0,5.0,44100,bird,1.0
668,./kaggletest/litswi1/,XC253697.ogg,485.7730612244898,0,165.0,5.0,44100,bird,1.0
669,./kaggletest/litswi1/,XC253697.ogg,485.7730612244898,0,175.0,5.0,44100,bird,1.0
670,./kaggletest/litswi1/,XC253697.ogg,485.7730612244898,0,180.0,5.0,44100,bird,1.0
671,./kaggletest/litswi1/,XC253697.ogg,485.7730612244898,0,185.0,5.0,44100,bird,1.0
672,./kaggletest/litswi1/,XC253697.ogg,485.7730612244898,0,200.0,5.0,44100,bird,1.0
673,./kaggletest/litswi1/,XC253697.ogg,485.7730612244898,0,205.0,5.0,44100,bird,1.0
674,./kaggletest/litswi1/,XC253697.ogg,485.7730612244898,0,210.0,5.0,44100,bird,1.0
675,./kaggletest/litswi1/,XC253697.ogg,485.7730612244898,0,215.0,5.0,44100,bird,1.0
676,./kaggletest/litswi1/,XC253697.ogg,485.7730612244898,0,220.0,5.0,44100,bird,1.0
677,./kaggletest/litswi1/,XC253697.ogg,485.7730612244898,0,225.0,5.0,44100,bird,1.0
678,./kaggletest/litswi1/,XC253697.ogg,485.7730612244898,0,230.0,5.0,44100,bird,1.0
679,./kaggletest/litswi1/,XC253697.ogg,485.7730612244898,0,240.0,5.0,44100,bird,1.0
680,./kaggletest/litswi1/,XC253697.ogg,485.7730612244898,0,245.0,5.0,44100,bird,1.0
681,./kaggletest/litswi1/,XC253697.ogg,485.7730612244898,0,250.0,5.0,44100,bird,1.0
682,./kaggletest/litswi1/,XC253697.ogg,485.7730612244898,0,255.0,5.0,44100,bird,1.0
683,./kaggletest/litswi1/,XC253697.ogg,485.7730612244898,0,275.0,5.0,44100,bird,1.0
684,./kaggletest/litswi1/,XC253697.ogg,485.7730612244898,0,280.0,5.0,44100,bird,1.0
685,./kaggletest/litswi1/,XC253697.ogg,485.7730612244898,0,290.0,5.0,44100,bird,1.0
686,./kaggletest/litswi1/,XC253697.ogg,485.7730612244898,0,305.0,5.0,44100,bird,1.0
687,./kaggletest/litswi1/,XC253697.ogg,485.7730612244898,0,310.0,5.0,44100,bird,1.0
688,./kaggletest/litswi1/,XC253697.ogg,485.7730612244898,0,325.0,5.0,44100,bird,1.0
689,./kaggletest/litswi1/,XC253697.ogg,485.7730612244898,0,365.0,5.0,44100,bird,1.0
690,./kaggletest/litswi1/,XC253697.ogg,485.7730612244898,0,375.0,5.0,44100,bird,1.0
691,./kaggletest/litswi1/,XC253697.ogg,485.7730612244898,0,380.0,5.0,44100,bird,1.0
692,./kaggletest/litswi1/,XC253697.ogg,485.7730612244898,0,385.0,5.0,44100,bird,1.0
693,./kaggletest/litswi1/,XC253697.ogg,485.7730612244898,0,390.0,5.0,44100,bird,1.0
694,./kaggletest/litswi1/,XC253697.ogg,485.7730612244898,0,405.0,5.0,44100,bird,1.0
695,./kaggletest/litswi1/,XC253697.ogg,485.7730612244898,0,415.0,5.0,44100,bird,1.0
696,./kaggletest/litswi1/,XC253697.ogg,485.7730612244898,0,430.0,5.0,44100,bird,1.0
697,./kaggletest/litswi1/,XC253697.ogg,485.7730612244898,0,435.0,5.0,44100,bird,1.0
698,./kaggletest/litswi1/,XC253697.ogg,485.7730612244898,0,445.0,5.0,44100,bird,1.0
699,./kaggletest/litswi1/,XC253697.ogg,485.7730612244898,0,455.0,5.0,44100,bird,1.0
700,./kaggletest/litswi1/,XC253697.ogg,485.7730612244898,0,465.0,5.0,44100,bird,1.0
701,./kaggletest/litswi1/,XC253697.ogg,485.7730612244898,0,470.0,5.0,44100,bird,1.0
702,./kaggletest/litswi1/,XC253697.ogg,485.7730612244898,0,480.0,5.0,44100,bird,1.0
703,./kaggletest/litswi1/,XC440301.ogg,39.57598639455782,0,25.0,5.0,44100,bird,1.0
704,./kaggletest/litswi1/,XC610968.ogg,33.95918367346939,0,0.0,5.0,44100,bird,1.0
705,./kaggletest/litswi1/,XC610968.ogg,33.95918367346939,0,5.0,5.0,44100,bird,1.0
706,./kaggletest/litswi1/,XC610968.ogg,33.95918367346939,0,10.0,5.0,44100,bird,1.0
707,./kaggletest/litswi1/,XC610968.ogg,33.95918367346939,0,15.0,5.0,44100,bird,1.0
708,./kaggletest/litswi1/,XC610968.ogg,33.95918367346939,0,20.0,5.0,44100,bird,1.0
709,./kaggletest/litswi1/,XC610968.ogg,33.95918367346939,0,25.0,5.0,44100,bird,1.0
710,./kaggletest/litswi1/,XC167704.ogg,87.40571428571428,0,0.0,5.0,44100,bird,1.0
711,./kaggletest/litswi1/,XC167704.ogg,87.40571428571428,0,5.0,5.0,44100,bird,1.0
712,./kaggletest/litswi1/,XC167704.ogg,87.40571428571428,0,10.0,5.0,44100,bird,1.0
713,./kaggletest/litswi1/,XC167704.ogg,87.40571428571428,0,15.0,5.0,44100,bird,1.0
714,./kaggletest/litswi1/,XC167704.ogg,87.40571428571428,0,20.0,5.0,44100,bird,1.0
715,./kaggletest/litswi1/,XC167704.ogg,87.40571428571428,0,25.0,5.0,44100,bird,1.0
716,./kaggletest/litswi1/,XC167704.ogg,87.40571428571428,0,30.0,5.0,44100,bird,1.0
717,./kaggletest/litswi1/,XC167704.ogg,87.40571428571428,0,35.0,5.0,44100,bird,1.0
718,./kaggletest/litswi1/,XC167704.ogg,87.40571428571428,0,40.0,5.0,44100,bird,1.0
719,./kaggletest/litswi1/,XC167704.ogg,87.40571428571428,0,45.0,5.0,44100,bird,1.0
720,./kaggletest/litswi1/,XC167704.ogg,87.40571428571428,0,50.0,5.0,44100,bird,1.0
721,./kaggletest/litswi1/,XC167704.ogg,87.40571428571428,0,55.0,5.0,44100,bird,1.0
722,./kaggletest/litswi1/,XC167704.ogg,87.40571428571428,0,60.0,5.0,44100,bird,1.0
723,./kaggletest/litswi1/,XC167704.ogg,87.40571428571428,0,65.0,5.0,44100,bird,1.0
724,./kaggletest/litswi1/,XC167704.ogg,87.40571428571428,0,70.0,5.0,44100,bird,1.0
725,./kaggletest/litswi1/,XC167704.ogg,87.40571428571428,0,75.0,5.0,44100,bird,1.0
726,./kaggletest/litswi1/,XC167704.ogg,87.40571428571428,0,80.0,5.0,44100,bird,1.0
727,./kaggletest/litswi1/,XC494123.ogg,17.841609977324264,0,0.0,5.0,44100,bird,1.0
728,./kaggletest/litswi1/,XC494123.ogg,17.841609977324264,0,5.0,5.0,44100,bird,1.0
729,./kaggletest/litswi1/,XC494123.ogg,17.841609977324264,0,10.0,5.0,44100,bird,1.0
730,./kaggletest/litswi1/,XC177660.ogg,21.420385487528346,0,0.0,5.0,44100,bird,1.0
731,./kaggletest/litswi1/,XC177660.ogg,21.420385487528346,0,5.0,5.0,44100,bird,1.0
732,./kaggletest/litswi1/,XC177660.ogg,21.420385487528346,0,10.0,5.0,44100,bird,1.0
733,./kaggletest/litswi1/,XC177660.ogg,21.420385487528346,0,15.0,5.0,44100,bird,1.0
734,./kaggletest/litswi1/,XC203039.ogg,5.851428571428571,0,0.0,5.0,44100,bird,1.0
735,./kaggletest/litswi1/,XC443718.ogg,14.64,0,0.0,5.0,44100,bird,1.0
736,./kaggletest/litswi1/,XC443718.ogg,14.64,0,5.0,5.0,44100,bird,1.0
737,./kaggletest/litswi1/,XC439711.ogg,66.29877551020408,0,0.0,5.0,44100,bird,1.0
738,./kaggletest/litswi1/,XC439711.ogg,66.29877551020408,0,5.0,5.0,44100,bird,1.0
739,./kaggletest/litswi1/,XC439711.ogg,66.29877551020408,0,10.0,5.0,44100,bird,1.0
740,./kaggletest/litswi1/,XC439711.ogg,66.29877551020408,0,15.0,5.0,44100,bird,1.0
741,./kaggletest/litswi1/,XC439711.ogg,66.29877551020408,0,20.0,5.0,44100,bird,1.0
742,./kaggletest/litswi1/,XC439711.ogg,66.29877551020408,0,25.0,5.0,44100,bird,1.0
743,./kaggletest/litswi1/,XC439711.ogg,66.29877551020408,0,30.0,5.0,44100,bird,1.0
744,./kaggletest/litswi1/,XC439711.ogg,66.29877551020408,0,35.0,5.0,44100,bird,1.0
745,./kaggletest/litswi1/,XC439711.ogg,66.29877551020408,0,40.0,5.0,44100,bird,1.0
746,./kaggletest/litswi1/,XC439711.ogg,66.29877551020408,0,45.0,5.0,44100,bird,1.0
747,./kaggletest/litswi1/,XC439711.ogg,66.29877551020408,0,50.0,5.0,44100,bird,1.0
748,./kaggletest/litswi1/,XC439711.ogg,66.29877551020408,0,55.0,5.0,44100,bird,1.0
749,./kaggletest/litswi1/,XC439711.ogg,66.29877551020408,0,60.0,5.0,44100,bird,1.0
750,./kaggletest/litswi1/,XC574605.ogg,50.5730612244898,0,0.0,5.0,44100,bird,1.0
751,./kaggletest/litswi1/,XC574605.ogg,50.5730612244898,0,5.0,5.0,44100,bird,1.0
752,./kaggletest/litswi1/,XC574605.ogg,50.5730612244898,0,10.0,5.0,44100,bird,1.0
753,./kaggletest/litswi1/,XC574605.ogg,50.5730612244898,0,15.0,5.0,44100,bird,1.0
754,./kaggletest/litswi1/,XC574605.ogg,50.5730612244898,0,20.0,5.0,44100,bird,1.0
755,./kaggletest/litswi1/,XC574605.ogg,50.5730612244898,0,25.0,5.0,44100,bird,1.0
756,./kaggletest/litswi1/,XC574605.ogg,50.5730612244898,0,30.0,5.0,44100,bird,1.0
757,./kaggletest/litswi1/,XC574605.ogg,50.5730612244898,0,35.0,5.0,44100,bird,1.0
758,./kaggletest/litswi1/,XC574605.ogg,50.5730612244898,0,40.0,5.0,44100,bird,1.0
759,./kaggletest/litswi1/,XC574605.ogg,50.5730612244898,0,45.0,5.0,44100,bird,1.0
760,./kaggletest/litswi1/,XC670154.ogg,6.767981859410431,0,0.0,5.0,44100,bird,1.0
761,./kaggletest/litswi1/,XC443709.wav,5.0,0,0.0,5.0,44100,bird,1.0
762,./kaggletest/litswi1/,XC439710.ogg,69.51183673469387,0,0.0,5.0,44100,bird,1.0
763,./kaggletest/litswi1/,XC439710.ogg,69.51183673469387,0,5.0,5.0,44100,bird,1.0
764,./kaggletest/litswi1/,XC439710.ogg,69.51183673469387,0,10.0,5.0,44100,bird,1.0
765,./kaggletest/litswi1/,XC439710.ogg,69.51183673469387,0,15.0,5.0,44100,bird,1.0
766,./kaggletest/litswi1/,XC439710.ogg,69.51183673469387,0,20.0,5.0,44100,bird,1.0
767,./kaggletest/litswi1/,XC439710.ogg,69.51183673469387,0,25.0,5.0,44100,bird,1.0
768,./kaggletest/litswi1/,XC439710.ogg,69.51183673469387,0,30.0,5.0,44100,bird,1.0
769,./kaggletest/litswi1/,XC439710.ogg,69.51183673469387,0,35.0,5.0,44100,bird,1.0
770,./kaggletest/litswi1/,XC439710.ogg,69.51183673469387,0,40.0,5.0,44100,bird,1.0
771,./kaggletest/litswi1/,XC439710.ogg,69.51183673469387,0,45.0,5.0,44100,bird,1.0
772,./kaggletest/litswi1/,XC439710.ogg,69.51183673469387,0,50.0,5.0,44100,bird,1.0
773,./kaggletest/litswi1/,XC439710.ogg,69.51183673469387,0,55.0,5.0,44100,bird,1.0
774,./kaggletest/litswi1/,XC439710.ogg,69.51183673469387,0,60.0,5.0,44100,bird,1.0
775,./kaggletest/litswi1/,XC574610.ogg,15.333854875283446,0,0.0,5.0,44100,bird,1.0
776,./kaggletest/litswi1/,XC574610.ogg,15.333854875283446,0,5.0,5.0,44100,bird,1.0
777,./kaggletest/litswi1/,XC574610.ogg,15.333854875283446,0,10.0,5.0,44100,bird,1.0
778,./kaggletest/litswi1/,XC443719.ogg,40.775986394557826,0,0.0,5.0,44100,bird,1.0
779,./kaggletest/litswi1/,XC443719.ogg,40.775986394557826,0,5.0,5.0,44100,bird,1.0
780,./kaggletest/litswi1/,XC443719.ogg,40.775986394557826,0,10.0,5.0,44100,bird,1.0
781,./kaggletest/litswi1/,XC443719.ogg,40.775986394557826,0,15.0,5.0,44100,bird,1.0
782,./kaggletest/litswi1/,XC443719.ogg,40.775986394557826,0,20.0,5.0,44100,bird,1.0
783,./kaggletest/litswi1/,XC443719.ogg,40.775986394557826,0,25.0,5.0,44100,bird,1.0
784,./kaggletest/litswi1/,XC443719.ogg,40.775986394557826,0,30.0,5.0,44100,bird,1.0
785,./kaggletest/litswi1/,XC443719.ogg,40.775986394557826,0,35.0,5.0,44100,bird,1.0
786,./kaggletest/litswi1/,XC56560.ogg,30.74612244897959,0,0.0,5.0,44100,bird,1.0
787,./kaggletest/litswi1/,XC56560.ogg,30.74612244897959,0,5.0,5.0,44100,bird,1.0
788,./kaggletest/litswi1/,XC56560.ogg,30.74612244897959,0,10.0,5.0,44100,bird,1.0
789,./kaggletest/litswi1/,XC56560.ogg,30.74612244897959,0,15.0,5.0,44100,bird,1.0
790,./kaggletest/litswi1/,XC56560.ogg,30.74612244897959,0,25.0,5.0,44100,bird,1.0
791,./kaggletest/litswi1/,XC443720.ogg,11.80798185941043,0,0.0,5.0,44100,bird,1.0
792,./kaggletest/litswi1/,XC443720.ogg,11.80798185941043,0,5.0,5.0,44100,bird,1.0
793,./kaggletest/litswi1/,XC443708.ogg,53.303990929705215,0,0.0,5.0,44100,bird,1.0
794,./kaggletest/litswi1/,XC443708.ogg,53.303990929705215,0,5.0,5.0,44100,bird,1.0
795,./kaggletest/litswi1/,XC443708.ogg,53.303990929705215,0,10.0,5.0,44100,bird,1.0
796,./kaggletest/litswi1/,XC443708.ogg,53.303990929705215,0,15.0,5.0,44100,bird,1.0
797,./kaggletest/litswi1/,XC443708.ogg,53.303990929705215,0,20.0,5.0,44100,bird,1.0
798,./kaggletest/litswi1/,XC443708.ogg,53.303990929705215,0,25.0,5.0,44100,bird,1.0
799,./kaggletest/litswi1/,XC443708.ogg,53.303990929705215,0,30.0,5.0,44100,bird,1.0
800,./kaggletest/litswi1/,XC443708.ogg,53.303990929705215,0,35.0,5.0,44100,bird,1.0
801,./kaggletest/litswi1/,XC443708.ogg,53.303990929705215,0,40.0,5.0,44100,bird,1.0
802,./kaggletest/litswi1/,XC443708.ogg,53.303990929705215,0,45.0,5.0,44100,bird,1.0
803,./kaggletest/litswi1/,XC383359.ogg,17.554263038548754,0,0.0,5.0,44100,bird,1.0
804,./kaggletest/litswi1/,XC383359.ogg,17.554263038548754,0,5.0,5.0,44100,bird,1.0
805,./kaggletest/litswi1/,XC383359.ogg,17.554263038548754,0,10.0,5.0,44100,bird,1.0
