,FOLDER,IN FILE,CLIP LENGTH,CHANNEL,OFFSET,DURATION,SAMPLE RATE,MANUAL ID,CONFIDENCE
0,./kaggletest/litwea1/,XC195015.ogg,29.62283446712018,0,15.0,5.0,44100,bird,1.0
1,./kaggletest/litwea1/,XC234649.ogg,40.620385487528345,0,0.0,5.0,44100,bird,1.0
2,./kaggletest/litwea1/,XC234649.ogg,40.620385487528345,0,5.0,5.0,44100,bird,1.0
3,./kaggletest/litwea1/,XC234648.ogg,27.115079365079364,0,0.0,5.0,44100,bird,1.0
4,./kaggletest/litwea1/,XC234648.ogg,27.115079365079364,0,15.0,5.0,44100,bird,1.0
5,./kaggletest/litwea1/,XC253100.ogg,7.54936507936508,0,0.0,5.0,44100,bird,1.0
6,./kaggletest/litwea1/,XC537150.ogg,48.74448979591837,0,0.0,5.0,44100,bird,1.0
7,./kaggletest/litwea1/,XC537150.ogg,48.74448979591837,0,5.0,5.0,44100,bird,1.0
8,./kaggletest/litwea1/,XC537150.ogg,48.74448979591837,0,10.0,5.0,44100,bird,1.0
9,./kaggletest/litwea1/,XC537150.ogg,48.74448979591837,0,15.0,5.0,44100,bird,1.0
10,./kaggletest/litwea1/,XC537150.ogg,48.74448979591837,0,20.0,5.0,44100,bird,1.0
11,./kaggletest/litwea1/,XC537150.ogg,48.74448979591837,0,25.0,5.0,44100,bird,1.0
12,./kaggletest/litwea1/,XC537150.ogg,48.74448979591837,0,30.0,5.0,44100,bird,1.0
13,./kaggletest/litwea1/,XC537150.ogg,48.74448979591837,0,40.0,5.0,44100,bird,1.0
14,./kaggletest/litwea1/,XC537151.ogg,13.609773242630386,0,0.0,5.0,44100,bird,1.0
15,./kaggletest/litwea1/,XC537151.ogg,13.609773242630386,0,5.0,5.0,44100,bird,1.0
16,./kaggletest/litwea1/,XC177633.ogg,23.196734693877552,0,0.0,5.0,44100,bird,1.0
17,./kaggletest/litwea1/,XC177633.ogg,23.196734693877552,0,5.0,5.0,44100,bird,1.0
18,./kaggletest/litwea1/,XC177633.ogg,23.196734693877552,0,10.0,5.0,44100,bird,1.0
19,./kaggletest/litwea1/,XC177633.ogg,23.196734693877552,0,15.0,5.0,44100,bird,1.0
20,./kaggletest/litwea1/,XC390740.ogg,8.907732426303856,0,0.0,5.0,44100,bird,1.0
21,./kaggletest/litwea1/,XC251863.ogg,15.020385487528344,0,0.0,5.0,44100,bird,1.0
22,./kaggletest/litwea1/,XC251863.ogg,15.020385487528344,0,5.0,5.0,44100,bird,1.0
23,./kaggletest/litwea1/,XC251863.ogg,15.020385487528344,0,10.0,5.0,44100,bird,1.0
24,./kaggletest/litwea1/,XC251862.ogg,5.929773242630385,0,0.0,5.0,44100,bird,1.0
25,./kaggletest/litwea1/,XC396037.ogg,125.49224489795918,0,0.0,5.0,44100,bird,1.0
26,./kaggletest/litwea1/,XC396037.ogg,125.49224489795918,0,25.0,5.0,44100,bird,1.0
27,./kaggletest/litwea1/,XC396037.ogg,125.49224489795918,0,30.0,5.0,44100,bird,1.0
28,./kaggletest/litwea1/,XC396037.ogg,125.49224489795918,0,35.0,5.0,44100,bird,1.0
29,./kaggletest/litwea1/,XC396037.ogg,125.49224489795918,0,40.0,5.0,44100,bird,1.0
30,./kaggletest/litwea1/,XC396037.ogg,125.49224489795918,0,45.0,5.0,44100,bird,1.0
31,./kaggletest/litwea1/,XC396037.ogg,125.49224489795918,0,50.0,5.0,44100,bird,1.0
32,./kaggletest/litwea1/,XC396037.ogg,125.49224489795918,0,55.0,5.0,44100,bird,1.0
33,./kaggletest/litwea1/,XC396037.ogg,125.49224489795918,0,60.0,5.0,44100,bird,1.0
34,./kaggletest/litwea1/,XC396037.ogg,125.49224489795918,0,65.0,5.0,44100,bird,1.0
35,./kaggletest/litwea1/,XC396037.ogg,125.49224489795918,0,70.0,5.0,44100,bird,1.0
36,./kaggletest/litwea1/,XC396037.ogg,125.49224489795918,0,75.0,5.0,44100,bird,1.0
37,./kaggletest/litwea1/,XC396037.ogg,125.49224489795918,0,80.0,5.0,44100,bird,1.0
38,./kaggletest/litwea1/,XC396037.ogg,125.49224489795918,0,85.0,5.0,44100,bird,1.0
39,./kaggletest/litwea1/,XC396037.ogg,125.49224489795918,0,90.0,5.0,44100,bird,1.0
40,./kaggletest/litwea1/,XC396037.ogg,125.49224489795918,0,95.0,5.0,44100,bird,1.0
41,./kaggletest/litwea1/,XC396037.ogg,125.49224489795918,0,105.0,5.0,44100,bird,1.0
42,./kaggletest/litwea1/,XC396037.ogg,125.49224489795918,0,110.0,5.0,44100,bird,1.0
43,./kaggletest/litwea1/,XC396037.ogg,125.49224489795918,0,115.0,5.0,44100,bird,1.0
44,./kaggletest/litwea1/,XC396037.ogg,125.49224489795918,0,120.0,5.0,44100,bird,1.0
45,./kaggletest/litwea1/,XC372164.ogg,29.648956916099774,0,0.0,5.0,44100,bird,1.0
46,./kaggletest/litwea1/,XC372164.ogg,29.648956916099774,0,5.0,5.0,44100,bird,1.0
47,./kaggletest/litwea1/,XC372164.ogg,29.648956916099774,0,10.0,5.0,44100,bird,1.0
48,./kaggletest/litwea1/,XC372164.ogg,29.648956916099774,0,15.0,5.0,44100,bird,1.0
49,./kaggletest/litwea1/,XC372164.ogg,29.648956916099774,0,20.0,5.0,44100,bird,1.0
50,./kaggletest/litwea1/,XC311039.ogg,12.695487528344671,0,5.0,5.0,44100,bird,1.0
51,./kaggletest/litwea1/,XC476164.ogg,17.971995464852608,0,0.0,5.0,44100,bird,1.0
52,./kaggletest/litwea1/,XC476164.ogg,17.971995464852608,0,5.0,5.0,44100,bird,1.0
53,./kaggletest/litwea1/,XC533404.ogg,9.350997732426304,0,0.0,5.0,44100,bird,1.0
54,./kaggletest/litwea1/,XC594120.ogg,23.003990929705214,0,0.0,5.0,44100,bird,1.0
55,./kaggletest/litwea1/,XC594120.ogg,23.003990929705214,0,5.0,5.0,44100,bird,1.0
56,./kaggletest/litwea1/,XC594120.ogg,23.003990929705214,0,10.0,5.0,44100,bird,1.0
57,./kaggletest/litwea1/,XC594120.ogg,23.003990929705214,0,15.0,5.0,44100,bird,1.0
58,./kaggletest/litwea1/,XC372163.ogg,9.142834467120181,0,0.0,5.0,44100,bird,1.0
