,FOLDER,IN FILE,CLIP LENGTH,CHANNEL,OFFSET,DURATION,SAMPLE RATE,MANUAL ID,CONFIDENCE
0,./kaggletest/loceag1/,XC728108.ogg,56.55498866213152,0,0.0,5.0,44100,bird,1.0
1,./kaggletest/loceag1/,XC728108.ogg,56.55498866213152,0,5.0,5.0,44100,bird,1.0
2,./kaggletest/loceag1/,XC728108.ogg,56.55498866213152,0,10.0,5.0,44100,bird,1.0
3,./kaggletest/loceag1/,XC728108.ogg,56.55498866213152,0,15.0,5.0,44100,bird,1.0
4,./kaggletest/loceag1/,XC728108.ogg,56.55498866213152,0,20.0,5.0,44100,bird,1.0
5,./kaggletest/loceag1/,XC728108.ogg,56.55498866213152,0,30.0,5.0,44100,bird,1.0
6,./kaggletest/loceag1/,XC728108.ogg,56.55498866213152,0,40.0,5.0,44100,bird,1.0
7,./kaggletest/loceag1/,XC728108.ogg,56.55498866213152,0,45.0,5.0,44100,bird,1.0
8,./kaggletest/loceag1/,XC728108.ogg,56.55498866213152,0,50.0,5.0,44100,bird,1.0
9,./kaggletest/loceag1/,XC728109.ogg,26.016984126984127,0,0.0,5.0,44100,bird,1.0
10,./kaggletest/loceag1/,XC728109.ogg,26.016984126984127,0,5.0,5.0,44100,bird,1.0
11,./kaggletest/loceag1/,XC728109.ogg,26.016984126984127,0,10.0,5.0,44100,bird,1.0
12,./kaggletest/loceag1/,XC728109.ogg,26.016984126984127,0,15.0,5.0,44100,bird,1.0
13,./kaggletest/loceag1/,XC728109.ogg,26.016984126984127,0,20.0,5.0,44100,bird,1.0
14,./kaggletest/loceag1/,XC390503.ogg,15.515986394557823,0,0.0,5.0,44100,bird,1.0
15,./kaggletest/loceag1/,XC390503.ogg,15.515986394557823,0,5.0,5.0,44100,bird,1.0
16,./kaggletest/loceag1/,XC390503.ogg,15.515986394557823,0,10.0,5.0,44100,bird,1.0
17,./kaggletest/loceag1/,XC262738.ogg,24.43199546485261,0,0.0,5.0,44100,bird,1.0
18,./kaggletest/loceag1/,XC262738.ogg,24.43199546485261,0,5.0,5.0,44100,bird,1.0
19,./kaggletest/loceag1/,XC262738.ogg,24.43199546485261,0,10.0,5.0,44100,bird,1.0
20,./kaggletest/loceag1/,XC262738.ogg,24.43199546485261,0,15.0,5.0,44100,bird,1.0
21,./kaggletest/loceag1/,XC449487.ogg,65.78399092970521,0,5.0,5.0,44100,bird,1.0
22,./kaggletest/loceag1/,XC449487.ogg,65.78399092970521,0,15.0,5.0,44100,bird,1.0
23,./kaggletest/loceag1/,XC449487.ogg,65.78399092970521,0,20.0,5.0,44100,bird,1.0
24,./kaggletest/loceag1/,XC449487.ogg,65.78399092970521,0,25.0,5.0,44100,bird,1.0
25,./kaggletest/loceag1/,XC449487.ogg,65.78399092970521,0,30.0,5.0,44100,bird,1.0
26,./kaggletest/loceag1/,XC449487.ogg,65.78399092970521,0,45.0,5.0,44100,bird,1.0
27,./kaggletest/loceag1/,XC449487.ogg,65.78399092970521,0,60.0,5.0,44100,bird,1.0
28,./kaggletest/loceag1/,XC438653.ogg,71.20977324263039,0,0.0,5.0,44100,bird,1.0
29,./kaggletest/loceag1/,XC438653.ogg,71.20977324263039,0,5.0,5.0,44100,bird,1.0
30,./kaggletest/loceag1/,XC438653.ogg,71.20977324263039,0,10.0,5.0,44100,bird,1.0
31,./kaggletest/loceag1/,XC438653.ogg,71.20977324263039,0,15.0,5.0,44100,bird,1.0
32,./kaggletest/loceag1/,XC438653.ogg,71.20977324263039,0,20.0,5.0,44100,bird,1.0
33,./kaggletest/loceag1/,XC438653.ogg,71.20977324263039,0,25.0,5.0,44100,bird,1.0
34,./kaggletest/loceag1/,XC438653.ogg,71.20977324263039,0,30.0,5.0,44100,bird,1.0
35,./kaggletest/loceag1/,XC438653.ogg,71.20977324263039,0,35.0,5.0,44100,bird,1.0
36,./kaggletest/loceag1/,XC438653.ogg,71.20977324263039,0,40.0,5.0,44100,bird,1.0
37,./kaggletest/loceag1/,XC438653.ogg,71.20977324263039,0,45.0,5.0,44100,bird,1.0
38,./kaggletest/loceag1/,XC438653.ogg,71.20977324263039,0,50.0,5.0,44100,bird,1.0
39,./kaggletest/loceag1/,XC438653.ogg,71.20977324263039,0,55.0,5.0,44100,bird,1.0
40,./kaggletest/loceag1/,XC438653.ogg,71.20977324263039,0,60.0,5.0,44100,bird,1.0
41,./kaggletest/loceag1/,XC438653.ogg,71.20977324263039,0,65.0,5.0,44100,bird,1.0
42,./kaggletest/loceag1/,XC449486.ogg,50.4,0,5.0,5.0,44100,bird,1.0
43,./kaggletest/loceag1/,XC449486.ogg,50.4,0,10.0,5.0,44100,bird,1.0
44,./kaggletest/loceag1/,XC449486.ogg,50.4,0,15.0,5.0,44100,bird,1.0
45,./kaggletest/loceag1/,XC449486.ogg,50.4,0,20.0,5.0,44100,bird,1.0
46,./kaggletest/loceag1/,XC449486.ogg,50.4,0,25.0,5.0,44100,bird,1.0
47,./kaggletest/loceag1/,XC449486.ogg,50.4,0,30.0,5.0,44100,bird,1.0
48,./kaggletest/loceag1/,XC449486.ogg,50.4,0,40.0,5.0,44100,bird,1.0
49,./kaggletest/loceag1/,XC449486.ogg,50.4,0,45.0,5.0,44100,bird,1.0
50,./kaggletest/loceag1/,XC426247.ogg,5.25,0,0.0,5.0,44100,bird,1.0
51,./kaggletest/loceag1/,XC438654.ogg,64.56,0,0.0,5.0,44100,bird,1.0
52,./kaggletest/loceag1/,XC438654.ogg,64.56,0,5.0,5.0,44100,bird,1.0
53,./kaggletest/loceag1/,XC438654.ogg,64.56,0,10.0,5.0,44100,bird,1.0
54,./kaggletest/loceag1/,XC438654.ogg,64.56,0,15.0,5.0,44100,bird,1.0
55,./kaggletest/loceag1/,XC438654.ogg,64.56,0,20.0,5.0,44100,bird,1.0
56,./kaggletest/loceag1/,XC438654.ogg,64.56,0,40.0,5.0,44100,bird,1.0
57,./kaggletest/loceag1/,XC438654.ogg,64.56,0,45.0,5.0,44100,bird,1.0
58,./kaggletest/loceag1/,XC438654.ogg,64.56,0,50.0,5.0,44100,bird,1.0
59,./kaggletest/loceag1/,XC438654.ogg,64.56,0,55.0,5.0,44100,bird,1.0
60,./kaggletest/loceag1/,XC477523.ogg,38.21698412698413,0,0.0,5.0,44100,bird,1.0
61,./kaggletest/loceag1/,XC477523.ogg,38.21698412698413,0,10.0,5.0,44100,bird,1.0
62,./kaggletest/loceag1/,XC477523.ogg,38.21698412698413,0,15.0,5.0,44100,bird,1.0
63,./kaggletest/loceag1/,XC477523.ogg,38.21698412698413,0,20.0,5.0,44100,bird,1.0
64,./kaggletest/loceag1/,XC477523.ogg,38.21698412698413,0,25.0,5.0,44100,bird,1.0
65,./kaggletest/loceag1/,XC477523.ogg,38.21698412698413,0,30.0,5.0,44100,bird,1.0
66,./kaggletest/loceag1/,XC561580.ogg,21.133061224489797,0,0.0,5.0,44100,bird,1.0
67,./kaggletest/loceag1/,XC561580.ogg,21.133061224489797,0,5.0,5.0,44100,bird,1.0
68,./kaggletest/loceag1/,XC561580.ogg,21.133061224489797,0,10.0,5.0,44100,bird,1.0
69,./kaggletest/loceag1/,XC561580.ogg,21.133061224489797,0,15.0,5.0,44100,bird,1.0
70,./kaggletest/loceag1/,XC728107.ogg,50.781995464852606,0,0.0,5.0,44100,bird,1.0
71,./kaggletest/loceag1/,XC728107.ogg,50.781995464852606,0,5.0,5.0,44100,bird,1.0
72,./kaggletest/loceag1/,XC728107.ogg,50.781995464852606,0,10.0,5.0,44100,bird,1.0
73,./kaggletest/loceag1/,XC728107.ogg,50.781995464852606,0,15.0,5.0,44100,bird,1.0
74,./kaggletest/loceag1/,XC728107.ogg,50.781995464852606,0,20.0,5.0,44100,bird,1.0
75,./kaggletest/loceag1/,XC728107.ogg,50.781995464852606,0,25.0,5.0,44100,bird,1.0
76,./kaggletest/loceag1/,XC728107.ogg,50.781995464852606,0,30.0,5.0,44100,bird,1.0
77,./kaggletest/loceag1/,XC728107.ogg,50.781995464852606,0,35.0,5.0,44100,bird,1.0
78,./kaggletest/loceag1/,XC728107.ogg,50.781995464852606,0,40.0,5.0,44100,bird,1.0
79,./kaggletest/loceag1/,XC728107.ogg,50.781995464852606,0,45.0,5.0,44100,bird,1.0
80,./kaggletest/loceag1/,XC308545.ogg,153.16798185941042,0,0.0,5.0,44100,bird,1.0
81,./kaggletest/loceag1/,XC308545.ogg,153.16798185941042,0,5.0,5.0,44100,bird,1.0
82,./kaggletest/loceag1/,XC308545.ogg,153.16798185941042,0,10.0,5.0,44100,bird,1.0
83,./kaggletest/loceag1/,XC308545.ogg,153.16798185941042,0,15.0,5.0,44100,bird,1.0
84,./kaggletest/loceag1/,XC308545.ogg,153.16798185941042,0,20.0,5.0,44100,bird,1.0
85,./kaggletest/loceag1/,XC308545.ogg,153.16798185941042,0,25.0,5.0,44100,bird,1.0
86,./kaggletest/loceag1/,XC308545.ogg,153.16798185941042,0,30.0,5.0,44100,bird,1.0
87,./kaggletest/loceag1/,XC308545.ogg,153.16798185941042,0,35.0,5.0,44100,bird,1.0
88,./kaggletest/loceag1/,XC308545.ogg,153.16798185941042,0,40.0,5.0,44100,bird,1.0
89,./kaggletest/loceag1/,XC308545.ogg,153.16798185941042,0,45.0,5.0,44100,bird,1.0
90,./kaggletest/loceag1/,XC308545.ogg,153.16798185941042,0,50.0,5.0,44100,bird,1.0
91,./kaggletest/loceag1/,XC308545.ogg,153.16798185941042,0,55.0,5.0,44100,bird,1.0
92,./kaggletest/loceag1/,XC308545.ogg,153.16798185941042,0,60.0,5.0,44100,bird,1.0
93,./kaggletest/loceag1/,XC308545.ogg,153.16798185941042,0,65.0,5.0,44100,bird,1.0
94,./kaggletest/loceag1/,XC308545.ogg,153.16798185941042,0,70.0,5.0,44100,bird,1.0
95,./kaggletest/loceag1/,XC308545.ogg,153.16798185941042,0,75.0,5.0,44100,bird,1.0
96,./kaggletest/loceag1/,XC308545.ogg,153.16798185941042,0,90.0,5.0,44100,bird,1.0
97,./kaggletest/loceag1/,XC308545.ogg,153.16798185941042,0,100.0,5.0,44100,bird,1.0
98,./kaggletest/loceag1/,XC308545.ogg,153.16798185941042,0,105.0,5.0,44100,bird,1.0
99,./kaggletest/loceag1/,XC308545.ogg,153.16798185941042,0,110.0,5.0,44100,bird,1.0
100,./kaggletest/loceag1/,XC308545.ogg,153.16798185941042,0,115.0,5.0,44100,bird,1.0
101,./kaggletest/loceag1/,XC308545.ogg,153.16798185941042,0,120.0,5.0,44100,bird,1.0
102,./kaggletest/loceag1/,XC308545.ogg,153.16798185941042,0,125.0,5.0,44100,bird,1.0
103,./kaggletest/loceag1/,XC308545.ogg,153.16798185941042,0,135.0,5.0,44100,bird,1.0
104,./kaggletest/loceag1/,XC308545.ogg,153.16798185941042,0,145.0,5.0,44100,bird,1.0
105,./kaggletest/loceag1/,XC197949.ogg,23.35344671201814,0,0.0,5.0,44100,bird,1.0
106,./kaggletest/loceag1/,XC197949.ogg,23.35344671201814,0,5.0,5.0,44100,bird,1.0
107,./kaggletest/loceag1/,XC197949.ogg,23.35344671201814,0,10.0,5.0,44100,bird,1.0
108,./kaggletest/loceag1/,XC197949.ogg,23.35344671201814,0,15.0,5.0,44100,bird,1.0
