,FOLDER,IN FILE,CLIP LENGTH,CHANNEL,OFFSET,DURATION,SAMPLE RATE,MANUAL ID,CONFIDENCE
0,./kaggletest/lotcor1/,XC317237.ogg,33.17548752834467,0,0.0,5.0,44100,bird,1.0
1,./kaggletest/lotcor1/,XC317237.ogg,33.17548752834467,0,5.0,5.0,44100,bird,1.0
2,./kaggletest/lotcor1/,XC317237.ogg,33.17548752834467,0,10.0,5.0,44100,bird,1.0
3,./kaggletest/lotcor1/,XC317237.ogg,33.17548752834467,0,15.0,5.0,44100,bird,1.0
4,./kaggletest/lotcor1/,XC317237.ogg,33.17548752834467,0,20.0,5.0,44100,bird,1.0
5,./kaggletest/lotcor1/,XC317237.ogg,33.17548752834467,0,25.0,5.0,44100,bird,1.0
