,FOLDER,IN FILE,CLIP LENGTH,CHANNEL,OFFSET,DURATION,SAMPLE RATE,MANUAL ID,CONFIDENCE
0,./kaggletest/macshr1/,XC241767.ogg,42.26598639455782,0,0.0,5.0,44100,bird,1.0
1,./kaggletest/macshr1/,XC241767.ogg,42.26598639455782,0,5.0,5.0,44100,bird,1.0
2,./kaggletest/macshr1/,XC241767.ogg,42.26598639455782,0,10.0,5.0,44100,bird,1.0
3,./kaggletest/macshr1/,XC241767.ogg,42.26598639455782,0,15.0,5.0,44100,bird,1.0
4,./kaggletest/macshr1/,XC241767.ogg,42.26598639455782,0,20.0,5.0,44100,bird,1.0
5,./kaggletest/macshr1/,XC241767.ogg,42.26598639455782,0,25.0,5.0,44100,bird,1.0
6,./kaggletest/macshr1/,XC241767.ogg,42.26598639455782,0,30.0,5.0,44100,bird,1.0
7,./kaggletest/macshr1/,XC241767.ogg,42.26598639455782,0,35.0,5.0,44100,bird,1.0
8,./kaggletest/macshr1/,XC344768.ogg,137.56079365079364,0,0.0,5.0,44100,bird,1.0
9,./kaggletest/macshr1/,XC344768.ogg,137.56079365079364,0,5.0,5.0,44100,bird,1.0
10,./kaggletest/macshr1/,XC344768.ogg,137.56079365079364,0,10.0,5.0,44100,bird,1.0
11,./kaggletest/macshr1/,XC344768.ogg,137.56079365079364,0,15.0,5.0,44100,bird,1.0
12,./kaggletest/macshr1/,XC344768.ogg,137.56079365079364,0,20.0,5.0,44100,bird,1.0
13,./kaggletest/macshr1/,XC344768.ogg,137.56079365079364,0,25.0,5.0,44100,bird,1.0
14,./kaggletest/macshr1/,XC344768.ogg,137.56079365079364,0,30.0,5.0,44100,bird,1.0
15,./kaggletest/macshr1/,XC344768.ogg,137.56079365079364,0,35.0,5.0,44100,bird,1.0
16,./kaggletest/macshr1/,XC344768.ogg,137.56079365079364,0,45.0,5.0,44100,bird,1.0
17,./kaggletest/macshr1/,XC344768.ogg,137.56079365079364,0,50.0,5.0,44100,bird,1.0
18,./kaggletest/macshr1/,XC344768.ogg,137.56079365079364,0,55.0,5.0,44100,bird,1.0
19,./kaggletest/macshr1/,XC344768.ogg,137.56079365079364,0,60.0,5.0,44100,bird,1.0
20,./kaggletest/macshr1/,XC344768.ogg,137.56079365079364,0,65.0,5.0,44100,bird,1.0
21,./kaggletest/macshr1/,XC344768.ogg,137.56079365079364,0,70.0,5.0,44100,bird,1.0
22,./kaggletest/macshr1/,XC344768.ogg,137.56079365079364,0,75.0,5.0,44100,bird,1.0
23,./kaggletest/macshr1/,XC344768.ogg,137.56079365079364,0,80.0,5.0,44100,bird,1.0
24,./kaggletest/macshr1/,XC344768.ogg,137.56079365079364,0,85.0,5.0,44100,bird,1.0
25,./kaggletest/macshr1/,XC344768.ogg,137.56079365079364,0,90.0,5.0,44100,bird,1.0
26,./kaggletest/macshr1/,XC344768.ogg,137.56079365079364,0,95.0,5.0,44100,bird,1.0
27,./kaggletest/macshr1/,XC344768.ogg,137.56079365079364,0,105.0,5.0,44100,bird,1.0
28,./kaggletest/macshr1/,XC344768.ogg,137.56079365079364,0,110.0,5.0,44100,bird,1.0
29,./kaggletest/macshr1/,XC344768.ogg,137.56079365079364,0,115.0,5.0,44100,bird,1.0
30,./kaggletest/macshr1/,XC344768.ogg,137.56079365079364,0,120.0,5.0,44100,bird,1.0
31,./kaggletest/macshr1/,XC344768.ogg,137.56079365079364,0,125.0,5.0,44100,bird,1.0
32,./kaggletest/macshr1/,XC344768.ogg,137.56079365079364,0,130.0,5.0,44100,bird,1.0
33,./kaggletest/macshr1/,XC296081.ogg,65.01598639455783,0,0.0,5.0,44100,bird,1.0
34,./kaggletest/macshr1/,XC296081.ogg,65.01598639455783,0,5.0,5.0,44100,bird,1.0
35,./kaggletest/macshr1/,XC296081.ogg,65.01598639455783,0,10.0,5.0,44100,bird,1.0
36,./kaggletest/macshr1/,XC296081.ogg,65.01598639455783,0,15.0,5.0,44100,bird,1.0
37,./kaggletest/macshr1/,XC296081.ogg,65.01598639455783,0,20.0,5.0,44100,bird,1.0
38,./kaggletest/macshr1/,XC296081.ogg,65.01598639455783,0,25.0,5.0,44100,bird,1.0
39,./kaggletest/macshr1/,XC296081.ogg,65.01598639455783,0,30.0,5.0,44100,bird,1.0
40,./kaggletest/macshr1/,XC296081.ogg,65.01598639455783,0,35.0,5.0,44100,bird,1.0
41,./kaggletest/macshr1/,XC296081.ogg,65.01598639455783,0,40.0,5.0,44100,bird,1.0
42,./kaggletest/macshr1/,XC296081.ogg,65.01598639455783,0,45.0,5.0,44100,bird,1.0
43,./kaggletest/macshr1/,XC296081.ogg,65.01598639455783,0,50.0,5.0,44100,bird,1.0
44,./kaggletest/macshr1/,XC296081.ogg,65.01598639455783,0,55.0,5.0,44100,bird,1.0
45,./kaggletest/macshr1/,XC296081.ogg,65.01598639455783,0,60.0,5.0,44100,bird,1.0
46,./kaggletest/macshr1/,XC709247.ogg,23.831995464852607,0,0.0,5.0,44100,bird,1.0
47,./kaggletest/macshr1/,XC709247.ogg,23.831995464852607,0,5.0,5.0,44100,bird,1.0
48,./kaggletest/macshr1/,XC709247.ogg,23.831995464852607,0,10.0,5.0,44100,bird,1.0
49,./kaggletest/macshr1/,XC709247.ogg,23.831995464852607,0,15.0,5.0,44100,bird,1.0
50,./kaggletest/macshr1/,XC241769.ogg,45.19102040816327,0,0.0,5.0,44100,bird,1.0
51,./kaggletest/macshr1/,XC241769.ogg,45.19102040816327,0,5.0,5.0,44100,bird,1.0
52,./kaggletest/macshr1/,XC241769.ogg,45.19102040816327,0,10.0,5.0,44100,bird,1.0
53,./kaggletest/macshr1/,XC241769.ogg,45.19102040816327,0,15.0,5.0,44100,bird,1.0
54,./kaggletest/macshr1/,XC241769.ogg,45.19102040816327,0,20.0,5.0,44100,bird,1.0
55,./kaggletest/macshr1/,XC241769.ogg,45.19102040816327,0,25.0,5.0,44100,bird,1.0
56,./kaggletest/macshr1/,XC241769.ogg,45.19102040816327,0,30.0,5.0,44100,bird,1.0
57,./kaggletest/macshr1/,XC241769.ogg,45.19102040816327,0,35.0,5.0,44100,bird,1.0
58,./kaggletest/macshr1/,XC241769.ogg,45.19102040816327,0,40.0,5.0,44100,bird,1.0
59,./kaggletest/macshr1/,XC241768.ogg,20.48,0,0.0,5.0,44100,bird,1.0
60,./kaggletest/macshr1/,XC241768.ogg,20.48,0,5.0,5.0,44100,bird,1.0
61,./kaggletest/macshr1/,XC241768.ogg,20.48,0,10.0,5.0,44100,bird,1.0
62,./kaggletest/macshr1/,XC241768.ogg,20.48,0,15.0,5.0,44100,bird,1.0
