,FOLDER,IN FILE,CLIP LENGTH,CHANNEL,OFFSET,DURATION,SAMPLE RATE,MANUAL ID,CONFIDENCE
0,./kaggletest/malkin1/,XC369825.ogg,11.650612244897959,0,0.0,5.0,44100,bird,1.0
1,./kaggletest/malkin1/,XC369825.ogg,11.650612244897959,0,5.0,5.0,44100,bird,1.0
2,./kaggletest/malkin1/,XC217540.ogg,9.822018140589568,0,0.0,5.0,44100,bird,1.0
3,./kaggletest/malkin1/,XC515910.ogg,39.64798185941043,0,0.0,5.0,44100,bird,1.0
4,./kaggletest/malkin1/,XC515910.ogg,39.64798185941043,0,5.0,5.0,44100,bird,1.0
5,./kaggletest/malkin1/,XC515910.ogg,39.64798185941043,0,10.0,5.0,44100,bird,1.0
6,./kaggletest/malkin1/,XC515910.ogg,39.64798185941043,0,15.0,5.0,44100,bird,1.0
7,./kaggletest/malkin1/,XC515910.ogg,39.64798185941043,0,20.0,5.0,44100,bird,1.0
8,./kaggletest/malkin1/,XC515910.ogg,39.64798185941043,0,25.0,5.0,44100,bird,1.0
9,./kaggletest/malkin1/,XC515910.ogg,39.64798185941043,0,30.0,5.0,44100,bird,1.0
10,./kaggletest/malkin1/,XC307594.ogg,30.551995464852606,0,0.0,5.0,44100,bird,1.0
11,./kaggletest/malkin1/,XC307594.ogg,30.551995464852606,0,5.0,5.0,44100,bird,1.0
12,./kaggletest/malkin1/,XC307594.ogg,30.551995464852606,0,10.0,5.0,44100,bird,1.0
13,./kaggletest/malkin1/,XC307594.ogg,30.551995464852606,0,15.0,5.0,44100,bird,1.0
14,./kaggletest/malkin1/,XC307594.ogg,30.551995464852606,0,20.0,5.0,44100,bird,1.0
15,./kaggletest/malkin1/,XC307594.ogg,30.551995464852606,0,25.0,5.0,44100,bird,1.0
16,./kaggletest/malkin1/,XC462417.ogg,8.111995464852608,0,0.0,5.0,44100,bird,1.0
17,./kaggletest/malkin1/,XC371182.ogg,42.21299319727891,0,0.0,5.0,44100,bird,1.0
18,./kaggletest/malkin1/,XC371182.ogg,42.21299319727891,0,5.0,5.0,44100,bird,1.0
19,./kaggletest/malkin1/,XC371182.ogg,42.21299319727891,0,10.0,5.0,44100,bird,1.0
20,./kaggletest/malkin1/,XC371182.ogg,42.21299319727891,0,15.0,5.0,44100,bird,1.0
21,./kaggletest/malkin1/,XC371182.ogg,42.21299319727891,0,20.0,5.0,44100,bird,1.0
22,./kaggletest/malkin1/,XC371182.ogg,42.21299319727891,0,25.0,5.0,44100,bird,1.0
23,./kaggletest/malkin1/,XC371182.ogg,42.21299319727891,0,30.0,5.0,44100,bird,1.0
24,./kaggletest/malkin1/,XC371182.ogg,42.21299319727891,0,35.0,5.0,44100,bird,1.0
25,./kaggletest/malkin1/,XC132990.ogg,12.225306122448979,0,5.0,5.0,44100,bird,1.0
26,./kaggletest/malkin1/,XC132991.ogg,5.093854875283447,0,0.0,5.0,44100,bird,1.0
27,./kaggletest/malkin1/,XC132986.ogg,95.03344671201815,0,0.0,5.0,44100,bird,1.0
28,./kaggletest/malkin1/,XC132986.ogg,95.03344671201815,0,30.0,5.0,44100,bird,1.0
29,./kaggletest/malkin1/,XC132986.ogg,95.03344671201815,0,50.0,5.0,44100,bird,1.0
30,./kaggletest/malkin1/,XC132986.ogg,95.03344671201815,0,55.0,5.0,44100,bird,1.0
31,./kaggletest/malkin1/,XC132986.ogg,95.03344671201815,0,65.0,5.0,44100,bird,1.0
32,./kaggletest/malkin1/,XC132986.ogg,95.03344671201815,0,70.0,5.0,44100,bird,1.0
33,./kaggletest/malkin1/,XC132986.ogg,95.03344671201815,0,75.0,5.0,44100,bird,1.0
34,./kaggletest/malkin1/,XC132986.ogg,95.03344671201815,0,90.0,5.0,44100,bird,1.0
35,./kaggletest/malkin1/,XC404445.ogg,34.82120181405896,0,0.0,5.0,44100,bird,1.0
36,./kaggletest/malkin1/,XC404445.ogg,34.82120181405896,0,5.0,5.0,44100,bird,1.0
37,./kaggletest/malkin1/,XC404445.ogg,34.82120181405896,0,10.0,5.0,44100,bird,1.0
38,./kaggletest/malkin1/,XC404445.ogg,34.82120181405896,0,15.0,5.0,44100,bird,1.0
39,./kaggletest/malkin1/,XC404445.ogg,34.82120181405896,0,20.0,5.0,44100,bird,1.0
40,./kaggletest/malkin1/,XC404445.ogg,34.82120181405896,0,25.0,5.0,44100,bird,1.0
41,./kaggletest/malkin1/,XC547973.ogg,10.055986394557824,0,0.0,5.0,44100,bird,1.0
42,./kaggletest/malkin1/,XC547973.ogg,10.055986394557824,0,5.0,5.0,44100,bird,1.0
43,./kaggletest/malkin1/,XC574561.ogg,10.96798185941043,0,0.0,5.0,44100,bird,1.0
44,./kaggletest/malkin1/,XC574560.ogg,8.255986394557823,0,0.0,5.0,44100,bird,1.0
