,FOLDER,IN FILE,CLIP LENGTH,CHANNEL,OFFSET,DURATION,SAMPLE RATE,MANUAL ID,CONFIDENCE
0,./kaggletest/marsto1/,XC137756.ogg,119.37598639455783,0,0.0,5.0,44100,bird,1.0
1,./kaggletest/marsto1/,XC137756.ogg,119.37598639455783,0,5.0,5.0,44100,bird,1.0
2,./kaggletest/marsto1/,XC137756.ogg,119.37598639455783,0,10.0,5.0,44100,bird,1.0
3,./kaggletest/marsto1/,XC137756.ogg,119.37598639455783,0,15.0,5.0,44100,bird,1.0
4,./kaggletest/marsto1/,XC137756.ogg,119.37598639455783,0,20.0,5.0,44100,bird,1.0
5,./kaggletest/marsto1/,XC137756.ogg,119.37598639455783,0,25.0,5.0,44100,bird,1.0
6,./kaggletest/marsto1/,XC137756.ogg,119.37598639455783,0,30.0,5.0,44100,bird,1.0
7,./kaggletest/marsto1/,XC137756.ogg,119.37598639455783,0,40.0,5.0,44100,bird,1.0
8,./kaggletest/marsto1/,XC137756.ogg,119.37598639455783,0,45.0,5.0,44100,bird,1.0
9,./kaggletest/marsto1/,XC137756.ogg,119.37598639455783,0,50.0,5.0,44100,bird,1.0
10,./kaggletest/marsto1/,XC137756.ogg,119.37598639455783,0,55.0,5.0,44100,bird,1.0
11,./kaggletest/marsto1/,XC137756.ogg,119.37598639455783,0,60.0,5.0,44100,bird,1.0
12,./kaggletest/marsto1/,XC137756.ogg,119.37598639455783,0,65.0,5.0,44100,bird,1.0
13,./kaggletest/marsto1/,XC137756.ogg,119.37598639455783,0,70.0,5.0,44100,bird,1.0
14,./kaggletest/marsto1/,XC137756.ogg,119.37598639455783,0,75.0,5.0,44100,bird,1.0
15,./kaggletest/marsto1/,XC137756.ogg,119.37598639455783,0,80.0,5.0,44100,bird,1.0
16,./kaggletest/marsto1/,XC137756.ogg,119.37598639455783,0,85.0,5.0,44100,bird,1.0
17,./kaggletest/marsto1/,XC137756.ogg,119.37598639455783,0,90.0,5.0,44100,bird,1.0
18,./kaggletest/marsto1/,XC137756.ogg,119.37598639455783,0,95.0,5.0,44100,bird,1.0
19,./kaggletest/marsto1/,XC137756.ogg,119.37598639455783,0,100.0,5.0,44100,bird,1.0
20,./kaggletest/marsto1/,XC137756.ogg,119.37598639455783,0,105.0,5.0,44100,bird,1.0
21,./kaggletest/marsto1/,XC137756.ogg,119.37598639455783,0,110.0,5.0,44100,bird,1.0
22,./kaggletest/marsto1/,XC508624.ogg,11.258775510204082,0,0.0,5.0,44100,bird,1.0
23,./kaggletest/marsto1/,XC508624.ogg,11.258775510204082,0,5.0,5.0,44100,bird,1.0
24,./kaggletest/marsto1/,XC294898.ogg,21.263673469387754,0,0.0,5.0,44100,bird,1.0
25,./kaggletest/marsto1/,XC294898.ogg,21.263673469387754,0,5.0,5.0,44100,bird,1.0
26,./kaggletest/marsto1/,XC294898.ogg,21.263673469387754,0,10.0,5.0,44100,bird,1.0
27,./kaggletest/marsto1/,XC294898.ogg,21.263673469387754,0,15.0,5.0,44100,bird,1.0
28,./kaggletest/marsto1/,XC508623.ogg,7.262018140589569,0,0.0,5.0,44100,bird,1.0
29,./kaggletest/marsto1/,XC517413.ogg,11.831995464852607,0,0.0,5.0,44100,bird,1.0
