,FOLDER,IN FILE,CLIP LENGTH,CHANNEL,OFFSET,DURATION,SAMPLE RATE,MANUAL ID,CONFIDENCE
0,./kaggletest/mouwag1/,XC347459.ogg,24.685714285714287,0,0.0,5.0,44100,bird,1.0
1,./kaggletest/mouwag1/,XC347459.ogg,24.685714285714287,0,5.0,5.0,44100,bird,1.0
2,./kaggletest/mouwag1/,XC347459.ogg,24.685714285714287,0,10.0,5.0,44100,bird,1.0
3,./kaggletest/mouwag1/,XC347459.ogg,24.685714285714287,0,15.0,5.0,44100,bird,1.0
4,./kaggletest/mouwag1/,XC332549.ogg,58.59265306122449,0,0.0,5.0,44100,bird,1.0
5,./kaggletest/mouwag1/,XC332549.ogg,58.59265306122449,0,5.0,5.0,44100,bird,1.0
6,./kaggletest/mouwag1/,XC332549.ogg,58.59265306122449,0,10.0,5.0,44100,bird,1.0
7,./kaggletest/mouwag1/,XC332549.ogg,58.59265306122449,0,15.0,5.0,44100,bird,1.0
8,./kaggletest/mouwag1/,XC332549.ogg,58.59265306122449,0,20.0,5.0,44100,bird,1.0
9,./kaggletest/mouwag1/,XC332549.ogg,58.59265306122449,0,25.0,5.0,44100,bird,1.0
10,./kaggletest/mouwag1/,XC332549.ogg,58.59265306122449,0,30.0,5.0,44100,bird,1.0
11,./kaggletest/mouwag1/,XC332549.ogg,58.59265306122449,0,35.0,5.0,44100,bird,1.0
12,./kaggletest/mouwag1/,XC332549.ogg,58.59265306122449,0,40.0,5.0,44100,bird,1.0
13,./kaggletest/mouwag1/,XC332549.ogg,58.59265306122449,0,45.0,5.0,44100,bird,1.0
14,./kaggletest/mouwag1/,XC332549.ogg,58.59265306122449,0,50.0,5.0,44100,bird,1.0
15,./kaggletest/mouwag1/,XC359288.ogg,18.91265306122449,0,0.0,5.0,44100,bird,1.0
16,./kaggletest/mouwag1/,XC359288.ogg,18.91265306122449,0,5.0,5.0,44100,bird,1.0
17,./kaggletest/mouwag1/,XC359288.ogg,18.91265306122449,0,10.0,5.0,44100,bird,1.0
18,./kaggletest/mouwag1/,XC521816.ogg,10.866916099773242,0,0.0,5.0,44100,bird,1.0
19,./kaggletest/mouwag1/,XC521816.ogg,10.866916099773242,0,5.0,5.0,44100,bird,1.0
20,./kaggletest/mouwag1/,XC244580.ogg,5.746916099773243,0,0.0,5.0,44100,bird,1.0
21,./kaggletest/mouwag1/,XC513334.ogg,21.263673469387754,0,0.0,5.0,44100,bird,1.0
22,./kaggletest/mouwag1/,XC513334.ogg,21.263673469387754,0,5.0,5.0,44100,bird,1.0
23,./kaggletest/mouwag1/,XC513334.ogg,21.263673469387754,0,10.0,5.0,44100,bird,1.0
24,./kaggletest/mouwag1/,XC513334.ogg,21.263673469387754,0,15.0,5.0,44100,bird,1.0
25,./kaggletest/mouwag1/,XC623259.ogg,19.825986394557823,0,0.0,5.0,44100,bird,1.0
26,./kaggletest/mouwag1/,XC623259.ogg,19.825986394557823,0,5.0,5.0,44100,bird,1.0
27,./kaggletest/mouwag1/,XC623259.ogg,19.825986394557823,0,10.0,5.0,44100,bird,1.0
28,./kaggletest/mouwag1/,XC623258.ogg,40.20199546485261,0,0.0,5.0,44100,bird,1.0
29,./kaggletest/mouwag1/,XC623258.ogg,40.20199546485261,0,5.0,5.0,44100,bird,1.0
30,./kaggletest/mouwag1/,XC623258.ogg,40.20199546485261,0,10.0,5.0,44100,bird,1.0
31,./kaggletest/mouwag1/,XC623258.ogg,40.20199546485261,0,15.0,5.0,44100,bird,1.0
32,./kaggletest/mouwag1/,XC623258.ogg,40.20199546485261,0,20.0,5.0,44100,bird,1.0
33,./kaggletest/mouwag1/,XC623258.ogg,40.20199546485261,0,25.0,5.0,44100,bird,1.0
34,./kaggletest/mouwag1/,XC623258.ogg,40.20199546485261,0,30.0,5.0,44100,bird,1.0
35,./kaggletest/mouwag1/,XC623258.ogg,40.20199546485261,0,35.0,5.0,44100,bird,1.0
36,./kaggletest/mouwag1/,XC750400.ogg,11.493854875283446,0,0.0,5.0,44100,bird,1.0
37,./kaggletest/mouwag1/,XC750400.ogg,11.493854875283446,0,5.0,5.0,44100,bird,1.0
38,./kaggletest/mouwag1/,XC581343.ogg,7.68,0,0.0,5.0,44100,bird,1.0
39,./kaggletest/mouwag1/,XC507079.ogg,47.803990929705215,0,0.0,5.0,44100,bird,1.0
40,./kaggletest/mouwag1/,XC507079.ogg,47.803990929705215,0,5.0,5.0,44100,bird,1.0
41,./kaggletest/mouwag1/,XC507079.ogg,47.803990929705215,0,10.0,5.0,44100,bird,1.0
42,./kaggletest/mouwag1/,XC507079.ogg,47.803990929705215,0,15.0,5.0,44100,bird,1.0
43,./kaggletest/mouwag1/,XC507079.ogg,47.803990929705215,0,20.0,5.0,44100,bird,1.0
44,./kaggletest/mouwag1/,XC507079.ogg,47.803990929705215,0,25.0,5.0,44100,bird,1.0
45,./kaggletest/mouwag1/,XC507079.ogg,47.803990929705215,0,30.0,5.0,44100,bird,1.0
46,./kaggletest/mouwag1/,XC507079.ogg,47.803990929705215,0,35.0,5.0,44100,bird,1.0
47,./kaggletest/mouwag1/,XC507079.ogg,47.803990929705215,0,40.0,5.0,44100,bird,1.0
48,./kaggletest/mouwag1/,XC665491.ogg,41.926530612244896,0,0.0,5.0,44100,bird,1.0
49,./kaggletest/mouwag1/,XC665491.ogg,41.926530612244896,0,5.0,5.0,44100,bird,1.0
50,./kaggletest/mouwag1/,XC665491.ogg,41.926530612244896,0,10.0,5.0,44100,bird,1.0
51,./kaggletest/mouwag1/,XC665491.ogg,41.926530612244896,0,15.0,5.0,44100,bird,1.0
52,./kaggletest/mouwag1/,XC665491.ogg,41.926530612244896,0,20.0,5.0,44100,bird,1.0
53,./kaggletest/mouwag1/,XC665491.ogg,41.926530612244896,0,25.0,5.0,44100,bird,1.0
54,./kaggletest/mouwag1/,XC665491.ogg,41.926530612244896,0,30.0,5.0,44100,bird,1.0
55,./kaggletest/mouwag1/,XC665491.ogg,41.926530612244896,0,35.0,5.0,44100,bird,1.0
56,./kaggletest/mouwag1/,XC507081.ogg,44.48598639455782,0,0.0,5.0,44100,bird,1.0
57,./kaggletest/mouwag1/,XC507081.ogg,44.48598639455782,0,5.0,5.0,44100,bird,1.0
58,./kaggletest/mouwag1/,XC507081.ogg,44.48598639455782,0,10.0,5.0,44100,bird,1.0
59,./kaggletest/mouwag1/,XC507081.ogg,44.48598639455782,0,15.0,5.0,44100,bird,1.0
60,./kaggletest/mouwag1/,XC507081.ogg,44.48598639455782,0,20.0,5.0,44100,bird,1.0
61,./kaggletest/mouwag1/,XC507081.ogg,44.48598639455782,0,25.0,5.0,44100,bird,1.0
62,./kaggletest/mouwag1/,XC507081.ogg,44.48598639455782,0,30.0,5.0,44100,bird,1.0
63,./kaggletest/mouwag1/,XC507081.ogg,44.48598639455782,0,35.0,5.0,44100,bird,1.0
64,./kaggletest/mouwag1/,XC375880.ogg,14.231995464852607,0,0.0,5.0,44100,bird,1.0
65,./kaggletest/mouwag1/,XC375880.ogg,14.231995464852607,0,5.0,5.0,44100,bird,1.0
66,./kaggletest/mouwag1/,XC332473.ogg,52.40160997732426,0,0.0,5.0,44100,bird,1.0
67,./kaggletest/mouwag1/,XC332473.ogg,52.40160997732426,0,5.0,5.0,44100,bird,1.0
68,./kaggletest/mouwag1/,XC332473.ogg,52.40160997732426,0,10.0,5.0,44100,bird,1.0
69,./kaggletest/mouwag1/,XC332473.ogg,52.40160997732426,0,15.0,5.0,44100,bird,1.0
70,./kaggletest/mouwag1/,XC332473.ogg,52.40160997732426,0,20.0,5.0,44100,bird,1.0
71,./kaggletest/mouwag1/,XC332473.ogg,52.40160997732426,0,25.0,5.0,44100,bird,1.0
72,./kaggletest/mouwag1/,XC332473.ogg,52.40160997732426,0,30.0,5.0,44100,bird,1.0
73,./kaggletest/mouwag1/,XC332473.ogg,52.40160997732426,0,35.0,5.0,44100,bird,1.0
74,./kaggletest/mouwag1/,XC402891.ogg,18.18120181405896,0,0.0,5.0,44100,bird,1.0
75,./kaggletest/mouwag1/,XC402891.ogg,18.18120181405896,0,5.0,5.0,44100,bird,1.0
76,./kaggletest/mouwag1/,XC402891.ogg,18.18120181405896,0,10.0,5.0,44100,bird,1.0
77,./kaggletest/mouwag1/,XC611522.ogg,30.249773242630386,0,0.0,5.0,44100,bird,1.0
78,./kaggletest/mouwag1/,XC611522.ogg,30.249773242630386,0,5.0,5.0,44100,bird,1.0
79,./kaggletest/mouwag1/,XC611522.ogg,30.249773242630386,0,10.0,5.0,44100,bird,1.0
80,./kaggletest/mouwag1/,XC611522.ogg,30.249773242630386,0,15.0,5.0,44100,bird,1.0
81,./kaggletest/mouwag1/,XC611522.ogg,30.249773242630386,0,20.0,5.0,44100,bird,1.0
82,./kaggletest/mouwag1/,XC611522.ogg,30.249773242630386,0,25.0,5.0,44100,bird,1.0
83,./kaggletest/mouwag1/,XC704885.ogg,24.863990929705217,0,0.0,5.0,44100,bird,1.0
84,./kaggletest/mouwag1/,XC704885.ogg,24.863990929705217,0,5.0,5.0,44100,bird,1.0
85,./kaggletest/mouwag1/,XC704885.ogg,24.863990929705217,0,10.0,5.0,44100,bird,1.0
86,./kaggletest/mouwag1/,XC704885.ogg,24.863990929705217,0,15.0,5.0,44100,bird,1.0
87,./kaggletest/mouwag1/,XC268613.ogg,77.61598639455782,0,0.0,5.0,44100,bird,1.0
88,./kaggletest/mouwag1/,XC268613.ogg,77.61598639455782,0,5.0,5.0,44100,bird,1.0
89,./kaggletest/mouwag1/,XC268613.ogg,77.61598639455782,0,10.0,5.0,44100,bird,1.0
90,./kaggletest/mouwag1/,XC268613.ogg,77.61598639455782,0,15.0,5.0,44100,bird,1.0
91,./kaggletest/mouwag1/,XC268613.ogg,77.61598639455782,0,20.0,5.0,44100,bird,1.0
92,./kaggletest/mouwag1/,XC268613.ogg,77.61598639455782,0,25.0,5.0,44100,bird,1.0
93,./kaggletest/mouwag1/,XC268613.ogg,77.61598639455782,0,30.0,5.0,44100,bird,1.0
94,./kaggletest/mouwag1/,XC268613.ogg,77.61598639455782,0,35.0,5.0,44100,bird,1.0
95,./kaggletest/mouwag1/,XC268613.ogg,77.61598639455782,0,40.0,5.0,44100,bird,1.0
96,./kaggletest/mouwag1/,XC268613.ogg,77.61598639455782,0,45.0,5.0,44100,bird,1.0
97,./kaggletest/mouwag1/,XC268613.ogg,77.61598639455782,0,50.0,5.0,44100,bird,1.0
98,./kaggletest/mouwag1/,XC268613.ogg,77.61598639455782,0,55.0,5.0,44100,bird,1.0
99,./kaggletest/mouwag1/,XC268613.ogg,77.61598639455782,0,60.0,5.0,44100,bird,1.0
100,./kaggletest/mouwag1/,XC268613.ogg,77.61598639455782,0,65.0,5.0,44100,bird,1.0
101,./kaggletest/mouwag1/,XC268613.ogg,77.61598639455782,0,70.0,5.0,44100,bird,1.0
102,./kaggletest/mouwag1/,XC437161.ogg,75.80732426303855,0,0.0,5.0,44100,bird,1.0
103,./kaggletest/mouwag1/,XC437161.ogg,75.80732426303855,0,5.0,5.0,44100,bird,1.0
104,./kaggletest/mouwag1/,XC437161.ogg,75.80732426303855,0,10.0,5.0,44100,bird,1.0
105,./kaggletest/mouwag1/,XC437161.ogg,75.80732426303855,0,15.0,5.0,44100,bird,1.0
106,./kaggletest/mouwag1/,XC437161.ogg,75.80732426303855,0,20.0,5.0,44100,bird,1.0
107,./kaggletest/mouwag1/,XC437161.ogg,75.80732426303855,0,25.0,5.0,44100,bird,1.0
108,./kaggletest/mouwag1/,XC437161.ogg,75.80732426303855,0,30.0,5.0,44100,bird,1.0
109,./kaggletest/mouwag1/,XC437161.ogg,75.80732426303855,0,35.0,5.0,44100,bird,1.0
110,./kaggletest/mouwag1/,XC437161.ogg,75.80732426303855,0,40.0,5.0,44100,bird,1.0
111,./kaggletest/mouwag1/,XC437161.ogg,75.80732426303855,0,45.0,5.0,44100,bird,1.0
112,./kaggletest/mouwag1/,XC437161.ogg,75.80732426303855,0,50.0,5.0,44100,bird,1.0
113,./kaggletest/mouwag1/,XC437161.ogg,75.80732426303855,0,55.0,5.0,44100,bird,1.0
114,./kaggletest/mouwag1/,XC437161.ogg,75.80732426303855,0,60.0,5.0,44100,bird,1.0
115,./kaggletest/mouwag1/,XC437161.ogg,75.80732426303855,0,65.0,5.0,44100,bird,1.0
116,./kaggletest/mouwag1/,XC437161.ogg,75.80732426303855,0,70.0,5.0,44100,bird,1.0
117,./kaggletest/mouwag1/,XC268614.ogg,34.031995464852606,0,0.0,5.0,44100,bird,1.0
118,./kaggletest/mouwag1/,XC268614.ogg,34.031995464852606,0,5.0,5.0,44100,bird,1.0
119,./kaggletest/mouwag1/,XC268614.ogg,34.031995464852606,0,25.0,5.0,44100,bird,1.0
120,./kaggletest/mouwag1/,XC268615.ogg,12.623990929705215,0,0.0,5.0,44100,bird,1.0
121,./kaggletest/mouwag1/,XC268615.ogg,12.623990929705215,0,5.0,5.0,44100,bird,1.0
122,./kaggletest/mouwag1/,XC490811.ogg,53.60324263038549,0,0.0,5.0,44100,bird,1.0
123,./kaggletest/mouwag1/,XC490811.ogg,53.60324263038549,0,5.0,5.0,44100,bird,1.0
124,./kaggletest/mouwag1/,XC490811.ogg,53.60324263038549,0,10.0,5.0,44100,bird,1.0
125,./kaggletest/mouwag1/,XC490811.ogg,53.60324263038549,0,15.0,5.0,44100,bird,1.0
126,./kaggletest/mouwag1/,XC490811.ogg,53.60324263038549,0,20.0,5.0,44100,bird,1.0
127,./kaggletest/mouwag1/,XC490811.ogg,53.60324263038549,0,25.0,5.0,44100,bird,1.0
128,./kaggletest/mouwag1/,XC490811.ogg,53.60324263038549,0,30.0,5.0,44100,bird,1.0
129,./kaggletest/mouwag1/,XC490811.ogg,53.60324263038549,0,35.0,5.0,44100,bird,1.0
130,./kaggletest/mouwag1/,XC490811.ogg,53.60324263038549,0,40.0,5.0,44100,bird,1.0
131,./kaggletest/mouwag1/,XC490811.ogg,53.60324263038549,0,45.0,5.0,44100,bird,1.0
132,./kaggletest/mouwag1/,XC753174.ogg,58.61877551020408,0,0.0,5.0,44100,bird,1.0
133,./kaggletest/mouwag1/,XC753174.ogg,58.61877551020408,0,5.0,5.0,44100,bird,1.0
134,./kaggletest/mouwag1/,XC753174.ogg,58.61877551020408,0,10.0,5.0,44100,bird,1.0
135,./kaggletest/mouwag1/,XC753174.ogg,58.61877551020408,0,15.0,5.0,44100,bird,1.0
136,./kaggletest/mouwag1/,XC753174.ogg,58.61877551020408,0,20.0,5.0,44100,bird,1.0
137,./kaggletest/mouwag1/,XC753174.ogg,58.61877551020408,0,25.0,5.0,44100,bird,1.0
138,./kaggletest/mouwag1/,XC753174.ogg,58.61877551020408,0,30.0,5.0,44100,bird,1.0
139,./kaggletest/mouwag1/,XC753174.ogg,58.61877551020408,0,35.0,5.0,44100,bird,1.0
140,./kaggletest/mouwag1/,XC753174.ogg,58.61877551020408,0,40.0,5.0,44100,bird,1.0
141,./kaggletest/mouwag1/,XC753174.ogg,58.61877551020408,0,45.0,5.0,44100,bird,1.0
142,./kaggletest/mouwag1/,XC753174.ogg,58.61877551020408,0,50.0,5.0,44100,bird,1.0
143,./kaggletest/mouwag1/,XC332543.ogg,97.75199546485261,0,0.0,5.0,44100,bird,1.0
144,./kaggletest/mouwag1/,XC332543.ogg,97.75199546485261,0,5.0,5.0,44100,bird,1.0
145,./kaggletest/mouwag1/,XC332543.ogg,97.75199546485261,0,10.0,5.0,44100,bird,1.0
146,./kaggletest/mouwag1/,XC332543.ogg,97.75199546485261,0,15.0,5.0,44100,bird,1.0
147,./kaggletest/mouwag1/,XC332543.ogg,97.75199546485261,0,20.0,5.0,44100,bird,1.0
148,./kaggletest/mouwag1/,XC332543.ogg,97.75199546485261,0,25.0,5.0,44100,bird,1.0
149,./kaggletest/mouwag1/,XC332543.ogg,97.75199546485261,0,30.0,5.0,44100,bird,1.0
150,./kaggletest/mouwag1/,XC332543.ogg,97.75199546485261,0,35.0,5.0,44100,bird,1.0
151,./kaggletest/mouwag1/,XC332543.ogg,97.75199546485261,0,40.0,5.0,44100,bird,1.0
152,./kaggletest/mouwag1/,XC332543.ogg,97.75199546485261,0,45.0,5.0,44100,bird,1.0
153,./kaggletest/mouwag1/,XC332543.ogg,97.75199546485261,0,50.0,5.0,44100,bird,1.0
154,./kaggletest/mouwag1/,XC332543.ogg,97.75199546485261,0,55.0,5.0,44100,bird,1.0
155,./kaggletest/mouwag1/,XC332543.ogg,97.75199546485261,0,60.0,5.0,44100,bird,1.0
156,./kaggletest/mouwag1/,XC332543.ogg,97.75199546485261,0,65.0,5.0,44100,bird,1.0
157,./kaggletest/mouwag1/,XC332543.ogg,97.75199546485261,0,70.0,5.0,44100,bird,1.0
158,./kaggletest/mouwag1/,XC332543.ogg,97.75199546485261,0,75.0,5.0,44100,bird,1.0
159,./kaggletest/mouwag1/,XC332543.ogg,97.75199546485261,0,80.0,5.0,44100,bird,1.0
160,./kaggletest/mouwag1/,XC332543.ogg,97.75199546485261,0,85.0,5.0,44100,bird,1.0
161,./kaggletest/mouwag1/,XC332543.ogg,97.75199546485261,0,90.0,5.0,44100,bird,1.0
162,./kaggletest/mouwag1/,XC332542.ogg,33.55199546485261,0,0.0,5.0,44100,bird,1.0
163,./kaggletest/mouwag1/,XC332542.ogg,33.55199546485261,0,5.0,5.0,44100,bird,1.0
164,./kaggletest/mouwag1/,XC332542.ogg,33.55199546485261,0,10.0,5.0,44100,bird,1.0
165,./kaggletest/mouwag1/,XC332542.ogg,33.55199546485261,0,15.0,5.0,44100,bird,1.0
166,./kaggletest/mouwag1/,XC332542.ogg,33.55199546485261,0,20.0,5.0,44100,bird,1.0
167,./kaggletest/mouwag1/,XC332542.ogg,33.55199546485261,0,25.0,5.0,44100,bird,1.0
168,./kaggletest/mouwag1/,XC490810.ogg,60.70854875283447,0,0.0,5.0,44100,bird,1.0
169,./kaggletest/mouwag1/,XC490810.ogg,60.70854875283447,0,5.0,5.0,44100,bird,1.0
170,./kaggletest/mouwag1/,XC490810.ogg,60.70854875283447,0,10.0,5.0,44100,bird,1.0
171,./kaggletest/mouwag1/,XC490810.ogg,60.70854875283447,0,15.0,5.0,44100,bird,1.0
172,./kaggletest/mouwag1/,XC490810.ogg,60.70854875283447,0,20.0,5.0,44100,bird,1.0
173,./kaggletest/mouwag1/,XC490810.ogg,60.70854875283447,0,25.0,5.0,44100,bird,1.0
174,./kaggletest/mouwag1/,XC490810.ogg,60.70854875283447,0,30.0,5.0,44100,bird,1.0
175,./kaggletest/mouwag1/,XC490810.ogg,60.70854875283447,0,35.0,5.0,44100,bird,1.0
176,./kaggletest/mouwag1/,XC490810.ogg,60.70854875283447,0,40.0,5.0,44100,bird,1.0
177,./kaggletest/mouwag1/,XC490810.ogg,60.70854875283447,0,45.0,5.0,44100,bird,1.0
178,./kaggletest/mouwag1/,XC490810.ogg,60.70854875283447,0,50.0,5.0,44100,bird,1.0
179,./kaggletest/mouwag1/,XC490810.ogg,60.70854875283447,0,55.0,5.0,44100,bird,1.0
180,./kaggletest/mouwag1/,XC430679.ogg,21.262993197278913,0,0.0,5.0,44100,bird,1.0
181,./kaggletest/mouwag1/,XC430679.ogg,21.262993197278913,0,5.0,5.0,44100,bird,1.0
182,./kaggletest/mouwag1/,XC430679.ogg,21.262993197278913,0,10.0,5.0,44100,bird,1.0
183,./kaggletest/mouwag1/,XC430679.ogg,21.262993197278913,0,15.0,5.0,44100,bird,1.0
184,./kaggletest/mouwag1/,XC490751.ogg,106.42283446712018,0,0.0,5.0,44100,bird,1.0
185,./kaggletest/mouwag1/,XC490751.ogg,106.42283446712018,0,5.0,5.0,44100,bird,1.0
186,./kaggletest/mouwag1/,XC490751.ogg,106.42283446712018,0,10.0,5.0,44100,bird,1.0
187,./kaggletest/mouwag1/,XC490751.ogg,106.42283446712018,0,15.0,5.0,44100,bird,1.0
188,./kaggletest/mouwag1/,XC490751.ogg,106.42283446712018,0,20.0,5.0,44100,bird,1.0
189,./kaggletest/mouwag1/,XC490751.ogg,106.42283446712018,0,25.0,5.0,44100,bird,1.0
190,./kaggletest/mouwag1/,XC490751.ogg,106.42283446712018,0,30.0,5.0,44100,bird,1.0
191,./kaggletest/mouwag1/,XC490751.ogg,106.42283446712018,0,35.0,5.0,44100,bird,1.0
192,./kaggletest/mouwag1/,XC490751.ogg,106.42283446712018,0,40.0,5.0,44100,bird,1.0
193,./kaggletest/mouwag1/,XC490751.ogg,106.42283446712018,0,45.0,5.0,44100,bird,1.0
194,./kaggletest/mouwag1/,XC490751.ogg,106.42283446712018,0,50.0,5.0,44100,bird,1.0
195,./kaggletest/mouwag1/,XC490751.ogg,106.42283446712018,0,55.0,5.0,44100,bird,1.0
196,./kaggletest/mouwag1/,XC490751.ogg,106.42283446712018,0,65.0,5.0,44100,bird,1.0
197,./kaggletest/mouwag1/,XC490751.ogg,106.42283446712018,0,70.0,5.0,44100,bird,1.0
198,./kaggletest/mouwag1/,XC490751.ogg,106.42283446712018,0,75.0,5.0,44100,bird,1.0
199,./kaggletest/mouwag1/,XC490751.ogg,106.42283446712018,0,80.0,5.0,44100,bird,1.0
200,./kaggletest/mouwag1/,XC490751.ogg,106.42283446712018,0,85.0,5.0,44100,bird,1.0
201,./kaggletest/mouwag1/,XC490751.ogg,106.42283446712018,0,90.0,5.0,44100,bird,1.0
202,./kaggletest/mouwag1/,XC490751.ogg,106.42283446712018,0,95.0,5.0,44100,bird,1.0
203,./kaggletest/mouwag1/,XC490751.ogg,106.42283446712018,0,100.0,5.0,44100,bird,1.0
204,./kaggletest/mouwag1/,XC332550.ogg,23.06612244897959,0,0.0,5.0,44100,bird,1.0
205,./kaggletest/mouwag1/,XC332550.ogg,23.06612244897959,0,5.0,5.0,44100,bird,1.0
206,./kaggletest/mouwag1/,XC332550.ogg,23.06612244897959,0,10.0,5.0,44100,bird,1.0
207,./kaggletest/mouwag1/,XC332550.ogg,23.06612244897959,0,15.0,5.0,44100,bird,1.0
