,FOLDER,IN FILE,CLIP LENGTH,CHANNEL,OFFSET,DURATION,SAMPLE RATE,MANUAL ID,CONFIDENCE
0,./kaggletest/ndcsun2/,XC344190.ogg,23.17061224489796,0,0.0,5.0,44100,bird,1.0
1,./kaggletest/ndcsun2/,XC344190.ogg,23.17061224489796,0,5.0,5.0,44100,bird,1.0
2,./kaggletest/ndcsun2/,XC344190.ogg,23.17061224489796,0,10.0,5.0,44100,bird,1.0
3,./kaggletest/ndcsun2/,XC344190.ogg,23.17061224489796,0,15.0,5.0,44100,bird,1.0
4,./kaggletest/ndcsun2/,XC208577.ogg,7.288140589569161,0,0.0,5.0,44100,bird,1.0
5,./kaggletest/ndcsun2/,XC505816.ogg,19.017142857142858,0,0.0,5.0,44100,bird,1.0
6,./kaggletest/ndcsun2/,XC505816.ogg,19.017142857142858,0,5.0,5.0,44100,bird,1.0
7,./kaggletest/ndcsun2/,XC505816.ogg,19.017142857142858,0,10.0,5.0,44100,bird,1.0
8,./kaggletest/ndcsun2/,XC241758.ogg,18.52,0,0.0,5.0,44100,bird,1.0
9,./kaggletest/ndcsun2/,XC241758.ogg,18.52,0,5.0,5.0,44100,bird,1.0
10,./kaggletest/ndcsun2/,XC241758.ogg,18.52,0,10.0,5.0,44100,bird,1.0
11,./kaggletest/ndcsun2/,XC370967.ogg,36.07498866213152,0,0.0,5.0,44100,bird,1.0
12,./kaggletest/ndcsun2/,XC370967.ogg,36.07498866213152,0,5.0,5.0,44100,bird,1.0
13,./kaggletest/ndcsun2/,XC370967.ogg,36.07498866213152,0,10.0,5.0,44100,bird,1.0
14,./kaggletest/ndcsun2/,XC370967.ogg,36.07498866213152,0,15.0,5.0,44100,bird,1.0
15,./kaggletest/ndcsun2/,XC370967.ogg,36.07498866213152,0,20.0,5.0,44100,bird,1.0
16,./kaggletest/ndcsun2/,XC370967.ogg,36.07498866213152,0,25.0,5.0,44100,bird,1.0
17,./kaggletest/ndcsun2/,XC370967.ogg,36.07498866213152,0,30.0,5.0,44100,bird,1.0
18,./kaggletest/ndcsun2/,XC320362.ogg,12.904489795918368,0,0.0,5.0,44100,bird,1.0
19,./kaggletest/ndcsun2/,XC320362.ogg,12.904489795918368,0,5.0,5.0,44100,bird,1.0
20,./kaggletest/ndcsun2/,XC365414.ogg,63.42530612244898,0,0.0,5.0,44100,bird,1.0
21,./kaggletest/ndcsun2/,XC365414.ogg,63.42530612244898,0,5.0,5.0,44100,bird,1.0
22,./kaggletest/ndcsun2/,XC365414.ogg,63.42530612244898,0,10.0,5.0,44100,bird,1.0
23,./kaggletest/ndcsun2/,XC365414.ogg,63.42530612244898,0,15.0,5.0,44100,bird,1.0
24,./kaggletest/ndcsun2/,XC365414.ogg,63.42530612244898,0,20.0,5.0,44100,bird,1.0
25,./kaggletest/ndcsun2/,XC365414.ogg,63.42530612244898,0,25.0,5.0,44100,bird,1.0
26,./kaggletest/ndcsun2/,XC365414.ogg,63.42530612244898,0,30.0,5.0,44100,bird,1.0
27,./kaggletest/ndcsun2/,XC365414.ogg,63.42530612244898,0,35.0,5.0,44100,bird,1.0
28,./kaggletest/ndcsun2/,XC365414.ogg,63.42530612244898,0,40.0,5.0,44100,bird,1.0
29,./kaggletest/ndcsun2/,XC365414.ogg,63.42530612244898,0,45.0,5.0,44100,bird,1.0
30,./kaggletest/ndcsun2/,XC365414.ogg,63.42530612244898,0,50.0,5.0,44100,bird,1.0
31,./kaggletest/ndcsun2/,XC365414.ogg,63.42530612244898,0,55.0,5.0,44100,bird,1.0
32,./kaggletest/ndcsun2/,XC247374.ogg,54.07344671201814,0,0.0,5.0,44100,bird,1.0
33,./kaggletest/ndcsun2/,XC247374.ogg,54.07344671201814,0,5.0,5.0,44100,bird,1.0
34,./kaggletest/ndcsun2/,XC247374.ogg,54.07344671201814,0,10.0,5.0,44100,bird,1.0
35,./kaggletest/ndcsun2/,XC247374.ogg,54.07344671201814,0,15.0,5.0,44100,bird,1.0
36,./kaggletest/ndcsun2/,XC247374.ogg,54.07344671201814,0,20.0,5.0,44100,bird,1.0
37,./kaggletest/ndcsun2/,XC247374.ogg,54.07344671201814,0,25.0,5.0,44100,bird,1.0
38,./kaggletest/ndcsun2/,XC247374.ogg,54.07344671201814,0,30.0,5.0,44100,bird,1.0
39,./kaggletest/ndcsun2/,XC247374.ogg,54.07344671201814,0,35.0,5.0,44100,bird,1.0
40,./kaggletest/ndcsun2/,XC247374.ogg,54.07344671201814,0,40.0,5.0,44100,bird,1.0
41,./kaggletest/ndcsun2/,XC247374.ogg,54.07344671201814,0,45.0,5.0,44100,bird,1.0
42,./kaggletest/ndcsun2/,XC748852.ogg,18.677551020408163,0,0.0,5.0,44100,bird,1.0
43,./kaggletest/ndcsun2/,XC748852.ogg,18.677551020408163,0,5.0,5.0,44100,bird,1.0
44,./kaggletest/ndcsun2/,XC748852.ogg,18.677551020408163,0,10.0,5.0,44100,bird,1.0
45,./kaggletest/ndcsun2/,XC608269.ogg,9.79498866213152,0,0.0,5.0,44100,bird,1.0
46,./kaggletest/ndcsun2/,XC205785.ogg,20.66283446712018,0,0.0,5.0,44100,bird,1.0
47,./kaggletest/ndcsun2/,XC205785.ogg,20.66283446712018,0,5.0,5.0,44100,bird,1.0
48,./kaggletest/ndcsun2/,XC205785.ogg,20.66283446712018,0,10.0,5.0,44100,bird,1.0
49,./kaggletest/ndcsun2/,XC205785.ogg,20.66283446712018,0,15.0,5.0,44100,bird,1.0
50,./kaggletest/ndcsun2/,XC317008.ogg,27.506916099773242,0,15.0,5.0,44100,bird,1.0
51,./kaggletest/ndcsun2/,XC352768.ogg,110.64,0,10.0,5.0,44100,bird,1.0
52,./kaggletest/ndcsun2/,XC352768.ogg,110.64,0,15.0,5.0,44100,bird,1.0
53,./kaggletest/ndcsun2/,XC352768.ogg,110.64,0,20.0,5.0,44100,bird,1.0
54,./kaggletest/ndcsun2/,XC352768.ogg,110.64,0,25.0,5.0,44100,bird,1.0
55,./kaggletest/ndcsun2/,XC352768.ogg,110.64,0,30.0,5.0,44100,bird,1.0
56,./kaggletest/ndcsun2/,XC352768.ogg,110.64,0,35.0,5.0,44100,bird,1.0
57,./kaggletest/ndcsun2/,XC352768.ogg,110.64,0,40.0,5.0,44100,bird,1.0
58,./kaggletest/ndcsun2/,XC352768.ogg,110.64,0,45.0,5.0,44100,bird,1.0
59,./kaggletest/ndcsun2/,XC352768.ogg,110.64,0,50.0,5.0,44100,bird,1.0
60,./kaggletest/ndcsun2/,XC352768.ogg,110.64,0,55.0,5.0,44100,bird,1.0
61,./kaggletest/ndcsun2/,XC352768.ogg,110.64,0,60.0,5.0,44100,bird,1.0
62,./kaggletest/ndcsun2/,XC352768.ogg,110.64,0,65.0,5.0,44100,bird,1.0
63,./kaggletest/ndcsun2/,XC352768.ogg,110.64,0,70.0,5.0,44100,bird,1.0
64,./kaggletest/ndcsun2/,XC352768.ogg,110.64,0,75.0,5.0,44100,bird,1.0
65,./kaggletest/ndcsun2/,XC352768.ogg,110.64,0,80.0,5.0,44100,bird,1.0
66,./kaggletest/ndcsun2/,XC352768.ogg,110.64,0,85.0,5.0,44100,bird,1.0
67,./kaggletest/ndcsun2/,XC352768.ogg,110.64,0,90.0,5.0,44100,bird,1.0
68,./kaggletest/ndcsun2/,XC352768.ogg,110.64,0,95.0,5.0,44100,bird,1.0
69,./kaggletest/ndcsun2/,XC352768.ogg,110.64,0,100.0,5.0,44100,bird,1.0
70,./kaggletest/ndcsun2/,XC352768.ogg,110.64,0,105.0,5.0,44100,bird,1.0
71,./kaggletest/ndcsun2/,XC555881.ogg,35.89224489795918,0,0.0,5.0,44100,bird,1.0
72,./kaggletest/ndcsun2/,XC555881.ogg,35.89224489795918,0,5.0,5.0,44100,bird,1.0
73,./kaggletest/ndcsun2/,XC555881.ogg,35.89224489795918,0,10.0,5.0,44100,bird,1.0
74,./kaggletest/ndcsun2/,XC555881.ogg,35.89224489795918,0,15.0,5.0,44100,bird,1.0
75,./kaggletest/ndcsun2/,XC555881.ogg,35.89224489795918,0,20.0,5.0,44100,bird,1.0
76,./kaggletest/ndcsun2/,XC555881.ogg,35.89224489795918,0,25.0,5.0,44100,bird,1.0
77,./kaggletest/ndcsun2/,XC555881.ogg,35.89224489795918,0,30.0,5.0,44100,bird,1.0
78,./kaggletest/ndcsun2/,XC317011.ogg,76.77385487528345,0,0.0,5.0,44100,bird,1.0
79,./kaggletest/ndcsun2/,XC317011.ogg,76.77385487528345,0,5.0,5.0,44100,bird,1.0
80,./kaggletest/ndcsun2/,XC317011.ogg,76.77385487528345,0,20.0,5.0,44100,bird,1.0
81,./kaggletest/ndcsun2/,XC317011.ogg,76.77385487528345,0,25.0,5.0,44100,bird,1.0
82,./kaggletest/ndcsun2/,XC317011.ogg,76.77385487528345,0,30.0,5.0,44100,bird,1.0
83,./kaggletest/ndcsun2/,XC317011.ogg,76.77385487528345,0,35.0,5.0,44100,bird,1.0
84,./kaggletest/ndcsun2/,XC317011.ogg,76.77385487528345,0,40.0,5.0,44100,bird,1.0
85,./kaggletest/ndcsun2/,XC317011.ogg,76.77385487528345,0,45.0,5.0,44100,bird,1.0
86,./kaggletest/ndcsun2/,XC317011.ogg,76.77385487528345,0,50.0,5.0,44100,bird,1.0
87,./kaggletest/ndcsun2/,XC317011.ogg,76.77385487528345,0,55.0,5.0,44100,bird,1.0
88,./kaggletest/ndcsun2/,XC317011.ogg,76.77385487528345,0,60.0,5.0,44100,bird,1.0
89,./kaggletest/ndcsun2/,XC317011.ogg,76.77385487528345,0,65.0,5.0,44100,bird,1.0
90,./kaggletest/ndcsun2/,XC317011.ogg,76.77385487528345,0,70.0,5.0,44100,bird,1.0
91,./kaggletest/ndcsun2/,XC205788.ogg,13.97548752834467,0,0.0,5.0,44100,bird,1.0
92,./kaggletest/ndcsun2/,XC205788.ogg,13.97548752834467,0,5.0,5.0,44100,bird,1.0
93,./kaggletest/ndcsun2/,XC333788.ogg,93.57061224489796,0,0.0,5.0,44100,bird,1.0
94,./kaggletest/ndcsun2/,XC333788.ogg,93.57061224489796,0,5.0,5.0,44100,bird,1.0
95,./kaggletest/ndcsun2/,XC333788.ogg,93.57061224489796,0,10.0,5.0,44100,bird,1.0
96,./kaggletest/ndcsun2/,XC333788.ogg,93.57061224489796,0,15.0,5.0,44100,bird,1.0
97,./kaggletest/ndcsun2/,XC333788.ogg,93.57061224489796,0,20.0,5.0,44100,bird,1.0
98,./kaggletest/ndcsun2/,XC333788.ogg,93.57061224489796,0,25.0,5.0,44100,bird,1.0
99,./kaggletest/ndcsun2/,XC333788.ogg,93.57061224489796,0,30.0,5.0,44100,bird,1.0
100,./kaggletest/ndcsun2/,XC333788.ogg,93.57061224489796,0,35.0,5.0,44100,bird,1.0
101,./kaggletest/ndcsun2/,XC333788.ogg,93.57061224489796,0,40.0,5.0,44100,bird,1.0
102,./kaggletest/ndcsun2/,XC333788.ogg,93.57061224489796,0,45.0,5.0,44100,bird,1.0
103,./kaggletest/ndcsun2/,XC333788.ogg,93.57061224489796,0,50.0,5.0,44100,bird,1.0
104,./kaggletest/ndcsun2/,XC333788.ogg,93.57061224489796,0,55.0,5.0,44100,bird,1.0
105,./kaggletest/ndcsun2/,XC333788.ogg,93.57061224489796,0,60.0,5.0,44100,bird,1.0
106,./kaggletest/ndcsun2/,XC333788.ogg,93.57061224489796,0,65.0,5.0,44100,bird,1.0
107,./kaggletest/ndcsun2/,XC333788.ogg,93.57061224489796,0,70.0,5.0,44100,bird,1.0
108,./kaggletest/ndcsun2/,XC333788.ogg,93.57061224489796,0,75.0,5.0,44100,bird,1.0
109,./kaggletest/ndcsun2/,XC333788.ogg,93.57061224489796,0,80.0,5.0,44100,bird,1.0
110,./kaggletest/ndcsun2/,XC333788.ogg,93.57061224489796,0,85.0,5.0,44100,bird,1.0
111,./kaggletest/ndcsun2/,XC235894.ogg,60.839183673469385,0,0.0,5.0,44100,bird,1.0
112,./kaggletest/ndcsun2/,XC235894.ogg,60.839183673469385,0,5.0,5.0,44100,bird,1.0
113,./kaggletest/ndcsun2/,XC235894.ogg,60.839183673469385,0,10.0,5.0,44100,bird,1.0
114,./kaggletest/ndcsun2/,XC235894.ogg,60.839183673469385,0,15.0,5.0,44100,bird,1.0
115,./kaggletest/ndcsun2/,XC235894.ogg,60.839183673469385,0,20.0,5.0,44100,bird,1.0
116,./kaggletest/ndcsun2/,XC235894.ogg,60.839183673469385,0,25.0,5.0,44100,bird,1.0
117,./kaggletest/ndcsun2/,XC235894.ogg,60.839183673469385,0,30.0,5.0,44100,bird,1.0
118,./kaggletest/ndcsun2/,XC235894.ogg,60.839183673469385,0,35.0,5.0,44100,bird,1.0
119,./kaggletest/ndcsun2/,XC235894.ogg,60.839183673469385,0,40.0,5.0,44100,bird,1.0
120,./kaggletest/ndcsun2/,XC235894.ogg,60.839183673469385,0,45.0,5.0,44100,bird,1.0
121,./kaggletest/ndcsun2/,XC235894.ogg,60.839183673469385,0,50.0,5.0,44100,bird,1.0
122,./kaggletest/ndcsun2/,XC235894.ogg,60.839183673469385,0,55.0,5.0,44100,bird,1.0
123,./kaggletest/ndcsun2/,XC121093.ogg,11.447981859410431,0,0.0,5.0,44100,bird,1.0
124,./kaggletest/ndcsun2/,XC121093.ogg,11.447981859410431,0,5.0,5.0,44100,bird,1.0
125,./kaggletest/ndcsun2/,XC317071.ogg,16.692244897959185,0,0.0,5.0,44100,bird,1.0
126,./kaggletest/ndcsun2/,XC317071.ogg,16.692244897959185,0,5.0,5.0,44100,bird,1.0
127,./kaggletest/ndcsun2/,XC317071.ogg,16.692244897959185,0,10.0,5.0,44100,bird,1.0
128,./kaggletest/ndcsun2/,XC401267.ogg,8.471995464852608,0,0.0,5.0,44100,bird,1.0
129,./kaggletest/ndcsun2/,XC209715.ogg,40.05598639455782,0,0.0,5.0,44100,bird,1.0
130,./kaggletest/ndcsun2/,XC209715.ogg,40.05598639455782,0,5.0,5.0,44100,bird,1.0
131,./kaggletest/ndcsun2/,XC209715.ogg,40.05598639455782,0,10.0,5.0,44100,bird,1.0
132,./kaggletest/ndcsun2/,XC209715.ogg,40.05598639455782,0,15.0,5.0,44100,bird,1.0
133,./kaggletest/ndcsun2/,XC209715.ogg,40.05598639455782,0,20.0,5.0,44100,bird,1.0
134,./kaggletest/ndcsun2/,XC209715.ogg,40.05598639455782,0,25.0,5.0,44100,bird,1.0
135,./kaggletest/ndcsun2/,XC209715.ogg,40.05598639455782,0,30.0,5.0,44100,bird,1.0
136,./kaggletest/ndcsun2/,XC209715.ogg,40.05598639455782,0,35.0,5.0,44100,bird,1.0
137,./kaggletest/ndcsun2/,XC409992.ogg,21.13299319727891,0,0.0,5.0,44100,bird,1.0
138,./kaggletest/ndcsun2/,XC409992.ogg,21.13299319727891,0,5.0,5.0,44100,bird,1.0
139,./kaggletest/ndcsun2/,XC409992.ogg,21.13299319727891,0,10.0,5.0,44100,bird,1.0
