,FOLDER,IN FILE,CLIP LENGTH,CHANNEL,OFFSET,DURATION,SAMPLE RATE,MANUAL ID,CONFIDENCE
0,./kaggletest/nobfly1/,XC344226.ogg,19.017142857142858,0,0.0,5.0,44100,bird,1.0
1,./kaggletest/nobfly1/,XC344226.ogg,19.017142857142858,0,5.0,5.0,44100,bird,1.0
2,./kaggletest/nobfly1/,XC344226.ogg,19.017142857142858,0,10.0,5.0,44100,bird,1.0
3,./kaggletest/nobfly1/,XC421223.ogg,191.7126530612245,0,0.0,5.0,44100,bird,1.0
4,./kaggletest/nobfly1/,XC421223.ogg,191.7126530612245,0,5.0,5.0,44100,bird,1.0
5,./kaggletest/nobfly1/,XC421223.ogg,191.7126530612245,0,10.0,5.0,44100,bird,1.0
6,./kaggletest/nobfly1/,XC421223.ogg,191.7126530612245,0,15.0,5.0,44100,bird,1.0
7,./kaggletest/nobfly1/,XC421223.ogg,191.7126530612245,0,20.0,5.0,44100,bird,1.0
8,./kaggletest/nobfly1/,XC421223.ogg,191.7126530612245,0,25.0,5.0,44100,bird,1.0
9,./kaggletest/nobfly1/,XC421223.ogg,191.7126530612245,0,30.0,5.0,44100,bird,1.0
10,./kaggletest/nobfly1/,XC421223.ogg,191.7126530612245,0,35.0,5.0,44100,bird,1.0
11,./kaggletest/nobfly1/,XC421223.ogg,191.7126530612245,0,40.0,5.0,44100,bird,1.0
12,./kaggletest/nobfly1/,XC421223.ogg,191.7126530612245,0,45.0,5.0,44100,bird,1.0
13,./kaggletest/nobfly1/,XC421223.ogg,191.7126530612245,0,50.0,5.0,44100,bird,1.0
14,./kaggletest/nobfly1/,XC421223.ogg,191.7126530612245,0,55.0,5.0,44100,bird,1.0
15,./kaggletest/nobfly1/,XC421223.ogg,191.7126530612245,0,60.0,5.0,44100,bird,1.0
16,./kaggletest/nobfly1/,XC421223.ogg,191.7126530612245,0,65.0,5.0,44100,bird,1.0
17,./kaggletest/nobfly1/,XC421223.ogg,191.7126530612245,0,70.0,5.0,44100,bird,1.0
18,./kaggletest/nobfly1/,XC421223.ogg,191.7126530612245,0,75.0,5.0,44100,bird,1.0
19,./kaggletest/nobfly1/,XC421223.ogg,191.7126530612245,0,80.0,5.0,44100,bird,1.0
20,./kaggletest/nobfly1/,XC421223.ogg,191.7126530612245,0,85.0,5.0,44100,bird,1.0
21,./kaggletest/nobfly1/,XC421223.ogg,191.7126530612245,0,90.0,5.0,44100,bird,1.0
22,./kaggletest/nobfly1/,XC421223.ogg,191.7126530612245,0,100.0,5.0,44100,bird,1.0
23,./kaggletest/nobfly1/,XC421223.ogg,191.7126530612245,0,105.0,5.0,44100,bird,1.0
24,./kaggletest/nobfly1/,XC421223.ogg,191.7126530612245,0,110.0,5.0,44100,bird,1.0
25,./kaggletest/nobfly1/,XC421223.ogg,191.7126530612245,0,115.0,5.0,44100,bird,1.0
26,./kaggletest/nobfly1/,XC421223.ogg,191.7126530612245,0,120.0,5.0,44100,bird,1.0
27,./kaggletest/nobfly1/,XC421223.ogg,191.7126530612245,0,125.0,5.0,44100,bird,1.0
28,./kaggletest/nobfly1/,XC421223.ogg,191.7126530612245,0,130.0,5.0,44100,bird,1.0
29,./kaggletest/nobfly1/,XC421223.ogg,191.7126530612245,0,135.0,5.0,44100,bird,1.0
30,./kaggletest/nobfly1/,XC421223.ogg,191.7126530612245,0,140.0,5.0,44100,bird,1.0
31,./kaggletest/nobfly1/,XC421223.ogg,191.7126530612245,0,145.0,5.0,44100,bird,1.0
32,./kaggletest/nobfly1/,XC421223.ogg,191.7126530612245,0,150.0,5.0,44100,bird,1.0
33,./kaggletest/nobfly1/,XC421223.ogg,191.7126530612245,0,155.0,5.0,44100,bird,1.0
34,./kaggletest/nobfly1/,XC421223.ogg,191.7126530612245,0,160.0,5.0,44100,bird,1.0
35,./kaggletest/nobfly1/,XC421223.ogg,191.7126530612245,0,165.0,5.0,44100,bird,1.0
36,./kaggletest/nobfly1/,XC421223.ogg,191.7126530612245,0,170.0,5.0,44100,bird,1.0
37,./kaggletest/nobfly1/,XC421223.ogg,191.7126530612245,0,175.0,5.0,44100,bird,1.0
38,./kaggletest/nobfly1/,XC421223.ogg,191.7126530612245,0,180.0,5.0,44100,bird,1.0
39,./kaggletest/nobfly1/,XC421223.ogg,191.7126530612245,0,185.0,5.0,44100,bird,1.0
40,./kaggletest/nobfly1/,XC475512.ogg,101.61598639455782,0,0.0,5.0,44100,bird,1.0
41,./kaggletest/nobfly1/,XC475512.ogg,101.61598639455782,0,5.0,5.0,44100,bird,1.0
42,./kaggletest/nobfly1/,XC475512.ogg,101.61598639455782,0,10.0,5.0,44100,bird,1.0
43,./kaggletest/nobfly1/,XC475512.ogg,101.61598639455782,0,15.0,5.0,44100,bird,1.0
44,./kaggletest/nobfly1/,XC475512.ogg,101.61598639455782,0,20.0,5.0,44100,bird,1.0
45,./kaggletest/nobfly1/,XC475512.ogg,101.61598639455782,0,25.0,5.0,44100,bird,1.0
46,./kaggletest/nobfly1/,XC475512.ogg,101.61598639455782,0,30.0,5.0,44100,bird,1.0
47,./kaggletest/nobfly1/,XC475512.ogg,101.61598639455782,0,35.0,5.0,44100,bird,1.0
48,./kaggletest/nobfly1/,XC475512.ogg,101.61598639455782,0,40.0,5.0,44100,bird,1.0
49,./kaggletest/nobfly1/,XC475512.ogg,101.61598639455782,0,45.0,5.0,44100,bird,1.0
50,./kaggletest/nobfly1/,XC475512.ogg,101.61598639455782,0,50.0,5.0,44100,bird,1.0
51,./kaggletest/nobfly1/,XC475512.ogg,101.61598639455782,0,55.0,5.0,44100,bird,1.0
52,./kaggletest/nobfly1/,XC475512.ogg,101.61598639455782,0,60.0,5.0,44100,bird,1.0
53,./kaggletest/nobfly1/,XC475512.ogg,101.61598639455782,0,65.0,5.0,44100,bird,1.0
54,./kaggletest/nobfly1/,XC475512.ogg,101.61598639455782,0,70.0,5.0,44100,bird,1.0
55,./kaggletest/nobfly1/,XC475512.ogg,101.61598639455782,0,75.0,5.0,44100,bird,1.0
56,./kaggletest/nobfly1/,XC475512.ogg,101.61598639455782,0,80.0,5.0,44100,bird,1.0
57,./kaggletest/nobfly1/,XC475512.ogg,101.61598639455782,0,85.0,5.0,44100,bird,1.0
58,./kaggletest/nobfly1/,XC475512.ogg,101.61598639455782,0,90.0,5.0,44100,bird,1.0
59,./kaggletest/nobfly1/,XC475512.ogg,101.61598639455782,0,95.0,5.0,44100,bird,1.0
60,./kaggletest/nobfly1/,XC421591.ogg,10.13548752834467,0,0.0,5.0,44100,bird,1.0
61,./kaggletest/nobfly1/,XC421591.ogg,10.13548752834467,0,5.0,5.0,44100,bird,1.0
62,./kaggletest/nobfly1/,XC267176.ogg,89.85598639455782,0,0.0,5.0,44100,bird,1.0
63,./kaggletest/nobfly1/,XC267176.ogg,89.85598639455782,0,5.0,5.0,44100,bird,1.0
64,./kaggletest/nobfly1/,XC267176.ogg,89.85598639455782,0,10.0,5.0,44100,bird,1.0
65,./kaggletest/nobfly1/,XC267176.ogg,89.85598639455782,0,15.0,5.0,44100,bird,1.0
66,./kaggletest/nobfly1/,XC267176.ogg,89.85598639455782,0,20.0,5.0,44100,bird,1.0
67,./kaggletest/nobfly1/,XC267176.ogg,89.85598639455782,0,25.0,5.0,44100,bird,1.0
68,./kaggletest/nobfly1/,XC267176.ogg,89.85598639455782,0,30.0,5.0,44100,bird,1.0
69,./kaggletest/nobfly1/,XC267176.ogg,89.85598639455782,0,35.0,5.0,44100,bird,1.0
70,./kaggletest/nobfly1/,XC267176.ogg,89.85598639455782,0,40.0,5.0,44100,bird,1.0
71,./kaggletest/nobfly1/,XC267176.ogg,89.85598639455782,0,45.0,5.0,44100,bird,1.0
72,./kaggletest/nobfly1/,XC267176.ogg,89.85598639455782,0,50.0,5.0,44100,bird,1.0
73,./kaggletest/nobfly1/,XC267176.ogg,89.85598639455782,0,55.0,5.0,44100,bird,1.0
74,./kaggletest/nobfly1/,XC267176.ogg,89.85598639455782,0,60.0,5.0,44100,bird,1.0
75,./kaggletest/nobfly1/,XC267176.ogg,89.85598639455782,0,65.0,5.0,44100,bird,1.0
76,./kaggletest/nobfly1/,XC267176.ogg,89.85598639455782,0,70.0,5.0,44100,bird,1.0
77,./kaggletest/nobfly1/,XC267176.ogg,89.85598639455782,0,75.0,5.0,44100,bird,1.0
78,./kaggletest/nobfly1/,XC267176.ogg,89.85598639455782,0,80.0,5.0,44100,bird,1.0
79,./kaggletest/nobfly1/,XC396317.ogg,147.8530612244898,0,0.0,5.0,44100,bird,1.0
80,./kaggletest/nobfly1/,XC396317.ogg,147.8530612244898,0,5.0,5.0,44100,bird,1.0
81,./kaggletest/nobfly1/,XC396317.ogg,147.8530612244898,0,10.0,5.0,44100,bird,1.0
82,./kaggletest/nobfly1/,XC396317.ogg,147.8530612244898,0,15.0,5.0,44100,bird,1.0
83,./kaggletest/nobfly1/,XC396317.ogg,147.8530612244898,0,20.0,5.0,44100,bird,1.0
84,./kaggletest/nobfly1/,XC396317.ogg,147.8530612244898,0,25.0,5.0,44100,bird,1.0
85,./kaggletest/nobfly1/,XC396317.ogg,147.8530612244898,0,30.0,5.0,44100,bird,1.0
86,./kaggletest/nobfly1/,XC396317.ogg,147.8530612244898,0,35.0,5.0,44100,bird,1.0
87,./kaggletest/nobfly1/,XC396317.ogg,147.8530612244898,0,40.0,5.0,44100,bird,1.0
88,./kaggletest/nobfly1/,XC396317.ogg,147.8530612244898,0,45.0,5.0,44100,bird,1.0
89,./kaggletest/nobfly1/,XC396317.ogg,147.8530612244898,0,50.0,5.0,44100,bird,1.0
90,./kaggletest/nobfly1/,XC396317.ogg,147.8530612244898,0,55.0,5.0,44100,bird,1.0
91,./kaggletest/nobfly1/,XC396317.ogg,147.8530612244898,0,60.0,5.0,44100,bird,1.0
92,./kaggletest/nobfly1/,XC396317.ogg,147.8530612244898,0,65.0,5.0,44100,bird,1.0
93,./kaggletest/nobfly1/,XC396317.ogg,147.8530612244898,0,70.0,5.0,44100,bird,1.0
94,./kaggletest/nobfly1/,XC396317.ogg,147.8530612244898,0,75.0,5.0,44100,bird,1.0
95,./kaggletest/nobfly1/,XC396317.ogg,147.8530612244898,0,80.0,5.0,44100,bird,1.0
96,./kaggletest/nobfly1/,XC396317.ogg,147.8530612244898,0,85.0,5.0,44100,bird,1.0
97,./kaggletest/nobfly1/,XC396317.ogg,147.8530612244898,0,90.0,5.0,44100,bird,1.0
98,./kaggletest/nobfly1/,XC396317.ogg,147.8530612244898,0,95.0,5.0,44100,bird,1.0
99,./kaggletest/nobfly1/,XC396317.ogg,147.8530612244898,0,100.0,5.0,44100,bird,1.0
100,./kaggletest/nobfly1/,XC396317.ogg,147.8530612244898,0,105.0,5.0,44100,bird,1.0
101,./kaggletest/nobfly1/,XC396317.ogg,147.8530612244898,0,110.0,5.0,44100,bird,1.0
102,./kaggletest/nobfly1/,XC396317.ogg,147.8530612244898,0,115.0,5.0,44100,bird,1.0
103,./kaggletest/nobfly1/,XC396317.ogg,147.8530612244898,0,120.0,5.0,44100,bird,1.0
104,./kaggletest/nobfly1/,XC396317.ogg,147.8530612244898,0,125.0,5.0,44100,bird,1.0
105,./kaggletest/nobfly1/,XC396317.ogg,147.8530612244898,0,130.0,5.0,44100,bird,1.0
106,./kaggletest/nobfly1/,XC396317.ogg,147.8530612244898,0,135.0,5.0,44100,bird,1.0
107,./kaggletest/nobfly1/,XC396317.ogg,147.8530612244898,0,140.0,5.0,44100,bird,1.0
108,./kaggletest/nobfly1/,XC484945.ogg,132.85877551020408,0,0.0,5.0,44100,bird,1.0
109,./kaggletest/nobfly1/,XC484945.ogg,132.85877551020408,0,5.0,5.0,44100,bird,1.0
110,./kaggletest/nobfly1/,XC484945.ogg,132.85877551020408,0,10.0,5.0,44100,bird,1.0
111,./kaggletest/nobfly1/,XC484945.ogg,132.85877551020408,0,15.0,5.0,44100,bird,1.0
112,./kaggletest/nobfly1/,XC484945.ogg,132.85877551020408,0,20.0,5.0,44100,bird,1.0
113,./kaggletest/nobfly1/,XC484945.ogg,132.85877551020408,0,25.0,5.0,44100,bird,1.0
114,./kaggletest/nobfly1/,XC484945.ogg,132.85877551020408,0,30.0,5.0,44100,bird,1.0
115,./kaggletest/nobfly1/,XC484945.ogg,132.85877551020408,0,35.0,5.0,44100,bird,1.0
116,./kaggletest/nobfly1/,XC484945.ogg,132.85877551020408,0,40.0,5.0,44100,bird,1.0
117,./kaggletest/nobfly1/,XC484945.ogg,132.85877551020408,0,45.0,5.0,44100,bird,1.0
118,./kaggletest/nobfly1/,XC484945.ogg,132.85877551020408,0,50.0,5.0,44100,bird,1.0
119,./kaggletest/nobfly1/,XC484945.ogg,132.85877551020408,0,55.0,5.0,44100,bird,1.0
120,./kaggletest/nobfly1/,XC484945.ogg,132.85877551020408,0,60.0,5.0,44100,bird,1.0
121,./kaggletest/nobfly1/,XC484945.ogg,132.85877551020408,0,65.0,5.0,44100,bird,1.0
122,./kaggletest/nobfly1/,XC484945.ogg,132.85877551020408,0,70.0,5.0,44100,bird,1.0
123,./kaggletest/nobfly1/,XC484945.ogg,132.85877551020408,0,75.0,5.0,44100,bird,1.0
124,./kaggletest/nobfly1/,XC484945.ogg,132.85877551020408,0,80.0,5.0,44100,bird,1.0
125,./kaggletest/nobfly1/,XC484945.ogg,132.85877551020408,0,85.0,5.0,44100,bird,1.0
126,./kaggletest/nobfly1/,XC484945.ogg,132.85877551020408,0,90.0,5.0,44100,bird,1.0
127,./kaggletest/nobfly1/,XC484945.ogg,132.85877551020408,0,100.0,5.0,44100,bird,1.0
128,./kaggletest/nobfly1/,XC484945.ogg,132.85877551020408,0,105.0,5.0,44100,bird,1.0
129,./kaggletest/nobfly1/,XC484945.ogg,132.85877551020408,0,110.0,5.0,44100,bird,1.0
130,./kaggletest/nobfly1/,XC484945.ogg,132.85877551020408,0,115.0,5.0,44100,bird,1.0
131,./kaggletest/nobfly1/,XC484945.ogg,132.85877551020408,0,120.0,5.0,44100,bird,1.0
132,./kaggletest/nobfly1/,XC484945.ogg,132.85877551020408,0,125.0,5.0,44100,bird,1.0
133,./kaggletest/nobfly1/,XC536674.ogg,25.417142857142856,0,0.0,5.0,44100,bird,1.0
134,./kaggletest/nobfly1/,XC536674.ogg,25.417142857142856,0,5.0,5.0,44100,bird,1.0
135,./kaggletest/nobfly1/,XC536674.ogg,25.417142857142856,0,10.0,5.0,44100,bird,1.0
136,./kaggletest/nobfly1/,XC536674.ogg,25.417142857142856,0,15.0,5.0,44100,bird,1.0
137,./kaggletest/nobfly1/,XC536674.ogg,25.417142857142856,0,20.0,5.0,44100,bird,1.0
138,./kaggletest/nobfly1/,XC396316.ogg,17.50201814058957,0,0.0,5.0,44100,bird,1.0
139,./kaggletest/nobfly1/,XC396316.ogg,17.50201814058957,0,5.0,5.0,44100,bird,1.0
140,./kaggletest/nobfly1/,XC396316.ogg,17.50201814058957,0,10.0,5.0,44100,bird,1.0
141,./kaggletest/nobfly1/,XC200988.ogg,28.86530612244898,0,5.0,5.0,44100,bird,1.0
142,./kaggletest/nobfly1/,XC718063.ogg,45.791995464852604,0,0.0,5.0,44100,bird,1.0
143,./kaggletest/nobfly1/,XC718063.ogg,45.791995464852604,0,5.0,5.0,44100,bird,1.0
144,./kaggletest/nobfly1/,XC718063.ogg,45.791995464852604,0,10.0,5.0,44100,bird,1.0
145,./kaggletest/nobfly1/,XC718063.ogg,45.791995464852604,0,15.0,5.0,44100,bird,1.0
146,./kaggletest/nobfly1/,XC718063.ogg,45.791995464852604,0,20.0,5.0,44100,bird,1.0
147,./kaggletest/nobfly1/,XC718063.ogg,45.791995464852604,0,25.0,5.0,44100,bird,1.0
148,./kaggletest/nobfly1/,XC718063.ogg,45.791995464852604,0,30.0,5.0,44100,bird,1.0
149,./kaggletest/nobfly1/,XC718063.ogg,45.791995464852604,0,35.0,5.0,44100,bird,1.0
150,./kaggletest/nobfly1/,XC718063.ogg,45.791995464852604,0,40.0,5.0,44100,bird,1.0
151,./kaggletest/nobfly1/,XC45814.ogg,31.451428571428572,0,0.0,5.0,44100,bird,1.0
152,./kaggletest/nobfly1/,XC45814.ogg,31.451428571428572,0,5.0,5.0,44100,bird,1.0
153,./kaggletest/nobfly1/,XC45814.ogg,31.451428571428572,0,10.0,5.0,44100,bird,1.0
154,./kaggletest/nobfly1/,XC45814.ogg,31.451428571428572,0,15.0,5.0,44100,bird,1.0
155,./kaggletest/nobfly1/,XC45814.ogg,31.451428571428572,0,20.0,5.0,44100,bird,1.0
156,./kaggletest/nobfly1/,XC45814.ogg,31.451428571428572,0,25.0,5.0,44100,bird,1.0
157,./kaggletest/nobfly1/,XC364106.ogg,17.92,0,0.0,5.0,44100,bird,1.0
158,./kaggletest/nobfly1/,XC364106.ogg,17.92,0,5.0,5.0,44100,bird,1.0
159,./kaggletest/nobfly1/,XC364106.ogg,17.92,0,10.0,5.0,44100,bird,1.0
160,./kaggletest/nobfly1/,XC267180.ogg,59.54399092970522,0,0.0,5.0,44100,bird,1.0
161,./kaggletest/nobfly1/,XC267180.ogg,59.54399092970522,0,5.0,5.0,44100,bird,1.0
162,./kaggletest/nobfly1/,XC267180.ogg,59.54399092970522,0,10.0,5.0,44100,bird,1.0
163,./kaggletest/nobfly1/,XC267180.ogg,59.54399092970522,0,15.0,5.0,44100,bird,1.0
164,./kaggletest/nobfly1/,XC267180.ogg,59.54399092970522,0,20.0,5.0,44100,bird,1.0
165,./kaggletest/nobfly1/,XC267180.ogg,59.54399092970522,0,25.0,5.0,44100,bird,1.0
166,./kaggletest/nobfly1/,XC267180.ogg,59.54399092970522,0,30.0,5.0,44100,bird,1.0
167,./kaggletest/nobfly1/,XC267180.ogg,59.54399092970522,0,35.0,5.0,44100,bird,1.0
168,./kaggletest/nobfly1/,XC267180.ogg,59.54399092970522,0,40.0,5.0,44100,bird,1.0
169,./kaggletest/nobfly1/,XC267180.ogg,59.54399092970522,0,45.0,5.0,44100,bird,1.0
170,./kaggletest/nobfly1/,XC476000.ogg,40.25399092970522,0,0.0,5.0,44100,bird,1.0
171,./kaggletest/nobfly1/,XC476000.ogg,40.25399092970522,0,5.0,5.0,44100,bird,1.0
172,./kaggletest/nobfly1/,XC476000.ogg,40.25399092970522,0,10.0,5.0,44100,bird,1.0
173,./kaggletest/nobfly1/,XC476000.ogg,40.25399092970522,0,15.0,5.0,44100,bird,1.0
174,./kaggletest/nobfly1/,XC476000.ogg,40.25399092970522,0,20.0,5.0,44100,bird,1.0
175,./kaggletest/nobfly1/,XC476000.ogg,40.25399092970522,0,25.0,5.0,44100,bird,1.0
176,./kaggletest/nobfly1/,XC476000.ogg,40.25399092970522,0,30.0,5.0,44100,bird,1.0
177,./kaggletest/nobfly1/,XC476000.ogg,40.25399092970522,0,35.0,5.0,44100,bird,1.0
