,FOLDER,IN FILE,CLIP LENGTH,CHANNEL,OFFSET,DURATION,SAMPLE RATE,MANUAL ID,CONFIDENCE
0,./kaggletest/norcro1/,XC680865.ogg,233.66399092970522,0,0.0,5.0,44100,bird,1.0
1,./kaggletest/norcro1/,XC680865.ogg,233.66399092970522,0,5.0,5.0,44100,bird,1.0
2,./kaggletest/norcro1/,XC680865.ogg,233.66399092970522,0,10.0,5.0,44100,bird,1.0
3,./kaggletest/norcro1/,XC680865.ogg,233.66399092970522,0,15.0,5.0,44100,bird,1.0
4,./kaggletest/norcro1/,XC680865.ogg,233.66399092970522,0,20.0,5.0,44100,bird,1.0
5,./kaggletest/norcro1/,XC680865.ogg,233.66399092970522,0,25.0,5.0,44100,bird,1.0
6,./kaggletest/norcro1/,XC680865.ogg,233.66399092970522,0,30.0,5.0,44100,bird,1.0
7,./kaggletest/norcro1/,XC680865.ogg,233.66399092970522,0,35.0,5.0,44100,bird,1.0
8,./kaggletest/norcro1/,XC680865.ogg,233.66399092970522,0,40.0,5.0,44100,bird,1.0
9,./kaggletest/norcro1/,XC680865.ogg,233.66399092970522,0,45.0,5.0,44100,bird,1.0
10,./kaggletest/norcro1/,XC680865.ogg,233.66399092970522,0,50.0,5.0,44100,bird,1.0
11,./kaggletest/norcro1/,XC680865.ogg,233.66399092970522,0,55.0,5.0,44100,bird,1.0
12,./kaggletest/norcro1/,XC680865.ogg,233.66399092970522,0,60.0,5.0,44100,bird,1.0
13,./kaggletest/norcro1/,XC680865.ogg,233.66399092970522,0,65.0,5.0,44100,bird,1.0
14,./kaggletest/norcro1/,XC680865.ogg,233.66399092970522,0,70.0,5.0,44100,bird,1.0
15,./kaggletest/norcro1/,XC680865.ogg,233.66399092970522,0,75.0,5.0,44100,bird,1.0
16,./kaggletest/norcro1/,XC680865.ogg,233.66399092970522,0,80.0,5.0,44100,bird,1.0
17,./kaggletest/norcro1/,XC680865.ogg,233.66399092970522,0,85.0,5.0,44100,bird,1.0
18,./kaggletest/norcro1/,XC680865.ogg,233.66399092970522,0,90.0,5.0,44100,bird,1.0
19,./kaggletest/norcro1/,XC680865.ogg,233.66399092970522,0,95.0,5.0,44100,bird,1.0
20,./kaggletest/norcro1/,XC680865.ogg,233.66399092970522,0,100.0,5.0,44100,bird,1.0
21,./kaggletest/norcro1/,XC680865.ogg,233.66399092970522,0,105.0,5.0,44100,bird,1.0
22,./kaggletest/norcro1/,XC680865.ogg,233.66399092970522,0,110.0,5.0,44100,bird,1.0
23,./kaggletest/norcro1/,XC680865.ogg,233.66399092970522,0,115.0,5.0,44100,bird,1.0
24,./kaggletest/norcro1/,XC680865.ogg,233.66399092970522,0,120.0,5.0,44100,bird,1.0
25,./kaggletest/norcro1/,XC680865.ogg,233.66399092970522,0,125.0,5.0,44100,bird,1.0
26,./kaggletest/norcro1/,XC680865.ogg,233.66399092970522,0,135.0,5.0,44100,bird,1.0
27,./kaggletest/norcro1/,XC680865.ogg,233.66399092970522,0,140.0,5.0,44100,bird,1.0
28,./kaggletest/norcro1/,XC680865.ogg,233.66399092970522,0,145.0,5.0,44100,bird,1.0
29,./kaggletest/norcro1/,XC680865.ogg,233.66399092970522,0,150.0,5.0,44100,bird,1.0
30,./kaggletest/norcro1/,XC680865.ogg,233.66399092970522,0,155.0,5.0,44100,bird,1.0
31,./kaggletest/norcro1/,XC680865.ogg,233.66399092970522,0,160.0,5.0,44100,bird,1.0
32,./kaggletest/norcro1/,XC680865.ogg,233.66399092970522,0,165.0,5.0,44100,bird,1.0
33,./kaggletest/norcro1/,XC680865.ogg,233.66399092970522,0,170.0,5.0,44100,bird,1.0
34,./kaggletest/norcro1/,XC680865.ogg,233.66399092970522,0,175.0,5.0,44100,bird,1.0
35,./kaggletest/norcro1/,XC680865.ogg,233.66399092970522,0,180.0,5.0,44100,bird,1.0
36,./kaggletest/norcro1/,XC680865.ogg,233.66399092970522,0,185.0,5.0,44100,bird,1.0
37,./kaggletest/norcro1/,XC680865.ogg,233.66399092970522,0,190.0,5.0,44100,bird,1.0
38,./kaggletest/norcro1/,XC680865.ogg,233.66399092970522,0,195.0,5.0,44100,bird,1.0
39,./kaggletest/norcro1/,XC680865.ogg,233.66399092970522,0,200.0,5.0,44100,bird,1.0
40,./kaggletest/norcro1/,XC680865.ogg,233.66399092970522,0,205.0,5.0,44100,bird,1.0
41,./kaggletest/norcro1/,XC680865.ogg,233.66399092970522,0,210.0,5.0,44100,bird,1.0
42,./kaggletest/norcro1/,XC680865.ogg,233.66399092970522,0,215.0,5.0,44100,bird,1.0
43,./kaggletest/norcro1/,XC680865.ogg,233.66399092970522,0,220.0,5.0,44100,bird,1.0
44,./kaggletest/norcro1/,XC680865.ogg,233.66399092970522,0,225.0,5.0,44100,bird,1.0
45,./kaggletest/norcro1/,XC156704.ogg,20.715079365079365,0,0.0,5.0,44100,bird,1.0
46,./kaggletest/norcro1/,XC156704.ogg,20.715079365079365,0,5.0,5.0,44100,bird,1.0
47,./kaggletest/norcro1/,XC156704.ogg,20.715079365079365,0,10.0,5.0,44100,bird,1.0
48,./kaggletest/norcro1/,XC156704.ogg,20.715079365079365,0,15.0,5.0,44100,bird,1.0
49,./kaggletest/norcro1/,XC315487.ogg,17.632653061224488,0,0.0,5.0,44100,bird,1.0
50,./kaggletest/norcro1/,XC315487.ogg,17.632653061224488,0,5.0,5.0,44100,bird,1.0
51,./kaggletest/norcro1/,XC315487.ogg,17.632653061224488,0,10.0,5.0,44100,bird,1.0
52,./kaggletest/norcro1/,XC706021.ogg,81.81598639455783,0,0.0,5.0,44100,bird,1.0
53,./kaggletest/norcro1/,XC706021.ogg,81.81598639455783,0,5.0,5.0,44100,bird,1.0
54,./kaggletest/norcro1/,XC706021.ogg,81.81598639455783,0,10.0,5.0,44100,bird,1.0
55,./kaggletest/norcro1/,XC706021.ogg,81.81598639455783,0,15.0,5.0,44100,bird,1.0
56,./kaggletest/norcro1/,XC706021.ogg,81.81598639455783,0,20.0,5.0,44100,bird,1.0
57,./kaggletest/norcro1/,XC706021.ogg,81.81598639455783,0,25.0,5.0,44100,bird,1.0
58,./kaggletest/norcro1/,XC706021.ogg,81.81598639455783,0,30.0,5.0,44100,bird,1.0
59,./kaggletest/norcro1/,XC706021.ogg,81.81598639455783,0,35.0,5.0,44100,bird,1.0
60,./kaggletest/norcro1/,XC706021.ogg,81.81598639455783,0,40.0,5.0,44100,bird,1.0
61,./kaggletest/norcro1/,XC706021.ogg,81.81598639455783,0,45.0,5.0,44100,bird,1.0
62,./kaggletest/norcro1/,XC706021.ogg,81.81598639455783,0,55.0,5.0,44100,bird,1.0
63,./kaggletest/norcro1/,XC706021.ogg,81.81598639455783,0,60.0,5.0,44100,bird,1.0
64,./kaggletest/norcro1/,XC706021.ogg,81.81598639455783,0,65.0,5.0,44100,bird,1.0
65,./kaggletest/norcro1/,XC706021.ogg,81.81598639455783,0,70.0,5.0,44100,bird,1.0
66,./kaggletest/norcro1/,XC706021.ogg,81.81598639455783,0,75.0,5.0,44100,bird,1.0
67,./kaggletest/norcro1/,XC235779.ogg,19.696303854875282,0,0.0,5.0,44100,bird,1.0
68,./kaggletest/norcro1/,XC235779.ogg,19.696303854875282,0,5.0,5.0,44100,bird,1.0
69,./kaggletest/norcro1/,XC235779.ogg,19.696303854875282,0,10.0,5.0,44100,bird,1.0
70,./kaggletest/norcro1/,XC142128.ogg,18.0,0,5.0,5.0,44100,bird,1.0
71,./kaggletest/norcro1/,XC513782.ogg,36.205714285714286,0,0.0,5.0,44100,bird,1.0
72,./kaggletest/norcro1/,XC513782.ogg,36.205714285714286,0,5.0,5.0,44100,bird,1.0
73,./kaggletest/norcro1/,XC513782.ogg,36.205714285714286,0,10.0,5.0,44100,bird,1.0
74,./kaggletest/norcro1/,XC513782.ogg,36.205714285714286,0,15.0,5.0,44100,bird,1.0
75,./kaggletest/norcro1/,XC513782.ogg,36.205714285714286,0,20.0,5.0,44100,bird,1.0
76,./kaggletest/norcro1/,XC513782.ogg,36.205714285714286,0,25.0,5.0,44100,bird,1.0
77,./kaggletest/norcro1/,XC513782.ogg,36.205714285714286,0,30.0,5.0,44100,bird,1.0
78,./kaggletest/norcro1/,XC165594.ogg,20.951995464852608,0,0.0,5.0,44100,bird,1.0
79,./kaggletest/norcro1/,XC165594.ogg,20.951995464852608,0,5.0,5.0,44100,bird,1.0
80,./kaggletest/norcro1/,XC165594.ogg,20.951995464852608,0,10.0,5.0,44100,bird,1.0
81,./kaggletest/norcro1/,XC165594.ogg,20.951995464852608,0,15.0,5.0,44100,bird,1.0
82,./kaggletest/norcro1/,XC405326.ogg,30.536984126984127,0,0.0,5.0,44100,bird,1.0
83,./kaggletest/norcro1/,XC405326.ogg,30.536984126984127,0,5.0,5.0,44100,bird,1.0
84,./kaggletest/norcro1/,XC405326.ogg,30.536984126984127,0,10.0,5.0,44100,bird,1.0
85,./kaggletest/norcro1/,XC405326.ogg,30.536984126984127,0,15.0,5.0,44100,bird,1.0
86,./kaggletest/norcro1/,XC405326.ogg,30.536984126984127,0,20.0,5.0,44100,bird,1.0
87,./kaggletest/norcro1/,XC405326.ogg,30.536984126984127,0,25.0,5.0,44100,bird,1.0
88,./kaggletest/norcro1/,XC512510.ogg,66.84698412698413,0,0.0,5.0,44100,bird,1.0
89,./kaggletest/norcro1/,XC512510.ogg,66.84698412698413,0,5.0,5.0,44100,bird,1.0
90,./kaggletest/norcro1/,XC512510.ogg,66.84698412698413,0,10.0,5.0,44100,bird,1.0
91,./kaggletest/norcro1/,XC512510.ogg,66.84698412698413,0,15.0,5.0,44100,bird,1.0
92,./kaggletest/norcro1/,XC512510.ogg,66.84698412698413,0,20.0,5.0,44100,bird,1.0
93,./kaggletest/norcro1/,XC512510.ogg,66.84698412698413,0,25.0,5.0,44100,bird,1.0
94,./kaggletest/norcro1/,XC512510.ogg,66.84698412698413,0,30.0,5.0,44100,bird,1.0
95,./kaggletest/norcro1/,XC512510.ogg,66.84698412698413,0,35.0,5.0,44100,bird,1.0
96,./kaggletest/norcro1/,XC512510.ogg,66.84698412698413,0,40.0,5.0,44100,bird,1.0
97,./kaggletest/norcro1/,XC512510.ogg,66.84698412698413,0,45.0,5.0,44100,bird,1.0
98,./kaggletest/norcro1/,XC512510.ogg,66.84698412698413,0,50.0,5.0,44100,bird,1.0
99,./kaggletest/norcro1/,XC512510.ogg,66.84698412698413,0,55.0,5.0,44100,bird,1.0
100,./kaggletest/norcro1/,XC512510.ogg,66.84698412698413,0,60.0,5.0,44100,bird,1.0
101,./kaggletest/norcro1/,XC315409.ogg,65.80242630385487,0,0.0,5.0,44100,bird,1.0
102,./kaggletest/norcro1/,XC315409.ogg,65.80242630385487,0,5.0,5.0,44100,bird,1.0
103,./kaggletest/norcro1/,XC315409.ogg,65.80242630385487,0,10.0,5.0,44100,bird,1.0
104,./kaggletest/norcro1/,XC315409.ogg,65.80242630385487,0,15.0,5.0,44100,bird,1.0
105,./kaggletest/norcro1/,XC315409.ogg,65.80242630385487,0,20.0,5.0,44100,bird,1.0
106,./kaggletest/norcro1/,XC315409.ogg,65.80242630385487,0,25.0,5.0,44100,bird,1.0
107,./kaggletest/norcro1/,XC315409.ogg,65.80242630385487,0,30.0,5.0,44100,bird,1.0
108,./kaggletest/norcro1/,XC315409.ogg,65.80242630385487,0,35.0,5.0,44100,bird,1.0
109,./kaggletest/norcro1/,XC315409.ogg,65.80242630385487,0,40.0,5.0,44100,bird,1.0
110,./kaggletest/norcro1/,XC315409.ogg,65.80242630385487,0,45.0,5.0,44100,bird,1.0
111,./kaggletest/norcro1/,XC315409.ogg,65.80242630385487,0,55.0,5.0,44100,bird,1.0
112,./kaggletest/norcro1/,XC297422.ogg,22.46530612244898,0,0.0,5.0,44100,bird,1.0
113,./kaggletest/norcro1/,XC297422.ogg,22.46530612244898,0,5.0,5.0,44100,bird,1.0
114,./kaggletest/norcro1/,XC297422.ogg,22.46530612244898,0,15.0,5.0,44100,bird,1.0
115,./kaggletest/norcro1/,XC297596.ogg,35.05630385487528,0,0.0,5.0,44100,bird,1.0
116,./kaggletest/norcro1/,XC297596.ogg,35.05630385487528,0,5.0,5.0,44100,bird,1.0
117,./kaggletest/norcro1/,XC297596.ogg,35.05630385487528,0,10.0,5.0,44100,bird,1.0
118,./kaggletest/norcro1/,XC297596.ogg,35.05630385487528,0,15.0,5.0,44100,bird,1.0
119,./kaggletest/norcro1/,XC297596.ogg,35.05630385487528,0,20.0,5.0,44100,bird,1.0
120,./kaggletest/norcro1/,XC297596.ogg,35.05630385487528,0,25.0,5.0,44100,bird,1.0
121,./kaggletest/norcro1/,XC297596.ogg,35.05630385487528,0,30.0,5.0,44100,bird,1.0
122,./kaggletest/norcro1/,XC402661.ogg,19.121609977324262,0,0.0,5.0,44100,bird,1.0
123,./kaggletest/norcro1/,XC402661.ogg,19.121609977324262,0,5.0,5.0,44100,bird,1.0
124,./kaggletest/norcro1/,XC402661.ogg,19.121609977324262,0,10.0,5.0,44100,bird,1.0
125,./kaggletest/norcro1/,XC297421.ogg,22.256303854875284,0,0.0,5.0,44100,bird,1.0
126,./kaggletest/norcro1/,XC297421.ogg,22.256303854875284,0,5.0,5.0,44100,bird,1.0
127,./kaggletest/norcro1/,XC297421.ogg,22.256303854875284,0,10.0,5.0,44100,bird,1.0
128,./kaggletest/norcro1/,XC297421.ogg,22.256303854875284,0,15.0,5.0,44100,bird,1.0
129,./kaggletest/norcro1/,XC362935.ogg,17.265986394557824,0,0.0,5.0,44100,bird,1.0
130,./kaggletest/norcro1/,XC362935.ogg,17.265986394557824,0,5.0,5.0,44100,bird,1.0
131,./kaggletest/norcro1/,XC362935.ogg,17.265986394557824,0,10.0,5.0,44100,bird,1.0
132,./kaggletest/norcro1/,XC703929.ogg,196.5839909297052,0,0.0,5.0,44100,bird,1.0
133,./kaggletest/norcro1/,XC703929.ogg,196.5839909297052,0,5.0,5.0,44100,bird,1.0
134,./kaggletest/norcro1/,XC703929.ogg,196.5839909297052,0,10.0,5.0,44100,bird,1.0
135,./kaggletest/norcro1/,XC703929.ogg,196.5839909297052,0,15.0,5.0,44100,bird,1.0
136,./kaggletest/norcro1/,XC703929.ogg,196.5839909297052,0,20.0,5.0,44100,bird,1.0
137,./kaggletest/norcro1/,XC703929.ogg,196.5839909297052,0,25.0,5.0,44100,bird,1.0
138,./kaggletest/norcro1/,XC703929.ogg,196.5839909297052,0,35.0,5.0,44100,bird,1.0
139,./kaggletest/norcro1/,XC703929.ogg,196.5839909297052,0,40.0,5.0,44100,bird,1.0
140,./kaggletest/norcro1/,XC703929.ogg,196.5839909297052,0,55.0,5.0,44100,bird,1.0
141,./kaggletest/norcro1/,XC703929.ogg,196.5839909297052,0,60.0,5.0,44100,bird,1.0
142,./kaggletest/norcro1/,XC703929.ogg,196.5839909297052,0,65.0,5.0,44100,bird,1.0
143,./kaggletest/norcro1/,XC703929.ogg,196.5839909297052,0,70.0,5.0,44100,bird,1.0
144,./kaggletest/norcro1/,XC703929.ogg,196.5839909297052,0,75.0,5.0,44100,bird,1.0
145,./kaggletest/norcro1/,XC703929.ogg,196.5839909297052,0,80.0,5.0,44100,bird,1.0
146,./kaggletest/norcro1/,XC703929.ogg,196.5839909297052,0,85.0,5.0,44100,bird,1.0
147,./kaggletest/norcro1/,XC703929.ogg,196.5839909297052,0,90.0,5.0,44100,bird,1.0
148,./kaggletest/norcro1/,XC703929.ogg,196.5839909297052,0,95.0,5.0,44100,bird,1.0
149,./kaggletest/norcro1/,XC703929.ogg,196.5839909297052,0,100.0,5.0,44100,bird,1.0
150,./kaggletest/norcro1/,XC703929.ogg,196.5839909297052,0,105.0,5.0,44100,bird,1.0
151,./kaggletest/norcro1/,XC703929.ogg,196.5839909297052,0,110.0,5.0,44100,bird,1.0
152,./kaggletest/norcro1/,XC703929.ogg,196.5839909297052,0,115.0,5.0,44100,bird,1.0
153,./kaggletest/norcro1/,XC703929.ogg,196.5839909297052,0,120.0,5.0,44100,bird,1.0
154,./kaggletest/norcro1/,XC703929.ogg,196.5839909297052,0,125.0,5.0,44100,bird,1.0
155,./kaggletest/norcro1/,XC703929.ogg,196.5839909297052,0,130.0,5.0,44100,bird,1.0
156,./kaggletest/norcro1/,XC703929.ogg,196.5839909297052,0,135.0,5.0,44100,bird,1.0
157,./kaggletest/norcro1/,XC703929.ogg,196.5839909297052,0,140.0,5.0,44100,bird,1.0
158,./kaggletest/norcro1/,XC703929.ogg,196.5839909297052,0,145.0,5.0,44100,bird,1.0
159,./kaggletest/norcro1/,XC703929.ogg,196.5839909297052,0,150.0,5.0,44100,bird,1.0
160,./kaggletest/norcro1/,XC703929.ogg,196.5839909297052,0,155.0,5.0,44100,bird,1.0
161,./kaggletest/norcro1/,XC703929.ogg,196.5839909297052,0,160.0,5.0,44100,bird,1.0
162,./kaggletest/norcro1/,XC703929.ogg,196.5839909297052,0,170.0,5.0,44100,bird,1.0
163,./kaggletest/norcro1/,XC703929.ogg,196.5839909297052,0,175.0,5.0,44100,bird,1.0
164,./kaggletest/norcro1/,XC703929.ogg,196.5839909297052,0,180.0,5.0,44100,bird,1.0
165,./kaggletest/norcro1/,XC703929.ogg,196.5839909297052,0,185.0,5.0,44100,bird,1.0
166,./kaggletest/norcro1/,XC703929.ogg,196.5839909297052,0,190.0,5.0,44100,bird,1.0
167,./kaggletest/norcro1/,XC127491.ogg,57.78283446712018,0,0.0,5.0,44100,bird,1.0
168,./kaggletest/norcro1/,XC127491.ogg,57.78283446712018,0,5.0,5.0,44100,bird,1.0
169,./kaggletest/norcro1/,XC127491.ogg,57.78283446712018,0,10.0,5.0,44100,bird,1.0
170,./kaggletest/norcro1/,XC127491.ogg,57.78283446712018,0,15.0,5.0,44100,bird,1.0
171,./kaggletest/norcro1/,XC127491.ogg,57.78283446712018,0,40.0,5.0,44100,bird,1.0
172,./kaggletest/norcro1/,XC127491.ogg,57.78283446712018,0,45.0,5.0,44100,bird,1.0
173,./kaggletest/norcro1/,XC322744.ogg,38.97467120181406,0,0.0,5.0,44100,bird,1.0
174,./kaggletest/norcro1/,XC322744.ogg,38.97467120181406,0,5.0,5.0,44100,bird,1.0
175,./kaggletest/norcro1/,XC322744.ogg,38.97467120181406,0,10.0,5.0,44100,bird,1.0
176,./kaggletest/norcro1/,XC322744.ogg,38.97467120181406,0,15.0,5.0,44100,bird,1.0
177,./kaggletest/norcro1/,XC322744.ogg,38.97467120181406,0,20.0,5.0,44100,bird,1.0
178,./kaggletest/norcro1/,XC322744.ogg,38.97467120181406,0,25.0,5.0,44100,bird,1.0
179,./kaggletest/norcro1/,XC322744.ogg,38.97467120181406,0,30.0,5.0,44100,bird,1.0
180,./kaggletest/norcro1/,XC289262.ogg,53.42038548752834,0,0.0,5.0,44100,bird,1.0
181,./kaggletest/norcro1/,XC289262.ogg,53.42038548752834,0,5.0,5.0,44100,bird,1.0
182,./kaggletest/norcro1/,XC289262.ogg,53.42038548752834,0,10.0,5.0,44100,bird,1.0
183,./kaggletest/norcro1/,XC289262.ogg,53.42038548752834,0,15.0,5.0,44100,bird,1.0
184,./kaggletest/norcro1/,XC289262.ogg,53.42038548752834,0,20.0,5.0,44100,bird,1.0
185,./kaggletest/norcro1/,XC289262.ogg,53.42038548752834,0,25.0,5.0,44100,bird,1.0
186,./kaggletest/norcro1/,XC289262.ogg,53.42038548752834,0,30.0,5.0,44100,bird,1.0
187,./kaggletest/norcro1/,XC289262.ogg,53.42038548752834,0,35.0,5.0,44100,bird,1.0
188,./kaggletest/norcro1/,XC289262.ogg,53.42038548752834,0,40.0,5.0,44100,bird,1.0
189,./kaggletest/norcro1/,XC289262.ogg,53.42038548752834,0,45.0,5.0,44100,bird,1.0
190,./kaggletest/norcro1/,XC289263.ogg,16.03918367346939,0,0.0,5.0,44100,bird,1.0
191,./kaggletest/norcro1/,XC289263.ogg,16.03918367346939,0,5.0,5.0,44100,bird,1.0
192,./kaggletest/norcro1/,XC289263.ogg,16.03918367346939,0,10.0,5.0,44100,bird,1.0
