,FOLDER,IN FILE,CLIP LENGTH,CHANNEL,OFFSET,DURATION,SAMPLE RATE,MANUAL ID,CONFIDENCE
0,./kaggletest/nubwoo1/,XC596311.ogg,22.631995464852608,0,0.0,5.0,44100,bird,1.0
1,./kaggletest/nubwoo1/,XC596311.ogg,22.631995464852608,0,5.0,5.0,44100,bird,1.0
2,./kaggletest/nubwoo1/,XC596311.ogg,22.631995464852608,0,10.0,5.0,44100,bird,1.0
3,./kaggletest/nubwoo1/,XC596311.ogg,22.631995464852608,0,15.0,5.0,44100,bird,1.0
4,./kaggletest/nubwoo1/,XC537137.ogg,9.37795918367347,0,0.0,5.0,44100,bird,1.0
5,./kaggletest/nubwoo1/,XC293976.ogg,27.951020408163266,0,0.0,5.0,44100,bird,1.0
6,./kaggletest/nubwoo1/,XC293976.ogg,27.951020408163266,0,5.0,5.0,44100,bird,1.0
7,./kaggletest/nubwoo1/,XC293976.ogg,27.951020408163266,0,10.0,5.0,44100,bird,1.0
8,./kaggletest/nubwoo1/,XC293976.ogg,27.951020408163266,0,15.0,5.0,44100,bird,1.0
9,./kaggletest/nubwoo1/,XC293976.ogg,27.951020408163266,0,20.0,5.0,44100,bird,1.0
10,./kaggletest/nubwoo1/,XC728976.ogg,8.447981859410431,0,0.0,5.0,44100,bird,1.0
11,./kaggletest/nubwoo1/,XC398476.ogg,14.810997732426303,0,0.0,5.0,44100,bird,1.0
12,./kaggletest/nubwoo1/,XC398476.ogg,14.810997732426303,0,5.0,5.0,44100,bird,1.0
13,./kaggletest/nubwoo1/,XC444424.ogg,12.131995464852608,0,0.0,5.0,44100,bird,1.0
14,./kaggletest/nubwoo1/,XC444424.ogg,12.131995464852608,0,5.0,5.0,44100,bird,1.0
15,./kaggletest/nubwoo1/,XC750361.ogg,12.8,0,5.0,5.0,44100,bird,1.0
16,./kaggletest/nubwoo1/,XC146970.ogg,57.31265306122449,0,0.0,5.0,44100,bird,1.0
17,./kaggletest/nubwoo1/,XC146970.ogg,57.31265306122449,0,5.0,5.0,44100,bird,1.0
18,./kaggletest/nubwoo1/,XC146970.ogg,57.31265306122449,0,10.0,5.0,44100,bird,1.0
19,./kaggletest/nubwoo1/,XC146970.ogg,57.31265306122449,0,15.0,5.0,44100,bird,1.0
20,./kaggletest/nubwoo1/,XC146970.ogg,57.31265306122449,0,20.0,5.0,44100,bird,1.0
21,./kaggletest/nubwoo1/,XC146970.ogg,57.31265306122449,0,25.0,5.0,44100,bird,1.0
22,./kaggletest/nubwoo1/,XC146970.ogg,57.31265306122449,0,30.0,5.0,44100,bird,1.0
23,./kaggletest/nubwoo1/,XC146970.ogg,57.31265306122449,0,35.0,5.0,44100,bird,1.0
24,./kaggletest/nubwoo1/,XC146970.ogg,57.31265306122449,0,40.0,5.0,44100,bird,1.0
25,./kaggletest/nubwoo1/,XC146970.ogg,57.31265306122449,0,45.0,5.0,44100,bird,1.0
26,./kaggletest/nubwoo1/,XC146970.ogg,57.31265306122449,0,50.0,5.0,44100,bird,1.0
27,./kaggletest/nubwoo1/,XC252767.ogg,5.642426303854875,0,0.0,5.0,44100,bird,1.0
28,./kaggletest/nubwoo1/,XC252766.ogg,15.595079365079364,0,0.0,5.0,44100,bird,1.0
29,./kaggletest/nubwoo1/,XC252766.ogg,15.595079365079364,0,5.0,5.0,44100,bird,1.0
30,./kaggletest/nubwoo1/,XC252766.ogg,15.595079365079364,0,10.0,5.0,44100,bird,1.0
31,./kaggletest/nubwoo1/,XC537149.ogg,13.008956916099773,0,0.0,5.0,44100,bird,1.0
32,./kaggletest/nubwoo1/,XC537149.ogg,13.008956916099773,0,5.0,5.0,44100,bird,1.0
33,./kaggletest/nubwoo1/,XC430279.ogg,11.963990929705215,0,0.0,5.0,44100,bird,1.0
34,./kaggletest/nubwoo1/,XC430279.ogg,11.963990929705215,0,5.0,5.0,44100,bird,1.0
35,./kaggletest/nubwoo1/,XC527937.ogg,14.88,0,0.0,5.0,44100,bird,1.0
36,./kaggletest/nubwoo1/,XC527937.ogg,14.88,0,5.0,5.0,44100,bird,1.0
37,./kaggletest/nubwoo1/,XC134951.ogg,5.250612244897959,0,0.0,5.0,44100,bird,1.0
38,./kaggletest/nubwoo1/,XC639034.ogg,20.663990929705214,0,0.0,5.0,44100,bird,1.0
39,./kaggletest/nubwoo1/,XC639034.ogg,20.663990929705214,0,5.0,5.0,44100,bird,1.0
40,./kaggletest/nubwoo1/,XC639034.ogg,20.663990929705214,0,10.0,5.0,44100,bird,1.0
41,./kaggletest/nubwoo1/,XC639034.ogg,20.663990929705214,0,15.0,5.0,44100,bird,1.0
42,./kaggletest/nubwoo1/,XC428357.ogg,7.496984126984127,0,0.0,5.0,44100,bird,1.0
43,./kaggletest/nubwoo1/,XC281995.ogg,148.66283446712018,0,0.0,5.0,44100,bird,1.0
44,./kaggletest/nubwoo1/,XC281995.ogg,148.66283446712018,0,5.0,5.0,44100,bird,1.0
45,./kaggletest/nubwoo1/,XC281995.ogg,148.66283446712018,0,10.0,5.0,44100,bird,1.0
46,./kaggletest/nubwoo1/,XC281995.ogg,148.66283446712018,0,15.0,5.0,44100,bird,1.0
47,./kaggletest/nubwoo1/,XC281995.ogg,148.66283446712018,0,20.0,5.0,44100,bird,1.0
48,./kaggletest/nubwoo1/,XC281995.ogg,148.66283446712018,0,25.0,5.0,44100,bird,1.0
49,./kaggletest/nubwoo1/,XC281995.ogg,148.66283446712018,0,30.0,5.0,44100,bird,1.0
50,./kaggletest/nubwoo1/,XC281995.ogg,148.66283446712018,0,35.0,5.0,44100,bird,1.0
51,./kaggletest/nubwoo1/,XC281995.ogg,148.66283446712018,0,40.0,5.0,44100,bird,1.0
52,./kaggletest/nubwoo1/,XC281995.ogg,148.66283446712018,0,75.0,5.0,44100,bird,1.0
53,./kaggletest/nubwoo1/,XC281995.ogg,148.66283446712018,0,90.0,5.0,44100,bird,1.0
54,./kaggletest/nubwoo1/,XC281995.ogg,148.66283446712018,0,105.0,5.0,44100,bird,1.0
55,./kaggletest/nubwoo1/,XC281995.ogg,148.66283446712018,0,125.0,5.0,44100,bird,1.0
56,./kaggletest/nubwoo1/,XC281995.ogg,148.66283446712018,0,135.0,5.0,44100,bird,1.0
57,./kaggletest/nubwoo1/,XC527892.ogg,13.96798185941043,0,0.0,5.0,44100,bird,1.0
58,./kaggletest/nubwoo1/,XC527892.ogg,13.96798185941043,0,5.0,5.0,44100,bird,1.0
