,FOLDER,IN FILE,CLIP LENGTH,CHANNEL,OFFSET,DURATION,SAMPLE RATE,MANUAL ID,CONFIDENCE
0,./kaggletest/pabspa1/,XC752935.ogg,27.48079365079365,0,0.0,5.0,44100,bird,1.0
1,./kaggletest/pabspa1/,XC752935.ogg,27.48079365079365,0,5.0,5.0,44100,bird,1.0
2,./kaggletest/pabspa1/,XC752935.ogg,27.48079365079365,0,10.0,5.0,44100,bird,1.0
3,./kaggletest/pabspa1/,XC752935.ogg,27.48079365079365,0,15.0,5.0,44100,bird,1.0
4,./kaggletest/pabspa1/,XC752935.ogg,27.48079365079365,0,20.0,5.0,44100,bird,1.0
5,./kaggletest/pabspa1/,XC750199.ogg,22.62201814058957,0,0.0,5.0,44100,bird,1.0
6,./kaggletest/pabspa1/,XC750199.ogg,22.62201814058957,0,5.0,5.0,44100,bird,1.0
7,./kaggletest/pabspa1/,XC750199.ogg,22.62201814058957,0,10.0,5.0,44100,bird,1.0
8,./kaggletest/pabspa1/,XC750199.ogg,22.62201814058957,0,15.0,5.0,44100,bird,1.0
9,./kaggletest/pabspa1/,XC394648.ogg,31.415986394557823,0,0.0,5.0,44100,bird,1.0
10,./kaggletest/pabspa1/,XC394648.ogg,31.415986394557823,0,5.0,5.0,44100,bird,1.0
11,./kaggletest/pabspa1/,XC394648.ogg,31.415986394557823,0,10.0,5.0,44100,bird,1.0
12,./kaggletest/pabspa1/,XC394648.ogg,31.415986394557823,0,15.0,5.0,44100,bird,1.0
13,./kaggletest/pabspa1/,XC394648.ogg,31.415986394557823,0,20.0,5.0,44100,bird,1.0
14,./kaggletest/pabspa1/,XC394648.ogg,31.415986394557823,0,25.0,5.0,44100,bird,1.0
15,./kaggletest/pabspa1/,XC234411.ogg,31.32079365079365,0,5.0,5.0,44100,bird,1.0
16,./kaggletest/pabspa1/,XC234411.ogg,31.32079365079365,0,10.0,5.0,44100,bird,1.0
17,./kaggletest/pabspa1/,XC234411.ogg,31.32079365079365,0,15.0,5.0,44100,bird,1.0
18,./kaggletest/pabspa1/,XC234411.ogg,31.32079365079365,0,20.0,5.0,44100,bird,1.0
19,./kaggletest/pabspa1/,XC234411.ogg,31.32079365079365,0,25.0,5.0,44100,bird,1.0
20,./kaggletest/pabspa1/,XC398465.ogg,54.51698412698413,0,0.0,5.0,44100,bird,1.0
21,./kaggletest/pabspa1/,XC398465.ogg,54.51698412698413,0,5.0,5.0,44100,bird,1.0
22,./kaggletest/pabspa1/,XC398465.ogg,54.51698412698413,0,10.0,5.0,44100,bird,1.0
23,./kaggletest/pabspa1/,XC398465.ogg,54.51698412698413,0,15.0,5.0,44100,bird,1.0
24,./kaggletest/pabspa1/,XC398465.ogg,54.51698412698413,0,20.0,5.0,44100,bird,1.0
25,./kaggletest/pabspa1/,XC398465.ogg,54.51698412698413,0,25.0,5.0,44100,bird,1.0
26,./kaggletest/pabspa1/,XC398465.ogg,54.51698412698413,0,30.0,5.0,44100,bird,1.0
27,./kaggletest/pabspa1/,XC398465.ogg,54.51698412698413,0,35.0,5.0,44100,bird,1.0
28,./kaggletest/pabspa1/,XC398465.ogg,54.51698412698413,0,40.0,5.0,44100,bird,1.0
29,./kaggletest/pabspa1/,XC398465.ogg,54.51698412698413,0,45.0,5.0,44100,bird,1.0
30,./kaggletest/pabspa1/,XC398387.ogg,12.668979591836734,0,0.0,5.0,44100,bird,1.0
31,./kaggletest/pabspa1/,XC398387.ogg,12.668979591836734,0,5.0,5.0,44100,bird,1.0
