,FOLDER,IN FILE,CLIP LENGTH,CHANNEL,OFFSET,DURATION,SAMPLE RATE,MANUAL ID,CONFIDENCE
0,./kaggletest/palpri1/,XC268494.ogg,11.447981859410431,0,0.0,5.0,44100,bird,1.0
1,./kaggletest/palpri1/,XC268494.ogg,11.447981859410431,0,5.0,5.0,44100,bird,1.0
2,./kaggletest/palpri1/,XC268495.ogg,10.56,0,0.0,5.0,44100,bird,1.0
3,./kaggletest/palpri1/,XC268495.ogg,10.56,0,5.0,5.0,44100,bird,1.0
4,./kaggletest/palpri1/,XC268497.ogg,36.72,0,0.0,5.0,44100,bird,1.0
5,./kaggletest/palpri1/,XC268497.ogg,36.72,0,5.0,5.0,44100,bird,1.0
6,./kaggletest/palpri1/,XC268497.ogg,36.72,0,10.0,5.0,44100,bird,1.0
7,./kaggletest/palpri1/,XC268497.ogg,36.72,0,15.0,5.0,44100,bird,1.0
8,./kaggletest/palpri1/,XC268497.ogg,36.72,0,20.0,5.0,44100,bird,1.0
9,./kaggletest/palpri1/,XC268497.ogg,36.72,0,25.0,5.0,44100,bird,1.0
10,./kaggletest/palpri1/,XC268497.ogg,36.72,0,30.0,5.0,44100,bird,1.0
11,./kaggletest/palpri1/,XC268496.ogg,36.431995464852605,0,0.0,5.0,44100,bird,1.0
12,./kaggletest/palpri1/,XC268496.ogg,36.431995464852605,0,5.0,5.0,44100,bird,1.0
13,./kaggletest/palpri1/,XC268496.ogg,36.431995464852605,0,10.0,5.0,44100,bird,1.0
14,./kaggletest/palpri1/,XC268496.ogg,36.431995464852605,0,15.0,5.0,44100,bird,1.0
15,./kaggletest/palpri1/,XC268496.ogg,36.431995464852605,0,20.0,5.0,44100,bird,1.0
16,./kaggletest/palpri1/,XC268496.ogg,36.431995464852605,0,25.0,5.0,44100,bird,1.0
17,./kaggletest/palpri1/,XC268496.ogg,36.431995464852605,0,30.0,5.0,44100,bird,1.0
