,FOLDER,IN FILE,CLIP LENGTH,CHANNEL,OFFSET,DURATION,SAMPLE RATE,MANUAL ID,CONFIDENCE
0,./kaggletest/piekin1/,XC615842.ogg,7.079183673469387,0,0.0,5.0,44100,bird,1.0
1,./kaggletest/piekin1/,XC615881.ogg,76.56489795918367,0,0.0,5.0,44100,bird,1.0
2,./kaggletest/piekin1/,XC615881.ogg,76.56489795918367,0,15.0,5.0,44100,bird,1.0
3,./kaggletest/piekin1/,XC615881.ogg,76.56489795918367,0,20.0,5.0,44100,bird,1.0
4,./kaggletest/piekin1/,XC615881.ogg,76.56489795918367,0,25.0,5.0,44100,bird,1.0
5,./kaggletest/piekin1/,XC615881.ogg,76.56489795918367,0,30.0,5.0,44100,bird,1.0
6,./kaggletest/piekin1/,XC615881.ogg,76.56489795918367,0,35.0,5.0,44100,bird,1.0
7,./kaggletest/piekin1/,XC615881.ogg,76.56489795918367,0,40.0,5.0,44100,bird,1.0
8,./kaggletest/piekin1/,XC195766.ogg,60.342834467120184,0,0.0,5.0,44100,bird,1.0
9,./kaggletest/piekin1/,XC195766.ogg,60.342834467120184,0,5.0,5.0,44100,bird,1.0
10,./kaggletest/piekin1/,XC195766.ogg,60.342834467120184,0,10.0,5.0,44100,bird,1.0
11,./kaggletest/piekin1/,XC195766.ogg,60.342834467120184,0,15.0,5.0,44100,bird,1.0
12,./kaggletest/piekin1/,XC195766.ogg,60.342834467120184,0,20.0,5.0,44100,bird,1.0
13,./kaggletest/piekin1/,XC195766.ogg,60.342834467120184,0,25.0,5.0,44100,bird,1.0
14,./kaggletest/piekin1/,XC195766.ogg,60.342834467120184,0,30.0,5.0,44100,bird,1.0
15,./kaggletest/piekin1/,XC195766.ogg,60.342834467120184,0,35.0,5.0,44100,bird,1.0
16,./kaggletest/piekin1/,XC195766.ogg,60.342834467120184,0,40.0,5.0,44100,bird,1.0
17,./kaggletest/piekin1/,XC195766.ogg,60.342834467120184,0,45.0,5.0,44100,bird,1.0
18,./kaggletest/piekin1/,XC195766.ogg,60.342834467120184,0,50.0,5.0,44100,bird,1.0
19,./kaggletest/piekin1/,XC195766.ogg,60.342834467120184,0,55.0,5.0,44100,bird,1.0
20,./kaggletest/piekin1/,XC515975.wav,5.0,0,0.0,5.0,44100,bird,1.0
21,./kaggletest/piekin1/,XC517409.wav,5.0,0,0.0,5.0,44100,bird,1.0
22,./kaggletest/piekin1/,XC211031.ogg,10.161609977324263,0,5.0,5.0,44100,bird,1.0
23,./kaggletest/piekin1/,XC195767.ogg,20.558367346938777,0,0.0,5.0,44100,bird,1.0
24,./kaggletest/piekin1/,XC195767.ogg,20.558367346938777,0,5.0,5.0,44100,bird,1.0
25,./kaggletest/piekin1/,XC195767.ogg,20.558367346938777,0,10.0,5.0,44100,bird,1.0
26,./kaggletest/piekin1/,XC615841.ogg,52.584489795918365,0,0.0,5.0,44100,bird,1.0
27,./kaggletest/piekin1/,XC615841.ogg,52.584489795918365,0,5.0,5.0,44100,bird,1.0
28,./kaggletest/piekin1/,XC615841.ogg,52.584489795918365,0,25.0,5.0,44100,bird,1.0
29,./kaggletest/piekin1/,XC615841.ogg,52.584489795918365,0,30.0,5.0,44100,bird,1.0
30,./kaggletest/piekin1/,XC615841.ogg,52.584489795918365,0,45.0,5.0,44100,bird,1.0
31,./kaggletest/piekin1/,XC195765.ogg,43.59836734693877,0,10.0,5.0,44100,bird,1.0
32,./kaggletest/piekin1/,XC195765.ogg,43.59836734693877,0,25.0,5.0,44100,bird,1.0
33,./kaggletest/piekin1/,XC195765.ogg,43.59836734693877,0,30.0,5.0,44100,bird,1.0
34,./kaggletest/piekin1/,XC195765.ogg,43.59836734693877,0,35.0,5.0,44100,bird,1.0
35,./kaggletest/piekin1/,XC515973.ogg,8.855986394557823,0,0.0,5.0,44100,bird,1.0
36,./kaggletest/piekin1/,XC364527.ogg,13.2,0,0.0,5.0,44100,bird,1.0
37,./kaggletest/piekin1/,XC364527.ogg,13.2,0,5.0,5.0,44100,bird,1.0
38,./kaggletest/piekin1/,XC615840.ogg,92.10773242630385,0,0.0,5.0,44100,bird,1.0
39,./kaggletest/piekin1/,XC615840.ogg,92.10773242630385,0,5.0,5.0,44100,bird,1.0
40,./kaggletest/piekin1/,XC615840.ogg,92.10773242630385,0,10.0,5.0,44100,bird,1.0
41,./kaggletest/piekin1/,XC615840.ogg,92.10773242630385,0,15.0,5.0,44100,bird,1.0
42,./kaggletest/piekin1/,XC615840.ogg,92.10773242630385,0,25.0,5.0,44100,bird,1.0
43,./kaggletest/piekin1/,XC615840.ogg,92.10773242630385,0,30.0,5.0,44100,bird,1.0
44,./kaggletest/piekin1/,XC615840.ogg,92.10773242630385,0,45.0,5.0,44100,bird,1.0
45,./kaggletest/piekin1/,XC615840.ogg,92.10773242630385,0,50.0,5.0,44100,bird,1.0
46,./kaggletest/piekin1/,XC615840.ogg,92.10773242630385,0,55.0,5.0,44100,bird,1.0
47,./kaggletest/piekin1/,XC615840.ogg,92.10773242630385,0,60.0,5.0,44100,bird,1.0
48,./kaggletest/piekin1/,XC615840.ogg,92.10773242630385,0,65.0,5.0,44100,bird,1.0
49,./kaggletest/piekin1/,XC615840.ogg,92.10773242630385,0,70.0,5.0,44100,bird,1.0
50,./kaggletest/piekin1/,XC615840.ogg,92.10773242630385,0,80.0,5.0,44100,bird,1.0
51,./kaggletest/piekin1/,XC369952.ogg,9.142834467120181,0,0.0,5.0,44100,bird,1.0
52,./kaggletest/piekin1/,XC213967.ogg,82.20732426303854,0,0.0,5.0,44100,bird,1.0
53,./kaggletest/piekin1/,XC213967.ogg,82.20732426303854,0,5.0,5.0,44100,bird,1.0
54,./kaggletest/piekin1/,XC213967.ogg,82.20732426303854,0,10.0,5.0,44100,bird,1.0
55,./kaggletest/piekin1/,XC213967.ogg,82.20732426303854,0,15.0,5.0,44100,bird,1.0
56,./kaggletest/piekin1/,XC213967.ogg,82.20732426303854,0,20.0,5.0,44100,bird,1.0
57,./kaggletest/piekin1/,XC213967.ogg,82.20732426303854,0,25.0,5.0,44100,bird,1.0
58,./kaggletest/piekin1/,XC213967.ogg,82.20732426303854,0,30.0,5.0,44100,bird,1.0
59,./kaggletest/piekin1/,XC213967.ogg,82.20732426303854,0,35.0,5.0,44100,bird,1.0
60,./kaggletest/piekin1/,XC213967.ogg,82.20732426303854,0,40.0,5.0,44100,bird,1.0
61,./kaggletest/piekin1/,XC213967.ogg,82.20732426303854,0,45.0,5.0,44100,bird,1.0
62,./kaggletest/piekin1/,XC213967.ogg,82.20732426303854,0,50.0,5.0,44100,bird,1.0
63,./kaggletest/piekin1/,XC213967.ogg,82.20732426303854,0,55.0,5.0,44100,bird,1.0
64,./kaggletest/piekin1/,XC213967.ogg,82.20732426303854,0,60.0,5.0,44100,bird,1.0
65,./kaggletest/piekin1/,XC213967.ogg,82.20732426303854,0,65.0,5.0,44100,bird,1.0
66,./kaggletest/piekin1/,XC213967.ogg,82.20732426303854,0,70.0,5.0,44100,bird,1.0
67,./kaggletest/piekin1/,XC213967.ogg,82.20732426303854,0,75.0,5.0,44100,bird,1.0
68,./kaggletest/piekin1/,XC341770.wav,5.0,0,0.0,5.0,44100,bird,1.0
69,./kaggletest/piekin1/,XC211621.wav,5.0,0,0.0,5.0,44100,bird,1.0
70,./kaggletest/piekin1/,XC190977.ogg,13.703990929705215,0,0.0,5.0,44100,bird,1.0
71,./kaggletest/piekin1/,XC190977.ogg,13.703990929705215,0,5.0,5.0,44100,bird,1.0
72,./kaggletest/piekin1/,XC156887.ogg,12.173061224489796,0,0.0,5.0,44100,bird,1.0
73,./kaggletest/piekin1/,XC156887.ogg,12.173061224489796,0,5.0,5.0,44100,bird,1.0
74,./kaggletest/piekin1/,XC324927.ogg,42.04798185941043,0,0.0,5.0,44100,bird,1.0
75,./kaggletest/piekin1/,XC324927.ogg,42.04798185941043,0,5.0,5.0,44100,bird,1.0
76,./kaggletest/piekin1/,XC324927.ogg,42.04798185941043,0,10.0,5.0,44100,bird,1.0
77,./kaggletest/piekin1/,XC324927.ogg,42.04798185941043,0,15.0,5.0,44100,bird,1.0
78,./kaggletest/piekin1/,XC324927.ogg,42.04798185941043,0,20.0,5.0,44100,bird,1.0
79,./kaggletest/piekin1/,XC324927.ogg,42.04798185941043,0,25.0,5.0,44100,bird,1.0
80,./kaggletest/piekin1/,XC324927.ogg,42.04798185941043,0,30.0,5.0,44100,bird,1.0
81,./kaggletest/piekin1/,XC324927.ogg,42.04798185941043,0,35.0,5.0,44100,bird,1.0
82,./kaggletest/piekin1/,XC515828.ogg,16.583990929705216,0,0.0,5.0,44100,bird,1.0
83,./kaggletest/piekin1/,XC515828.ogg,16.583990929705216,0,5.0,5.0,44100,bird,1.0
84,./kaggletest/piekin1/,XC515828.ogg,16.583990929705216,0,10.0,5.0,44100,bird,1.0
85,./kaggletest/piekin1/,XC638453.ogg,37.22399092970522,0,0.0,5.0,44100,bird,1.0
86,./kaggletest/piekin1/,XC638453.ogg,37.22399092970522,0,5.0,5.0,44100,bird,1.0
87,./kaggletest/piekin1/,XC638453.ogg,37.22399092970522,0,10.0,5.0,44100,bird,1.0
88,./kaggletest/piekin1/,XC638453.ogg,37.22399092970522,0,15.0,5.0,44100,bird,1.0
89,./kaggletest/piekin1/,XC638453.ogg,37.22399092970522,0,20.0,5.0,44100,bird,1.0
90,./kaggletest/piekin1/,XC638453.ogg,37.22399092970522,0,25.0,5.0,44100,bird,1.0
91,./kaggletest/piekin1/,XC638453.ogg,37.22399092970522,0,30.0,5.0,44100,bird,1.0
92,./kaggletest/piekin1/,XC517391.ogg,5.2319954648526075,0,0.0,5.0,44100,bird,1.0
93,./kaggletest/piekin1/,XC515974.ogg,12.527981859410431,0,0.0,5.0,44100,bird,1.0
94,./kaggletest/piekin1/,XC515974.ogg,12.527981859410431,0,5.0,5.0,44100,bird,1.0
95,./kaggletest/piekin1/,XC714345.ogg,29.910204081632653,0,0.0,5.0,44100,bird,1.0
96,./kaggletest/piekin1/,XC714345.ogg,29.910204081632653,0,5.0,5.0,44100,bird,1.0
97,./kaggletest/piekin1/,XC714345.ogg,29.910204081632653,0,10.0,5.0,44100,bird,1.0
98,./kaggletest/piekin1/,XC714345.ogg,29.910204081632653,0,15.0,5.0,44100,bird,1.0
99,./kaggletest/piekin1/,XC714345.ogg,29.910204081632653,0,20.0,5.0,44100,bird,1.0
100,./kaggletest/piekin1/,XC517390.ogg,6.071995464852607,0,0.0,5.0,44100,bird,1.0
101,./kaggletest/piekin1/,XC304000.ogg,10.553446712018141,0,0.0,5.0,44100,bird,1.0
102,./kaggletest/piekin1/,XC515829.ogg,11.375986394557824,0,0.0,5.0,44100,bird,1.0
103,./kaggletest/piekin1/,XC515829.ogg,11.375986394557824,0,5.0,5.0,44100,bird,1.0
104,./kaggletest/piekin1/,XC686233.wav,5.0,0,0.0,5.0,44100,bird,1.0
105,./kaggletest/piekin1/,XC476480.ogg,12.143990929705215,0,0.0,5.0,44100,bird,1.0
106,./kaggletest/piekin1/,XC476480.ogg,12.143990929705215,0,5.0,5.0,44100,bird,1.0
107,./kaggletest/piekin1/,XC616333.ogg,26.070204081632653,0,0.0,5.0,44100,bird,1.0
108,./kaggletest/piekin1/,XC616333.ogg,26.070204081632653,0,10.0,5.0,44100,bird,1.0
109,./kaggletest/piekin1/,XC616333.ogg,26.070204081632653,0,15.0,5.0,44100,bird,1.0
110,./kaggletest/piekin1/,XC616333.ogg,26.070204081632653,0,20.0,5.0,44100,bird,1.0
111,./kaggletest/piekin1/,XC615612.ogg,46.60242630385488,0,0.0,5.0,44100,bird,1.0
112,./kaggletest/piekin1/,XC615612.ogg,46.60242630385488,0,10.0,5.0,44100,bird,1.0
113,./kaggletest/piekin1/,XC615612.ogg,46.60242630385488,0,15.0,5.0,44100,bird,1.0
114,./kaggletest/piekin1/,XC615612.ogg,46.60242630385488,0,20.0,5.0,44100,bird,1.0
115,./kaggletest/piekin1/,XC615612.ogg,46.60242630385488,0,25.0,5.0,44100,bird,1.0
116,./kaggletest/piekin1/,XC615612.ogg,46.60242630385488,0,30.0,5.0,44100,bird,1.0
117,./kaggletest/piekin1/,XC615612.ogg,46.60242630385488,0,35.0,5.0,44100,bird,1.0
118,./kaggletest/piekin1/,XC615612.ogg,46.60242630385488,0,40.0,5.0,44100,bird,1.0
119,./kaggletest/piekin1/,XC125788.ogg,14.288956916099773,0,0.0,5.0,44100,bird,1.0
120,./kaggletest/piekin1/,XC125788.ogg,14.288956916099773,0,5.0,5.0,44100,bird,1.0
121,./kaggletest/piekin1/,XC608521.ogg,19.381995464852608,0,0.0,5.0,44100,bird,1.0
122,./kaggletest/piekin1/,XC608521.ogg,19.381995464852608,0,5.0,5.0,44100,bird,1.0
123,./kaggletest/piekin1/,XC608521.ogg,19.381995464852608,0,10.0,5.0,44100,bird,1.0
124,./kaggletest/piekin1/,XC622135.ogg,18.573061224489795,0,0.0,5.0,44100,bird,1.0
125,./kaggletest/piekin1/,XC622135.ogg,18.573061224489795,0,5.0,5.0,44100,bird,1.0
126,./kaggletest/piekin1/,XC622135.ogg,18.573061224489795,0,10.0,5.0,44100,bird,1.0
127,./kaggletest/piekin1/,XC721366.ogg,26.070204081632653,0,0.0,5.0,44100,bird,1.0
128,./kaggletest/piekin1/,XC721366.ogg,26.070204081632653,0,5.0,5.0,44100,bird,1.0
129,./kaggletest/piekin1/,XC721366.ogg,26.070204081632653,0,10.0,5.0,44100,bird,1.0
130,./kaggletest/piekin1/,XC721366.ogg,26.070204081632653,0,15.0,5.0,44100,bird,1.0
131,./kaggletest/piekin1/,XC721366.ogg,26.070204081632653,0,20.0,5.0,44100,bird,1.0
132,./kaggletest/piekin1/,XC154207.ogg,9.038367346938776,0,0.0,5.0,44100,bird,1.0
133,./kaggletest/piekin1/,XC515912.ogg,6.96,0,0.0,5.0,44100,bird,1.0
134,./kaggletest/piekin1/,XC515913.ogg,11.135986394557824,0,0.0,5.0,44100,bird,1.0
135,./kaggletest/piekin1/,XC515913.ogg,11.135986394557824,0,5.0,5.0,44100,bird,1.0
136,./kaggletest/piekin1/,XC608939.ogg,10.579591836734695,0,0.0,5.0,44100,bird,1.0
137,./kaggletest/piekin1/,XC608939.ogg,10.579591836734695,0,5.0,5.0,44100,bird,1.0
138,./kaggletest/piekin1/,XC608681.ogg,10.579591836734695,0,0.0,5.0,44100,bird,1.0
139,./kaggletest/piekin1/,XC608681.ogg,10.579591836734695,0,5.0,5.0,44100,bird,1.0
140,./kaggletest/piekin1/,XC369936.ogg,12.93061224489796,0,0.0,5.0,44100,bird,1.0
141,./kaggletest/piekin1/,XC369936.ogg,12.93061224489796,0,5.0,5.0,44100,bird,1.0
142,./kaggletest/piekin1/,XC203057.wav,5.0,0,0.0,5.0,44100,bird,1.0
143,./kaggletest/piekin1/,XC515898.ogg,10.631995464852608,0,0.0,5.0,44100,bird,1.0
144,./kaggletest/piekin1/,XC515898.ogg,10.631995464852608,0,5.0,5.0,44100,bird,1.0
145,./kaggletest/piekin1/,XC616495.ogg,8.594263038548753,0,0.0,5.0,44100,bird,1.0
146,./kaggletest/piekin1/,XC616456.ogg,52.11426303854875,0,0.0,5.0,44100,bird,1.0
147,./kaggletest/piekin1/,XC616456.ogg,52.11426303854875,0,5.0,5.0,44100,bird,1.0
148,./kaggletest/piekin1/,XC616456.ogg,52.11426303854875,0,10.0,5.0,44100,bird,1.0
149,./kaggletest/piekin1/,XC616456.ogg,52.11426303854875,0,15.0,5.0,44100,bird,1.0
150,./kaggletest/piekin1/,XC616456.ogg,52.11426303854875,0,25.0,5.0,44100,bird,1.0
151,./kaggletest/piekin1/,XC616456.ogg,52.11426303854875,0,30.0,5.0,44100,bird,1.0
152,./kaggletest/piekin1/,XC616456.ogg,52.11426303854875,0,40.0,5.0,44100,bird,1.0
153,./kaggletest/piekin1/,XC616456.ogg,52.11426303854875,0,45.0,5.0,44100,bird,1.0
154,./kaggletest/piekin1/,XC575149.ogg,18.886530612244897,0,0.0,5.0,44100,bird,1.0
155,./kaggletest/piekin1/,XC575149.ogg,18.886530612244897,0,5.0,5.0,44100,bird,1.0
156,./kaggletest/piekin1/,XC575149.ogg,18.886530612244897,0,10.0,5.0,44100,bird,1.0
157,./kaggletest/piekin1/,XC616046.ogg,11.572244897959184,0,0.0,5.0,44100,bird,1.0
158,./kaggletest/piekin1/,XC616046.ogg,11.572244897959184,0,5.0,5.0,44100,bird,1.0
159,./kaggletest/piekin1/,XC615765.ogg,99.08242630385487,0,5.0,5.0,44100,bird,1.0
160,./kaggletest/piekin1/,XC615765.ogg,99.08242630385487,0,10.0,5.0,44100,bird,1.0
161,./kaggletest/piekin1/,XC615765.ogg,99.08242630385487,0,25.0,5.0,44100,bird,1.0
162,./kaggletest/piekin1/,XC615765.ogg,99.08242630385487,0,30.0,5.0,44100,bird,1.0
163,./kaggletest/piekin1/,XC615765.ogg,99.08242630385487,0,35.0,5.0,44100,bird,1.0
164,./kaggletest/piekin1/,XC615765.ogg,99.08242630385487,0,55.0,5.0,44100,bird,1.0
165,./kaggletest/piekin1/,XC615765.ogg,99.08242630385487,0,65.0,5.0,44100,bird,1.0
166,./kaggletest/piekin1/,XC615765.ogg,99.08242630385487,0,70.0,5.0,44100,bird,1.0
167,./kaggletest/piekin1/,XC615765.ogg,99.08242630385487,0,75.0,5.0,44100,bird,1.0
168,./kaggletest/piekin1/,XC515911.ogg,12.88798185941043,0,0.0,5.0,44100,bird,1.0
169,./kaggletest/piekin1/,XC515911.ogg,12.88798185941043,0,5.0,5.0,44100,bird,1.0
170,./kaggletest/piekin1/,XC227643.ogg,5.851428571428571,0,0.0,5.0,44100,bird,1.0
171,./kaggletest/piekin1/,XC515901.ogg,6.263990929705216,0,0.0,5.0,44100,bird,1.0
172,./kaggletest/piekin1/,XC700146.ogg,12.263990929705216,0,0.0,5.0,44100,bird,1.0
173,./kaggletest/piekin1/,XC700146.ogg,12.263990929705216,0,5.0,5.0,44100,bird,1.0
174,./kaggletest/piekin1/,XC321592.ogg,22.583990929705216,0,5.0,5.0,44100,bird,1.0
175,./kaggletest/piekin1/,XC321592.ogg,22.583990929705216,0,10.0,5.0,44100,bird,1.0
176,./kaggletest/piekin1/,XC321592.ogg,22.583990929705216,0,15.0,5.0,44100,bird,1.0
177,./kaggletest/piekin1/,XC616334.ogg,37.09385487528345,0,0.0,5.0,44100,bird,1.0
178,./kaggletest/piekin1/,XC616334.ogg,37.09385487528345,0,5.0,5.0,44100,bird,1.0
179,./kaggletest/piekin1/,XC616334.ogg,37.09385487528345,0,15.0,5.0,44100,bird,1.0
180,./kaggletest/piekin1/,XC616334.ogg,37.09385487528345,0,20.0,5.0,44100,bird,1.0
181,./kaggletest/piekin1/,XC616334.ogg,37.09385487528345,0,25.0,5.0,44100,bird,1.0
182,./kaggletest/piekin1/,XC616334.ogg,37.09385487528345,0,30.0,5.0,44100,bird,1.0
183,./kaggletest/piekin1/,XC616452.ogg,59.61142857142857,0,0.0,5.0,44100,bird,1.0
184,./kaggletest/piekin1/,XC616452.ogg,59.61142857142857,0,5.0,5.0,44100,bird,1.0
185,./kaggletest/piekin1/,XC616452.ogg,59.61142857142857,0,10.0,5.0,44100,bird,1.0
186,./kaggletest/piekin1/,XC616452.ogg,59.61142857142857,0,15.0,5.0,44100,bird,1.0
187,./kaggletest/piekin1/,XC616452.ogg,59.61142857142857,0,20.0,5.0,44100,bird,1.0
188,./kaggletest/piekin1/,XC616452.ogg,59.61142857142857,0,25.0,5.0,44100,bird,1.0
189,./kaggletest/piekin1/,XC616452.ogg,59.61142857142857,0,30.0,5.0,44100,bird,1.0
190,./kaggletest/piekin1/,XC616452.ogg,59.61142857142857,0,35.0,5.0,44100,bird,1.0
191,./kaggletest/piekin1/,XC616452.ogg,59.61142857142857,0,40.0,5.0,44100,bird,1.0
192,./kaggletest/piekin1/,XC616452.ogg,59.61142857142857,0,45.0,5.0,44100,bird,1.0
193,./kaggletest/piekin1/,XC616493.ogg,14.08,0,0.0,5.0,44100,bird,1.0
194,./kaggletest/piekin1/,XC616493.ogg,14.08,0,5.0,5.0,44100,bird,1.0
195,./kaggletest/piekin1/,XC548741.ogg,17.351995464852607,0,0.0,5.0,44100,bird,1.0
196,./kaggletest/piekin1/,XC548741.ogg,17.351995464852607,0,5.0,5.0,44100,bird,1.0
197,./kaggletest/piekin1/,XC548741.ogg,17.351995464852607,0,10.0,5.0,44100,bird,1.0
198,./kaggletest/piekin1/,XC615763.ogg,62.093061224489794,0,5.0,5.0,44100,bird,1.0
199,./kaggletest/piekin1/,XC615763.ogg,62.093061224489794,0,10.0,5.0,44100,bird,1.0
200,./kaggletest/piekin1/,XC615763.ogg,62.093061224489794,0,15.0,5.0,44100,bird,1.0
201,./kaggletest/piekin1/,XC615763.ogg,62.093061224489794,0,20.0,5.0,44100,bird,1.0
202,./kaggletest/piekin1/,XC615763.ogg,62.093061224489794,0,25.0,5.0,44100,bird,1.0
203,./kaggletest/piekin1/,XC615763.ogg,62.093061224489794,0,30.0,5.0,44100,bird,1.0
204,./kaggletest/piekin1/,XC615763.ogg,62.093061224489794,0,35.0,5.0,44100,bird,1.0
205,./kaggletest/piekin1/,XC615763.ogg,62.093061224489794,0,40.0,5.0,44100,bird,1.0
206,./kaggletest/piekin1/,XC615763.ogg,62.093061224489794,0,45.0,5.0,44100,bird,1.0
207,./kaggletest/piekin1/,XC615763.ogg,62.093061224489794,0,50.0,5.0,44100,bird,1.0
208,./kaggletest/piekin1/,XC615763.ogg,62.093061224489794,0,55.0,5.0,44100,bird,1.0
209,./kaggletest/piekin1/,XC615762.ogg,125.57061224489796,0,0.0,5.0,44100,bird,1.0
210,./kaggletest/piekin1/,XC615762.ogg,125.57061224489796,0,5.0,5.0,44100,bird,1.0
211,./kaggletest/piekin1/,XC615762.ogg,125.57061224489796,0,10.0,5.0,44100,bird,1.0
212,./kaggletest/piekin1/,XC615762.ogg,125.57061224489796,0,15.0,5.0,44100,bird,1.0
213,./kaggletest/piekin1/,XC615762.ogg,125.57061224489796,0,20.0,5.0,44100,bird,1.0
214,./kaggletest/piekin1/,XC615762.ogg,125.57061224489796,0,25.0,5.0,44100,bird,1.0
215,./kaggletest/piekin1/,XC615762.ogg,125.57061224489796,0,35.0,5.0,44100,bird,1.0
216,./kaggletest/piekin1/,XC615762.ogg,125.57061224489796,0,55.0,5.0,44100,bird,1.0
217,./kaggletest/piekin1/,XC615762.ogg,125.57061224489796,0,65.0,5.0,44100,bird,1.0
218,./kaggletest/piekin1/,XC615762.ogg,125.57061224489796,0,70.0,5.0,44100,bird,1.0
219,./kaggletest/piekin1/,XC615762.ogg,125.57061224489796,0,75.0,5.0,44100,bird,1.0
220,./kaggletest/piekin1/,XC515899.wav,5.0,0,0.0,5.0,44100,bird,1.0
221,./kaggletest/piekin1/,XC515889.ogg,10.223990929705215,0,0.0,5.0,44100,bird,1.0
222,./kaggletest/piekin1/,XC515889.ogg,10.223990929705215,0,5.0,5.0,44100,bird,1.0
223,./kaggletest/piekin1/,XC515890.ogg,5.927981859410431,0,0.0,5.0,44100,bird,1.0
224,./kaggletest/piekin1/,XC282964.wav,5.0,0,0.0,5.0,44100,bird,1.0
225,./kaggletest/piekin1/,XC303852.ogg,40.20242630385488,0,0.0,5.0,44100,bird,1.0
226,./kaggletest/piekin1/,XC303852.ogg,40.20242630385488,0,5.0,5.0,44100,bird,1.0
227,./kaggletest/piekin1/,XC303852.ogg,40.20242630385488,0,10.0,5.0,44100,bird,1.0
228,./kaggletest/piekin1/,XC303852.ogg,40.20242630385488,0,15.0,5.0,44100,bird,1.0
229,./kaggletest/piekin1/,XC397808.ogg,6.8959863945578235,0,0.0,5.0,44100,bird,1.0
230,./kaggletest/piekin1/,XC615622.wav,5.0,0,0.0,5.0,44100,bird,1.0
231,./kaggletest/piekin1/,XC453350.ogg,13.478979591836735,0,0.0,5.0,44100,bird,1.0
232,./kaggletest/piekin1/,XC453350.ogg,13.478979591836735,0,5.0,5.0,44100,bird,1.0
233,./kaggletest/piekin1/,XC515891.ogg,6.263990929705216,0,0.0,5.0,44100,bird,1.0
234,./kaggletest/piekin1/,XC615618.ogg,99.57877551020408,0,0.0,5.0,44100,bird,1.0
235,./kaggletest/piekin1/,XC615618.ogg,99.57877551020408,0,5.0,5.0,44100,bird,1.0
236,./kaggletest/piekin1/,XC615618.ogg,99.57877551020408,0,10.0,5.0,44100,bird,1.0
237,./kaggletest/piekin1/,XC615618.ogg,99.57877551020408,0,15.0,5.0,44100,bird,1.0
238,./kaggletest/piekin1/,XC615618.ogg,99.57877551020408,0,20.0,5.0,44100,bird,1.0
239,./kaggletest/piekin1/,XC615618.ogg,99.57877551020408,0,35.0,5.0,44100,bird,1.0
240,./kaggletest/piekin1/,XC615618.ogg,99.57877551020408,0,45.0,5.0,44100,bird,1.0
241,./kaggletest/piekin1/,XC615618.ogg,99.57877551020408,0,50.0,5.0,44100,bird,1.0
242,./kaggletest/piekin1/,XC615618.ogg,99.57877551020408,0,55.0,5.0,44100,bird,1.0
243,./kaggletest/piekin1/,XC615618.ogg,99.57877551020408,0,60.0,5.0,44100,bird,1.0
244,./kaggletest/piekin1/,XC615618.ogg,99.57877551020408,0,65.0,5.0,44100,bird,1.0
245,./kaggletest/piekin1/,XC615618.ogg,99.57877551020408,0,70.0,5.0,44100,bird,1.0
246,./kaggletest/piekin1/,XC615618.ogg,99.57877551020408,0,75.0,5.0,44100,bird,1.0
247,./kaggletest/piekin1/,XC615618.ogg,99.57877551020408,0,80.0,5.0,44100,bird,1.0
248,./kaggletest/piekin1/,XC615618.ogg,99.57877551020408,0,85.0,5.0,44100,bird,1.0
249,./kaggletest/piekin1/,XC142725.ogg,13.32,0,0.0,5.0,44100,bird,1.0
250,./kaggletest/piekin1/,XC142725.ogg,13.32,0,5.0,5.0,44100,bird,1.0
251,./kaggletest/piekin1/,XC753248.ogg,16.28909297052154,0,0.0,5.0,44100,bird,1.0
252,./kaggletest/piekin1/,XC753248.ogg,16.28909297052154,0,5.0,5.0,44100,bird,1.0
253,./kaggletest/piekin1/,XC753248.ogg,16.28909297052154,0,10.0,5.0,44100,bird,1.0
254,./kaggletest/piekin1/,XC615631.ogg,83.09548752834468,0,0.0,5.0,44100,bird,1.0
255,./kaggletest/piekin1/,XC615631.ogg,83.09548752834468,0,5.0,5.0,44100,bird,1.0
256,./kaggletest/piekin1/,XC615631.ogg,83.09548752834468,0,25.0,5.0,44100,bird,1.0
257,./kaggletest/piekin1/,XC615631.ogg,83.09548752834468,0,30.0,5.0,44100,bird,1.0
258,./kaggletest/piekin1/,XC615631.ogg,83.09548752834468,0,60.0,5.0,44100,bird,1.0
259,./kaggletest/piekin1/,XC615631.ogg,83.09548752834468,0,70.0,5.0,44100,bird,1.0
260,./kaggletest/piekin1/,XC615631.ogg,83.09548752834468,0,75.0,5.0,44100,bird,1.0
261,./kaggletest/piekin1/,XC515886.ogg,8.111995464852608,0,0.0,5.0,44100,bird,1.0
262,./kaggletest/piekin1/,XC515892.ogg,7.007981859410431,0,0.0,5.0,44100,bird,1.0
263,./kaggletest/piekin1/,XC615619.wav,5.0,0,0.0,5.0,44100,bird,1.0
264,./kaggletest/piekin1/,XC303854.ogg,24.47673469387755,0,0.0,5.0,44100,bird,1.0
265,./kaggletest/piekin1/,XC303854.ogg,24.47673469387755,0,5.0,5.0,44100,bird,1.0
266,./kaggletest/piekin1/,XC303854.ogg,24.47673469387755,0,10.0,5.0,44100,bird,1.0
267,./kaggletest/piekin1/,XC303854.ogg,24.47673469387755,0,15.0,5.0,44100,bird,1.0
268,./kaggletest/piekin1/,XC562203.ogg,8.351995464852608,0,0.0,5.0,44100,bird,1.0
269,./kaggletest/piekin1/,XC515909.ogg,8.663990929705216,0,0.0,5.0,44100,bird,1.0
270,./kaggletest/piekin1/,XC303855.ogg,8.96,0,0.0,5.0,44100,bird,1.0
271,./kaggletest/piekin1/,XC515895.ogg,7.223990929705216,0,0.0,5.0,44100,bird,1.0
272,./kaggletest/piekin1/,XC615627.wav,5.0,0,0.0,5.0,44100,bird,1.0
273,./kaggletest/piekin1/,XC621233.wav,5.0,0,0.0,5.0,44100,bird,1.0
274,./kaggletest/piekin1/,XC515894.ogg,8.351995464852608,0,0.0,5.0,44100,bird,1.0
275,./kaggletest/piekin1/,XC615863.ogg,30.58936507936508,0,0.0,5.0,44100,bird,1.0
276,./kaggletest/piekin1/,XC615863.ogg,30.58936507936508,0,5.0,5.0,44100,bird,1.0
277,./kaggletest/piekin1/,XC615863.ogg,30.58936507936508,0,10.0,5.0,44100,bird,1.0
278,./kaggletest/piekin1/,XC615863.ogg,30.58936507936508,0,15.0,5.0,44100,bird,1.0
279,./kaggletest/piekin1/,XC615863.ogg,30.58936507936508,0,20.0,5.0,44100,bird,1.0
280,./kaggletest/piekin1/,XC615863.ogg,30.58936507936508,0,25.0,5.0,44100,bird,1.0
281,./kaggletest/piekin1/,XC392127.ogg,74.03102040816327,0,0.0,5.0,44100,bird,1.0
282,./kaggletest/piekin1/,XC392127.ogg,74.03102040816327,0,5.0,5.0,44100,bird,1.0
283,./kaggletest/piekin1/,XC392127.ogg,74.03102040816327,0,10.0,5.0,44100,bird,1.0
284,./kaggletest/piekin1/,XC392127.ogg,74.03102040816327,0,15.0,5.0,44100,bird,1.0
285,./kaggletest/piekin1/,XC392127.ogg,74.03102040816327,0,20.0,5.0,44100,bird,1.0
286,./kaggletest/piekin1/,XC392127.ogg,74.03102040816327,0,25.0,5.0,44100,bird,1.0
287,./kaggletest/piekin1/,XC392127.ogg,74.03102040816327,0,30.0,5.0,44100,bird,1.0
288,./kaggletest/piekin1/,XC392127.ogg,74.03102040816327,0,35.0,5.0,44100,bird,1.0
289,./kaggletest/piekin1/,XC392127.ogg,74.03102040816327,0,60.0,5.0,44100,bird,1.0
290,./kaggletest/piekin1/,XC514864.ogg,18.07673469387755,0,5.0,5.0,44100,bird,1.0
291,./kaggletest/piekin1/,XC514864.ogg,18.07673469387755,0,10.0,5.0,44100,bird,1.0
292,./kaggletest/piekin1/,XC138412.ogg,19.173854875283446,0,0.0,5.0,44100,bird,1.0
293,./kaggletest/piekin1/,XC138412.ogg,19.173854875283446,0,5.0,5.0,44100,bird,1.0
294,./kaggletest/piekin1/,XC138412.ogg,19.173854875283446,0,10.0,5.0,44100,bird,1.0
295,./kaggletest/piekin1/,XC471025.ogg,73.05598639455782,0,0.0,5.0,44100,bird,1.0
296,./kaggletest/piekin1/,XC471025.ogg,73.05598639455782,0,5.0,5.0,44100,bird,1.0
297,./kaggletest/piekin1/,XC471025.ogg,73.05598639455782,0,10.0,5.0,44100,bird,1.0
298,./kaggletest/piekin1/,XC471025.ogg,73.05598639455782,0,15.0,5.0,44100,bird,1.0
299,./kaggletest/piekin1/,XC471025.ogg,73.05598639455782,0,20.0,5.0,44100,bird,1.0
300,./kaggletest/piekin1/,XC471025.ogg,73.05598639455782,0,25.0,5.0,44100,bird,1.0
301,./kaggletest/piekin1/,XC471025.ogg,73.05598639455782,0,30.0,5.0,44100,bird,1.0
302,./kaggletest/piekin1/,XC471025.ogg,73.05598639455782,0,35.0,5.0,44100,bird,1.0
303,./kaggletest/piekin1/,XC471025.ogg,73.05598639455782,0,40.0,5.0,44100,bird,1.0
304,./kaggletest/piekin1/,XC471025.ogg,73.05598639455782,0,45.0,5.0,44100,bird,1.0
305,./kaggletest/piekin1/,XC471025.ogg,73.05598639455782,0,50.0,5.0,44100,bird,1.0
306,./kaggletest/piekin1/,XC471025.ogg,73.05598639455782,0,55.0,5.0,44100,bird,1.0
307,./kaggletest/piekin1/,XC471025.ogg,73.05598639455782,0,60.0,5.0,44100,bird,1.0
308,./kaggletest/piekin1/,XC515831.ogg,8.135986394557824,0,0.0,5.0,44100,bird,1.0
309,./kaggletest/piekin1/,XC680489.ogg,5.328956916099774,0,0.0,5.0,44100,bird,1.0
310,./kaggletest/piekin1/,XC127492.ogg,39.99344671201814,0,0.0,5.0,44100,bird,1.0
311,./kaggletest/piekin1/,XC127492.ogg,39.99344671201814,0,5.0,5.0,44100,bird,1.0
312,./kaggletest/piekin1/,XC127492.ogg,39.99344671201814,0,10.0,5.0,44100,bird,1.0
313,./kaggletest/piekin1/,XC127492.ogg,39.99344671201814,0,15.0,5.0,44100,bird,1.0
314,./kaggletest/piekin1/,XC127492.ogg,39.99344671201814,0,20.0,5.0,44100,bird,1.0
315,./kaggletest/piekin1/,XC127492.ogg,39.99344671201814,0,25.0,5.0,44100,bird,1.0
316,./kaggletest/piekin1/,XC127492.ogg,39.99344671201814,0,30.0,5.0,44100,bird,1.0
317,./kaggletest/piekin1/,XC515833.ogg,6.503990929705216,0,0.0,5.0,44100,bird,1.0
318,./kaggletest/piekin1/,XC74071.ogg,28.238367346938777,0,0.0,5.0,44100,bird,1.0
319,./kaggletest/piekin1/,XC74071.ogg,28.238367346938777,0,5.0,5.0,44100,bird,1.0
320,./kaggletest/piekin1/,XC74071.ogg,28.238367346938777,0,10.0,5.0,44100,bird,1.0
321,./kaggletest/piekin1/,XC74071.ogg,28.238367346938777,0,15.0,5.0,44100,bird,1.0
322,./kaggletest/piekin1/,XC74071.ogg,28.238367346938777,0,20.0,5.0,44100,bird,1.0
323,./kaggletest/piekin1/,XC584680.ogg,21.43199546485261,0,0.0,5.0,44100,bird,1.0
324,./kaggletest/piekin1/,XC584680.ogg,21.43199546485261,0,5.0,5.0,44100,bird,1.0
325,./kaggletest/piekin1/,XC584680.ogg,21.43199546485261,0,10.0,5.0,44100,bird,1.0
326,./kaggletest/piekin1/,XC584680.ogg,21.43199546485261,0,15.0,5.0,44100,bird,1.0
327,./kaggletest/piekin1/,XC515827.ogg,14.4,0,5.0,5.0,44100,bird,1.0
328,./kaggletest/piekin1/,XC698198.ogg,5.64,0,0.0,5.0,44100,bird,1.0
329,./kaggletest/piekin1/,XC322195.ogg,21.383990929705217,0,0.0,5.0,44100,bird,1.0
330,./kaggletest/piekin1/,XC322195.ogg,21.383990929705217,0,5.0,5.0,44100,bird,1.0
331,./kaggletest/piekin1/,XC322195.ogg,21.383990929705217,0,10.0,5.0,44100,bird,1.0
332,./kaggletest/piekin1/,XC322195.ogg,21.383990929705217,0,15.0,5.0,44100,bird,1.0
333,./kaggletest/piekin1/,XC392130.ogg,42.16160997732426,0,0.0,5.0,44100,bird,1.0
334,./kaggletest/piekin1/,XC392130.ogg,42.16160997732426,0,5.0,5.0,44100,bird,1.0
335,./kaggletest/piekin1/,XC392130.ogg,42.16160997732426,0,25.0,5.0,44100,bird,1.0
336,./kaggletest/piekin1/,XC138410.ogg,51.64408163265306,0,0.0,5.0,44100,bird,1.0
337,./kaggletest/piekin1/,XC138410.ogg,51.64408163265306,0,5.0,5.0,44100,bird,1.0
338,./kaggletest/piekin1/,XC138410.ogg,51.64408163265306,0,10.0,5.0,44100,bird,1.0
339,./kaggletest/piekin1/,XC138410.ogg,51.64408163265306,0,15.0,5.0,44100,bird,1.0
340,./kaggletest/piekin1/,XC138410.ogg,51.64408163265306,0,25.0,5.0,44100,bird,1.0
341,./kaggletest/piekin1/,XC138410.ogg,51.64408163265306,0,30.0,5.0,44100,bird,1.0
342,./kaggletest/piekin1/,XC138410.ogg,51.64408163265306,0,35.0,5.0,44100,bird,1.0
343,./kaggletest/piekin1/,XC138410.ogg,51.64408163265306,0,40.0,5.0,44100,bird,1.0
344,./kaggletest/piekin1/,XC138410.ogg,51.64408163265306,0,45.0,5.0,44100,bird,1.0
345,./kaggletest/piekin1/,XC517412.ogg,9.191995464852608,0,0.0,5.0,44100,bird,1.0
346,./kaggletest/piekin1/,XC515826.ogg,7.391995464852608,0,0.0,5.0,44100,bird,1.0
347,./kaggletest/piekin1/,XC515832.ogg,7.44,0,0.0,5.0,44100,bird,1.0
348,./kaggletest/piekin1/,XC615871.ogg,43.07589569160998,0,0.0,5.0,44100,bird,1.0
349,./kaggletest/piekin1/,XC615871.ogg,43.07589569160998,0,5.0,5.0,44100,bird,1.0
350,./kaggletest/piekin1/,XC615871.ogg,43.07589569160998,0,10.0,5.0,44100,bird,1.0
351,./kaggletest/piekin1/,XC615871.ogg,43.07589569160998,0,20.0,5.0,44100,bird,1.0
352,./kaggletest/piekin1/,XC615871.ogg,43.07589569160998,0,25.0,5.0,44100,bird,1.0
353,./kaggletest/piekin1/,XC615871.ogg,43.07589569160998,0,35.0,5.0,44100,bird,1.0
354,./kaggletest/piekin1/,XC665951.ogg,18.207324263038547,0,0.0,5.0,44100,bird,1.0
355,./kaggletest/piekin1/,XC665951.ogg,18.207324263038547,0,5.0,5.0,44100,bird,1.0
356,./kaggletest/piekin1/,XC665951.ogg,18.207324263038547,0,10.0,5.0,44100,bird,1.0
357,./kaggletest/piekin1/,XC616028.ogg,20.08814058956916,0,5.0,5.0,44100,bird,1.0
358,./kaggletest/piekin1/,XC616028.ogg,20.08814058956916,0,10.0,5.0,44100,bird,1.0
359,./kaggletest/piekin1/,XC601791.wav,5.0,0,0.0,5.0,44100,bird,1.0
360,./kaggletest/piekin1/,XC441889.ogg,16.823990929705214,0,5.0,5.0,44100,bird,1.0
361,./kaggletest/piekin1/,XC441889.ogg,16.823990929705214,0,10.0,5.0,44100,bird,1.0
362,./kaggletest/piekin1/,XC234644.ogg,13.244081632653062,0,0.0,5.0,44100,bird,1.0
363,./kaggletest/piekin1/,XC515835.ogg,5.88,0,0.0,5.0,44100,bird,1.0
364,./kaggletest/piekin1/,XC513883.ogg,31.487981859410432,0,5.0,5.0,44100,bird,1.0
365,./kaggletest/piekin1/,XC513883.ogg,31.487981859410432,0,10.0,5.0,44100,bird,1.0
366,./kaggletest/piekin1/,XC513883.ogg,31.487981859410432,0,15.0,5.0,44100,bird,1.0
367,./kaggletest/piekin1/,XC513883.ogg,31.487981859410432,0,20.0,5.0,44100,bird,1.0
368,./kaggletest/piekin1/,XC513883.ogg,31.487981859410432,0,25.0,5.0,44100,bird,1.0
369,./kaggletest/piekin1/,XC665952.ogg,55.14448979591837,0,0.0,5.0,44100,bird,1.0
370,./kaggletest/piekin1/,XC665952.ogg,55.14448979591837,0,5.0,5.0,44100,bird,1.0
371,./kaggletest/piekin1/,XC665952.ogg,55.14448979591837,0,10.0,5.0,44100,bird,1.0
372,./kaggletest/piekin1/,XC665952.ogg,55.14448979591837,0,15.0,5.0,44100,bird,1.0
373,./kaggletest/piekin1/,XC665952.ogg,55.14448979591837,0,20.0,5.0,44100,bird,1.0
374,./kaggletest/piekin1/,XC665952.ogg,55.14448979591837,0,25.0,5.0,44100,bird,1.0
375,./kaggletest/piekin1/,XC665952.ogg,55.14448979591837,0,30.0,5.0,44100,bird,1.0
376,./kaggletest/piekin1/,XC665952.ogg,55.14448979591837,0,35.0,5.0,44100,bird,1.0
377,./kaggletest/piekin1/,XC665952.ogg,55.14448979591837,0,40.0,5.0,44100,bird,1.0
378,./kaggletest/piekin1/,XC665952.ogg,55.14448979591837,0,45.0,5.0,44100,bird,1.0
379,./kaggletest/piekin1/,XC665952.ogg,55.14448979591837,0,50.0,5.0,44100,bird,1.0
380,./kaggletest/piekin1/,XC489201.ogg,60.72,0,0.0,5.0,44100,bird,1.0
381,./kaggletest/piekin1/,XC489201.ogg,60.72,0,5.0,5.0,44100,bird,1.0
382,./kaggletest/piekin1/,XC489201.ogg,60.72,0,15.0,5.0,44100,bird,1.0
383,./kaggletest/piekin1/,XC489201.ogg,60.72,0,20.0,5.0,44100,bird,1.0
384,./kaggletest/piekin1/,XC489201.ogg,60.72,0,25.0,5.0,44100,bird,1.0
385,./kaggletest/piekin1/,XC489201.ogg,60.72,0,30.0,5.0,44100,bird,1.0
386,./kaggletest/piekin1/,XC489201.ogg,60.72,0,35.0,5.0,44100,bird,1.0
387,./kaggletest/piekin1/,XC489201.ogg,60.72,0,40.0,5.0,44100,bird,1.0
388,./kaggletest/piekin1/,XC489201.ogg,60.72,0,45.0,5.0,44100,bird,1.0
389,./kaggletest/piekin1/,XC489201.ogg,60.72,0,50.0,5.0,44100,bird,1.0
390,./kaggletest/piekin1/,XC489201.ogg,60.72,0,55.0,5.0,44100,bird,1.0
391,./kaggletest/piekin1/,XC515955.ogg,6.12,0,0.0,5.0,44100,bird,1.0
392,./kaggletest/piekin1/,XC517388.wav,5.0,0,0.0,5.0,44100,bird,1.0
393,./kaggletest/piekin1/,XC517410.wav,5.0,0,0.0,5.0,44100,bird,1.0
394,./kaggletest/piekin1/,XC515830.wav,5.0,0,0.0,5.0,44100,bird,1.0
395,./kaggletest/piekin1/,XC515834.ogg,36.023990929705214,0,0.0,5.0,44100,bird,1.0
396,./kaggletest/piekin1/,XC515834.ogg,36.023990929705214,0,5.0,5.0,44100,bird,1.0
397,./kaggletest/piekin1/,XC515834.ogg,36.023990929705214,0,10.0,5.0,44100,bird,1.0
398,./kaggletest/piekin1/,XC515834.ogg,36.023990929705214,0,15.0,5.0,44100,bird,1.0
399,./kaggletest/piekin1/,XC515834.ogg,36.023990929705214,0,20.0,5.0,44100,bird,1.0
400,./kaggletest/piekin1/,XC515834.ogg,36.023990929705214,0,25.0,5.0,44100,bird,1.0
401,./kaggletest/piekin1/,XC515834.ogg,36.023990929705214,0,30.0,5.0,44100,bird,1.0
402,./kaggletest/piekin1/,XC615867.ogg,64.60079365079365,0,0.0,5.0,44100,bird,1.0
403,./kaggletest/piekin1/,XC615867.ogg,64.60079365079365,0,5.0,5.0,44100,bird,1.0
404,./kaggletest/piekin1/,XC615867.ogg,64.60079365079365,0,10.0,5.0,44100,bird,1.0
405,./kaggletest/piekin1/,XC615867.ogg,64.60079365079365,0,15.0,5.0,44100,bird,1.0
406,./kaggletest/piekin1/,XC615867.ogg,64.60079365079365,0,20.0,5.0,44100,bird,1.0
407,./kaggletest/piekin1/,XC615867.ogg,64.60079365079365,0,30.0,5.0,44100,bird,1.0
408,./kaggletest/piekin1/,XC615867.ogg,64.60079365079365,0,35.0,5.0,44100,bird,1.0
409,./kaggletest/piekin1/,XC615867.ogg,64.60079365079365,0,40.0,5.0,44100,bird,1.0
410,./kaggletest/piekin1/,XC615867.ogg,64.60079365079365,0,45.0,5.0,44100,bird,1.0
411,./kaggletest/piekin1/,XC615867.ogg,64.60079365079365,0,50.0,5.0,44100,bird,1.0
