,FOLDER,IN FILE,CLIP LENGTH,CHANNEL,OFFSET,DURATION,SAMPLE RATE,MANUAL ID,CONFIDENCE
0,./kaggletest/pitwhy/,XC459428.ogg,31.791020408163266,0,0.0,5.0,44100,bird,1.0
1,./kaggletest/pitwhy/,XC459428.ogg,31.791020408163266,0,5.0,5.0,44100,bird,1.0
2,./kaggletest/pitwhy/,XC459428.ogg,31.791020408163266,0,10.0,5.0,44100,bird,1.0
3,./kaggletest/pitwhy/,XC459428.ogg,31.791020408163266,0,15.0,5.0,44100,bird,1.0
4,./kaggletest/pitwhy/,XC459428.ogg,31.791020408163266,0,20.0,5.0,44100,bird,1.0
5,./kaggletest/pitwhy/,XC459428.ogg,31.791020408163266,0,25.0,5.0,44100,bird,1.0
6,./kaggletest/pitwhy/,XC195014.ogg,8.646530612244899,0,0.0,5.0,44100,bird,1.0
7,./kaggletest/pitwhy/,XC137937.ogg,21.28798185941043,0,0.0,5.0,44100,bird,1.0
8,./kaggletest/pitwhy/,XC137937.ogg,21.28798185941043,0,5.0,5.0,44100,bird,1.0
9,./kaggletest/pitwhy/,XC137937.ogg,21.28798185941043,0,10.0,5.0,44100,bird,1.0
10,./kaggletest/pitwhy/,XC137937.ogg,21.28798185941043,0,15.0,5.0,44100,bird,1.0
11,./kaggletest/pitwhy/,XC540419.ogg,8.985986394557823,0,0.0,5.0,44100,bird,1.0
12,./kaggletest/pitwhy/,XC532765.ogg,20.348979591836734,0,0.0,5.0,44100,bird,1.0
13,./kaggletest/pitwhy/,XC532765.ogg,20.348979591836734,0,5.0,5.0,44100,bird,1.0
14,./kaggletest/pitwhy/,XC532765.ogg,20.348979591836734,0,10.0,5.0,44100,bird,1.0
15,./kaggletest/pitwhy/,XC532765.ogg,20.348979591836734,0,15.0,5.0,44100,bird,1.0
16,./kaggletest/pitwhy/,XC710193.ogg,12.46,0,0.0,5.0,44100,bird,1.0
17,./kaggletest/pitwhy/,XC710193.ogg,12.46,0,5.0,5.0,44100,bird,1.0
18,./kaggletest/pitwhy/,XC269920.ogg,16.587732426303855,0,0.0,5.0,44100,bird,1.0
19,./kaggletest/pitwhy/,XC269920.ogg,16.587732426303855,0,5.0,5.0,44100,bird,1.0
20,./kaggletest/pitwhy/,XC269920.ogg,16.587732426303855,0,10.0,5.0,44100,bird,1.0
21,./kaggletest/pitwhy/,XC247175.ogg,26.279183673469387,0,0.0,5.0,44100,bird,1.0
22,./kaggletest/pitwhy/,XC247175.ogg,26.279183673469387,0,5.0,5.0,44100,bird,1.0
23,./kaggletest/pitwhy/,XC247175.ogg,26.279183673469387,0,10.0,5.0,44100,bird,1.0
24,./kaggletest/pitwhy/,XC247175.ogg,26.279183673469387,0,15.0,5.0,44100,bird,1.0
25,./kaggletest/pitwhy/,XC247175.ogg,26.279183673469387,0,20.0,5.0,44100,bird,1.0
26,./kaggletest/pitwhy/,XC247202.ogg,46.419591836734696,0,0.0,5.0,44100,bird,1.0
27,./kaggletest/pitwhy/,XC247202.ogg,46.419591836734696,0,5.0,5.0,44100,bird,1.0
28,./kaggletest/pitwhy/,XC247202.ogg,46.419591836734696,0,10.0,5.0,44100,bird,1.0
29,./kaggletest/pitwhy/,XC247202.ogg,46.419591836734696,0,15.0,5.0,44100,bird,1.0
30,./kaggletest/pitwhy/,XC247202.ogg,46.419591836734696,0,20.0,5.0,44100,bird,1.0
31,./kaggletest/pitwhy/,XC247202.ogg,46.419591836734696,0,30.0,5.0,44100,bird,1.0
32,./kaggletest/pitwhy/,XC740215.ogg,32.678979591836736,0,0.0,5.0,44100,bird,1.0
33,./kaggletest/pitwhy/,XC740215.ogg,32.678979591836736,0,10.0,5.0,44100,bird,1.0
34,./kaggletest/pitwhy/,XC740215.ogg,32.678979591836736,0,15.0,5.0,44100,bird,1.0
35,./kaggletest/pitwhy/,XC740215.ogg,32.678979591836736,0,20.0,5.0,44100,bird,1.0
36,./kaggletest/pitwhy/,XC740215.ogg,32.678979591836736,0,25.0,5.0,44100,bird,1.0
37,./kaggletest/pitwhy/,XC444815.ogg,17.08408163265306,0,0.0,5.0,44100,bird,1.0
38,./kaggletest/pitwhy/,XC444815.ogg,17.08408163265306,0,5.0,5.0,44100,bird,1.0
39,./kaggletest/pitwhy/,XC444815.ogg,17.08408163265306,0,10.0,5.0,44100,bird,1.0
40,./kaggletest/pitwhy/,XC353667.ogg,19.408956916099772,0,0.0,5.0,44100,bird,1.0
41,./kaggletest/pitwhy/,XC353667.ogg,19.408956916099772,0,5.0,5.0,44100,bird,1.0
42,./kaggletest/pitwhy/,XC353667.ogg,19.408956916099772,0,10.0,5.0,44100,bird,1.0
43,./kaggletest/pitwhy/,XC269921.ogg,9.586916099773243,0,0.0,5.0,44100,bird,1.0
44,./kaggletest/pitwhy/,XC627671.ogg,31.477551020408164,0,0.0,5.0,44100,bird,1.0
45,./kaggletest/pitwhy/,XC627671.ogg,31.477551020408164,0,5.0,5.0,44100,bird,1.0
46,./kaggletest/pitwhy/,XC627671.ogg,31.477551020408164,0,10.0,5.0,44100,bird,1.0
47,./kaggletest/pitwhy/,XC627671.ogg,31.477551020408164,0,15.0,5.0,44100,bird,1.0
48,./kaggletest/pitwhy/,XC627671.ogg,31.477551020408164,0,20.0,5.0,44100,bird,1.0
49,./kaggletest/pitwhy/,XC627671.ogg,31.477551020408164,0,25.0,5.0,44100,bird,1.0
50,./kaggletest/pitwhy/,XC315024.ogg,56.52,0,5.0,5.0,44100,bird,1.0
51,./kaggletest/pitwhy/,XC315024.ogg,56.52,0,10.0,5.0,44100,bird,1.0
52,./kaggletest/pitwhy/,XC315024.ogg,56.52,0,15.0,5.0,44100,bird,1.0
53,./kaggletest/pitwhy/,XC315024.ogg,56.52,0,20.0,5.0,44100,bird,1.0
54,./kaggletest/pitwhy/,XC315024.ogg,56.52,0,25.0,5.0,44100,bird,1.0
55,./kaggletest/pitwhy/,XC315024.ogg,56.52,0,30.0,5.0,44100,bird,1.0
56,./kaggletest/pitwhy/,XC315024.ogg,56.52,0,35.0,5.0,44100,bird,1.0
57,./kaggletest/pitwhy/,XC315024.ogg,56.52,0,40.0,5.0,44100,bird,1.0
58,./kaggletest/pitwhy/,XC315024.ogg,56.52,0,45.0,5.0,44100,bird,1.0
59,./kaggletest/pitwhy/,XC315024.ogg,56.52,0,50.0,5.0,44100,bird,1.0
60,./kaggletest/pitwhy/,XC539795.ogg,50.39,0,0.0,5.0,44100,bird,1.0
61,./kaggletest/pitwhy/,XC539795.ogg,50.39,0,5.0,5.0,44100,bird,1.0
62,./kaggletest/pitwhy/,XC539795.ogg,50.39,0,10.0,5.0,44100,bird,1.0
63,./kaggletest/pitwhy/,XC539795.ogg,50.39,0,15.0,5.0,44100,bird,1.0
64,./kaggletest/pitwhy/,XC539795.ogg,50.39,0,20.0,5.0,44100,bird,1.0
65,./kaggletest/pitwhy/,XC539795.ogg,50.39,0,25.0,5.0,44100,bird,1.0
66,./kaggletest/pitwhy/,XC539795.ogg,50.39,0,30.0,5.0,44100,bird,1.0
67,./kaggletest/pitwhy/,XC539795.ogg,50.39,0,35.0,5.0,44100,bird,1.0
68,./kaggletest/pitwhy/,XC539795.ogg,50.39,0,40.0,5.0,44100,bird,1.0
69,./kaggletest/pitwhy/,XC539795.ogg,50.39,0,45.0,5.0,44100,bird,1.0
70,./kaggletest/pitwhy/,XC626803.ogg,8.201995464852608,0,0.0,5.0,44100,bird,1.0
71,./kaggletest/pitwhy/,XC627672.ogg,52.84571428571429,0,0.0,5.0,44100,bird,1.0
72,./kaggletest/pitwhy/,XC627672.ogg,52.84571428571429,0,5.0,5.0,44100,bird,1.0
73,./kaggletest/pitwhy/,XC627672.ogg,52.84571428571429,0,10.0,5.0,44100,bird,1.0
74,./kaggletest/pitwhy/,XC627672.ogg,52.84571428571429,0,15.0,5.0,44100,bird,1.0
75,./kaggletest/pitwhy/,XC627672.ogg,52.84571428571429,0,20.0,5.0,44100,bird,1.0
76,./kaggletest/pitwhy/,XC627672.ogg,52.84571428571429,0,25.0,5.0,44100,bird,1.0
77,./kaggletest/pitwhy/,XC627672.ogg,52.84571428571429,0,30.0,5.0,44100,bird,1.0
78,./kaggletest/pitwhy/,XC627672.ogg,52.84571428571429,0,35.0,5.0,44100,bird,1.0
79,./kaggletest/pitwhy/,XC627672.ogg,52.84571428571429,0,40.0,5.0,44100,bird,1.0
80,./kaggletest/pitwhy/,XC627672.ogg,52.84571428571429,0,45.0,5.0,44100,bird,1.0
81,./kaggletest/pitwhy/,XC618455.ogg,13.035079365079365,0,0.0,5.0,44100,bird,1.0
82,./kaggletest/pitwhy/,XC618455.ogg,13.035079365079365,0,5.0,5.0,44100,bird,1.0
83,./kaggletest/pitwhy/,XC674377.ogg,13.535986394557822,0,0.0,5.0,44100,bird,1.0
84,./kaggletest/pitwhy/,XC674377.ogg,13.535986394557822,0,5.0,5.0,44100,bird,1.0
85,./kaggletest/pitwhy/,XC395746.ogg,29.413854875283448,0,0.0,5.0,44100,bird,1.0
86,./kaggletest/pitwhy/,XC395746.ogg,29.413854875283448,0,5.0,5.0,44100,bird,1.0
87,./kaggletest/pitwhy/,XC395746.ogg,29.413854875283448,0,10.0,5.0,44100,bird,1.0
88,./kaggletest/pitwhy/,XC395746.ogg,29.413854875283448,0,15.0,5.0,44100,bird,1.0
89,./kaggletest/pitwhy/,XC395746.ogg,29.413854875283448,0,20.0,5.0,44100,bird,1.0
90,./kaggletest/pitwhy/,XC618468.ogg,16.79673469387755,0,0.0,5.0,44100,bird,1.0
91,./kaggletest/pitwhy/,XC618468.ogg,16.79673469387755,0,5.0,5.0,44100,bird,1.0
92,./kaggletest/pitwhy/,XC618468.ogg,16.79673469387755,0,10.0,5.0,44100,bird,1.0
93,./kaggletest/pitwhy/,XC430412.ogg,31.242426303854874,0,0.0,5.0,44100,bird,1.0
94,./kaggletest/pitwhy/,XC430412.ogg,31.242426303854874,0,5.0,5.0,44100,bird,1.0
95,./kaggletest/pitwhy/,XC430412.ogg,31.242426303854874,0,15.0,5.0,44100,bird,1.0
96,./kaggletest/pitwhy/,XC749038.ogg,21.47265306122449,0,0.0,5.0,44100,bird,1.0
97,./kaggletest/pitwhy/,XC749038.ogg,21.47265306122449,0,5.0,5.0,44100,bird,1.0
98,./kaggletest/pitwhy/,XC749038.ogg,21.47265306122449,0,10.0,5.0,44100,bird,1.0
99,./kaggletest/pitwhy/,XC749038.ogg,21.47265306122449,0,15.0,5.0,44100,bird,1.0
100,./kaggletest/pitwhy/,XC618470.ogg,65.69795918367348,0,0.0,5.0,44100,bird,1.0
101,./kaggletest/pitwhy/,XC618470.ogg,65.69795918367348,0,5.0,5.0,44100,bird,1.0
102,./kaggletest/pitwhy/,XC618470.ogg,65.69795918367348,0,10.0,5.0,44100,bird,1.0
103,./kaggletest/pitwhy/,XC618470.ogg,65.69795918367348,0,15.0,5.0,44100,bird,1.0
104,./kaggletest/pitwhy/,XC618470.ogg,65.69795918367348,0,20.0,5.0,44100,bird,1.0
105,./kaggletest/pitwhy/,XC618470.ogg,65.69795918367348,0,25.0,5.0,44100,bird,1.0
106,./kaggletest/pitwhy/,XC618470.ogg,65.69795918367348,0,30.0,5.0,44100,bird,1.0
107,./kaggletest/pitwhy/,XC618470.ogg,65.69795918367348,0,35.0,5.0,44100,bird,1.0
108,./kaggletest/pitwhy/,XC618470.ogg,65.69795918367348,0,40.0,5.0,44100,bird,1.0
109,./kaggletest/pitwhy/,XC618470.ogg,65.69795918367348,0,45.0,5.0,44100,bird,1.0
110,./kaggletest/pitwhy/,XC618470.ogg,65.69795918367348,0,50.0,5.0,44100,bird,1.0
111,./kaggletest/pitwhy/,XC618470.ogg,65.69795918367348,0,55.0,5.0,44100,bird,1.0
112,./kaggletest/pitwhy/,XC618470.ogg,65.69795918367348,0,60.0,5.0,44100,bird,1.0
113,./kaggletest/pitwhy/,XC187123.ogg,103.78448979591836,0,0.0,5.0,44100,bird,1.0
114,./kaggletest/pitwhy/,XC187123.ogg,103.78448979591836,0,15.0,5.0,44100,bird,1.0
115,./kaggletest/pitwhy/,XC187123.ogg,103.78448979591836,0,20.0,5.0,44100,bird,1.0
116,./kaggletest/pitwhy/,XC187123.ogg,103.78448979591836,0,25.0,5.0,44100,bird,1.0
117,./kaggletest/pitwhy/,XC187123.ogg,103.78448979591836,0,40.0,5.0,44100,bird,1.0
118,./kaggletest/pitwhy/,XC187123.ogg,103.78448979591836,0,45.0,5.0,44100,bird,1.0
119,./kaggletest/pitwhy/,XC187123.ogg,103.78448979591836,0,50.0,5.0,44100,bird,1.0
120,./kaggletest/pitwhy/,XC187123.ogg,103.78448979591836,0,55.0,5.0,44100,bird,1.0
121,./kaggletest/pitwhy/,XC187123.ogg,103.78448979591836,0,60.0,5.0,44100,bird,1.0
122,./kaggletest/pitwhy/,XC187123.ogg,103.78448979591836,0,75.0,5.0,44100,bird,1.0
123,./kaggletest/pitwhy/,XC187123.ogg,103.78448979591836,0,80.0,5.0,44100,bird,1.0
124,./kaggletest/pitwhy/,XC187123.ogg,103.78448979591836,0,85.0,5.0,44100,bird,1.0
125,./kaggletest/pitwhy/,XC187123.ogg,103.78448979591836,0,90.0,5.0,44100,bird,1.0
126,./kaggletest/pitwhy/,XC187123.ogg,103.78448979591836,0,95.0,5.0,44100,bird,1.0
127,./kaggletest/pitwhy/,XC618472.ogg,7.471020408163265,0,0.0,5.0,44100,bird,1.0
128,./kaggletest/pitwhy/,XC743462.ogg,220.22399092970522,0,0.0,5.0,44100,bird,1.0
129,./kaggletest/pitwhy/,XC743462.ogg,220.22399092970522,0,5.0,5.0,44100,bird,1.0
130,./kaggletest/pitwhy/,XC743462.ogg,220.22399092970522,0,15.0,5.0,44100,bird,1.0
131,./kaggletest/pitwhy/,XC743462.ogg,220.22399092970522,0,20.0,5.0,44100,bird,1.0
132,./kaggletest/pitwhy/,XC743462.ogg,220.22399092970522,0,25.0,5.0,44100,bird,1.0
133,./kaggletest/pitwhy/,XC743462.ogg,220.22399092970522,0,30.0,5.0,44100,bird,1.0
134,./kaggletest/pitwhy/,XC743462.ogg,220.22399092970522,0,35.0,5.0,44100,bird,1.0
135,./kaggletest/pitwhy/,XC743462.ogg,220.22399092970522,0,40.0,5.0,44100,bird,1.0
136,./kaggletest/pitwhy/,XC743462.ogg,220.22399092970522,0,45.0,5.0,44100,bird,1.0
137,./kaggletest/pitwhy/,XC743462.ogg,220.22399092970522,0,65.0,5.0,44100,bird,1.0
138,./kaggletest/pitwhy/,XC743462.ogg,220.22399092970522,0,70.0,5.0,44100,bird,1.0
139,./kaggletest/pitwhy/,XC743462.ogg,220.22399092970522,0,75.0,5.0,44100,bird,1.0
140,./kaggletest/pitwhy/,XC743462.ogg,220.22399092970522,0,80.0,5.0,44100,bird,1.0
141,./kaggletest/pitwhy/,XC743462.ogg,220.22399092970522,0,85.0,5.0,44100,bird,1.0
142,./kaggletest/pitwhy/,XC743462.ogg,220.22399092970522,0,95.0,5.0,44100,bird,1.0
143,./kaggletest/pitwhy/,XC743462.ogg,220.22399092970522,0,100.0,5.0,44100,bird,1.0
144,./kaggletest/pitwhy/,XC743462.ogg,220.22399092970522,0,105.0,5.0,44100,bird,1.0
145,./kaggletest/pitwhy/,XC743462.ogg,220.22399092970522,0,110.0,5.0,44100,bird,1.0
146,./kaggletest/pitwhy/,XC743462.ogg,220.22399092970522,0,115.0,5.0,44100,bird,1.0
147,./kaggletest/pitwhy/,XC743462.ogg,220.22399092970522,0,120.0,5.0,44100,bird,1.0
148,./kaggletest/pitwhy/,XC743462.ogg,220.22399092970522,0,125.0,5.0,44100,bird,1.0
149,./kaggletest/pitwhy/,XC743462.ogg,220.22399092970522,0,130.0,5.0,44100,bird,1.0
150,./kaggletest/pitwhy/,XC743462.ogg,220.22399092970522,0,145.0,5.0,44100,bird,1.0
151,./kaggletest/pitwhy/,XC743462.ogg,220.22399092970522,0,155.0,5.0,44100,bird,1.0
152,./kaggletest/pitwhy/,XC743462.ogg,220.22399092970522,0,160.0,5.0,44100,bird,1.0
153,./kaggletest/pitwhy/,XC743462.ogg,220.22399092970522,0,165.0,5.0,44100,bird,1.0
154,./kaggletest/pitwhy/,XC743462.ogg,220.22399092970522,0,170.0,5.0,44100,bird,1.0
155,./kaggletest/pitwhy/,XC743462.ogg,220.22399092970522,0,175.0,5.0,44100,bird,1.0
156,./kaggletest/pitwhy/,XC743462.ogg,220.22399092970522,0,185.0,5.0,44100,bird,1.0
157,./kaggletest/pitwhy/,XC743462.ogg,220.22399092970522,0,190.0,5.0,44100,bird,1.0
158,./kaggletest/pitwhy/,XC743462.ogg,220.22399092970522,0,195.0,5.0,44100,bird,1.0
159,./kaggletest/pitwhy/,XC743462.ogg,220.22399092970522,0,205.0,5.0,44100,bird,1.0
160,./kaggletest/pitwhy/,XC743462.ogg,220.22399092970522,0,215.0,5.0,44100,bird,1.0
161,./kaggletest/pitwhy/,XC728201.ogg,16.143673469387757,0,0.0,5.0,44100,bird,1.0
162,./kaggletest/pitwhy/,XC728201.ogg,16.143673469387757,0,5.0,5.0,44100,bird,1.0
163,./kaggletest/pitwhy/,XC728201.ogg,16.143673469387757,0,10.0,5.0,44100,bird,1.0
164,./kaggletest/pitwhy/,XC618477.ogg,38.58283446712018,0,0.0,5.0,44100,bird,1.0
165,./kaggletest/pitwhy/,XC618477.ogg,38.58283446712018,0,5.0,5.0,44100,bird,1.0
166,./kaggletest/pitwhy/,XC618477.ogg,38.58283446712018,0,10.0,5.0,44100,bird,1.0
167,./kaggletest/pitwhy/,XC618477.ogg,38.58283446712018,0,15.0,5.0,44100,bird,1.0
168,./kaggletest/pitwhy/,XC618477.ogg,38.58283446712018,0,20.0,5.0,44100,bird,1.0
169,./kaggletest/pitwhy/,XC618477.ogg,38.58283446712018,0,25.0,5.0,44100,bird,1.0
170,./kaggletest/pitwhy/,XC618477.ogg,38.58283446712018,0,30.0,5.0,44100,bird,1.0
171,./kaggletest/pitwhy/,XC266404.ogg,95.68798185941043,0,0.0,5.0,44100,bird,1.0
172,./kaggletest/pitwhy/,XC266404.ogg,95.68798185941043,0,5.0,5.0,44100,bird,1.0
173,./kaggletest/pitwhy/,XC266404.ogg,95.68798185941043,0,10.0,5.0,44100,bird,1.0
174,./kaggletest/pitwhy/,XC266404.ogg,95.68798185941043,0,15.0,5.0,44100,bird,1.0
175,./kaggletest/pitwhy/,XC266404.ogg,95.68798185941043,0,20.0,5.0,44100,bird,1.0
176,./kaggletest/pitwhy/,XC266404.ogg,95.68798185941043,0,25.0,5.0,44100,bird,1.0
177,./kaggletest/pitwhy/,XC266404.ogg,95.68798185941043,0,30.0,5.0,44100,bird,1.0
178,./kaggletest/pitwhy/,XC266404.ogg,95.68798185941043,0,35.0,5.0,44100,bird,1.0
179,./kaggletest/pitwhy/,XC266404.ogg,95.68798185941043,0,40.0,5.0,44100,bird,1.0
180,./kaggletest/pitwhy/,XC266404.ogg,95.68798185941043,0,45.0,5.0,44100,bird,1.0
181,./kaggletest/pitwhy/,XC266404.ogg,95.68798185941043,0,50.0,5.0,44100,bird,1.0
182,./kaggletest/pitwhy/,XC266404.ogg,95.68798185941043,0,55.0,5.0,44100,bird,1.0
183,./kaggletest/pitwhy/,XC266404.ogg,95.68798185941043,0,60.0,5.0,44100,bird,1.0
184,./kaggletest/pitwhy/,XC266404.ogg,95.68798185941043,0,65.0,5.0,44100,bird,1.0
185,./kaggletest/pitwhy/,XC266404.ogg,95.68798185941043,0,70.0,5.0,44100,bird,1.0
186,./kaggletest/pitwhy/,XC266404.ogg,95.68798185941043,0,75.0,5.0,44100,bird,1.0
187,./kaggletest/pitwhy/,XC266404.ogg,95.68798185941043,0,80.0,5.0,44100,bird,1.0
188,./kaggletest/pitwhy/,XC266404.ogg,95.68798185941043,0,85.0,5.0,44100,bird,1.0
189,./kaggletest/pitwhy/,XC266404.ogg,95.68798185941043,0,90.0,5.0,44100,bird,1.0
190,./kaggletest/pitwhy/,XC604506.ogg,25.2,0,0.0,5.0,44100,bird,1.0
191,./kaggletest/pitwhy/,XC604506.ogg,25.2,0,5.0,5.0,44100,bird,1.0
192,./kaggletest/pitwhy/,XC604506.ogg,25.2,0,10.0,5.0,44100,bird,1.0
193,./kaggletest/pitwhy/,XC604506.ogg,25.2,0,15.0,5.0,44100,bird,1.0
194,./kaggletest/pitwhy/,XC604506.ogg,25.2,0,20.0,5.0,44100,bird,1.0
195,./kaggletest/pitwhy/,XC361949.ogg,73.32498866213152,0,0.0,5.0,44100,bird,1.0
196,./kaggletest/pitwhy/,XC361949.ogg,73.32498866213152,0,15.0,5.0,44100,bird,1.0
197,./kaggletest/pitwhy/,XC361949.ogg,73.32498866213152,0,20.0,5.0,44100,bird,1.0
198,./kaggletest/pitwhy/,XC361949.ogg,73.32498866213152,0,30.0,5.0,44100,bird,1.0
199,./kaggletest/pitwhy/,XC361949.ogg,73.32498866213152,0,35.0,5.0,44100,bird,1.0
200,./kaggletest/pitwhy/,XC361949.ogg,73.32498866213152,0,50.0,5.0,44100,bird,1.0
201,./kaggletest/pitwhy/,XC361949.ogg,73.32498866213152,0,55.0,5.0,44100,bird,1.0
202,./kaggletest/pitwhy/,XC361949.ogg,73.32498866213152,0,60.0,5.0,44100,bird,1.0
203,./kaggletest/pitwhy/,XC361949.ogg,73.32498866213152,0,65.0,5.0,44100,bird,1.0
204,./kaggletest/pitwhy/,XC400040.ogg,12.982834467120181,0,0.0,5.0,44100,bird,1.0
205,./kaggletest/pitwhy/,XC400040.ogg,12.982834467120181,0,5.0,5.0,44100,bird,1.0
206,./kaggletest/pitwhy/,XC618474.ogg,40.071836734693875,0,0.0,5.0,44100,bird,1.0
207,./kaggletest/pitwhy/,XC618474.ogg,40.071836734693875,0,5.0,5.0,44100,bird,1.0
208,./kaggletest/pitwhy/,XC618474.ogg,40.071836734693875,0,10.0,5.0,44100,bird,1.0
209,./kaggletest/pitwhy/,XC618474.ogg,40.071836734693875,0,15.0,5.0,44100,bird,1.0
210,./kaggletest/pitwhy/,XC618474.ogg,40.071836734693875,0,20.0,5.0,44100,bird,1.0
211,./kaggletest/pitwhy/,XC618474.ogg,40.071836734693875,0,25.0,5.0,44100,bird,1.0
212,./kaggletest/pitwhy/,XC618474.ogg,40.071836734693875,0,30.0,5.0,44100,bird,1.0
213,./kaggletest/pitwhy/,XC618474.ogg,40.071836734693875,0,35.0,5.0,44100,bird,1.0
214,./kaggletest/pitwhy/,XC707024.ogg,16.665986394557823,0,5.0,5.0,44100,bird,1.0
215,./kaggletest/pitwhy/,XC707024.ogg,16.665986394557823,0,10.0,5.0,44100,bird,1.0
216,./kaggletest/pitwhy/,XC252371.ogg,23.327981859410432,0,0.0,5.0,44100,bird,1.0
217,./kaggletest/pitwhy/,XC252371.ogg,23.327981859410432,0,5.0,5.0,44100,bird,1.0
218,./kaggletest/pitwhy/,XC252371.ogg,23.327981859410432,0,10.0,5.0,44100,bird,1.0
219,./kaggletest/pitwhy/,XC252371.ogg,23.327981859410432,0,15.0,5.0,44100,bird,1.0
220,./kaggletest/pitwhy/,XC529943.ogg,32.62598639455782,0,0.0,5.0,44100,bird,1.0
221,./kaggletest/pitwhy/,XC529943.ogg,32.62598639455782,0,5.0,5.0,44100,bird,1.0
222,./kaggletest/pitwhy/,XC529943.ogg,32.62598639455782,0,10.0,5.0,44100,bird,1.0
223,./kaggletest/pitwhy/,XC529943.ogg,32.62598639455782,0,15.0,5.0,44100,bird,1.0
224,./kaggletest/pitwhy/,XC529943.ogg,32.62598639455782,0,20.0,5.0,44100,bird,1.0
225,./kaggletest/pitwhy/,XC529943.ogg,32.62598639455782,0,25.0,5.0,44100,bird,1.0
226,./kaggletest/pitwhy/,XC618475.ogg,5.328956916099774,0,0.0,5.0,44100,bird,1.0
227,./kaggletest/pitwhy/,XC262808.ogg,18.65142857142857,0,0.0,5.0,44100,bird,1.0
228,./kaggletest/pitwhy/,XC262808.ogg,18.65142857142857,0,5.0,5.0,44100,bird,1.0
229,./kaggletest/pitwhy/,XC262808.ogg,18.65142857142857,0,10.0,5.0,44100,bird,1.0
230,./kaggletest/pitwhy/,XC428743.ogg,78.52408163265306,0,0.0,5.0,44100,bird,1.0
231,./kaggletest/pitwhy/,XC428743.ogg,78.52408163265306,0,5.0,5.0,44100,bird,1.0
232,./kaggletest/pitwhy/,XC428743.ogg,78.52408163265306,0,10.0,5.0,44100,bird,1.0
233,./kaggletest/pitwhy/,XC428743.ogg,78.52408163265306,0,15.0,5.0,44100,bird,1.0
234,./kaggletest/pitwhy/,XC428743.ogg,78.52408163265306,0,20.0,5.0,44100,bird,1.0
235,./kaggletest/pitwhy/,XC428743.ogg,78.52408163265306,0,25.0,5.0,44100,bird,1.0
236,./kaggletest/pitwhy/,XC428743.ogg,78.52408163265306,0,40.0,5.0,44100,bird,1.0
237,./kaggletest/pitwhy/,XC428743.ogg,78.52408163265306,0,45.0,5.0,44100,bird,1.0
238,./kaggletest/pitwhy/,XC428743.ogg,78.52408163265306,0,50.0,5.0,44100,bird,1.0
239,./kaggletest/pitwhy/,XC428743.ogg,78.52408163265306,0,55.0,5.0,44100,bird,1.0
240,./kaggletest/pitwhy/,XC428743.ogg,78.52408163265306,0,60.0,5.0,44100,bird,1.0
241,./kaggletest/pitwhy/,XC428743.ogg,78.52408163265306,0,65.0,5.0,44100,bird,1.0
242,./kaggletest/pitwhy/,XC428743.ogg,78.52408163265306,0,70.0,5.0,44100,bird,1.0
243,./kaggletest/pitwhy/,XC441093.ogg,29.778979591836734,0,0.0,5.0,44100,bird,1.0
244,./kaggletest/pitwhy/,XC441093.ogg,29.778979591836734,0,5.0,5.0,44100,bird,1.0
245,./kaggletest/pitwhy/,XC441093.ogg,29.778979591836734,0,10.0,5.0,44100,bird,1.0
246,./kaggletest/pitwhy/,XC441093.ogg,29.778979591836734,0,15.0,5.0,44100,bird,1.0
247,./kaggletest/pitwhy/,XC441093.ogg,29.778979591836734,0,20.0,5.0,44100,bird,1.0
248,./kaggletest/pitwhy/,XC246598.ogg,34.95183673469388,0,0.0,5.0,44100,bird,1.0
249,./kaggletest/pitwhy/,XC246598.ogg,34.95183673469388,0,5.0,5.0,44100,bird,1.0
250,./kaggletest/pitwhy/,XC246598.ogg,34.95183673469388,0,10.0,5.0,44100,bird,1.0
251,./kaggletest/pitwhy/,XC246598.ogg,34.95183673469388,0,15.0,5.0,44100,bird,1.0
252,./kaggletest/pitwhy/,XC246598.ogg,34.95183673469388,0,20.0,5.0,44100,bird,1.0
253,./kaggletest/pitwhy/,XC246598.ogg,34.95183673469388,0,25.0,5.0,44100,bird,1.0
254,./kaggletest/pitwhy/,XC589011.ogg,36.071995464852606,0,0.0,5.0,44100,bird,1.0
255,./kaggletest/pitwhy/,XC589011.ogg,36.071995464852606,0,5.0,5.0,44100,bird,1.0
256,./kaggletest/pitwhy/,XC589011.ogg,36.071995464852606,0,10.0,5.0,44100,bird,1.0
257,./kaggletest/pitwhy/,XC589011.ogg,36.071995464852606,0,15.0,5.0,44100,bird,1.0
258,./kaggletest/pitwhy/,XC589011.ogg,36.071995464852606,0,20.0,5.0,44100,bird,1.0
259,./kaggletest/pitwhy/,XC589011.ogg,36.071995464852606,0,25.0,5.0,44100,bird,1.0
260,./kaggletest/pitwhy/,XC589011.ogg,36.071995464852606,0,30.0,5.0,44100,bird,1.0
261,./kaggletest/pitwhy/,XC364315.ogg,104.32798185941043,0,0.0,5.0,44100,bird,1.0
262,./kaggletest/pitwhy/,XC364315.ogg,104.32798185941043,0,5.0,5.0,44100,bird,1.0
263,./kaggletest/pitwhy/,XC364315.ogg,104.32798185941043,0,10.0,5.0,44100,bird,1.0
264,./kaggletest/pitwhy/,XC364315.ogg,104.32798185941043,0,15.0,5.0,44100,bird,1.0
265,./kaggletest/pitwhy/,XC364315.ogg,104.32798185941043,0,20.0,5.0,44100,bird,1.0
266,./kaggletest/pitwhy/,XC364315.ogg,104.32798185941043,0,25.0,5.0,44100,bird,1.0
267,./kaggletest/pitwhy/,XC364315.ogg,104.32798185941043,0,30.0,5.0,44100,bird,1.0
268,./kaggletest/pitwhy/,XC364315.ogg,104.32798185941043,0,35.0,5.0,44100,bird,1.0
269,./kaggletest/pitwhy/,XC364315.ogg,104.32798185941043,0,40.0,5.0,44100,bird,1.0
270,./kaggletest/pitwhy/,XC364315.ogg,104.32798185941043,0,45.0,5.0,44100,bird,1.0
271,./kaggletest/pitwhy/,XC364315.ogg,104.32798185941043,0,50.0,5.0,44100,bird,1.0
272,./kaggletest/pitwhy/,XC364315.ogg,104.32798185941043,0,55.0,5.0,44100,bird,1.0
273,./kaggletest/pitwhy/,XC364315.ogg,104.32798185941043,0,60.0,5.0,44100,bird,1.0
274,./kaggletest/pitwhy/,XC364315.ogg,104.32798185941043,0,65.0,5.0,44100,bird,1.0
275,./kaggletest/pitwhy/,XC364315.ogg,104.32798185941043,0,70.0,5.0,44100,bird,1.0
276,./kaggletest/pitwhy/,XC364315.ogg,104.32798185941043,0,75.0,5.0,44100,bird,1.0
277,./kaggletest/pitwhy/,XC364315.ogg,104.32798185941043,0,80.0,5.0,44100,bird,1.0
278,./kaggletest/pitwhy/,XC364315.ogg,104.32798185941043,0,85.0,5.0,44100,bird,1.0
279,./kaggletest/pitwhy/,XC364315.ogg,104.32798185941043,0,90.0,5.0,44100,bird,1.0
280,./kaggletest/pitwhy/,XC364315.ogg,104.32798185941043,0,95.0,5.0,44100,bird,1.0
281,./kaggletest/pitwhy/,XC137938.ogg,29.4,0,0.0,5.0,44100,bird,1.0
282,./kaggletest/pitwhy/,XC137938.ogg,29.4,0,5.0,5.0,44100,bird,1.0
283,./kaggletest/pitwhy/,XC137938.ogg,29.4,0,10.0,5.0,44100,bird,1.0
284,./kaggletest/pitwhy/,XC137938.ogg,29.4,0,15.0,5.0,44100,bird,1.0
285,./kaggletest/pitwhy/,XC137938.ogg,29.4,0,20.0,5.0,44100,bird,1.0
286,./kaggletest/pitwhy/,XC614158.ogg,6.190997732426304,0,0.0,5.0,44100,bird,1.0
287,./kaggletest/pitwhy/,XC246600.ogg,31.03344671201814,0,0.0,5.0,44100,bird,1.0
288,./kaggletest/pitwhy/,XC246600.ogg,31.03344671201814,0,5.0,5.0,44100,bird,1.0
289,./kaggletest/pitwhy/,XC246600.ogg,31.03344671201814,0,10.0,5.0,44100,bird,1.0
290,./kaggletest/pitwhy/,XC246600.ogg,31.03344671201814,0,15.0,5.0,44100,bird,1.0
291,./kaggletest/pitwhy/,XC246600.ogg,31.03344671201814,0,20.0,5.0,44100,bird,1.0
292,./kaggletest/pitwhy/,XC246600.ogg,31.03344671201814,0,25.0,5.0,44100,bird,1.0
293,./kaggletest/pitwhy/,XC193245.ogg,14.836984126984127,0,0.0,5.0,44100,bird,1.0
294,./kaggletest/pitwhy/,XC193245.ogg,14.836984126984127,0,5.0,5.0,44100,bird,1.0
