,FOLDER,IN FILE,CLIP LENGTH,CHANNEL,OFFSET,DURATION,SAMPLE RATE,MANUAL ID,CONFIDENCE
0,./kaggletest/purgre2/,XC635372.ogg,35.903990929705216,0,0.0,5.0,44100,bird,1.0
1,./kaggletest/purgre2/,XC635372.ogg,35.903990929705216,0,5.0,5.0,44100,bird,1.0
2,./kaggletest/purgre2/,XC635372.ogg,35.903990929705216,0,10.0,5.0,44100,bird,1.0
3,./kaggletest/purgre2/,XC635372.ogg,35.903990929705216,0,15.0,5.0,44100,bird,1.0
4,./kaggletest/purgre2/,XC635372.ogg,35.903990929705216,0,20.0,5.0,44100,bird,1.0
5,./kaggletest/purgre2/,XC635372.ogg,35.903990929705216,0,25.0,5.0,44100,bird,1.0
6,./kaggletest/purgre2/,XC635372.ogg,35.903990929705216,0,30.0,5.0,44100,bird,1.0
7,./kaggletest/purgre2/,XC127359.wav,5.0,0,0.0,5.0,44100,bird,1.0
8,./kaggletest/purgre2/,XC599697.ogg,32.83498866213152,0,0.0,5.0,44100,bird,1.0
9,./kaggletest/purgre2/,XC599697.ogg,32.83498866213152,0,5.0,5.0,44100,bird,1.0
10,./kaggletest/purgre2/,XC599697.ogg,32.83498866213152,0,10.0,5.0,44100,bird,1.0
11,./kaggletest/purgre2/,XC599697.ogg,32.83498866213152,0,15.0,5.0,44100,bird,1.0
12,./kaggletest/purgre2/,XC599697.ogg,32.83498866213152,0,20.0,5.0,44100,bird,1.0
13,./kaggletest/purgre2/,XC599697.ogg,32.83498866213152,0,25.0,5.0,44100,bird,1.0
14,./kaggletest/purgre2/,XC364580.ogg,6.791836734693877,0,0.0,5.0,44100,bird,1.0
15,./kaggletest/purgre2/,XC234943.ogg,35.31755102040816,0,0.0,5.0,44100,bird,1.0
16,./kaggletest/purgre2/,XC234943.ogg,35.31755102040816,0,5.0,5.0,44100,bird,1.0
17,./kaggletest/purgre2/,XC234943.ogg,35.31755102040816,0,10.0,5.0,44100,bird,1.0
18,./kaggletest/purgre2/,XC234943.ogg,35.31755102040816,0,15.0,5.0,44100,bird,1.0
19,./kaggletest/purgre2/,XC234943.ogg,35.31755102040816,0,20.0,5.0,44100,bird,1.0
20,./kaggletest/purgre2/,XC234943.ogg,35.31755102040816,0,25.0,5.0,44100,bird,1.0
21,./kaggletest/purgre2/,XC234943.ogg,35.31755102040816,0,30.0,5.0,44100,bird,1.0
22,./kaggletest/purgre2/,XC750380.wav,5.0,0,0.0,5.0,44100,bird,1.0
23,./kaggletest/purgre2/,XC294861.ogg,8.124081632653061,0,0.0,5.0,44100,bird,1.0
24,./kaggletest/purgre2/,XC432646.ogg,21.503990929705214,0,0.0,5.0,44100,bird,1.0
25,./kaggletest/purgre2/,XC525937.ogg,13.24798185941043,0,0.0,5.0,44100,bird,1.0
26,./kaggletest/purgre2/,XC525937.ogg,13.24798185941043,0,5.0,5.0,44100,bird,1.0
