,FOLDER,IN FILE,CLIP LENGTH,CHANNEL,OFFSET,DURATION,SAMPLE RATE,MANUAL ID,CONFIDENCE
0,./kaggletest/pygbat1/,XC156062.ogg,25.18201814058957,0,0.0,5.0,44100,bird,1.0
1,./kaggletest/pygbat1/,XC156062.ogg,25.18201814058957,0,5.0,5.0,44100,bird,1.0
2,./kaggletest/pygbat1/,XC156062.ogg,25.18201814058957,0,10.0,5.0,44100,bird,1.0
3,./kaggletest/pygbat1/,XC156062.ogg,25.18201814058957,0,15.0,5.0,44100,bird,1.0
4,./kaggletest/pygbat1/,XC156062.ogg,25.18201814058957,0,20.0,5.0,44100,bird,1.0
5,./kaggletest/pygbat1/,XC128145.ogg,42.63183673469388,0,30.0,5.0,44100,bird,1.0
6,./kaggletest/pygbat1/,XC128144.ogg,59.5330612244898,0,0.0,5.0,44100,bird,1.0
7,./kaggletest/pygbat1/,XC128144.ogg,59.5330612244898,0,5.0,5.0,44100,bird,1.0
8,./kaggletest/pygbat1/,XC128144.ogg,59.5330612244898,0,10.0,5.0,44100,bird,1.0
9,./kaggletest/pygbat1/,XC128144.ogg,59.5330612244898,0,15.0,5.0,44100,bird,1.0
10,./kaggletest/pygbat1/,XC128144.ogg,59.5330612244898,0,20.0,5.0,44100,bird,1.0
11,./kaggletest/pygbat1/,XC128144.ogg,59.5330612244898,0,25.0,5.0,44100,bird,1.0
12,./kaggletest/pygbat1/,XC128144.ogg,59.5330612244898,0,35.0,5.0,44100,bird,1.0
13,./kaggletest/pygbat1/,XC128144.ogg,59.5330612244898,0,40.0,5.0,44100,bird,1.0
14,./kaggletest/pygbat1/,XC128144.ogg,59.5330612244898,0,45.0,5.0,44100,bird,1.0
15,./kaggletest/pygbat1/,XC128144.ogg,59.5330612244898,0,50.0,5.0,44100,bird,1.0
16,./kaggletest/pygbat1/,XC755904.ogg,68.9519954648526,0,0.0,5.0,44100,bird,1.0
17,./kaggletest/pygbat1/,XC755904.ogg,68.9519954648526,0,5.0,5.0,44100,bird,1.0
18,./kaggletest/pygbat1/,XC755904.ogg,68.9519954648526,0,10.0,5.0,44100,bird,1.0
19,./kaggletest/pygbat1/,XC755904.ogg,68.9519954648526,0,15.0,5.0,44100,bird,1.0
20,./kaggletest/pygbat1/,XC755904.ogg,68.9519954648526,0,20.0,5.0,44100,bird,1.0
21,./kaggletest/pygbat1/,XC755904.ogg,68.9519954648526,0,30.0,5.0,44100,bird,1.0
22,./kaggletest/pygbat1/,XC755904.ogg,68.9519954648526,0,40.0,5.0,44100,bird,1.0
23,./kaggletest/pygbat1/,XC755904.ogg,68.9519954648526,0,45.0,5.0,44100,bird,1.0
24,./kaggletest/pygbat1/,XC755904.ogg,68.9519954648526,0,55.0,5.0,44100,bird,1.0
25,./kaggletest/pygbat1/,XC755904.ogg,68.9519954648526,0,60.0,5.0,44100,bird,1.0
26,./kaggletest/pygbat1/,XC755905.ogg,9.815986394557823,0,0.0,5.0,44100,bird,1.0
27,./kaggletest/pygbat1/,XC755906.ogg,27.335986394557825,0,0.0,5.0,44100,bird,1.0
28,./kaggletest/pygbat1/,XC755906.ogg,27.335986394557825,0,5.0,5.0,44100,bird,1.0
29,./kaggletest/pygbat1/,XC755906.ogg,27.335986394557825,0,10.0,5.0,44100,bird,1.0
30,./kaggletest/pygbat1/,XC755906.ogg,27.335986394557825,0,15.0,5.0,44100,bird,1.0
31,./kaggletest/pygbat1/,XC444345.ogg,5.7207936507936505,0,0.0,5.0,44100,bird,1.0
32,./kaggletest/pygbat1/,XC608070.ogg,13.79265306122449,0,0.0,5.0,44100,bird,1.0
33,./kaggletest/pygbat1/,XC608070.ogg,13.79265306122449,0,5.0,5.0,44100,bird,1.0
34,./kaggletest/pygbat1/,XC591577.ogg,30.695986394557824,0,0.0,5.0,44100,bird,1.0
35,./kaggletest/pygbat1/,XC591577.ogg,30.695986394557824,0,5.0,5.0,44100,bird,1.0
36,./kaggletest/pygbat1/,XC591577.ogg,30.695986394557824,0,10.0,5.0,44100,bird,1.0
37,./kaggletest/pygbat1/,XC591577.ogg,30.695986394557824,0,15.0,5.0,44100,bird,1.0
38,./kaggletest/pygbat1/,XC591577.ogg,30.695986394557824,0,20.0,5.0,44100,bird,1.0
39,./kaggletest/pygbat1/,XC591577.ogg,30.695986394557824,0,25.0,5.0,44100,bird,1.0
40,./kaggletest/pygbat1/,XC244617.ogg,18.167981859410432,0,0.0,5.0,44100,bird,1.0
41,./kaggletest/pygbat1/,XC244617.ogg,18.167981859410432,0,5.0,5.0,44100,bird,1.0
42,./kaggletest/pygbat1/,XC244617.ogg,18.167981859410432,0,10.0,5.0,44100,bird,1.0
43,./kaggletest/pygbat1/,XC244616.ogg,38.95199546485261,0,0.0,5.0,44100,bird,1.0
44,./kaggletest/pygbat1/,XC244616.ogg,38.95199546485261,0,5.0,5.0,44100,bird,1.0
45,./kaggletest/pygbat1/,XC244616.ogg,38.95199546485261,0,10.0,5.0,44100,bird,1.0
46,./kaggletest/pygbat1/,XC244616.ogg,38.95199546485261,0,15.0,5.0,44100,bird,1.0
47,./kaggletest/pygbat1/,XC244616.ogg,38.95199546485261,0,20.0,5.0,44100,bird,1.0
48,./kaggletest/pygbat1/,XC244616.ogg,38.95199546485261,0,25.0,5.0,44100,bird,1.0
49,./kaggletest/pygbat1/,XC244616.ogg,38.95199546485261,0,30.0,5.0,44100,bird,1.0
50,./kaggletest/pygbat1/,XC244615.ogg,118.8719954648526,0,0.0,5.0,44100,bird,1.0
51,./kaggletest/pygbat1/,XC244615.ogg,118.8719954648526,0,5.0,5.0,44100,bird,1.0
52,./kaggletest/pygbat1/,XC244615.ogg,118.8719954648526,0,10.0,5.0,44100,bird,1.0
53,./kaggletest/pygbat1/,XC244615.ogg,118.8719954648526,0,15.0,5.0,44100,bird,1.0
54,./kaggletest/pygbat1/,XC244615.ogg,118.8719954648526,0,20.0,5.0,44100,bird,1.0
55,./kaggletest/pygbat1/,XC244615.ogg,118.8719954648526,0,25.0,5.0,44100,bird,1.0
56,./kaggletest/pygbat1/,XC244615.ogg,118.8719954648526,0,30.0,5.0,44100,bird,1.0
57,./kaggletest/pygbat1/,XC244615.ogg,118.8719954648526,0,35.0,5.0,44100,bird,1.0
58,./kaggletest/pygbat1/,XC244615.ogg,118.8719954648526,0,40.0,5.0,44100,bird,1.0
59,./kaggletest/pygbat1/,XC244615.ogg,118.8719954648526,0,45.0,5.0,44100,bird,1.0
60,./kaggletest/pygbat1/,XC244615.ogg,118.8719954648526,0,50.0,5.0,44100,bird,1.0
61,./kaggletest/pygbat1/,XC244615.ogg,118.8719954648526,0,55.0,5.0,44100,bird,1.0
62,./kaggletest/pygbat1/,XC244615.ogg,118.8719954648526,0,60.0,5.0,44100,bird,1.0
63,./kaggletest/pygbat1/,XC244615.ogg,118.8719954648526,0,65.0,5.0,44100,bird,1.0
64,./kaggletest/pygbat1/,XC244615.ogg,118.8719954648526,0,75.0,5.0,44100,bird,1.0
65,./kaggletest/pygbat1/,XC244615.ogg,118.8719954648526,0,80.0,5.0,44100,bird,1.0
66,./kaggletest/pygbat1/,XC244615.ogg,118.8719954648526,0,85.0,5.0,44100,bird,1.0
67,./kaggletest/pygbat1/,XC244615.ogg,118.8719954648526,0,90.0,5.0,44100,bird,1.0
68,./kaggletest/pygbat1/,XC244615.ogg,118.8719954648526,0,95.0,5.0,44100,bird,1.0
69,./kaggletest/pygbat1/,XC244615.ogg,118.8719954648526,0,100.0,5.0,44100,bird,1.0
70,./kaggletest/pygbat1/,XC244615.ogg,118.8719954648526,0,105.0,5.0,44100,bird,1.0
71,./kaggletest/pygbat1/,XC244615.ogg,118.8719954648526,0,110.0,5.0,44100,bird,1.0
72,./kaggletest/pygbat1/,XC703357.ogg,11.76,0,0.0,5.0,44100,bird,1.0
73,./kaggletest/pygbat1/,XC703357.ogg,11.76,0,5.0,5.0,44100,bird,1.0
