,FOLDER,IN FILE,CLIP LENGTH,CHANNEL,OFFSET,DURATION,SAMPLE RATE,MANUAL ID,CONFIDENCE
0,./kaggletest/raybar1/,XC424160.ogg,32.7309977324263,0,0.0,5.0,44100,bird,1.0
1,./kaggletest/raybar1/,XC424160.ogg,32.7309977324263,0,5.0,5.0,44100,bird,1.0
2,./kaggletest/raybar1/,XC424160.ogg,32.7309977324263,0,10.0,5.0,44100,bird,1.0
3,./kaggletest/raybar1/,XC424160.ogg,32.7309977324263,0,15.0,5.0,44100,bird,1.0
4,./kaggletest/raybar1/,XC424160.ogg,32.7309977324263,0,20.0,5.0,44100,bird,1.0
5,./kaggletest/raybar1/,XC424160.ogg,32.7309977324263,0,25.0,5.0,44100,bird,1.0
6,./kaggletest/raybar1/,XC439397.ogg,21.65498866213152,0,0.0,5.0,44100,bird,1.0
7,./kaggletest/raybar1/,XC439397.ogg,21.65498866213152,0,5.0,5.0,44100,bird,1.0
8,./kaggletest/raybar1/,XC439397.ogg,21.65498866213152,0,10.0,5.0,44100,bird,1.0
9,./kaggletest/raybar1/,XC439397.ogg,21.65498866213152,0,15.0,5.0,44100,bird,1.0
10,./kaggletest/raybar1/,XC391653.ogg,17.554263038548754,0,0.0,5.0,44100,bird,1.0
11,./kaggletest/raybar1/,XC391653.ogg,17.554263038548754,0,5.0,5.0,44100,bird,1.0
12,./kaggletest/raybar1/,XC391653.ogg,17.554263038548754,0,10.0,5.0,44100,bird,1.0
13,./kaggletest/raybar1/,XC654471.ogg,40.15199546485261,0,0.0,5.0,44100,bird,1.0
14,./kaggletest/raybar1/,XC654471.ogg,40.15199546485261,0,5.0,5.0,44100,bird,1.0
15,./kaggletest/raybar1/,XC654471.ogg,40.15199546485261,0,10.0,5.0,44100,bird,1.0
16,./kaggletest/raybar1/,XC654471.ogg,40.15199546485261,0,15.0,5.0,44100,bird,1.0
17,./kaggletest/raybar1/,XC654471.ogg,40.15199546485261,0,20.0,5.0,44100,bird,1.0
18,./kaggletest/raybar1/,XC654471.ogg,40.15199546485261,0,25.0,5.0,44100,bird,1.0
19,./kaggletest/raybar1/,XC654471.ogg,40.15199546485261,0,30.0,5.0,44100,bird,1.0
20,./kaggletest/raybar1/,XC654471.ogg,40.15199546485261,0,35.0,5.0,44100,bird,1.0
21,./kaggletest/raybar1/,XC728962.ogg,41.16,0,0.0,5.0,44100,bird,1.0
22,./kaggletest/raybar1/,XC728962.ogg,41.16,0,5.0,5.0,44100,bird,1.0
23,./kaggletest/raybar1/,XC728962.ogg,41.16,0,10.0,5.0,44100,bird,1.0
24,./kaggletest/raybar1/,XC728962.ogg,41.16,0,15.0,5.0,44100,bird,1.0
25,./kaggletest/raybar1/,XC728962.ogg,41.16,0,20.0,5.0,44100,bird,1.0
26,./kaggletest/raybar1/,XC728962.ogg,41.16,0,25.0,5.0,44100,bird,1.0
27,./kaggletest/raybar1/,XC728962.ogg,41.16,0,30.0,5.0,44100,bird,1.0
28,./kaggletest/raybar1/,XC728962.ogg,41.16,0,35.0,5.0,44100,bird,1.0
29,./kaggletest/raybar1/,XC526073.ogg,19.92,0,0.0,5.0,44100,bird,1.0
30,./kaggletest/raybar1/,XC526073.ogg,19.92,0,5.0,5.0,44100,bird,1.0
31,./kaggletest/raybar1/,XC526073.ogg,19.92,0,10.0,5.0,44100,bird,1.0
32,./kaggletest/raybar1/,XC613486.ogg,36.071995464852606,0,0.0,5.0,44100,bird,1.0
33,./kaggletest/raybar1/,XC613486.ogg,36.071995464852606,0,5.0,5.0,44100,bird,1.0
34,./kaggletest/raybar1/,XC613486.ogg,36.071995464852606,0,10.0,5.0,44100,bird,1.0
35,./kaggletest/raybar1/,XC613486.ogg,36.071995464852606,0,15.0,5.0,44100,bird,1.0
36,./kaggletest/raybar1/,XC613486.ogg,36.071995464852606,0,20.0,5.0,44100,bird,1.0
37,./kaggletest/raybar1/,XC613486.ogg,36.071995464852606,0,25.0,5.0,44100,bird,1.0
38,./kaggletest/raybar1/,XC613486.ogg,36.071995464852606,0,30.0,5.0,44100,bird,1.0
39,./kaggletest/raybar1/,XC583173.ogg,20.495986394557825,0,0.0,5.0,44100,bird,1.0
40,./kaggletest/raybar1/,XC583173.ogg,20.495986394557825,0,5.0,5.0,44100,bird,1.0
41,./kaggletest/raybar1/,XC583173.ogg,20.495986394557825,0,10.0,5.0,44100,bird,1.0
42,./kaggletest/raybar1/,XC583173.ogg,20.495986394557825,0,15.0,5.0,44100,bird,1.0
43,./kaggletest/raybar1/,XC583172.ogg,9.64798185941043,0,0.0,5.0,44100,bird,1.0
44,./kaggletest/raybar1/,XC583175.ogg,29.76,0,0.0,5.0,44100,bird,1.0
45,./kaggletest/raybar1/,XC583175.ogg,29.76,0,5.0,5.0,44100,bird,1.0
46,./kaggletest/raybar1/,XC583175.ogg,29.76,0,10.0,5.0,44100,bird,1.0
47,./kaggletest/raybar1/,XC583175.ogg,29.76,0,20.0,5.0,44100,bird,1.0
48,./kaggletest/raybar1/,XC583174.ogg,26.68798185941043,0,0.0,5.0,44100,bird,1.0
49,./kaggletest/raybar1/,XC583174.ogg,26.68798185941043,0,5.0,5.0,44100,bird,1.0
50,./kaggletest/raybar1/,XC583174.ogg,26.68798185941043,0,10.0,5.0,44100,bird,1.0
51,./kaggletest/raybar1/,XC583174.ogg,26.68798185941043,0,15.0,5.0,44100,bird,1.0
52,./kaggletest/raybar1/,XC583174.ogg,26.68798185941043,0,20.0,5.0,44100,bird,1.0
53,./kaggletest/raybar1/,XC244603.ogg,39.16798185941043,0,0.0,5.0,44100,bird,1.0
54,./kaggletest/raybar1/,XC244603.ogg,39.16798185941043,0,5.0,5.0,44100,bird,1.0
55,./kaggletest/raybar1/,XC244603.ogg,39.16798185941043,0,10.0,5.0,44100,bird,1.0
56,./kaggletest/raybar1/,XC244603.ogg,39.16798185941043,0,15.0,5.0,44100,bird,1.0
57,./kaggletest/raybar1/,XC244603.ogg,39.16798185941043,0,20.0,5.0,44100,bird,1.0
58,./kaggletest/raybar1/,XC244603.ogg,39.16798185941043,0,25.0,5.0,44100,bird,1.0
59,./kaggletest/raybar1/,XC244603.ogg,39.16798185941043,0,30.0,5.0,44100,bird,1.0
60,./kaggletest/raybar1/,XC396431.ogg,32.60079365079365,0,0.0,5.0,44100,bird,1.0
61,./kaggletest/raybar1/,XC396431.ogg,32.60079365079365,0,5.0,5.0,44100,bird,1.0
62,./kaggletest/raybar1/,XC396431.ogg,32.60079365079365,0,10.0,5.0,44100,bird,1.0
63,./kaggletest/raybar1/,XC396431.ogg,32.60079365079365,0,15.0,5.0,44100,bird,1.0
64,./kaggletest/raybar1/,XC396431.ogg,32.60079365079365,0,20.0,5.0,44100,bird,1.0
65,./kaggletest/raybar1/,XC396431.ogg,32.60079365079365,0,25.0,5.0,44100,bird,1.0
66,./kaggletest/raybar1/,XC699730.ogg,5.537959183673469,0,0.0,5.0,44100,bird,1.0
67,./kaggletest/raybar1/,XC425710.ogg,24.50199546485261,0,0.0,5.0,44100,bird,1.0
68,./kaggletest/raybar1/,XC425710.ogg,24.50199546485261,0,5.0,5.0,44100,bird,1.0
69,./kaggletest/raybar1/,XC425710.ogg,24.50199546485261,0,10.0,5.0,44100,bird,1.0
70,./kaggletest/raybar1/,XC425710.ogg,24.50199546485261,0,15.0,5.0,44100,bird,1.0
71,./kaggletest/raybar1/,XC244604.ogg,8.015986394557823,0,0.0,5.0,44100,bird,1.0
