,FOLDER,IN FILE,CLIP LENGTH,CHANNEL,OFFSET,DURATION,SAMPLE RATE,MANUAL ID,CONFIDENCE
0,./kaggletest/rebfir2/,XC714590.ogg,23.04,0,0.0,5.0,44100,bird,1.0
1,./kaggletest/rebfir2/,XC714590.ogg,23.04,0,5.0,5.0,44100,bird,1.0
2,./kaggletest/rebfir2/,XC714590.ogg,23.04,0,10.0,5.0,44100,bird,1.0
3,./kaggletest/rebfir2/,XC714590.ogg,23.04,0,15.0,5.0,44100,bird,1.0
4,./kaggletest/rebfir2/,XC235187.ogg,65.14936507936508,0,0.0,5.0,44100,bird,1.0
5,./kaggletest/rebfir2/,XC235187.ogg,65.14936507936508,0,5.0,5.0,44100,bird,1.0
6,./kaggletest/rebfir2/,XC235187.ogg,65.14936507936508,0,10.0,5.0,44100,bird,1.0
7,./kaggletest/rebfir2/,XC235187.ogg,65.14936507936508,0,15.0,5.0,44100,bird,1.0
8,./kaggletest/rebfir2/,XC235187.ogg,65.14936507936508,0,20.0,5.0,44100,bird,1.0
9,./kaggletest/rebfir2/,XC235187.ogg,65.14936507936508,0,25.0,5.0,44100,bird,1.0
10,./kaggletest/rebfir2/,XC235187.ogg,65.14936507936508,0,30.0,5.0,44100,bird,1.0
11,./kaggletest/rebfir2/,XC235187.ogg,65.14936507936508,0,35.0,5.0,44100,bird,1.0
12,./kaggletest/rebfir2/,XC235187.ogg,65.14936507936508,0,40.0,5.0,44100,bird,1.0
13,./kaggletest/rebfir2/,XC235187.ogg,65.14936507936508,0,45.0,5.0,44100,bird,1.0
14,./kaggletest/rebfir2/,XC235187.ogg,65.14936507936508,0,50.0,5.0,44100,bird,1.0
15,./kaggletest/rebfir2/,XC235187.ogg,65.14936507936508,0,55.0,5.0,44100,bird,1.0
16,./kaggletest/rebfir2/,XC235187.ogg,65.14936507936508,0,60.0,5.0,44100,bird,1.0
17,./kaggletest/rebfir2/,XC492189.ogg,15.595079365079364,0,0.0,5.0,44100,bird,1.0
18,./kaggletest/rebfir2/,XC492189.ogg,15.595079365079364,0,5.0,5.0,44100,bird,1.0
19,./kaggletest/rebfir2/,XC492189.ogg,15.595079365079364,0,10.0,5.0,44100,bird,1.0
20,./kaggletest/rebfir2/,XC376081.ogg,31.058979591836735,0,0.0,5.0,44100,bird,1.0
21,./kaggletest/rebfir2/,XC376081.ogg,31.058979591836735,0,5.0,5.0,44100,bird,1.0
22,./kaggletest/rebfir2/,XC376081.ogg,31.058979591836735,0,10.0,5.0,44100,bird,1.0
23,./kaggletest/rebfir2/,XC376081.ogg,31.058979591836735,0,15.0,5.0,44100,bird,1.0
24,./kaggletest/rebfir2/,XC376081.ogg,31.058979591836735,0,20.0,5.0,44100,bird,1.0
25,./kaggletest/rebfir2/,XC376081.ogg,31.058979591836735,0,25.0,5.0,44100,bird,1.0
26,./kaggletest/rebfir2/,XC619303.ogg,11.783990929705215,0,0.0,5.0,44100,bird,1.0
27,./kaggletest/rebfir2/,XC619303.ogg,11.783990929705215,0,5.0,5.0,44100,bird,1.0
28,./kaggletest/rebfir2/,XC475661.ogg,15.621201814058956,0,0.0,5.0,44100,bird,1.0
29,./kaggletest/rebfir2/,XC475661.ogg,15.621201814058956,0,5.0,5.0,44100,bird,1.0
30,./kaggletest/rebfir2/,XC475661.ogg,15.621201814058956,0,10.0,5.0,44100,bird,1.0
31,./kaggletest/rebfir2/,XC665637.ogg,70.17598639455782,0,0.0,5.0,44100,bird,1.0
32,./kaggletest/rebfir2/,XC665637.ogg,70.17598639455782,0,5.0,5.0,44100,bird,1.0
33,./kaggletest/rebfir2/,XC665637.ogg,70.17598639455782,0,10.0,5.0,44100,bird,1.0
34,./kaggletest/rebfir2/,XC665637.ogg,70.17598639455782,0,15.0,5.0,44100,bird,1.0
35,./kaggletest/rebfir2/,XC665637.ogg,70.17598639455782,0,20.0,5.0,44100,bird,1.0
36,./kaggletest/rebfir2/,XC665637.ogg,70.17598639455782,0,25.0,5.0,44100,bird,1.0
37,./kaggletest/rebfir2/,XC665637.ogg,70.17598639455782,0,30.0,5.0,44100,bird,1.0
38,./kaggletest/rebfir2/,XC665637.ogg,70.17598639455782,0,35.0,5.0,44100,bird,1.0
39,./kaggletest/rebfir2/,XC665637.ogg,70.17598639455782,0,40.0,5.0,44100,bird,1.0
40,./kaggletest/rebfir2/,XC665637.ogg,70.17598639455782,0,45.0,5.0,44100,bird,1.0
41,./kaggletest/rebfir2/,XC665637.ogg,70.17598639455782,0,50.0,5.0,44100,bird,1.0
42,./kaggletest/rebfir2/,XC665637.ogg,70.17598639455782,0,55.0,5.0,44100,bird,1.0
43,./kaggletest/rebfir2/,XC665637.ogg,70.17598639455782,0,60.0,5.0,44100,bird,1.0
44,./kaggletest/rebfir2/,XC414857.ogg,37.391995464852606,0,0.0,5.0,44100,bird,1.0
45,./kaggletest/rebfir2/,XC414857.ogg,37.391995464852606,0,5.0,5.0,44100,bird,1.0
46,./kaggletest/rebfir2/,XC414857.ogg,37.391995464852606,0,10.0,5.0,44100,bird,1.0
47,./kaggletest/rebfir2/,XC414857.ogg,37.391995464852606,0,15.0,5.0,44100,bird,1.0
48,./kaggletest/rebfir2/,XC414857.ogg,37.391995464852606,0,20.0,5.0,44100,bird,1.0
49,./kaggletest/rebfir2/,XC414857.ogg,37.391995464852606,0,25.0,5.0,44100,bird,1.0
50,./kaggletest/rebfir2/,XC414857.ogg,37.391995464852606,0,30.0,5.0,44100,bird,1.0
51,./kaggletest/rebfir2/,XC246806.ogg,28.003242630385486,0,0.0,5.0,44100,bird,1.0
52,./kaggletest/rebfir2/,XC246806.ogg,28.003242630385486,0,5.0,5.0,44100,bird,1.0
53,./kaggletest/rebfir2/,XC246806.ogg,28.003242630385486,0,10.0,5.0,44100,bird,1.0
54,./kaggletest/rebfir2/,XC246806.ogg,28.003242630385486,0,15.0,5.0,44100,bird,1.0
55,./kaggletest/rebfir2/,XC246806.ogg,28.003242630385486,0,20.0,5.0,44100,bird,1.0
56,./kaggletest/rebfir2/,XC381143.ogg,23.11199546485261,0,0.0,5.0,44100,bird,1.0
57,./kaggletest/rebfir2/,XC381143.ogg,23.11199546485261,0,5.0,5.0,44100,bird,1.0
58,./kaggletest/rebfir2/,XC381143.ogg,23.11199546485261,0,10.0,5.0,44100,bird,1.0
59,./kaggletest/rebfir2/,XC381143.ogg,23.11199546485261,0,15.0,5.0,44100,bird,1.0
60,./kaggletest/rebfir2/,XC120244.ogg,29.074263038548754,0,0.0,5.0,44100,bird,1.0
61,./kaggletest/rebfir2/,XC120244.ogg,29.074263038548754,0,10.0,5.0,44100,bird,1.0
62,./kaggletest/rebfir2/,XC120244.ogg,29.074263038548754,0,15.0,5.0,44100,bird,1.0
63,./kaggletest/rebfir2/,XC120244.ogg,29.074263038548754,0,20.0,5.0,44100,bird,1.0
64,./kaggletest/rebfir2/,XC381142.ogg,17.375986394557824,0,5.0,5.0,44100,bird,1.0
65,./kaggletest/rebfir2/,XC381142.ogg,17.375986394557824,0,10.0,5.0,44100,bird,1.0
66,./kaggletest/rebfir2/,XC469417.ogg,12.852244897959183,0,0.0,5.0,44100,bird,1.0
67,./kaggletest/rebfir2/,XC469417.ogg,12.852244897959183,0,5.0,5.0,44100,bird,1.0
68,./kaggletest/rebfir2/,XC292602.ogg,34.22038548752835,0,0.0,5.0,44100,bird,1.0
69,./kaggletest/rebfir2/,XC292602.ogg,34.22038548752835,0,5.0,5.0,44100,bird,1.0
70,./kaggletest/rebfir2/,XC292602.ogg,34.22038548752835,0,10.0,5.0,44100,bird,1.0
71,./kaggletest/rebfir2/,XC292602.ogg,34.22038548752835,0,15.0,5.0,44100,bird,1.0
72,./kaggletest/rebfir2/,XC292602.ogg,34.22038548752835,0,20.0,5.0,44100,bird,1.0
73,./kaggletest/rebfir2/,XC292602.ogg,34.22038548752835,0,25.0,5.0,44100,bird,1.0
74,./kaggletest/rebfir2/,XC385963.ogg,29.073990929705214,0,0.0,5.0,44100,bird,1.0
75,./kaggletest/rebfir2/,XC385963.ogg,29.073990929705214,0,5.0,5.0,44100,bird,1.0
76,./kaggletest/rebfir2/,XC385963.ogg,29.073990929705214,0,10.0,5.0,44100,bird,1.0
77,./kaggletest/rebfir2/,XC385963.ogg,29.073990929705214,0,15.0,5.0,44100,bird,1.0
78,./kaggletest/rebfir2/,XC385963.ogg,29.073990929705214,0,20.0,5.0,44100,bird,1.0
79,./kaggletest/rebfir2/,XC385793.ogg,17.543990929705217,0,0.0,5.0,44100,bird,1.0
80,./kaggletest/rebfir2/,XC385793.ogg,17.543990929705217,0,5.0,5.0,44100,bird,1.0
81,./kaggletest/rebfir2/,XC385793.ogg,17.543990929705217,0,10.0,5.0,44100,bird,1.0
82,./kaggletest/rebfir2/,XC440441.ogg,32.18283446712018,0,0.0,5.0,44100,bird,1.0
83,./kaggletest/rebfir2/,XC440441.ogg,32.18283446712018,0,5.0,5.0,44100,bird,1.0
84,./kaggletest/rebfir2/,XC440441.ogg,32.18283446712018,0,10.0,5.0,44100,bird,1.0
85,./kaggletest/rebfir2/,XC440441.ogg,32.18283446712018,0,15.0,5.0,44100,bird,1.0
86,./kaggletest/rebfir2/,XC440441.ogg,32.18283446712018,0,20.0,5.0,44100,bird,1.0
87,./kaggletest/rebfir2/,XC440441.ogg,32.18283446712018,0,25.0,5.0,44100,bird,1.0
88,./kaggletest/rebfir2/,XC652412.ogg,11.074988662131519,0,0.0,5.0,44100,bird,1.0
89,./kaggletest/rebfir2/,XC174856.ogg,49.606530612244896,0,0.0,5.0,44100,bird,1.0
90,./kaggletest/rebfir2/,XC174856.ogg,49.606530612244896,0,5.0,5.0,44100,bird,1.0
91,./kaggletest/rebfir2/,XC174856.ogg,49.606530612244896,0,10.0,5.0,44100,bird,1.0
92,./kaggletest/rebfir2/,XC174856.ogg,49.606530612244896,0,15.0,5.0,44100,bird,1.0
93,./kaggletest/rebfir2/,XC174856.ogg,49.606530612244896,0,20.0,5.0,44100,bird,1.0
94,./kaggletest/rebfir2/,XC174856.ogg,49.606530612244896,0,25.0,5.0,44100,bird,1.0
95,./kaggletest/rebfir2/,XC174856.ogg,49.606530612244896,0,30.0,5.0,44100,bird,1.0
96,./kaggletest/rebfir2/,XC174856.ogg,49.606530612244896,0,35.0,5.0,44100,bird,1.0
97,./kaggletest/rebfir2/,XC174856.ogg,49.606530612244896,0,40.0,5.0,44100,bird,1.0
98,./kaggletest/rebfir2/,XC440911.ogg,44.720997732426305,0,0.0,5.0,44100,bird,1.0
99,./kaggletest/rebfir2/,XC440911.ogg,44.720997732426305,0,5.0,5.0,44100,bird,1.0
100,./kaggletest/rebfir2/,XC440911.ogg,44.720997732426305,0,10.0,5.0,44100,bird,1.0
101,./kaggletest/rebfir2/,XC440911.ogg,44.720997732426305,0,15.0,5.0,44100,bird,1.0
102,./kaggletest/rebfir2/,XC440911.ogg,44.720997732426305,0,25.0,5.0,44100,bird,1.0
103,./kaggletest/rebfir2/,XC440911.ogg,44.720997732426305,0,30.0,5.0,44100,bird,1.0
104,./kaggletest/rebfir2/,XC174857.ogg,19.48732426303855,0,0.0,5.0,44100,bird,1.0
105,./kaggletest/rebfir2/,XC174857.ogg,19.48732426303855,0,5.0,5.0,44100,bird,1.0
106,./kaggletest/rebfir2/,XC174857.ogg,19.48732426303855,0,10.0,5.0,44100,bird,1.0
107,./kaggletest/rebfir2/,XC382943.ogg,46.70399092970521,0,0.0,5.0,44100,bird,1.0
108,./kaggletest/rebfir2/,XC382943.ogg,46.70399092970521,0,5.0,5.0,44100,bird,1.0
109,./kaggletest/rebfir2/,XC382943.ogg,46.70399092970521,0,10.0,5.0,44100,bird,1.0
110,./kaggletest/rebfir2/,XC382943.ogg,46.70399092970521,0,15.0,5.0,44100,bird,1.0
111,./kaggletest/rebfir2/,XC382943.ogg,46.70399092970521,0,20.0,5.0,44100,bird,1.0
112,./kaggletest/rebfir2/,XC382943.ogg,46.70399092970521,0,25.0,5.0,44100,bird,1.0
113,./kaggletest/rebfir2/,XC382943.ogg,46.70399092970521,0,30.0,5.0,44100,bird,1.0
114,./kaggletest/rebfir2/,XC382943.ogg,46.70399092970521,0,35.0,5.0,44100,bird,1.0
115,./kaggletest/rebfir2/,XC382943.ogg,46.70399092970521,0,40.0,5.0,44100,bird,1.0
116,./kaggletest/rebfir2/,XC610341.ogg,60.263990929705216,0,5.0,5.0,44100,bird,1.0
117,./kaggletest/rebfir2/,XC610341.ogg,60.263990929705216,0,25.0,5.0,44100,bird,1.0
118,./kaggletest/rebfir2/,XC610341.ogg,60.263990929705216,0,30.0,5.0,44100,bird,1.0
119,./kaggletest/rebfir2/,XC610341.ogg,60.263990929705216,0,35.0,5.0,44100,bird,1.0
120,./kaggletest/rebfir2/,XC610341.ogg,60.263990929705216,0,40.0,5.0,44100,bird,1.0
121,./kaggletest/rebfir2/,XC610341.ogg,60.263990929705216,0,45.0,5.0,44100,bird,1.0
122,./kaggletest/rebfir2/,XC610341.ogg,60.263990929705216,0,50.0,5.0,44100,bird,1.0
123,./kaggletest/rebfir2/,XC610341.ogg,60.263990929705216,0,55.0,5.0,44100,bird,1.0
124,./kaggletest/rebfir2/,XC587907.ogg,104.07183673469387,0,0.0,5.0,44100,bird,1.0
125,./kaggletest/rebfir2/,XC587907.ogg,104.07183673469387,0,5.0,5.0,44100,bird,1.0
126,./kaggletest/rebfir2/,XC587907.ogg,104.07183673469387,0,10.0,5.0,44100,bird,1.0
127,./kaggletest/rebfir2/,XC587907.ogg,104.07183673469387,0,15.0,5.0,44100,bird,1.0
128,./kaggletest/rebfir2/,XC587907.ogg,104.07183673469387,0,20.0,5.0,44100,bird,1.0
129,./kaggletest/rebfir2/,XC587907.ogg,104.07183673469387,0,25.0,5.0,44100,bird,1.0
130,./kaggletest/rebfir2/,XC587907.ogg,104.07183673469387,0,30.0,5.0,44100,bird,1.0
131,./kaggletest/rebfir2/,XC587907.ogg,104.07183673469387,0,35.0,5.0,44100,bird,1.0
132,./kaggletest/rebfir2/,XC587907.ogg,104.07183673469387,0,40.0,5.0,44100,bird,1.0
133,./kaggletest/rebfir2/,XC587907.ogg,104.07183673469387,0,45.0,5.0,44100,bird,1.0
134,./kaggletest/rebfir2/,XC587907.ogg,104.07183673469387,0,50.0,5.0,44100,bird,1.0
135,./kaggletest/rebfir2/,XC587907.ogg,104.07183673469387,0,55.0,5.0,44100,bird,1.0
136,./kaggletest/rebfir2/,XC587907.ogg,104.07183673469387,0,60.0,5.0,44100,bird,1.0
137,./kaggletest/rebfir2/,XC587907.ogg,104.07183673469387,0,65.0,5.0,44100,bird,1.0
138,./kaggletest/rebfir2/,XC587907.ogg,104.07183673469387,0,70.0,5.0,44100,bird,1.0
139,./kaggletest/rebfir2/,XC587907.ogg,104.07183673469387,0,75.0,5.0,44100,bird,1.0
140,./kaggletest/rebfir2/,XC587907.ogg,104.07183673469387,0,80.0,5.0,44100,bird,1.0
141,./kaggletest/rebfir2/,XC587907.ogg,104.07183673469387,0,85.0,5.0,44100,bird,1.0
142,./kaggletest/rebfir2/,XC587907.ogg,104.07183673469387,0,90.0,5.0,44100,bird,1.0
143,./kaggletest/rebfir2/,XC587907.ogg,104.07183673469387,0,95.0,5.0,44100,bird,1.0
144,./kaggletest/rebfir2/,XC752945.ogg,50.8865306122449,0,0.0,5.0,44100,bird,1.0
145,./kaggletest/rebfir2/,XC752945.ogg,50.8865306122449,0,5.0,5.0,44100,bird,1.0
146,./kaggletest/rebfir2/,XC752945.ogg,50.8865306122449,0,10.0,5.0,44100,bird,1.0
147,./kaggletest/rebfir2/,XC752945.ogg,50.8865306122449,0,15.0,5.0,44100,bird,1.0
148,./kaggletest/rebfir2/,XC752945.ogg,50.8865306122449,0,20.0,5.0,44100,bird,1.0
149,./kaggletest/rebfir2/,XC752945.ogg,50.8865306122449,0,25.0,5.0,44100,bird,1.0
150,./kaggletest/rebfir2/,XC752945.ogg,50.8865306122449,0,30.0,5.0,44100,bird,1.0
151,./kaggletest/rebfir2/,XC752945.ogg,50.8865306122449,0,35.0,5.0,44100,bird,1.0
152,./kaggletest/rebfir2/,XC752945.ogg,50.8865306122449,0,40.0,5.0,44100,bird,1.0
153,./kaggletest/rebfir2/,XC752945.ogg,50.8865306122449,0,45.0,5.0,44100,bird,1.0
154,./kaggletest/rebfir2/,XC372516.ogg,10.871995464852608,0,0.0,5.0,44100,bird,1.0
155,./kaggletest/rebfir2/,XC372516.ogg,10.871995464852608,0,5.0,5.0,44100,bird,1.0
156,./kaggletest/rebfir2/,XC131905.ogg,18.964897959183673,0,0.0,5.0,44100,bird,1.0
157,./kaggletest/rebfir2/,XC131905.ogg,18.964897959183673,0,5.0,5.0,44100,bird,1.0
158,./kaggletest/rebfir2/,XC131905.ogg,18.964897959183673,0,10.0,5.0,44100,bird,1.0
159,./kaggletest/rebfir2/,XC478712.ogg,9.142834467120181,0,0.0,5.0,44100,bird,1.0
160,./kaggletest/rebfir2/,XC205399.ogg,32.052244897959184,0,0.0,5.0,44100,bird,1.0
161,./kaggletest/rebfir2/,XC205399.ogg,32.052244897959184,0,5.0,5.0,44100,bird,1.0
162,./kaggletest/rebfir2/,XC205399.ogg,32.052244897959184,0,10.0,5.0,44100,bird,1.0
163,./kaggletest/rebfir2/,XC205399.ogg,32.052244897959184,0,15.0,5.0,44100,bird,1.0
164,./kaggletest/rebfir2/,XC205399.ogg,32.052244897959184,0,20.0,5.0,44100,bird,1.0
165,./kaggletest/rebfir2/,XC205399.ogg,32.052244897959184,0,25.0,5.0,44100,bird,1.0
166,./kaggletest/rebfir2/,XC480866.ogg,12.094671201814059,0,0.0,5.0,44100,bird,1.0
167,./kaggletest/rebfir2/,XC480866.ogg,12.094671201814059,0,5.0,5.0,44100,bird,1.0
168,./kaggletest/rebfir2/,XC487265.ogg,79.75183673469388,0,0.0,5.0,44100,bird,1.0
169,./kaggletest/rebfir2/,XC487265.ogg,79.75183673469388,0,5.0,5.0,44100,bird,1.0
170,./kaggletest/rebfir2/,XC487265.ogg,79.75183673469388,0,10.0,5.0,44100,bird,1.0
171,./kaggletest/rebfir2/,XC487265.ogg,79.75183673469388,0,15.0,5.0,44100,bird,1.0
172,./kaggletest/rebfir2/,XC487265.ogg,79.75183673469388,0,20.0,5.0,44100,bird,1.0
173,./kaggletest/rebfir2/,XC487265.ogg,79.75183673469388,0,35.0,5.0,44100,bird,1.0
174,./kaggletest/rebfir2/,XC487265.ogg,79.75183673469388,0,45.0,5.0,44100,bird,1.0
175,./kaggletest/rebfir2/,XC487265.ogg,79.75183673469388,0,50.0,5.0,44100,bird,1.0
176,./kaggletest/rebfir2/,XC487265.ogg,79.75183673469388,0,55.0,5.0,44100,bird,1.0
177,./kaggletest/rebfir2/,XC487265.ogg,79.75183673469388,0,60.0,5.0,44100,bird,1.0
178,./kaggletest/rebfir2/,XC487265.ogg,79.75183673469388,0,65.0,5.0,44100,bird,1.0
179,./kaggletest/rebfir2/,XC487265.ogg,79.75183673469388,0,70.0,5.0,44100,bird,1.0
180,./kaggletest/rebfir2/,XC447492.ogg,22.583990929705216,0,0.0,5.0,44100,bird,1.0
181,./kaggletest/rebfir2/,XC447492.ogg,22.583990929705216,0,5.0,5.0,44100,bird,1.0
182,./kaggletest/rebfir2/,XC447492.ogg,22.583990929705216,0,10.0,5.0,44100,bird,1.0
183,./kaggletest/rebfir2/,XC447492.ogg,22.583990929705216,0,15.0,5.0,44100,bird,1.0
184,./kaggletest/rebfir2/,XC447490.ogg,31.583990929705216,0,5.0,5.0,44100,bird,1.0
185,./kaggletest/rebfir2/,XC447490.ogg,31.583990929705216,0,10.0,5.0,44100,bird,1.0
186,./kaggletest/rebfir2/,XC447490.ogg,31.583990929705216,0,15.0,5.0,44100,bird,1.0
187,./kaggletest/rebfir2/,XC447490.ogg,31.583990929705216,0,20.0,5.0,44100,bird,1.0
188,./kaggletest/rebfir2/,XC447490.ogg,31.583990929705216,0,25.0,5.0,44100,bird,1.0
189,./kaggletest/rebfir2/,XC718070.ogg,10.787981859410431,0,0.0,5.0,44100,bird,1.0
190,./kaggletest/rebfir2/,XC594970.ogg,28.31598639455782,0,0.0,5.0,44100,bird,1.0
191,./kaggletest/rebfir2/,XC594970.ogg,28.31598639455782,0,5.0,5.0,44100,bird,1.0
192,./kaggletest/rebfir2/,XC594970.ogg,28.31598639455782,0,10.0,5.0,44100,bird,1.0
193,./kaggletest/rebfir2/,XC594970.ogg,28.31598639455782,0,15.0,5.0,44100,bird,1.0
194,./kaggletest/rebfir2/,XC594970.ogg,28.31598639455782,0,20.0,5.0,44100,bird,1.0
195,./kaggletest/rebfir2/,XC632302.ogg,22.908979591836733,0,0.0,5.0,44100,bird,1.0
196,./kaggletest/rebfir2/,XC632302.ogg,22.908979591836733,0,5.0,5.0,44100,bird,1.0
197,./kaggletest/rebfir2/,XC632302.ogg,22.908979591836733,0,10.0,5.0,44100,bird,1.0
198,./kaggletest/rebfir2/,XC632302.ogg,22.908979591836733,0,15.0,5.0,44100,bird,1.0
199,./kaggletest/rebfir2/,XC339472.ogg,33.436734693877554,0,0.0,5.0,44100,bird,1.0
200,./kaggletest/rebfir2/,XC339472.ogg,33.436734693877554,0,5.0,5.0,44100,bird,1.0
201,./kaggletest/rebfir2/,XC339472.ogg,33.436734693877554,0,15.0,5.0,44100,bird,1.0
202,./kaggletest/rebfir2/,XC339472.ogg,33.436734693877554,0,20.0,5.0,44100,bird,1.0
203,./kaggletest/rebfir2/,XC339472.ogg,33.436734693877554,0,25.0,5.0,44100,bird,1.0
204,./kaggletest/rebfir2/,XC447491.ogg,45.095986394557826,0,0.0,5.0,44100,bird,1.0
205,./kaggletest/rebfir2/,XC447491.ogg,45.095986394557826,0,5.0,5.0,44100,bird,1.0
206,./kaggletest/rebfir2/,XC447491.ogg,45.095986394557826,0,10.0,5.0,44100,bird,1.0
207,./kaggletest/rebfir2/,XC447491.ogg,45.095986394557826,0,15.0,5.0,44100,bird,1.0
208,./kaggletest/rebfir2/,XC447491.ogg,45.095986394557826,0,20.0,5.0,44100,bird,1.0
209,./kaggletest/rebfir2/,XC447491.ogg,45.095986394557826,0,25.0,5.0,44100,bird,1.0
210,./kaggletest/rebfir2/,XC447491.ogg,45.095986394557826,0,30.0,5.0,44100,bird,1.0
211,./kaggletest/rebfir2/,XC447491.ogg,45.095986394557826,0,35.0,5.0,44100,bird,1.0
212,./kaggletest/rebfir2/,XC447491.ogg,45.095986394557826,0,40.0,5.0,44100,bird,1.0
213,./kaggletest/rebfir2/,XC359423.ogg,16.11698412698413,0,0.0,5.0,44100,bird,1.0
214,./kaggletest/rebfir2/,XC421994.ogg,35.05630385487528,0,0.0,5.0,44100,bird,1.0
215,./kaggletest/rebfir2/,XC421994.ogg,35.05630385487528,0,10.0,5.0,44100,bird,1.0
216,./kaggletest/rebfir2/,XC421994.ogg,35.05630385487528,0,15.0,5.0,44100,bird,1.0
217,./kaggletest/rebfir2/,XC421994.ogg,35.05630385487528,0,20.0,5.0,44100,bird,1.0
218,./kaggletest/rebfir2/,XC421994.ogg,35.05630385487528,0,25.0,5.0,44100,bird,1.0
219,./kaggletest/rebfir2/,XC421994.ogg,35.05630385487528,0,30.0,5.0,44100,bird,1.0
220,./kaggletest/rebfir2/,XC421995.ogg,60.681995464852605,0,0.0,5.0,44100,bird,1.0
221,./kaggletest/rebfir2/,XC421995.ogg,60.681995464852605,0,10.0,5.0,44100,bird,1.0
222,./kaggletest/rebfir2/,XC421995.ogg,60.681995464852605,0,20.0,5.0,44100,bird,1.0
223,./kaggletest/rebfir2/,XC421995.ogg,60.681995464852605,0,35.0,5.0,44100,bird,1.0
224,./kaggletest/rebfir2/,XC421995.ogg,60.681995464852605,0,50.0,5.0,44100,bird,1.0
225,./kaggletest/rebfir2/,XC421995.ogg,60.681995464852605,0,55.0,5.0,44100,bird,1.0
226,./kaggletest/rebfir2/,XC117147.ogg,26.04408163265306,0,0.0,5.0,44100,bird,1.0
227,./kaggletest/rebfir2/,XC117147.ogg,26.04408163265306,0,5.0,5.0,44100,bird,1.0
228,./kaggletest/rebfir2/,XC117147.ogg,26.04408163265306,0,10.0,5.0,44100,bird,1.0
229,./kaggletest/rebfir2/,XC117147.ogg,26.04408163265306,0,15.0,5.0,44100,bird,1.0
230,./kaggletest/rebfir2/,XC117147.ogg,26.04408163265306,0,20.0,5.0,44100,bird,1.0
231,./kaggletest/rebfir2/,XC714589.ogg,65.56798185941044,0,0.0,5.0,44100,bird,1.0
232,./kaggletest/rebfir2/,XC714589.ogg,65.56798185941044,0,5.0,5.0,44100,bird,1.0
233,./kaggletest/rebfir2/,XC714589.ogg,65.56798185941044,0,10.0,5.0,44100,bird,1.0
234,./kaggletest/rebfir2/,XC714589.ogg,65.56798185941044,0,15.0,5.0,44100,bird,1.0
235,./kaggletest/rebfir2/,XC714589.ogg,65.56798185941044,0,20.0,5.0,44100,bird,1.0
236,./kaggletest/rebfir2/,XC714589.ogg,65.56798185941044,0,25.0,5.0,44100,bird,1.0
237,./kaggletest/rebfir2/,XC714589.ogg,65.56798185941044,0,30.0,5.0,44100,bird,1.0
238,./kaggletest/rebfir2/,XC714589.ogg,65.56798185941044,0,35.0,5.0,44100,bird,1.0
239,./kaggletest/rebfir2/,XC714589.ogg,65.56798185941044,0,40.0,5.0,44100,bird,1.0
240,./kaggletest/rebfir2/,XC714589.ogg,65.56798185941044,0,45.0,5.0,44100,bird,1.0
241,./kaggletest/rebfir2/,XC714589.ogg,65.56798185941044,0,50.0,5.0,44100,bird,1.0
242,./kaggletest/rebfir2/,XC714589.ogg,65.56798185941044,0,55.0,5.0,44100,bird,1.0
243,./kaggletest/rebfir2/,XC714589.ogg,65.56798185941044,0,60.0,5.0,44100,bird,1.0
