,FOLDER,IN FILE,CLIP LENGTH,CHANNEL,OFFSET,DURATION,SAMPLE RATE,MANUAL ID,CONFIDENCE
0,./kaggletest/rebhor1/,XC424366.ogg,12.590997732426304,0,0.0,5.0,44100,bird,1.0
1,./kaggletest/rebhor1/,XC424366.ogg,12.590997732426304,0,5.0,5.0,44100,bird,1.0
2,./kaggletest/rebhor1/,XC156705.ogg,14.733061224489797,0,0.0,5.0,44100,bird,1.0
3,./kaggletest/rebhor1/,XC156705.ogg,14.733061224489797,0,5.0,5.0,44100,bird,1.0
4,./kaggletest/rebhor1/,XC294749.ogg,41.6130612244898,0,0.0,5.0,44100,bird,1.0
5,./kaggletest/rebhor1/,XC294749.ogg,41.6130612244898,0,5.0,5.0,44100,bird,1.0
6,./kaggletest/rebhor1/,XC294749.ogg,41.6130612244898,0,10.0,5.0,44100,bird,1.0
7,./kaggletest/rebhor1/,XC294749.ogg,41.6130612244898,0,15.0,5.0,44100,bird,1.0
8,./kaggletest/rebhor1/,XC294749.ogg,41.6130612244898,0,20.0,5.0,44100,bird,1.0
9,./kaggletest/rebhor1/,XC294749.ogg,41.6130612244898,0,25.0,5.0,44100,bird,1.0
10,./kaggletest/rebhor1/,XC294749.ogg,41.6130612244898,0,30.0,5.0,44100,bird,1.0
11,./kaggletest/rebhor1/,XC294749.ogg,41.6130612244898,0,35.0,5.0,44100,bird,1.0
12,./kaggletest/rebhor1/,XC235178.ogg,23.74530612244898,0,0.0,5.0,44100,bird,1.0
13,./kaggletest/rebhor1/,XC235178.ogg,23.74530612244898,0,5.0,5.0,44100,bird,1.0
14,./kaggletest/rebhor1/,XC235178.ogg,23.74530612244898,0,10.0,5.0,44100,bird,1.0
15,./kaggletest/rebhor1/,XC235178.ogg,23.74530612244898,0,15.0,5.0,44100,bird,1.0
16,./kaggletest/rebhor1/,XC531806.ogg,50.023990929705214,0,0.0,5.0,44100,bird,1.0
17,./kaggletest/rebhor1/,XC531806.ogg,50.023990929705214,0,5.0,5.0,44100,bird,1.0
18,./kaggletest/rebhor1/,XC531806.ogg,50.023990929705214,0,25.0,5.0,44100,bird,1.0
19,./kaggletest/rebhor1/,XC531806.ogg,50.023990929705214,0,30.0,5.0,44100,bird,1.0
20,./kaggletest/rebhor1/,XC531806.ogg,50.023990929705214,0,35.0,5.0,44100,bird,1.0
21,./kaggletest/rebhor1/,XC531806.ogg,50.023990929705214,0,40.0,5.0,44100,bird,1.0
22,./kaggletest/rebhor1/,XC531806.ogg,50.023990929705214,0,45.0,5.0,44100,bird,1.0
23,./kaggletest/rebhor1/,XC157419.ogg,25.295986394557822,0,0.0,5.0,44100,bird,1.0
24,./kaggletest/rebhor1/,XC157419.ogg,25.295986394557822,0,5.0,5.0,44100,bird,1.0
25,./kaggletest/rebhor1/,XC157419.ogg,25.295986394557822,0,10.0,5.0,44100,bird,1.0
26,./kaggletest/rebhor1/,XC157419.ogg,25.295986394557822,0,15.0,5.0,44100,bird,1.0
27,./kaggletest/rebhor1/,XC157419.ogg,25.295986394557822,0,20.0,5.0,44100,bird,1.0
28,./kaggletest/rebhor1/,XC157420.ogg,106.53598639455782,0,0.0,5.0,44100,bird,1.0
29,./kaggletest/rebhor1/,XC157420.ogg,106.53598639455782,0,5.0,5.0,44100,bird,1.0
30,./kaggletest/rebhor1/,XC157420.ogg,106.53598639455782,0,10.0,5.0,44100,bird,1.0
31,./kaggletest/rebhor1/,XC157420.ogg,106.53598639455782,0,15.0,5.0,44100,bird,1.0
32,./kaggletest/rebhor1/,XC157420.ogg,106.53598639455782,0,20.0,5.0,44100,bird,1.0
33,./kaggletest/rebhor1/,XC157420.ogg,106.53598639455782,0,25.0,5.0,44100,bird,1.0
34,./kaggletest/rebhor1/,XC157420.ogg,106.53598639455782,0,30.0,5.0,44100,bird,1.0
35,./kaggletest/rebhor1/,XC157420.ogg,106.53598639455782,0,35.0,5.0,44100,bird,1.0
36,./kaggletest/rebhor1/,XC157420.ogg,106.53598639455782,0,40.0,5.0,44100,bird,1.0
37,./kaggletest/rebhor1/,XC157420.ogg,106.53598639455782,0,45.0,5.0,44100,bird,1.0
38,./kaggletest/rebhor1/,XC157420.ogg,106.53598639455782,0,50.0,5.0,44100,bird,1.0
39,./kaggletest/rebhor1/,XC157420.ogg,106.53598639455782,0,55.0,5.0,44100,bird,1.0
40,./kaggletest/rebhor1/,XC157420.ogg,106.53598639455782,0,60.0,5.0,44100,bird,1.0
41,./kaggletest/rebhor1/,XC157420.ogg,106.53598639455782,0,65.0,5.0,44100,bird,1.0
42,./kaggletest/rebhor1/,XC157420.ogg,106.53598639455782,0,70.0,5.0,44100,bird,1.0
43,./kaggletest/rebhor1/,XC157420.ogg,106.53598639455782,0,75.0,5.0,44100,bird,1.0
44,./kaggletest/rebhor1/,XC157420.ogg,106.53598639455782,0,80.0,5.0,44100,bird,1.0
45,./kaggletest/rebhor1/,XC157420.ogg,106.53598639455782,0,85.0,5.0,44100,bird,1.0
46,./kaggletest/rebhor1/,XC157420.ogg,106.53598639455782,0,90.0,5.0,44100,bird,1.0
47,./kaggletest/rebhor1/,XC157420.ogg,106.53598639455782,0,95.0,5.0,44100,bird,1.0
48,./kaggletest/rebhor1/,XC157420.ogg,106.53598639455782,0,100.0,5.0,44100,bird,1.0
49,./kaggletest/rebhor1/,XC39432.ogg,42.68408163265306,0,0.0,5.0,44100,bird,1.0
50,./kaggletest/rebhor1/,XC39432.ogg,42.68408163265306,0,5.0,5.0,44100,bird,1.0
51,./kaggletest/rebhor1/,XC39432.ogg,42.68408163265306,0,10.0,5.0,44100,bird,1.0
52,./kaggletest/rebhor1/,XC39432.ogg,42.68408163265306,0,15.0,5.0,44100,bird,1.0
53,./kaggletest/rebhor1/,XC39432.ogg,42.68408163265306,0,20.0,5.0,44100,bird,1.0
54,./kaggletest/rebhor1/,XC39432.ogg,42.68408163265306,0,25.0,5.0,44100,bird,1.0
55,./kaggletest/rebhor1/,XC39432.ogg,42.68408163265306,0,30.0,5.0,44100,bird,1.0
56,./kaggletest/rebhor1/,XC39432.ogg,42.68408163265306,0,35.0,5.0,44100,bird,1.0
57,./kaggletest/rebhor1/,XC581331.ogg,36.310204081632655,0,0.0,5.0,44100,bird,1.0
58,./kaggletest/rebhor1/,XC581331.ogg,36.310204081632655,0,5.0,5.0,44100,bird,1.0
59,./kaggletest/rebhor1/,XC581331.ogg,36.310204081632655,0,10.0,5.0,44100,bird,1.0
60,./kaggletest/rebhor1/,XC581331.ogg,36.310204081632655,0,15.0,5.0,44100,bird,1.0
61,./kaggletest/rebhor1/,XC581331.ogg,36.310204081632655,0,20.0,5.0,44100,bird,1.0
62,./kaggletest/rebhor1/,XC581331.ogg,36.310204081632655,0,25.0,5.0,44100,bird,1.0
63,./kaggletest/rebhor1/,XC581331.ogg,36.310204081632655,0,30.0,5.0,44100,bird,1.0
64,./kaggletest/rebhor1/,XC374083.ogg,20.375986394557824,0,0.0,5.0,44100,bird,1.0
65,./kaggletest/rebhor1/,XC374083.ogg,20.375986394557824,0,5.0,5.0,44100,bird,1.0
66,./kaggletest/rebhor1/,XC374083.ogg,20.375986394557824,0,10.0,5.0,44100,bird,1.0
67,./kaggletest/rebhor1/,XC374083.ogg,20.375986394557824,0,15.0,5.0,44100,bird,1.0
68,./kaggletest/rebhor1/,XC301080.ogg,34.37714285714286,0,0.0,5.0,44100,bird,1.0
69,./kaggletest/rebhor1/,XC301080.ogg,34.37714285714286,0,5.0,5.0,44100,bird,1.0
70,./kaggletest/rebhor1/,XC301080.ogg,34.37714285714286,0,10.0,5.0,44100,bird,1.0
71,./kaggletest/rebhor1/,XC301080.ogg,34.37714285714286,0,15.0,5.0,44100,bird,1.0
72,./kaggletest/rebhor1/,XC301080.ogg,34.37714285714286,0,20.0,5.0,44100,bird,1.0
73,./kaggletest/rebhor1/,XC301080.ogg,34.37714285714286,0,25.0,5.0,44100,bird,1.0
74,./kaggletest/rebhor1/,XC127571.ogg,58.148548752834465,0,0.0,5.0,44100,bird,1.0
75,./kaggletest/rebhor1/,XC127571.ogg,58.148548752834465,0,5.0,5.0,44100,bird,1.0
76,./kaggletest/rebhor1/,XC127571.ogg,58.148548752834465,0,10.0,5.0,44100,bird,1.0
77,./kaggletest/rebhor1/,XC127571.ogg,58.148548752834465,0,15.0,5.0,44100,bird,1.0
78,./kaggletest/rebhor1/,XC127571.ogg,58.148548752834465,0,25.0,5.0,44100,bird,1.0
79,./kaggletest/rebhor1/,XC127571.ogg,58.148548752834465,0,30.0,5.0,44100,bird,1.0
80,./kaggletest/rebhor1/,XC127571.ogg,58.148548752834465,0,35.0,5.0,44100,bird,1.0
81,./kaggletest/rebhor1/,XC127571.ogg,58.148548752834465,0,45.0,5.0,44100,bird,1.0
82,./kaggletest/rebhor1/,XC127571.ogg,58.148548752834465,0,50.0,5.0,44100,bird,1.0
83,./kaggletest/rebhor1/,XC716078.ogg,66.81598639455783,0,0.0,5.0,44100,bird,1.0
84,./kaggletest/rebhor1/,XC716078.ogg,66.81598639455783,0,5.0,5.0,44100,bird,1.0
85,./kaggletest/rebhor1/,XC716078.ogg,66.81598639455783,0,10.0,5.0,44100,bird,1.0
86,./kaggletest/rebhor1/,XC716078.ogg,66.81598639455783,0,15.0,5.0,44100,bird,1.0
87,./kaggletest/rebhor1/,XC716078.ogg,66.81598639455783,0,20.0,5.0,44100,bird,1.0
88,./kaggletest/rebhor1/,XC716078.ogg,66.81598639455783,0,25.0,5.0,44100,bird,1.0
89,./kaggletest/rebhor1/,XC716078.ogg,66.81598639455783,0,30.0,5.0,44100,bird,1.0
90,./kaggletest/rebhor1/,XC716078.ogg,66.81598639455783,0,35.0,5.0,44100,bird,1.0
91,./kaggletest/rebhor1/,XC716078.ogg,66.81598639455783,0,40.0,5.0,44100,bird,1.0
92,./kaggletest/rebhor1/,XC716078.ogg,66.81598639455783,0,45.0,5.0,44100,bird,1.0
93,./kaggletest/rebhor1/,XC716078.ogg,66.81598639455783,0,50.0,5.0,44100,bird,1.0
94,./kaggletest/rebhor1/,XC716078.ogg,66.81598639455783,0,55.0,5.0,44100,bird,1.0
95,./kaggletest/rebhor1/,XC716078.ogg,66.81598639455783,0,60.0,5.0,44100,bird,1.0
96,./kaggletest/rebhor1/,XC344135.ogg,24.946916099773244,0,0.0,5.0,44100,bird,1.0
97,./kaggletest/rebhor1/,XC344135.ogg,24.946916099773244,0,5.0,5.0,44100,bird,1.0
98,./kaggletest/rebhor1/,XC344135.ogg,24.946916099773244,0,15.0,5.0,44100,bird,1.0
99,./kaggletest/rebhor1/,XC730084.ogg,43.702834467120184,0,0.0,5.0,44100,bird,1.0
100,./kaggletest/rebhor1/,XC730084.ogg,43.702834467120184,0,5.0,5.0,44100,bird,1.0
101,./kaggletest/rebhor1/,XC730084.ogg,43.702834467120184,0,10.0,5.0,44100,bird,1.0
102,./kaggletest/rebhor1/,XC730084.ogg,43.702834467120184,0,15.0,5.0,44100,bird,1.0
103,./kaggletest/rebhor1/,XC730084.ogg,43.702834467120184,0,20.0,5.0,44100,bird,1.0
104,./kaggletest/rebhor1/,XC730084.ogg,43.702834467120184,0,25.0,5.0,44100,bird,1.0
105,./kaggletest/rebhor1/,XC730084.ogg,43.702834467120184,0,30.0,5.0,44100,bird,1.0
106,./kaggletest/rebhor1/,XC730084.ogg,43.702834467120184,0,35.0,5.0,44100,bird,1.0
107,./kaggletest/rebhor1/,XC447249.ogg,15.908548752834466,0,0.0,5.0,44100,bird,1.0
108,./kaggletest/rebhor1/,XC447249.ogg,15.908548752834466,0,5.0,5.0,44100,bird,1.0
109,./kaggletest/rebhor1/,XC447249.ogg,15.908548752834466,0,10.0,5.0,44100,bird,1.0
110,./kaggletest/rebhor1/,XC398509.ogg,14.392993197278912,0,0.0,5.0,44100,bird,1.0
111,./kaggletest/rebhor1/,XC398509.ogg,14.392993197278912,0,5.0,5.0,44100,bird,1.0
112,./kaggletest/rebhor1/,XC115455.ogg,20.271020408163267,0,0.0,5.0,44100,bird,1.0
113,./kaggletest/rebhor1/,XC115455.ogg,20.271020408163267,0,5.0,5.0,44100,bird,1.0
114,./kaggletest/rebhor1/,XC115455.ogg,20.271020408163267,0,10.0,5.0,44100,bird,1.0
115,./kaggletest/rebhor1/,XC115455.ogg,20.271020408163267,0,15.0,5.0,44100,bird,1.0
116,./kaggletest/rebhor1/,XC374429.ogg,11.783990929705215,0,0.0,5.0,44100,bird,1.0
117,./kaggletest/rebhor1/,XC374429.ogg,11.783990929705215,0,5.0,5.0,44100,bird,1.0
118,./kaggletest/rebhor1/,XC441958.ogg,11.52,0,5.0,5.0,44100,bird,1.0
119,./kaggletest/rebhor1/,XC216057.ogg,17.92798185941043,0,0.0,5.0,44100,bird,1.0
120,./kaggletest/rebhor1/,XC216057.ogg,17.92798185941043,0,5.0,5.0,44100,bird,1.0
121,./kaggletest/rebhor1/,XC423275.ogg,108.38201814058957,0,0.0,5.0,44100,bird,1.0
122,./kaggletest/rebhor1/,XC423275.ogg,108.38201814058957,0,5.0,5.0,44100,bird,1.0
123,./kaggletest/rebhor1/,XC423275.ogg,108.38201814058957,0,10.0,5.0,44100,bird,1.0
124,./kaggletest/rebhor1/,XC423275.ogg,108.38201814058957,0,15.0,5.0,44100,bird,1.0
125,./kaggletest/rebhor1/,XC423275.ogg,108.38201814058957,0,20.0,5.0,44100,bird,1.0
126,./kaggletest/rebhor1/,XC423275.ogg,108.38201814058957,0,25.0,5.0,44100,bird,1.0
127,./kaggletest/rebhor1/,XC423275.ogg,108.38201814058957,0,30.0,5.0,44100,bird,1.0
128,./kaggletest/rebhor1/,XC423275.ogg,108.38201814058957,0,35.0,5.0,44100,bird,1.0
129,./kaggletest/rebhor1/,XC423275.ogg,108.38201814058957,0,40.0,5.0,44100,bird,1.0
130,./kaggletest/rebhor1/,XC423275.ogg,108.38201814058957,0,45.0,5.0,44100,bird,1.0
131,./kaggletest/rebhor1/,XC423275.ogg,108.38201814058957,0,50.0,5.0,44100,bird,1.0
132,./kaggletest/rebhor1/,XC423275.ogg,108.38201814058957,0,55.0,5.0,44100,bird,1.0
133,./kaggletest/rebhor1/,XC423275.ogg,108.38201814058957,0,60.0,5.0,44100,bird,1.0
134,./kaggletest/rebhor1/,XC423275.ogg,108.38201814058957,0,65.0,5.0,44100,bird,1.0
135,./kaggletest/rebhor1/,XC423275.ogg,108.38201814058957,0,75.0,5.0,44100,bird,1.0
136,./kaggletest/rebhor1/,XC423275.ogg,108.38201814058957,0,80.0,5.0,44100,bird,1.0
137,./kaggletest/rebhor1/,XC423275.ogg,108.38201814058957,0,85.0,5.0,44100,bird,1.0
138,./kaggletest/rebhor1/,XC423275.ogg,108.38201814058957,0,95.0,5.0,44100,bird,1.0
139,./kaggletest/rebhor1/,XC423275.ogg,108.38201814058957,0,100.0,5.0,44100,bird,1.0
140,./kaggletest/rebhor1/,XC216056.ogg,101.18399092970522,0,0.0,5.0,44100,bird,1.0
141,./kaggletest/rebhor1/,XC216056.ogg,101.18399092970522,0,5.0,5.0,44100,bird,1.0
142,./kaggletest/rebhor1/,XC216056.ogg,101.18399092970522,0,10.0,5.0,44100,bird,1.0
143,./kaggletest/rebhor1/,XC216056.ogg,101.18399092970522,0,15.0,5.0,44100,bird,1.0
144,./kaggletest/rebhor1/,XC216056.ogg,101.18399092970522,0,25.0,5.0,44100,bird,1.0
145,./kaggletest/rebhor1/,XC216056.ogg,101.18399092970522,0,30.0,5.0,44100,bird,1.0
146,./kaggletest/rebhor1/,XC216056.ogg,101.18399092970522,0,35.0,5.0,44100,bird,1.0
147,./kaggletest/rebhor1/,XC216056.ogg,101.18399092970522,0,40.0,5.0,44100,bird,1.0
148,./kaggletest/rebhor1/,XC216056.ogg,101.18399092970522,0,55.0,5.0,44100,bird,1.0
149,./kaggletest/rebhor1/,XC216056.ogg,101.18399092970522,0,60.0,5.0,44100,bird,1.0
150,./kaggletest/rebhor1/,XC216056.ogg,101.18399092970522,0,90.0,5.0,44100,bird,1.0
151,./kaggletest/rebhor1/,XC216056.ogg,101.18399092970522,0,95.0,5.0,44100,bird,1.0
152,./kaggletest/rebhor1/,XC312283.ogg,45.322426303854876,0,0.0,5.0,44100,bird,1.0
153,./kaggletest/rebhor1/,XC312283.ogg,45.322426303854876,0,5.0,5.0,44100,bird,1.0
154,./kaggletest/rebhor1/,XC312283.ogg,45.322426303854876,0,10.0,5.0,44100,bird,1.0
155,./kaggletest/rebhor1/,XC312283.ogg,45.322426303854876,0,15.0,5.0,44100,bird,1.0
156,./kaggletest/rebhor1/,XC312283.ogg,45.322426303854876,0,20.0,5.0,44100,bird,1.0
157,./kaggletest/rebhor1/,XC312283.ogg,45.322426303854876,0,25.0,5.0,44100,bird,1.0
158,./kaggletest/rebhor1/,XC312283.ogg,45.322426303854876,0,30.0,5.0,44100,bird,1.0
159,./kaggletest/rebhor1/,XC312283.ogg,45.322426303854876,0,35.0,5.0,44100,bird,1.0
160,./kaggletest/rebhor1/,XC312283.ogg,45.322426303854876,0,40.0,5.0,44100,bird,1.0
161,./kaggletest/rebhor1/,XC473971.ogg,72.35897959183673,0,0.0,5.0,44100,bird,1.0
162,./kaggletest/rebhor1/,XC473971.ogg,72.35897959183673,0,5.0,5.0,44100,bird,1.0
163,./kaggletest/rebhor1/,XC473971.ogg,72.35897959183673,0,10.0,5.0,44100,bird,1.0
164,./kaggletest/rebhor1/,XC473971.ogg,72.35897959183673,0,15.0,5.0,44100,bird,1.0
165,./kaggletest/rebhor1/,XC473971.ogg,72.35897959183673,0,20.0,5.0,44100,bird,1.0
166,./kaggletest/rebhor1/,XC473971.ogg,72.35897959183673,0,25.0,5.0,44100,bird,1.0
167,./kaggletest/rebhor1/,XC473971.ogg,72.35897959183673,0,30.0,5.0,44100,bird,1.0
168,./kaggletest/rebhor1/,XC473971.ogg,72.35897959183673,0,35.0,5.0,44100,bird,1.0
169,./kaggletest/rebhor1/,XC473971.ogg,72.35897959183673,0,40.0,5.0,44100,bird,1.0
170,./kaggletest/rebhor1/,XC473971.ogg,72.35897959183673,0,45.0,5.0,44100,bird,1.0
171,./kaggletest/rebhor1/,XC473971.ogg,72.35897959183673,0,50.0,5.0,44100,bird,1.0
172,./kaggletest/rebhor1/,XC473971.ogg,72.35897959183673,0,55.0,5.0,44100,bird,1.0
173,./kaggletest/rebhor1/,XC473971.ogg,72.35897959183673,0,60.0,5.0,44100,bird,1.0
174,./kaggletest/rebhor1/,XC473971.ogg,72.35897959183673,0,65.0,5.0,44100,bird,1.0
175,./kaggletest/rebhor1/,XC420483.ogg,28.708548752834467,0,0.0,5.0,44100,bird,1.0
176,./kaggletest/rebhor1/,XC420483.ogg,28.708548752834467,0,5.0,5.0,44100,bird,1.0
177,./kaggletest/rebhor1/,XC420483.ogg,28.708548752834467,0,10.0,5.0,44100,bird,1.0
178,./kaggletest/rebhor1/,XC420483.ogg,28.708548752834467,0,15.0,5.0,44100,bird,1.0
179,./kaggletest/rebhor1/,XC420483.ogg,28.708548752834467,0,20.0,5.0,44100,bird,1.0
180,./kaggletest/rebhor1/,XC473964.ogg,48.900997732426305,0,0.0,5.0,44100,bird,1.0
181,./kaggletest/rebhor1/,XC473964.ogg,48.900997732426305,0,5.0,5.0,44100,bird,1.0
182,./kaggletest/rebhor1/,XC473964.ogg,48.900997732426305,0,15.0,5.0,44100,bird,1.0
183,./kaggletest/rebhor1/,XC473964.ogg,48.900997732426305,0,25.0,5.0,44100,bird,1.0
184,./kaggletest/rebhor1/,XC473964.ogg,48.900997732426305,0,30.0,5.0,44100,bird,1.0
185,./kaggletest/rebhor1/,XC473964.ogg,48.900997732426305,0,40.0,5.0,44100,bird,1.0
