,FOLDER,IN FILE,CLIP LENGTH,CHANNEL,OFFSET,DURATION,SAMPLE RATE,MANUAL ID,CONFIDENCE
0,./kaggletest/reboxp1/,XC718396.ogg,40.85498866213152,0,0.0,5.0,44100,bird,1.0
1,./kaggletest/reboxp1/,XC718396.ogg,40.85498866213152,0,5.0,5.0,44100,bird,1.0
2,./kaggletest/reboxp1/,XC718396.ogg,40.85498866213152,0,10.0,5.0,44100,bird,1.0
3,./kaggletest/reboxp1/,XC718396.ogg,40.85498866213152,0,15.0,5.0,44100,bird,1.0
4,./kaggletest/reboxp1/,XC718396.ogg,40.85498866213152,0,20.0,5.0,44100,bird,1.0
5,./kaggletest/reboxp1/,XC718396.ogg,40.85498866213152,0,25.0,5.0,44100,bird,1.0
6,./kaggletest/reboxp1/,XC718396.ogg,40.85498866213152,0,30.0,5.0,44100,bird,1.0
7,./kaggletest/reboxp1/,XC718396.ogg,40.85498866213152,0,35.0,5.0,44100,bird,1.0
8,./kaggletest/reboxp1/,XC718397.ogg,41.246984126984124,0,0.0,5.0,44100,bird,1.0
9,./kaggletest/reboxp1/,XC718397.ogg,41.246984126984124,0,5.0,5.0,44100,bird,1.0
10,./kaggletest/reboxp1/,XC718397.ogg,41.246984126984124,0,10.0,5.0,44100,bird,1.0
11,./kaggletest/reboxp1/,XC718397.ogg,41.246984126984124,0,15.0,5.0,44100,bird,1.0
12,./kaggletest/reboxp1/,XC718397.ogg,41.246984126984124,0,20.0,5.0,44100,bird,1.0
13,./kaggletest/reboxp1/,XC718397.ogg,41.246984126984124,0,25.0,5.0,44100,bird,1.0
14,./kaggletest/reboxp1/,XC718397.ogg,41.246984126984124,0,30.0,5.0,44100,bird,1.0
15,./kaggletest/reboxp1/,XC718397.ogg,41.246984126984124,0,35.0,5.0,44100,bird,1.0
16,./kaggletest/reboxp1/,XC237786.ogg,17.554263038548754,0,0.0,5.0,44100,bird,1.0
17,./kaggletest/reboxp1/,XC237786.ogg,17.554263038548754,0,5.0,5.0,44100,bird,1.0
18,./kaggletest/reboxp1/,XC237786.ogg,17.554263038548754,0,10.0,5.0,44100,bird,1.0
19,./kaggletest/reboxp1/,XC323334.ogg,24.671995464852607,0,0.0,5.0,44100,bird,1.0
20,./kaggletest/reboxp1/,XC323334.ogg,24.671995464852607,0,5.0,5.0,44100,bird,1.0
21,./kaggletest/reboxp1/,XC323334.ogg,24.671995464852607,0,10.0,5.0,44100,bird,1.0
22,./kaggletest/reboxp1/,XC323334.ogg,24.671995464852607,0,15.0,5.0,44100,bird,1.0
23,./kaggletest/reboxp1/,XC645939.ogg,52.37498866213152,0,0.0,5.0,44100,bird,1.0
24,./kaggletest/reboxp1/,XC645939.ogg,52.37498866213152,0,5.0,5.0,44100,bird,1.0
25,./kaggletest/reboxp1/,XC645939.ogg,52.37498866213152,0,10.0,5.0,44100,bird,1.0
26,./kaggletest/reboxp1/,XC645939.ogg,52.37498866213152,0,15.0,5.0,44100,bird,1.0
27,./kaggletest/reboxp1/,XC645939.ogg,52.37498866213152,0,20.0,5.0,44100,bird,1.0
28,./kaggletest/reboxp1/,XC645939.ogg,52.37498866213152,0,25.0,5.0,44100,bird,1.0
29,./kaggletest/reboxp1/,XC645939.ogg,52.37498866213152,0,30.0,5.0,44100,bird,1.0
30,./kaggletest/reboxp1/,XC645939.ogg,52.37498866213152,0,35.0,5.0,44100,bird,1.0
31,./kaggletest/reboxp1/,XC645939.ogg,52.37498866213152,0,40.0,5.0,44100,bird,1.0
32,./kaggletest/reboxp1/,XC645939.ogg,52.37498866213152,0,45.0,5.0,44100,bird,1.0
33,./kaggletest/reboxp1/,XC307251.ogg,7.031995464852607,0,0.0,5.0,44100,bird,1.0
34,./kaggletest/reboxp1/,XC755910.ogg,33.071995464852606,0,0.0,5.0,44100,bird,1.0
35,./kaggletest/reboxp1/,XC755910.ogg,33.071995464852606,0,5.0,5.0,44100,bird,1.0
36,./kaggletest/reboxp1/,XC755910.ogg,33.071995464852606,0,10.0,5.0,44100,bird,1.0
37,./kaggletest/reboxp1/,XC755910.ogg,33.071995464852606,0,15.0,5.0,44100,bird,1.0
38,./kaggletest/reboxp1/,XC755910.ogg,33.071995464852606,0,20.0,5.0,44100,bird,1.0
39,./kaggletest/reboxp1/,XC755910.ogg,33.071995464852606,0,25.0,5.0,44100,bird,1.0
40,./kaggletest/reboxp1/,XC312675.ogg,40.620385487528345,0,0.0,5.0,44100,bird,1.0
41,./kaggletest/reboxp1/,XC312675.ogg,40.620385487528345,0,5.0,5.0,44100,bird,1.0
42,./kaggletest/reboxp1/,XC312675.ogg,40.620385487528345,0,10.0,5.0,44100,bird,1.0
43,./kaggletest/reboxp1/,XC312675.ogg,40.620385487528345,0,15.0,5.0,44100,bird,1.0
44,./kaggletest/reboxp1/,XC312675.ogg,40.620385487528345,0,20.0,5.0,44100,bird,1.0
45,./kaggletest/reboxp1/,XC312675.ogg,40.620385487528345,0,25.0,5.0,44100,bird,1.0
46,./kaggletest/reboxp1/,XC312675.ogg,40.620385487528345,0,30.0,5.0,44100,bird,1.0
47,./kaggletest/reboxp1/,XC312675.ogg,40.620385487528345,0,35.0,5.0,44100,bird,1.0
48,./kaggletest/reboxp1/,XC200771.ogg,10.292244897959185,0,0.0,5.0,44100,bird,1.0
49,./kaggletest/reboxp1/,XC200771.ogg,10.292244897959185,0,5.0,5.0,44100,bird,1.0
50,./kaggletest/reboxp1/,XC382953.ogg,28.511995464852607,0,0.0,5.0,44100,bird,1.0
51,./kaggletest/reboxp1/,XC382953.ogg,28.511995464852607,0,5.0,5.0,44100,bird,1.0
52,./kaggletest/reboxp1/,XC382953.ogg,28.511995464852607,0,10.0,5.0,44100,bird,1.0
53,./kaggletest/reboxp1/,XC382953.ogg,28.511995464852607,0,15.0,5.0,44100,bird,1.0
54,./kaggletest/reboxp1/,XC382953.ogg,28.511995464852607,0,20.0,5.0,44100,bird,1.0
55,./kaggletest/reboxp1/,XC631984.ogg,35.97598639455782,0,0.0,5.0,44100,bird,1.0
56,./kaggletest/reboxp1/,XC631984.ogg,35.97598639455782,0,5.0,5.0,44100,bird,1.0
57,./kaggletest/reboxp1/,XC631984.ogg,35.97598639455782,0,15.0,5.0,44100,bird,1.0
58,./kaggletest/reboxp1/,XC631984.ogg,35.97598639455782,0,25.0,5.0,44100,bird,1.0
59,./kaggletest/reboxp1/,XC631984.ogg,35.97598639455782,0,30.0,5.0,44100,bird,1.0
60,./kaggletest/reboxp1/,XC266370.ogg,19.8,0,0.0,5.0,44100,bird,1.0
61,./kaggletest/reboxp1/,XC266370.ogg,19.8,0,5.0,5.0,44100,bird,1.0
62,./kaggletest/reboxp1/,XC266370.ogg,19.8,0,10.0,5.0,44100,bird,1.0
63,./kaggletest/reboxp1/,XC645943.ogg,78.0009977324263,0,0.0,5.0,44100,bird,1.0
64,./kaggletest/reboxp1/,XC645943.ogg,78.0009977324263,0,5.0,5.0,44100,bird,1.0
65,./kaggletest/reboxp1/,XC645943.ogg,78.0009977324263,0,10.0,5.0,44100,bird,1.0
66,./kaggletest/reboxp1/,XC645943.ogg,78.0009977324263,0,15.0,5.0,44100,bird,1.0
67,./kaggletest/reboxp1/,XC645943.ogg,78.0009977324263,0,20.0,5.0,44100,bird,1.0
68,./kaggletest/reboxp1/,XC645943.ogg,78.0009977324263,0,25.0,5.0,44100,bird,1.0
69,./kaggletest/reboxp1/,XC645943.ogg,78.0009977324263,0,30.0,5.0,44100,bird,1.0
70,./kaggletest/reboxp1/,XC645943.ogg,78.0009977324263,0,35.0,5.0,44100,bird,1.0
71,./kaggletest/reboxp1/,XC645943.ogg,78.0009977324263,0,40.0,5.0,44100,bird,1.0
72,./kaggletest/reboxp1/,XC645943.ogg,78.0009977324263,0,45.0,5.0,44100,bird,1.0
73,./kaggletest/reboxp1/,XC645943.ogg,78.0009977324263,0,50.0,5.0,44100,bird,1.0
74,./kaggletest/reboxp1/,XC645943.ogg,78.0009977324263,0,55.0,5.0,44100,bird,1.0
75,./kaggletest/reboxp1/,XC645943.ogg,78.0009977324263,0,60.0,5.0,44100,bird,1.0
76,./kaggletest/reboxp1/,XC645943.ogg,78.0009977324263,0,65.0,5.0,44100,bird,1.0
77,./kaggletest/reboxp1/,XC645943.ogg,78.0009977324263,0,70.0,5.0,44100,bird,1.0
78,./kaggletest/reboxp1/,XC252372.ogg,22.36798185941043,0,0.0,5.0,44100,bird,1.0
79,./kaggletest/reboxp1/,XC252372.ogg,22.36798185941043,0,5.0,5.0,44100,bird,1.0
80,./kaggletest/reboxp1/,XC252372.ogg,22.36798185941043,0,10.0,5.0,44100,bird,1.0
81,./kaggletest/reboxp1/,XC252372.ogg,22.36798185941043,0,15.0,5.0,44100,bird,1.0
82,./kaggletest/reboxp1/,XC200769.ogg,10.893061224489795,0,0.0,5.0,44100,bird,1.0
83,./kaggletest/reboxp1/,XC200769.ogg,10.893061224489795,0,5.0,5.0,44100,bird,1.0
84,./kaggletest/reboxp1/,XC312692.ogg,38.52,0,0.0,5.0,44100,bird,1.0
85,./kaggletest/reboxp1/,XC312692.ogg,38.52,0,5.0,5.0,44100,bird,1.0
86,./kaggletest/reboxp1/,XC312692.ogg,38.52,0,10.0,5.0,44100,bird,1.0
87,./kaggletest/reboxp1/,XC312692.ogg,38.52,0,15.0,5.0,44100,bird,1.0
88,./kaggletest/reboxp1/,XC312692.ogg,38.52,0,20.0,5.0,44100,bird,1.0
89,./kaggletest/reboxp1/,XC312692.ogg,38.52,0,25.0,5.0,44100,bird,1.0
90,./kaggletest/reboxp1/,XC312692.ogg,38.52,0,30.0,5.0,44100,bird,1.0
91,./kaggletest/reboxp1/,XC636298.ogg,18.12,0,0.0,5.0,44100,bird,1.0
92,./kaggletest/reboxp1/,XC636298.ogg,18.12,0,5.0,5.0,44100,bird,1.0
93,./kaggletest/reboxp1/,XC636298.ogg,18.12,0,10.0,5.0,44100,bird,1.0
94,./kaggletest/reboxp1/,XC682064.ogg,18.935986394557823,0,0.0,5.0,44100,bird,1.0
95,./kaggletest/reboxp1/,XC682064.ogg,18.935986394557823,0,5.0,5.0,44100,bird,1.0
96,./kaggletest/reboxp1/,XC682064.ogg,18.935986394557823,0,10.0,5.0,44100,bird,1.0
