,FOLDER,IN FILE,CLIP LENGTH,CHANNEL,OFFSET,DURATION,SAMPLE RATE,MANUAL ID,CONFIDENCE
0,./kaggletest/refbar2/,XC753432.ogg,7.000793650793651,0,0.0,5.0,44100,bird,1.0
1,./kaggletest/refbar2/,XC425642.ogg,39.88798185941043,0,0.0,5.0,44100,bird,1.0
2,./kaggletest/refbar2/,XC425642.ogg,39.88798185941043,0,5.0,5.0,44100,bird,1.0
3,./kaggletest/refbar2/,XC425642.ogg,39.88798185941043,0,15.0,5.0,44100,bird,1.0
4,./kaggletest/refbar2/,XC425642.ogg,39.88798185941043,0,20.0,5.0,44100,bird,1.0
5,./kaggletest/refbar2/,XC425642.ogg,39.88798185941043,0,25.0,5.0,44100,bird,1.0
6,./kaggletest/refbar2/,XC425642.ogg,39.88798185941043,0,30.0,5.0,44100,bird,1.0
7,./kaggletest/refbar2/,XC364478.ogg,43.59836734693877,0,0.0,5.0,44100,bird,1.0
8,./kaggletest/refbar2/,XC364478.ogg,43.59836734693877,0,5.0,5.0,44100,bird,1.0
9,./kaggletest/refbar2/,XC364478.ogg,43.59836734693877,0,10.0,5.0,44100,bird,1.0
10,./kaggletest/refbar2/,XC364478.ogg,43.59836734693877,0,15.0,5.0,44100,bird,1.0
11,./kaggletest/refbar2/,XC364478.ogg,43.59836734693877,0,20.0,5.0,44100,bird,1.0
12,./kaggletest/refbar2/,XC364478.ogg,43.59836734693877,0,25.0,5.0,44100,bird,1.0
13,./kaggletest/refbar2/,XC364478.ogg,43.59836734693877,0,30.0,5.0,44100,bird,1.0
14,./kaggletest/refbar2/,XC364478.ogg,43.59836734693877,0,35.0,5.0,44100,bird,1.0
15,./kaggletest/refbar2/,XC364485.ogg,13.50530612244898,0,0.0,5.0,44100,bird,1.0
16,./kaggletest/refbar2/,XC364485.ogg,13.50530612244898,0,5.0,5.0,44100,bird,1.0
17,./kaggletest/refbar2/,XC345658.ogg,9.717551020408163,0,0.0,5.0,44100,bird,1.0
18,./kaggletest/refbar2/,XC398599.ogg,7.887981859410431,0,0.0,5.0,44100,bird,1.0
19,./kaggletest/refbar2/,XC253491.wav,5.0,0,0.0,5.0,44100,bird,1.0
20,./kaggletest/refbar2/,XC602923.wav,5.0,0,0.0,5.0,44100,bird,1.0
21,./kaggletest/refbar2/,XC244602.ogg,120.4319954648526,0,0.0,5.0,44100,bird,1.0
22,./kaggletest/refbar2/,XC244602.ogg,120.4319954648526,0,5.0,5.0,44100,bird,1.0
23,./kaggletest/refbar2/,XC244602.ogg,120.4319954648526,0,10.0,5.0,44100,bird,1.0
24,./kaggletest/refbar2/,XC244602.ogg,120.4319954648526,0,15.0,5.0,44100,bird,1.0
25,./kaggletest/refbar2/,XC244602.ogg,120.4319954648526,0,20.0,5.0,44100,bird,1.0
26,./kaggletest/refbar2/,XC244602.ogg,120.4319954648526,0,25.0,5.0,44100,bird,1.0
27,./kaggletest/refbar2/,XC244602.ogg,120.4319954648526,0,30.0,5.0,44100,bird,1.0
28,./kaggletest/refbar2/,XC244602.ogg,120.4319954648526,0,35.0,5.0,44100,bird,1.0
29,./kaggletest/refbar2/,XC244602.ogg,120.4319954648526,0,40.0,5.0,44100,bird,1.0
30,./kaggletest/refbar2/,XC244602.ogg,120.4319954648526,0,45.0,5.0,44100,bird,1.0
31,./kaggletest/refbar2/,XC244602.ogg,120.4319954648526,0,50.0,5.0,44100,bird,1.0
32,./kaggletest/refbar2/,XC244602.ogg,120.4319954648526,0,55.0,5.0,44100,bird,1.0
33,./kaggletest/refbar2/,XC244602.ogg,120.4319954648526,0,60.0,5.0,44100,bird,1.0
34,./kaggletest/refbar2/,XC244602.ogg,120.4319954648526,0,65.0,5.0,44100,bird,1.0
35,./kaggletest/refbar2/,XC244602.ogg,120.4319954648526,0,70.0,5.0,44100,bird,1.0
36,./kaggletest/refbar2/,XC244602.ogg,120.4319954648526,0,75.0,5.0,44100,bird,1.0
37,./kaggletest/refbar2/,XC244602.ogg,120.4319954648526,0,80.0,5.0,44100,bird,1.0
38,./kaggletest/refbar2/,XC244602.ogg,120.4319954648526,0,85.0,5.0,44100,bird,1.0
39,./kaggletest/refbar2/,XC244602.ogg,120.4319954648526,0,90.0,5.0,44100,bird,1.0
40,./kaggletest/refbar2/,XC244602.ogg,120.4319954648526,0,95.0,5.0,44100,bird,1.0
41,./kaggletest/refbar2/,XC244602.ogg,120.4319954648526,0,100.0,5.0,44100,bird,1.0
42,./kaggletest/refbar2/,XC244602.ogg,120.4319954648526,0,105.0,5.0,44100,bird,1.0
43,./kaggletest/refbar2/,XC244602.ogg,120.4319954648526,0,110.0,5.0,44100,bird,1.0
44,./kaggletest/refbar2/,XC244602.ogg,120.4319954648526,0,115.0,5.0,44100,bird,1.0
45,./kaggletest/refbar2/,XC244601.ogg,43.8,0,0.0,5.0,44100,bird,1.0
46,./kaggletest/refbar2/,XC244601.ogg,43.8,0,5.0,5.0,44100,bird,1.0
47,./kaggletest/refbar2/,XC244601.ogg,43.8,0,10.0,5.0,44100,bird,1.0
48,./kaggletest/refbar2/,XC244601.ogg,43.8,0,15.0,5.0,44100,bird,1.0
49,./kaggletest/refbar2/,XC244601.ogg,43.8,0,20.0,5.0,44100,bird,1.0
50,./kaggletest/refbar2/,XC244601.ogg,43.8,0,25.0,5.0,44100,bird,1.0
51,./kaggletest/refbar2/,XC244601.ogg,43.8,0,35.0,5.0,44100,bird,1.0
52,./kaggletest/refbar2/,XC396964.ogg,5.955895691609977,0,0.0,5.0,44100,bird,1.0
