,FOLDER,IN FILE,CLIP LENGTH,CHANNEL,OFFSET,DURATION,SAMPLE RATE,MANUAL ID,CONFIDENCE
0,./kaggletest/reisee2/,XC289321.ogg,13.66201814058957,0,0.0,5.0,44100,bird,1.0
1,./kaggletest/reisee2/,XC289321.ogg,13.66201814058957,0,5.0,5.0,44100,bird,1.0
2,./kaggletest/reisee2/,XC367172.ogg,45.0609977324263,0,0.0,5.0,44100,bird,1.0
3,./kaggletest/reisee2/,XC367172.ogg,45.0609977324263,0,5.0,5.0,44100,bird,1.0
4,./kaggletest/reisee2/,XC367172.ogg,45.0609977324263,0,10.0,5.0,44100,bird,1.0
5,./kaggletest/reisee2/,XC367172.ogg,45.0609977324263,0,15.0,5.0,44100,bird,1.0
6,./kaggletest/reisee2/,XC367172.ogg,45.0609977324263,0,20.0,5.0,44100,bird,1.0
7,./kaggletest/reisee2/,XC367172.ogg,45.0609977324263,0,35.0,5.0,44100,bird,1.0
8,./kaggletest/reisee2/,XC367172.ogg,45.0609977324263,0,40.0,5.0,44100,bird,1.0
9,./kaggletest/reisee2/,XC584934.ogg,20.903990929705216,0,5.0,5.0,44100,bird,1.0
10,./kaggletest/reisee2/,XC584934.ogg,20.903990929705216,0,15.0,5.0,44100,bird,1.0
11,./kaggletest/reisee2/,XC286475.ogg,30.14530612244898,0,0.0,5.0,44100,bird,1.0
12,./kaggletest/reisee2/,XC286475.ogg,30.14530612244898,0,5.0,5.0,44100,bird,1.0
13,./kaggletest/reisee2/,XC286475.ogg,30.14530612244898,0,10.0,5.0,44100,bird,1.0
14,./kaggletest/reisee2/,XC286475.ogg,30.14530612244898,0,15.0,5.0,44100,bird,1.0
15,./kaggletest/reisee2/,XC286475.ogg,30.14530612244898,0,20.0,5.0,44100,bird,1.0
16,./kaggletest/reisee2/,XC286475.ogg,30.14530612244898,0,25.0,5.0,44100,bird,1.0
17,./kaggletest/reisee2/,XC478647.ogg,18.57299319727891,0,0.0,5.0,44100,bird,1.0
18,./kaggletest/reisee2/,XC478647.ogg,18.57299319727891,0,5.0,5.0,44100,bird,1.0
19,./kaggletest/reisee2/,XC478647.ogg,18.57299319727891,0,10.0,5.0,44100,bird,1.0
20,./kaggletest/reisee2/,XC478646.ogg,35.316984126984124,0,0.0,5.0,44100,bird,1.0
21,./kaggletest/reisee2/,XC478646.ogg,35.316984126984124,0,5.0,5.0,44100,bird,1.0
22,./kaggletest/reisee2/,XC478646.ogg,35.316984126984124,0,10.0,5.0,44100,bird,1.0
23,./kaggletest/reisee2/,XC478646.ogg,35.316984126984124,0,15.0,5.0,44100,bird,1.0
24,./kaggletest/reisee2/,XC478646.ogg,35.316984126984124,0,25.0,5.0,44100,bird,1.0
25,./kaggletest/reisee2/,XC478646.ogg,35.316984126984124,0,30.0,5.0,44100,bird,1.0
26,./kaggletest/reisee2/,XC601107.ogg,31.08,0,0.0,5.0,44100,bird,1.0
27,./kaggletest/reisee2/,XC601107.ogg,31.08,0,10.0,5.0,44100,bird,1.0
28,./kaggletest/reisee2/,XC601107.ogg,31.08,0,15.0,5.0,44100,bird,1.0
29,./kaggletest/reisee2/,XC601107.ogg,31.08,0,20.0,5.0,44100,bird,1.0
30,./kaggletest/reisee2/,XC601112.ogg,25.92,0,5.0,5.0,44100,bird,1.0
31,./kaggletest/reisee2/,XC601112.ogg,25.92,0,15.0,5.0,44100,bird,1.0
32,./kaggletest/reisee2/,XC601112.ogg,25.92,0,20.0,5.0,44100,bird,1.0
33,./kaggletest/reisee2/,XC601110.ogg,56.111995464852605,0,5.0,5.0,44100,bird,1.0
34,./kaggletest/reisee2/,XC601110.ogg,56.111995464852605,0,10.0,5.0,44100,bird,1.0
35,./kaggletest/reisee2/,XC601110.ogg,56.111995464852605,0,15.0,5.0,44100,bird,1.0
36,./kaggletest/reisee2/,XC601110.ogg,56.111995464852605,0,20.0,5.0,44100,bird,1.0
37,./kaggletest/reisee2/,XC601110.ogg,56.111995464852605,0,25.0,5.0,44100,bird,1.0
38,./kaggletest/reisee2/,XC601110.ogg,56.111995464852605,0,30.0,5.0,44100,bird,1.0
39,./kaggletest/reisee2/,XC601110.ogg,56.111995464852605,0,35.0,5.0,44100,bird,1.0
40,./kaggletest/reisee2/,XC601110.ogg,56.111995464852605,0,40.0,5.0,44100,bird,1.0
41,./kaggletest/reisee2/,XC601110.ogg,56.111995464852605,0,45.0,5.0,44100,bird,1.0
42,./kaggletest/reisee2/,XC601110.ogg,56.111995464852605,0,50.0,5.0,44100,bird,1.0
43,./kaggletest/reisee2/,XC601111.ogg,75.50399092970521,0,20.0,5.0,44100,bird,1.0
44,./kaggletest/reisee2/,XC601111.ogg,75.50399092970521,0,45.0,5.0,44100,bird,1.0
45,./kaggletest/reisee2/,XC601111.ogg,75.50399092970521,0,55.0,5.0,44100,bird,1.0
46,./kaggletest/reisee2/,XC601111.ogg,75.50399092970521,0,65.0,5.0,44100,bird,1.0
47,./kaggletest/reisee2/,XC601111.ogg,75.50399092970521,0,70.0,5.0,44100,bird,1.0
48,./kaggletest/reisee2/,XC601108.ogg,48.455986394557826,0,0.0,5.0,44100,bird,1.0
49,./kaggletest/reisee2/,XC601108.ogg,48.455986394557826,0,5.0,5.0,44100,bird,1.0
50,./kaggletest/reisee2/,XC601108.ogg,48.455986394557826,0,10.0,5.0,44100,bird,1.0
51,./kaggletest/reisee2/,XC601108.ogg,48.455986394557826,0,15.0,5.0,44100,bird,1.0
52,./kaggletest/reisee2/,XC601108.ogg,48.455986394557826,0,20.0,5.0,44100,bird,1.0
53,./kaggletest/reisee2/,XC601108.ogg,48.455986394557826,0,25.0,5.0,44100,bird,1.0
54,./kaggletest/reisee2/,XC601108.ogg,48.455986394557826,0,30.0,5.0,44100,bird,1.0
55,./kaggletest/reisee2/,XC601108.ogg,48.455986394557826,0,35.0,5.0,44100,bird,1.0
56,./kaggletest/reisee2/,XC601108.ogg,48.455986394557826,0,40.0,5.0,44100,bird,1.0
57,./kaggletest/reisee2/,XC357967.ogg,66.7919954648526,0,0.0,5.0,44100,bird,1.0
58,./kaggletest/reisee2/,XC357967.ogg,66.7919954648526,0,25.0,5.0,44100,bird,1.0
59,./kaggletest/reisee2/,XC357967.ogg,66.7919954648526,0,30.0,5.0,44100,bird,1.0
60,./kaggletest/reisee2/,XC357967.ogg,66.7919954648526,0,35.0,5.0,44100,bird,1.0
61,./kaggletest/reisee2/,XC357967.ogg,66.7919954648526,0,50.0,5.0,44100,bird,1.0
62,./kaggletest/reisee2/,XC601109.ogg,29.471995464852608,0,5.0,5.0,44100,bird,1.0
63,./kaggletest/reisee2/,XC601109.ogg,29.471995464852608,0,10.0,5.0,44100,bird,1.0
64,./kaggletest/reisee2/,XC601109.ogg,29.471995464852608,0,15.0,5.0,44100,bird,1.0
65,./kaggletest/reisee2/,XC601109.ogg,29.471995464852608,0,20.0,5.0,44100,bird,1.0
66,./kaggletest/reisee2/,XC398898.ogg,11.440997732426304,0,0.0,5.0,44100,bird,1.0
67,./kaggletest/reisee2/,XC398898.ogg,11.440997732426304,0,5.0,5.0,44100,bird,1.0
68,./kaggletest/reisee2/,XC750379.ogg,17.03183673469388,0,0.0,5.0,44100,bird,1.0
69,./kaggletest/reisee2/,XC750379.ogg,17.03183673469388,0,5.0,5.0,44100,bird,1.0
70,./kaggletest/reisee2/,XC750379.ogg,17.03183673469388,0,10.0,5.0,44100,bird,1.0
71,./kaggletest/reisee2/,XC444370.ogg,56.94598639455782,0,0.0,5.0,44100,bird,1.0
72,./kaggletest/reisee2/,XC444370.ogg,56.94598639455782,0,5.0,5.0,44100,bird,1.0
73,./kaggletest/reisee2/,XC444370.ogg,56.94598639455782,0,10.0,5.0,44100,bird,1.0
74,./kaggletest/reisee2/,XC444370.ogg,56.94598639455782,0,15.0,5.0,44100,bird,1.0
75,./kaggletest/reisee2/,XC444370.ogg,56.94598639455782,0,20.0,5.0,44100,bird,1.0
76,./kaggletest/reisee2/,XC444370.ogg,56.94598639455782,0,25.0,5.0,44100,bird,1.0
77,./kaggletest/reisee2/,XC444370.ogg,56.94598639455782,0,30.0,5.0,44100,bird,1.0
78,./kaggletest/reisee2/,XC444370.ogg,56.94598639455782,0,35.0,5.0,44100,bird,1.0
79,./kaggletest/reisee2/,XC444370.ogg,56.94598639455782,0,45.0,5.0,44100,bird,1.0
80,./kaggletest/reisee2/,XC444370.ogg,56.94598639455782,0,50.0,5.0,44100,bird,1.0
81,./kaggletest/reisee2/,XC478648.ogg,10.500997732426304,0,0.0,5.0,44100,bird,1.0
82,./kaggletest/reisee2/,XC478648.ogg,10.500997732426304,0,5.0,5.0,44100,bird,1.0
83,./kaggletest/reisee2/,XC398900.ogg,23.11798185941043,0,0.0,5.0,44100,bird,1.0
84,./kaggletest/reisee2/,XC398900.ogg,23.11798185941043,0,5.0,5.0,44100,bird,1.0
85,./kaggletest/reisee2/,XC398900.ogg,23.11798185941043,0,10.0,5.0,44100,bird,1.0
86,./kaggletest/reisee2/,XC398900.ogg,23.11798185941043,0,15.0,5.0,44100,bird,1.0
87,./kaggletest/reisee2/,XC400958.ogg,15.935986394557823,0,0.0,5.0,44100,bird,1.0
88,./kaggletest/reisee2/,XC400958.ogg,15.935986394557823,0,5.0,5.0,44100,bird,1.0
89,./kaggletest/reisee2/,XC400958.ogg,15.935986394557823,0,10.0,5.0,44100,bird,1.0
90,./kaggletest/reisee2/,XC508684.ogg,30.093061224489794,0,0.0,5.0,44100,bird,1.0
91,./kaggletest/reisee2/,XC508684.ogg,30.093061224489794,0,5.0,5.0,44100,bird,1.0
92,./kaggletest/reisee2/,XC508684.ogg,30.093061224489794,0,10.0,5.0,44100,bird,1.0
93,./kaggletest/reisee2/,XC508684.ogg,30.093061224489794,0,15.0,5.0,44100,bird,1.0
94,./kaggletest/reisee2/,XC508684.ogg,30.093061224489794,0,20.0,5.0,44100,bird,1.0
95,./kaggletest/reisee2/,XC508684.ogg,30.093061224489794,0,25.0,5.0,44100,bird,1.0
96,./kaggletest/reisee2/,XC612843.ogg,8.111995464852608,0,0.0,5.0,44100,bird,1.0
97,./kaggletest/reisee2/,XC601801.ogg,22.32,0,0.0,5.0,44100,bird,1.0
98,./kaggletest/reisee2/,XC601801.ogg,22.32,0,5.0,5.0,44100,bird,1.0
99,./kaggletest/reisee2/,XC601801.ogg,22.32,0,10.0,5.0,44100,bird,1.0
100,./kaggletest/reisee2/,XC601801.ogg,22.32,0,15.0,5.0,44100,bird,1.0
