,FOLDER,IN FILE,CLIP LENGTH,CHANNEL,OFFSET,DURATION,SAMPLE RATE,MANUAL ID,CONFIDENCE
0,./kaggletest/rindov/,XC319121.ogg,61.46612244897959,0,0.0,5.0,44100,bird,1.0
1,./kaggletest/rindov/,XC319121.ogg,61.46612244897959,0,5.0,5.0,44100,bird,1.0
2,./kaggletest/rindov/,XC319121.ogg,61.46612244897959,0,10.0,5.0,44100,bird,1.0
3,./kaggletest/rindov/,XC319121.ogg,61.46612244897959,0,15.0,5.0,44100,bird,1.0
4,./kaggletest/rindov/,XC319121.ogg,61.46612244897959,0,20.0,5.0,44100,bird,1.0
5,./kaggletest/rindov/,XC319121.ogg,61.46612244897959,0,25.0,5.0,44100,bird,1.0
6,./kaggletest/rindov/,XC319121.ogg,61.46612244897959,0,30.0,5.0,44100,bird,1.0
7,./kaggletest/rindov/,XC319121.ogg,61.46612244897959,0,35.0,5.0,44100,bird,1.0
8,./kaggletest/rindov/,XC319121.ogg,61.46612244897959,0,40.0,5.0,44100,bird,1.0
9,./kaggletest/rindov/,XC319121.ogg,61.46612244897959,0,45.0,5.0,44100,bird,1.0
10,./kaggletest/rindov/,XC319121.ogg,61.46612244897959,0,50.0,5.0,44100,bird,1.0
11,./kaggletest/rindov/,XC319121.ogg,61.46612244897959,0,55.0,5.0,44100,bird,1.0
12,./kaggletest/rindov/,XC201020.ogg,21.838367346938774,0,0.0,5.0,44100,bird,1.0
13,./kaggletest/rindov/,XC201020.ogg,21.838367346938774,0,5.0,5.0,44100,bird,1.0
14,./kaggletest/rindov/,XC201020.ogg,21.838367346938774,0,10.0,5.0,44100,bird,1.0
15,./kaggletest/rindov/,XC201020.ogg,21.838367346938774,0,15.0,5.0,44100,bird,1.0
16,./kaggletest/rindov/,XC126142.ogg,56.18936507936508,0,0.0,5.0,44100,bird,1.0
17,./kaggletest/rindov/,XC126142.ogg,56.18936507936508,0,5.0,5.0,44100,bird,1.0
18,./kaggletest/rindov/,XC126142.ogg,56.18936507936508,0,10.0,5.0,44100,bird,1.0
19,./kaggletest/rindov/,XC126142.ogg,56.18936507936508,0,15.0,5.0,44100,bird,1.0
20,./kaggletest/rindov/,XC126142.ogg,56.18936507936508,0,20.0,5.0,44100,bird,1.0
21,./kaggletest/rindov/,XC126142.ogg,56.18936507936508,0,25.0,5.0,44100,bird,1.0
22,./kaggletest/rindov/,XC126142.ogg,56.18936507936508,0,30.0,5.0,44100,bird,1.0
23,./kaggletest/rindov/,XC126142.ogg,56.18936507936508,0,35.0,5.0,44100,bird,1.0
24,./kaggletest/rindov/,XC126142.ogg,56.18936507936508,0,40.0,5.0,44100,bird,1.0
25,./kaggletest/rindov/,XC126142.ogg,56.18936507936508,0,45.0,5.0,44100,bird,1.0
26,./kaggletest/rindov/,XC126142.ogg,56.18936507936508,0,50.0,5.0,44100,bird,1.0
27,./kaggletest/rindov/,XC382937.ogg,39.48,0,0.0,5.0,44100,bird,1.0
28,./kaggletest/rindov/,XC382937.ogg,39.48,0,5.0,5.0,44100,bird,1.0
29,./kaggletest/rindov/,XC382937.ogg,39.48,0,10.0,5.0,44100,bird,1.0
30,./kaggletest/rindov/,XC382937.ogg,39.48,0,15.0,5.0,44100,bird,1.0
31,./kaggletest/rindov/,XC382937.ogg,39.48,0,20.0,5.0,44100,bird,1.0
32,./kaggletest/rindov/,XC382937.ogg,39.48,0,25.0,5.0,44100,bird,1.0
33,./kaggletest/rindov/,XC382937.ogg,39.48,0,30.0,5.0,44100,bird,1.0
34,./kaggletest/rindov/,XC308359.ogg,16.463990929705215,0,0.0,5.0,44100,bird,1.0
35,./kaggletest/rindov/,XC308359.ogg,16.463990929705215,0,5.0,5.0,44100,bird,1.0
36,./kaggletest/rindov/,XC308359.ogg,16.463990929705215,0,10.0,5.0,44100,bird,1.0
37,./kaggletest/rindov/,XC252916.ogg,18.551995464852606,0,0.0,5.0,44100,bird,1.0
38,./kaggletest/rindov/,XC252916.ogg,18.551995464852606,0,5.0,5.0,44100,bird,1.0
39,./kaggletest/rindov/,XC252916.ogg,18.551995464852606,0,10.0,5.0,44100,bird,1.0
40,./kaggletest/rindov/,XC605850.ogg,24.92079365079365,0,0.0,5.0,44100,bird,1.0
41,./kaggletest/rindov/,XC605850.ogg,24.92079365079365,0,5.0,5.0,44100,bird,1.0
42,./kaggletest/rindov/,XC605850.ogg,24.92079365079365,0,10.0,5.0,44100,bird,1.0
43,./kaggletest/rindov/,XC605850.ogg,24.92079365079365,0,15.0,5.0,44100,bird,1.0
44,./kaggletest/rindov/,XC39420.ogg,10.501201814058957,0,0.0,5.0,44100,bird,1.0
45,./kaggletest/rindov/,XC615289.ogg,33.22698412698413,0,0.0,5.0,44100,bird,1.0
46,./kaggletest/rindov/,XC615289.ogg,33.22698412698413,0,5.0,5.0,44100,bird,1.0
47,./kaggletest/rindov/,XC615289.ogg,33.22698412698413,0,10.0,5.0,44100,bird,1.0
48,./kaggletest/rindov/,XC615289.ogg,33.22698412698413,0,15.0,5.0,44100,bird,1.0
49,./kaggletest/rindov/,XC615289.ogg,33.22698412698413,0,20.0,5.0,44100,bird,1.0
50,./kaggletest/rindov/,XC615289.ogg,33.22698412698413,0,25.0,5.0,44100,bird,1.0
51,./kaggletest/rindov/,XC233907.ogg,15.177142857142858,0,0.0,5.0,44100,bird,1.0
52,./kaggletest/rindov/,XC233907.ogg,15.177142857142858,0,5.0,5.0,44100,bird,1.0
53,./kaggletest/rindov/,XC233907.ogg,15.177142857142858,0,10.0,5.0,44100,bird,1.0
54,./kaggletest/rindov/,XC460645.ogg,15.191995464852608,0,0.0,5.0,44100,bird,1.0
55,./kaggletest/rindov/,XC460645.ogg,15.191995464852608,0,5.0,5.0,44100,bird,1.0
56,./kaggletest/rindov/,XC460645.ogg,15.191995464852608,0,10.0,5.0,44100,bird,1.0
57,./kaggletest/rindov/,XC456491.ogg,23.17061224489796,0,0.0,5.0,44100,bird,1.0
58,./kaggletest/rindov/,XC456491.ogg,23.17061224489796,0,5.0,5.0,44100,bird,1.0
59,./kaggletest/rindov/,XC456491.ogg,23.17061224489796,0,10.0,5.0,44100,bird,1.0
60,./kaggletest/rindov/,XC456491.ogg,23.17061224489796,0,15.0,5.0,44100,bird,1.0
61,./kaggletest/rindov/,XC522847.ogg,22.516984126984127,0,0.0,5.0,44100,bird,1.0
62,./kaggletest/rindov/,XC522847.ogg,22.516984126984127,0,5.0,5.0,44100,bird,1.0
63,./kaggletest/rindov/,XC522847.ogg,22.516984126984127,0,10.0,5.0,44100,bird,1.0
64,./kaggletest/rindov/,XC522847.ogg,22.516984126984127,0,15.0,5.0,44100,bird,1.0
65,./kaggletest/rindov/,XC647040.ogg,21.603242630385488,0,0.0,5.0,44100,bird,1.0
66,./kaggletest/rindov/,XC647040.ogg,21.603242630385488,0,5.0,5.0,44100,bird,1.0
67,./kaggletest/rindov/,XC647040.ogg,21.603242630385488,0,10.0,5.0,44100,bird,1.0
68,./kaggletest/rindov/,XC647040.ogg,21.603242630385488,0,15.0,5.0,44100,bird,1.0
69,./kaggletest/rindov/,XC546907.ogg,53.132993197278914,0,0.0,5.0,44100,bird,1.0
70,./kaggletest/rindov/,XC546907.ogg,53.132993197278914,0,5.0,5.0,44100,bird,1.0
71,./kaggletest/rindov/,XC546907.ogg,53.132993197278914,0,10.0,5.0,44100,bird,1.0
72,./kaggletest/rindov/,XC546907.ogg,53.132993197278914,0,15.0,5.0,44100,bird,1.0
73,./kaggletest/rindov/,XC546907.ogg,53.132993197278914,0,20.0,5.0,44100,bird,1.0
74,./kaggletest/rindov/,XC546907.ogg,53.132993197278914,0,25.0,5.0,44100,bird,1.0
75,./kaggletest/rindov/,XC546907.ogg,53.132993197278914,0,30.0,5.0,44100,bird,1.0
76,./kaggletest/rindov/,XC546907.ogg,53.132993197278914,0,35.0,5.0,44100,bird,1.0
77,./kaggletest/rindov/,XC546907.ogg,53.132993197278914,0,40.0,5.0,44100,bird,1.0
78,./kaggletest/rindov/,XC546907.ogg,53.132993197278914,0,45.0,5.0,44100,bird,1.0
79,./kaggletest/rindov/,XC239817.ogg,7.627732426303855,0,0.0,5.0,44100,bird,1.0
80,./kaggletest/rindov/,XC682286.ogg,18.833990929705216,0,0.0,5.0,44100,bird,1.0
81,./kaggletest/rindov/,XC682286.ogg,18.833990929705216,0,5.0,5.0,44100,bird,1.0
82,./kaggletest/rindov/,XC682286.ogg,18.833990929705216,0,10.0,5.0,44100,bird,1.0
83,./kaggletest/rindov/,XC363890.ogg,8.176303854875284,0,0.0,5.0,44100,bird,1.0
84,./kaggletest/rindov/,XC664887.ogg,35.891995464852606,0,0.0,5.0,44100,bird,1.0
85,./kaggletest/rindov/,XC664887.ogg,35.891995464852606,0,5.0,5.0,44100,bird,1.0
86,./kaggletest/rindov/,XC664887.ogg,35.891995464852606,0,10.0,5.0,44100,bird,1.0
87,./kaggletest/rindov/,XC664887.ogg,35.891995464852606,0,15.0,5.0,44100,bird,1.0
88,./kaggletest/rindov/,XC664887.ogg,35.891995464852606,0,20.0,5.0,44100,bird,1.0
89,./kaggletest/rindov/,XC664887.ogg,35.891995464852606,0,25.0,5.0,44100,bird,1.0
90,./kaggletest/rindov/,XC664887.ogg,35.891995464852606,0,30.0,5.0,44100,bird,1.0
91,./kaggletest/rindov/,XC492171.ogg,13.871020408163265,0,0.0,5.0,44100,bird,1.0
92,./kaggletest/rindov/,XC492171.ogg,13.871020408163265,0,5.0,5.0,44100,bird,1.0
93,./kaggletest/rindov/,XC520700.ogg,15.49,0,0.0,5.0,44100,bird,1.0
94,./kaggletest/rindov/,XC520700.ogg,15.49,0,5.0,5.0,44100,bird,1.0
95,./kaggletest/rindov/,XC520700.ogg,15.49,0,10.0,5.0,44100,bird,1.0
96,./kaggletest/rindov/,XC622179.ogg,35.29142857142857,0,0.0,5.0,44100,bird,1.0
97,./kaggletest/rindov/,XC622179.ogg,35.29142857142857,0,10.0,5.0,44100,bird,1.0
98,./kaggletest/rindov/,XC622179.ogg,35.29142857142857,0,15.0,5.0,44100,bird,1.0
99,./kaggletest/rindov/,XC622179.ogg,35.29142857142857,0,20.0,5.0,44100,bird,1.0
100,./kaggletest/rindov/,XC622179.ogg,35.29142857142857,0,25.0,5.0,44100,bird,1.0
101,./kaggletest/rindov/,XC621302.ogg,10.265986394557823,0,0.0,5.0,44100,bird,1.0
102,./kaggletest/rindov/,XC621302.ogg,10.265986394557823,0,5.0,5.0,44100,bird,1.0
103,./kaggletest/rindov/,XC126144.ogg,23.510204081632654,0,0.0,5.0,44100,bird,1.0
104,./kaggletest/rindov/,XC126144.ogg,23.510204081632654,0,5.0,5.0,44100,bird,1.0
105,./kaggletest/rindov/,XC126144.ogg,23.510204081632654,0,10.0,5.0,44100,bird,1.0
106,./kaggletest/rindov/,XC126144.ogg,23.510204081632654,0,15.0,5.0,44100,bird,1.0
107,./kaggletest/rindov/,XC571406.ogg,155.19344671201813,0,0.0,5.0,44100,bird,1.0
108,./kaggletest/rindov/,XC571406.ogg,155.19344671201813,0,5.0,5.0,44100,bird,1.0
109,./kaggletest/rindov/,XC571406.ogg,155.19344671201813,0,10.0,5.0,44100,bird,1.0
110,./kaggletest/rindov/,XC571406.ogg,155.19344671201813,0,15.0,5.0,44100,bird,1.0
111,./kaggletest/rindov/,XC571406.ogg,155.19344671201813,0,20.0,5.0,44100,bird,1.0
112,./kaggletest/rindov/,XC571406.ogg,155.19344671201813,0,25.0,5.0,44100,bird,1.0
113,./kaggletest/rindov/,XC571406.ogg,155.19344671201813,0,30.0,5.0,44100,bird,1.0
114,./kaggletest/rindov/,XC571406.ogg,155.19344671201813,0,35.0,5.0,44100,bird,1.0
115,./kaggletest/rindov/,XC571406.ogg,155.19344671201813,0,40.0,5.0,44100,bird,1.0
116,./kaggletest/rindov/,XC571406.ogg,155.19344671201813,0,45.0,5.0,44100,bird,1.0
117,./kaggletest/rindov/,XC571406.ogg,155.19344671201813,0,80.0,5.0,44100,bird,1.0
118,./kaggletest/rindov/,XC571406.ogg,155.19344671201813,0,85.0,5.0,44100,bird,1.0
119,./kaggletest/rindov/,XC571406.ogg,155.19344671201813,0,95.0,5.0,44100,bird,1.0
120,./kaggletest/rindov/,XC571406.ogg,155.19344671201813,0,110.0,5.0,44100,bird,1.0
121,./kaggletest/rindov/,XC571406.ogg,155.19344671201813,0,115.0,5.0,44100,bird,1.0
122,./kaggletest/rindov/,XC571406.ogg,155.19344671201813,0,120.0,5.0,44100,bird,1.0
123,./kaggletest/rindov/,XC571406.ogg,155.19344671201813,0,125.0,5.0,44100,bird,1.0
124,./kaggletest/rindov/,XC571406.ogg,155.19344671201813,0,130.0,5.0,44100,bird,1.0
125,./kaggletest/rindov/,XC571406.ogg,155.19344671201813,0,140.0,5.0,44100,bird,1.0
126,./kaggletest/rindov/,XC571406.ogg,155.19344671201813,0,145.0,5.0,44100,bird,1.0
127,./kaggletest/rindov/,XC267217.ogg,8.423990929705216,0,0.0,5.0,44100,bird,1.0
128,./kaggletest/rindov/,XC195763.ogg,12.852244897959183,0,0.0,5.0,44100,bird,1.0
129,./kaggletest/rindov/,XC195763.ogg,12.852244897959183,0,5.0,5.0,44100,bird,1.0
130,./kaggletest/rindov/,XC364497.ogg,14.80798185941043,0,0.0,5.0,44100,bird,1.0
131,./kaggletest/rindov/,XC364497.ogg,14.80798185941043,0,5.0,5.0,44100,bird,1.0
132,./kaggletest/rindov/,XC439520.ogg,5.1459863945578235,0,0.0,5.0,44100,bird,1.0
133,./kaggletest/rindov/,XC364496.ogg,8.04,0,0.0,5.0,44100,bird,1.0
134,./kaggletest/rindov/,XC240871.ogg,31.843242630385486,0,0.0,5.0,44100,bird,1.0
135,./kaggletest/rindov/,XC240871.ogg,31.843242630385486,0,5.0,5.0,44100,bird,1.0
136,./kaggletest/rindov/,XC240871.ogg,31.843242630385486,0,10.0,5.0,44100,bird,1.0
137,./kaggletest/rindov/,XC240871.ogg,31.843242630385486,0,15.0,5.0,44100,bird,1.0
138,./kaggletest/rindov/,XC240871.ogg,31.843242630385486,0,20.0,5.0,44100,bird,1.0
139,./kaggletest/rindov/,XC240871.ogg,31.843242630385486,0,25.0,5.0,44100,bird,1.0
140,./kaggletest/rindov/,XC571405.ogg,83.61795918367346,0,0.0,5.0,44100,bird,1.0
141,./kaggletest/rindov/,XC571405.ogg,83.61795918367346,0,5.0,5.0,44100,bird,1.0
142,./kaggletest/rindov/,XC571405.ogg,83.61795918367346,0,10.0,5.0,44100,bird,1.0
143,./kaggletest/rindov/,XC571405.ogg,83.61795918367346,0,15.0,5.0,44100,bird,1.0
144,./kaggletest/rindov/,XC571405.ogg,83.61795918367346,0,20.0,5.0,44100,bird,1.0
145,./kaggletest/rindov/,XC571405.ogg,83.61795918367346,0,25.0,5.0,44100,bird,1.0
146,./kaggletest/rindov/,XC571405.ogg,83.61795918367346,0,30.0,5.0,44100,bird,1.0
147,./kaggletest/rindov/,XC571405.ogg,83.61795918367346,0,35.0,5.0,44100,bird,1.0
148,./kaggletest/rindov/,XC571405.ogg,83.61795918367346,0,40.0,5.0,44100,bird,1.0
149,./kaggletest/rindov/,XC571405.ogg,83.61795918367346,0,45.0,5.0,44100,bird,1.0
150,./kaggletest/rindov/,XC571405.ogg,83.61795918367346,0,50.0,5.0,44100,bird,1.0
151,./kaggletest/rindov/,XC571405.ogg,83.61795918367346,0,55.0,5.0,44100,bird,1.0
152,./kaggletest/rindov/,XC571405.ogg,83.61795918367346,0,60.0,5.0,44100,bird,1.0
153,./kaggletest/rindov/,XC571405.ogg,83.61795918367346,0,65.0,5.0,44100,bird,1.0
154,./kaggletest/rindov/,XC571405.ogg,83.61795918367346,0,70.0,5.0,44100,bird,1.0
155,./kaggletest/rindov/,XC571405.ogg,83.61795918367346,0,75.0,5.0,44100,bird,1.0
156,./kaggletest/rindov/,XC559410.ogg,112.03897959183674,0,0.0,5.0,44100,bird,1.0
157,./kaggletest/rindov/,XC559410.ogg,112.03897959183674,0,5.0,5.0,44100,bird,1.0
158,./kaggletest/rindov/,XC559410.ogg,112.03897959183674,0,10.0,5.0,44100,bird,1.0
159,./kaggletest/rindov/,XC559410.ogg,112.03897959183674,0,15.0,5.0,44100,bird,1.0
160,./kaggletest/rindov/,XC559410.ogg,112.03897959183674,0,20.0,5.0,44100,bird,1.0
161,./kaggletest/rindov/,XC559410.ogg,112.03897959183674,0,30.0,5.0,44100,bird,1.0
162,./kaggletest/rindov/,XC559410.ogg,112.03897959183674,0,35.0,5.0,44100,bird,1.0
163,./kaggletest/rindov/,XC559410.ogg,112.03897959183674,0,40.0,5.0,44100,bird,1.0
164,./kaggletest/rindov/,XC559410.ogg,112.03897959183674,0,45.0,5.0,44100,bird,1.0
165,./kaggletest/rindov/,XC559410.ogg,112.03897959183674,0,50.0,5.0,44100,bird,1.0
166,./kaggletest/rindov/,XC559410.ogg,112.03897959183674,0,55.0,5.0,44100,bird,1.0
167,./kaggletest/rindov/,XC559410.ogg,112.03897959183674,0,60.0,5.0,44100,bird,1.0
168,./kaggletest/rindov/,XC559410.ogg,112.03897959183674,0,65.0,5.0,44100,bird,1.0
169,./kaggletest/rindov/,XC559410.ogg,112.03897959183674,0,70.0,5.0,44100,bird,1.0
170,./kaggletest/rindov/,XC559410.ogg,112.03897959183674,0,75.0,5.0,44100,bird,1.0
171,./kaggletest/rindov/,XC559410.ogg,112.03897959183674,0,80.0,5.0,44100,bird,1.0
172,./kaggletest/rindov/,XC559410.ogg,112.03897959183674,0,85.0,5.0,44100,bird,1.0
173,./kaggletest/rindov/,XC559410.ogg,112.03897959183674,0,90.0,5.0,44100,bird,1.0
174,./kaggletest/rindov/,XC559410.ogg,112.03897959183674,0,95.0,5.0,44100,bird,1.0
175,./kaggletest/rindov/,XC559410.ogg,112.03897959183674,0,100.0,5.0,44100,bird,1.0
176,./kaggletest/rindov/,XC559410.ogg,112.03897959183674,0,105.0,5.0,44100,bird,1.0
177,./kaggletest/rindov/,XC126741.ogg,20.87183673469388,0,0.0,5.0,44100,bird,1.0
178,./kaggletest/rindov/,XC126741.ogg,20.87183673469388,0,5.0,5.0,44100,bird,1.0
179,./kaggletest/rindov/,XC126741.ogg,20.87183673469388,0,10.0,5.0,44100,bird,1.0
180,./kaggletest/rindov/,XC126741.ogg,20.87183673469388,0,15.0,5.0,44100,bird,1.0
181,./kaggletest/rindov/,XC213645.ogg,21.106916099773244,0,0.0,5.0,44100,bird,1.0
182,./kaggletest/rindov/,XC213645.ogg,21.106916099773244,0,5.0,5.0,44100,bird,1.0
183,./kaggletest/rindov/,XC213645.ogg,21.106916099773244,0,10.0,5.0,44100,bird,1.0
184,./kaggletest/rindov/,XC213645.ogg,21.106916099773244,0,15.0,5.0,44100,bird,1.0
185,./kaggletest/rindov/,XC622848.ogg,66.84,0,0.0,5.0,44100,bird,1.0
186,./kaggletest/rindov/,XC622848.ogg,66.84,0,5.0,5.0,44100,bird,1.0
187,./kaggletest/rindov/,XC622848.ogg,66.84,0,10.0,5.0,44100,bird,1.0
188,./kaggletest/rindov/,XC622848.ogg,66.84,0,15.0,5.0,44100,bird,1.0
189,./kaggletest/rindov/,XC622848.ogg,66.84,0,20.0,5.0,44100,bird,1.0
190,./kaggletest/rindov/,XC622848.ogg,66.84,0,25.0,5.0,44100,bird,1.0
191,./kaggletest/rindov/,XC622848.ogg,66.84,0,30.0,5.0,44100,bird,1.0
192,./kaggletest/rindov/,XC622848.ogg,66.84,0,35.0,5.0,44100,bird,1.0
193,./kaggletest/rindov/,XC622848.ogg,66.84,0,40.0,5.0,44100,bird,1.0
194,./kaggletest/rindov/,XC622848.ogg,66.84,0,45.0,5.0,44100,bird,1.0
195,./kaggletest/rindov/,XC622848.ogg,66.84,0,50.0,5.0,44100,bird,1.0
196,./kaggletest/rindov/,XC622848.ogg,66.84,0,55.0,5.0,44100,bird,1.0
197,./kaggletest/rindov/,XC622848.ogg,66.84,0,60.0,5.0,44100,bird,1.0
198,./kaggletest/rindov/,XC622849.ogg,38.711995464852606,0,0.0,5.0,44100,bird,1.0
199,./kaggletest/rindov/,XC622849.ogg,38.711995464852606,0,5.0,5.0,44100,bird,1.0
200,./kaggletest/rindov/,XC622849.ogg,38.711995464852606,0,10.0,5.0,44100,bird,1.0
201,./kaggletest/rindov/,XC622849.ogg,38.711995464852606,0,15.0,5.0,44100,bird,1.0
202,./kaggletest/rindov/,XC622849.ogg,38.711995464852606,0,20.0,5.0,44100,bird,1.0
203,./kaggletest/rindov/,XC622849.ogg,38.711995464852606,0,25.0,5.0,44100,bird,1.0
204,./kaggletest/rindov/,XC622849.ogg,38.711995464852606,0,30.0,5.0,44100,bird,1.0
205,./kaggletest/rindov/,XC218088.ogg,36.048956916099776,0,0.0,5.0,44100,bird,1.0
206,./kaggletest/rindov/,XC218088.ogg,36.048956916099776,0,5.0,5.0,44100,bird,1.0
207,./kaggletest/rindov/,XC218088.ogg,36.048956916099776,0,10.0,5.0,44100,bird,1.0
208,./kaggletest/rindov/,XC218088.ogg,36.048956916099776,0,15.0,5.0,44100,bird,1.0
209,./kaggletest/rindov/,XC218088.ogg,36.048956916099776,0,20.0,5.0,44100,bird,1.0
210,./kaggletest/rindov/,XC218088.ogg,36.048956916099776,0,25.0,5.0,44100,bird,1.0
211,./kaggletest/rindov/,XC218088.ogg,36.048956916099776,0,30.0,5.0,44100,bird,1.0
212,./kaggletest/rindov/,XC671578.ogg,34.193990929705215,0,0.0,5.0,44100,bird,1.0
213,./kaggletest/rindov/,XC671578.ogg,34.193990929705215,0,5.0,5.0,44100,bird,1.0
214,./kaggletest/rindov/,XC671578.ogg,34.193990929705215,0,10.0,5.0,44100,bird,1.0
215,./kaggletest/rindov/,XC671578.ogg,34.193990929705215,0,15.0,5.0,44100,bird,1.0
216,./kaggletest/rindov/,XC671578.ogg,34.193990929705215,0,20.0,5.0,44100,bird,1.0
217,./kaggletest/rindov/,XC671578.ogg,34.193990929705215,0,25.0,5.0,44100,bird,1.0
218,./kaggletest/rindov/,XC583185.ogg,16.343990929705214,0,0.0,5.0,44100,bird,1.0
219,./kaggletest/rindov/,XC583185.ogg,16.343990929705214,0,5.0,5.0,44100,bird,1.0
220,./kaggletest/rindov/,XC583185.ogg,16.343990929705214,0,10.0,5.0,44100,bird,1.0
221,./kaggletest/rindov/,XC168106.ogg,26.17467120181406,0,0.0,5.0,44100,bird,1.0
222,./kaggletest/rindov/,XC168106.ogg,26.17467120181406,0,5.0,5.0,44100,bird,1.0
223,./kaggletest/rindov/,XC168106.ogg,26.17467120181406,0,10.0,5.0,44100,bird,1.0
224,./kaggletest/rindov/,XC168106.ogg,26.17467120181406,0,15.0,5.0,44100,bird,1.0
225,./kaggletest/rindov/,XC168106.ogg,26.17467120181406,0,20.0,5.0,44100,bird,1.0
226,./kaggletest/rindov/,XC637856.ogg,18.650997732426305,0,0.0,5.0,44100,bird,1.0
227,./kaggletest/rindov/,XC637856.ogg,18.650997732426305,0,5.0,5.0,44100,bird,1.0
228,./kaggletest/rindov/,XC637856.ogg,18.650997732426305,0,10.0,5.0,44100,bird,1.0
229,./kaggletest/rindov/,XC126137.ogg,13.061201814058958,0,0.0,5.0,44100,bird,1.0
230,./kaggletest/rindov/,XC126137.ogg,13.061201814058958,0,5.0,5.0,44100,bird,1.0
231,./kaggletest/rindov/,XC539236.ogg,137.37698412698413,0,0.0,5.0,44100,bird,1.0
232,./kaggletest/rindov/,XC539236.ogg,137.37698412698413,0,5.0,5.0,44100,bird,1.0
233,./kaggletest/rindov/,XC539236.ogg,137.37698412698413,0,10.0,5.0,44100,bird,1.0
234,./kaggletest/rindov/,XC539236.ogg,137.37698412698413,0,15.0,5.0,44100,bird,1.0
235,./kaggletest/rindov/,XC539236.ogg,137.37698412698413,0,20.0,5.0,44100,bird,1.0
236,./kaggletest/rindov/,XC539236.ogg,137.37698412698413,0,25.0,5.0,44100,bird,1.0
237,./kaggletest/rindov/,XC539236.ogg,137.37698412698413,0,30.0,5.0,44100,bird,1.0
238,./kaggletest/rindov/,XC539236.ogg,137.37698412698413,0,35.0,5.0,44100,bird,1.0
239,./kaggletest/rindov/,XC539236.ogg,137.37698412698413,0,40.0,5.0,44100,bird,1.0
240,./kaggletest/rindov/,XC539236.ogg,137.37698412698413,0,45.0,5.0,44100,bird,1.0
241,./kaggletest/rindov/,XC539236.ogg,137.37698412698413,0,50.0,5.0,44100,bird,1.0
242,./kaggletest/rindov/,XC539236.ogg,137.37698412698413,0,55.0,5.0,44100,bird,1.0
243,./kaggletest/rindov/,XC539236.ogg,137.37698412698413,0,60.0,5.0,44100,bird,1.0
244,./kaggletest/rindov/,XC539236.ogg,137.37698412698413,0,65.0,5.0,44100,bird,1.0
245,./kaggletest/rindov/,XC539236.ogg,137.37698412698413,0,70.0,5.0,44100,bird,1.0
246,./kaggletest/rindov/,XC539236.ogg,137.37698412698413,0,75.0,5.0,44100,bird,1.0
247,./kaggletest/rindov/,XC539236.ogg,137.37698412698413,0,80.0,5.0,44100,bird,1.0
248,./kaggletest/rindov/,XC539236.ogg,137.37698412698413,0,85.0,5.0,44100,bird,1.0
249,./kaggletest/rindov/,XC539236.ogg,137.37698412698413,0,90.0,5.0,44100,bird,1.0
250,./kaggletest/rindov/,XC539236.ogg,137.37698412698413,0,95.0,5.0,44100,bird,1.0
251,./kaggletest/rindov/,XC539236.ogg,137.37698412698413,0,100.0,5.0,44100,bird,1.0
252,./kaggletest/rindov/,XC539236.ogg,137.37698412698413,0,105.0,5.0,44100,bird,1.0
253,./kaggletest/rindov/,XC539236.ogg,137.37698412698413,0,110.0,5.0,44100,bird,1.0
254,./kaggletest/rindov/,XC539236.ogg,137.37698412698413,0,115.0,5.0,44100,bird,1.0
255,./kaggletest/rindov/,XC539236.ogg,137.37698412698413,0,120.0,5.0,44100,bird,1.0
256,./kaggletest/rindov/,XC539236.ogg,137.37698412698413,0,125.0,5.0,44100,bird,1.0
257,./kaggletest/rindov/,XC539236.ogg,137.37698412698413,0,130.0,5.0,44100,bird,1.0
258,./kaggletest/rindov/,XC126485.ogg,7.366530612244898,0,0.0,5.0,44100,bird,1.0
259,./kaggletest/rindov/,XC514039.ogg,24.76408163265306,0,0.0,5.0,44100,bird,1.0
260,./kaggletest/rindov/,XC514039.ogg,24.76408163265306,0,5.0,5.0,44100,bird,1.0
261,./kaggletest/rindov/,XC514039.ogg,24.76408163265306,0,10.0,5.0,44100,bird,1.0
262,./kaggletest/rindov/,XC514039.ogg,24.76408163265306,0,15.0,5.0,44100,bird,1.0
263,./kaggletest/rindov/,XC664214.ogg,20.113990929705217,0,0.0,5.0,44100,bird,1.0
264,./kaggletest/rindov/,XC664214.ogg,20.113990929705217,0,5.0,5.0,44100,bird,1.0
265,./kaggletest/rindov/,XC664214.ogg,20.113990929705217,0,10.0,5.0,44100,bird,1.0
266,./kaggletest/rindov/,XC664214.ogg,20.113990929705217,0,15.0,5.0,44100,bird,1.0
267,./kaggletest/rindov/,XC168107.ogg,14.915895691609977,0,0.0,5.0,44100,bird,1.0
268,./kaggletest/rindov/,XC168107.ogg,14.915895691609977,0,5.0,5.0,44100,bird,1.0
269,./kaggletest/rindov/,XC717007.ogg,62.90199546485261,0,0.0,5.0,44100,bird,1.0
270,./kaggletest/rindov/,XC717007.ogg,62.90199546485261,0,5.0,5.0,44100,bird,1.0
271,./kaggletest/rindov/,XC717007.ogg,62.90199546485261,0,10.0,5.0,44100,bird,1.0
272,./kaggletest/rindov/,XC717007.ogg,62.90199546485261,0,15.0,5.0,44100,bird,1.0
273,./kaggletest/rindov/,XC717007.ogg,62.90199546485261,0,20.0,5.0,44100,bird,1.0
274,./kaggletest/rindov/,XC717007.ogg,62.90199546485261,0,25.0,5.0,44100,bird,1.0
275,./kaggletest/rindov/,XC717007.ogg,62.90199546485261,0,30.0,5.0,44100,bird,1.0
276,./kaggletest/rindov/,XC717007.ogg,62.90199546485261,0,35.0,5.0,44100,bird,1.0
277,./kaggletest/rindov/,XC717007.ogg,62.90199546485261,0,40.0,5.0,44100,bird,1.0
278,./kaggletest/rindov/,XC717007.ogg,62.90199546485261,0,45.0,5.0,44100,bird,1.0
279,./kaggletest/rindov/,XC717007.ogg,62.90199546485261,0,50.0,5.0,44100,bird,1.0
280,./kaggletest/rindov/,XC717007.ogg,62.90199546485261,0,55.0,5.0,44100,bird,1.0
281,./kaggletest/rindov/,XC583184.ogg,19.223990929705217,0,0.0,5.0,44100,bird,1.0
282,./kaggletest/rindov/,XC583184.ogg,19.223990929705217,0,5.0,5.0,44100,bird,1.0
283,./kaggletest/rindov/,XC583184.ogg,19.223990929705217,0,10.0,5.0,44100,bird,1.0
284,./kaggletest/rindov/,XC753899.ogg,144.0239909297052,0,0.0,5.0,44100,bird,1.0
285,./kaggletest/rindov/,XC753899.ogg,144.0239909297052,0,5.0,5.0,44100,bird,1.0
286,./kaggletest/rindov/,XC753899.ogg,144.0239909297052,0,10.0,5.0,44100,bird,1.0
287,./kaggletest/rindov/,XC753899.ogg,144.0239909297052,0,15.0,5.0,44100,bird,1.0
288,./kaggletest/rindov/,XC753899.ogg,144.0239909297052,0,20.0,5.0,44100,bird,1.0
289,./kaggletest/rindov/,XC753899.ogg,144.0239909297052,0,25.0,5.0,44100,bird,1.0
290,./kaggletest/rindov/,XC753899.ogg,144.0239909297052,0,30.0,5.0,44100,bird,1.0
291,./kaggletest/rindov/,XC753899.ogg,144.0239909297052,0,35.0,5.0,44100,bird,1.0
292,./kaggletest/rindov/,XC753899.ogg,144.0239909297052,0,40.0,5.0,44100,bird,1.0
293,./kaggletest/rindov/,XC753899.ogg,144.0239909297052,0,45.0,5.0,44100,bird,1.0
294,./kaggletest/rindov/,XC753899.ogg,144.0239909297052,0,50.0,5.0,44100,bird,1.0
295,./kaggletest/rindov/,XC753899.ogg,144.0239909297052,0,55.0,5.0,44100,bird,1.0
296,./kaggletest/rindov/,XC753899.ogg,144.0239909297052,0,60.0,5.0,44100,bird,1.0
297,./kaggletest/rindov/,XC753899.ogg,144.0239909297052,0,65.0,5.0,44100,bird,1.0
298,./kaggletest/rindov/,XC753899.ogg,144.0239909297052,0,70.0,5.0,44100,bird,1.0
299,./kaggletest/rindov/,XC753899.ogg,144.0239909297052,0,75.0,5.0,44100,bird,1.0
300,./kaggletest/rindov/,XC753899.ogg,144.0239909297052,0,80.0,5.0,44100,bird,1.0
301,./kaggletest/rindov/,XC753899.ogg,144.0239909297052,0,85.0,5.0,44100,bird,1.0
302,./kaggletest/rindov/,XC753899.ogg,144.0239909297052,0,90.0,5.0,44100,bird,1.0
303,./kaggletest/rindov/,XC753899.ogg,144.0239909297052,0,95.0,5.0,44100,bird,1.0
304,./kaggletest/rindov/,XC753899.ogg,144.0239909297052,0,100.0,5.0,44100,bird,1.0
305,./kaggletest/rindov/,XC753899.ogg,144.0239909297052,0,105.0,5.0,44100,bird,1.0
306,./kaggletest/rindov/,XC753899.ogg,144.0239909297052,0,110.0,5.0,44100,bird,1.0
307,./kaggletest/rindov/,XC753899.ogg,144.0239909297052,0,115.0,5.0,44100,bird,1.0
308,./kaggletest/rindov/,XC753899.ogg,144.0239909297052,0,120.0,5.0,44100,bird,1.0
309,./kaggletest/rindov/,XC753899.ogg,144.0239909297052,0,125.0,5.0,44100,bird,1.0
310,./kaggletest/rindov/,XC753899.ogg,144.0239909297052,0,130.0,5.0,44100,bird,1.0
311,./kaggletest/rindov/,XC753899.ogg,144.0239909297052,0,135.0,5.0,44100,bird,1.0
312,./kaggletest/rindov/,XC368178.ogg,57.67836734693878,0,0.0,5.0,44100,bird,1.0
313,./kaggletest/rindov/,XC368178.ogg,57.67836734693878,0,5.0,5.0,44100,bird,1.0
314,./kaggletest/rindov/,XC368178.ogg,57.67836734693878,0,10.0,5.0,44100,bird,1.0
315,./kaggletest/rindov/,XC368178.ogg,57.67836734693878,0,15.0,5.0,44100,bird,1.0
316,./kaggletest/rindov/,XC368178.ogg,57.67836734693878,0,20.0,5.0,44100,bird,1.0
317,./kaggletest/rindov/,XC368178.ogg,57.67836734693878,0,25.0,5.0,44100,bird,1.0
318,./kaggletest/rindov/,XC368178.ogg,57.67836734693878,0,30.0,5.0,44100,bird,1.0
319,./kaggletest/rindov/,XC368178.ogg,57.67836734693878,0,35.0,5.0,44100,bird,1.0
320,./kaggletest/rindov/,XC368178.ogg,57.67836734693878,0,40.0,5.0,44100,bird,1.0
321,./kaggletest/rindov/,XC368178.ogg,57.67836734693878,0,45.0,5.0,44100,bird,1.0
322,./kaggletest/rindov/,XC368178.ogg,57.67836734693878,0,50.0,5.0,44100,bird,1.0
323,./kaggletest/rindov/,XC381679.ogg,56.006530612244894,0,0.0,5.0,44100,bird,1.0
324,./kaggletest/rindov/,XC381679.ogg,56.006530612244894,0,5.0,5.0,44100,bird,1.0
325,./kaggletest/rindov/,XC381679.ogg,56.006530612244894,0,10.0,5.0,44100,bird,1.0
326,./kaggletest/rindov/,XC381679.ogg,56.006530612244894,0,15.0,5.0,44100,bird,1.0
327,./kaggletest/rindov/,XC381679.ogg,56.006530612244894,0,20.0,5.0,44100,bird,1.0
328,./kaggletest/rindov/,XC381679.ogg,56.006530612244894,0,25.0,5.0,44100,bird,1.0
329,./kaggletest/rindov/,XC381679.ogg,56.006530612244894,0,30.0,5.0,44100,bird,1.0
330,./kaggletest/rindov/,XC381679.ogg,56.006530612244894,0,35.0,5.0,44100,bird,1.0
331,./kaggletest/rindov/,XC381679.ogg,56.006530612244894,0,40.0,5.0,44100,bird,1.0
332,./kaggletest/rindov/,XC381679.ogg,56.006530612244894,0,45.0,5.0,44100,bird,1.0
333,./kaggletest/rindov/,XC381679.ogg,56.006530612244894,0,50.0,5.0,44100,bird,1.0
334,./kaggletest/rindov/,XC505938.ogg,14.08,0,0.0,5.0,44100,bird,1.0
335,./kaggletest/rindov/,XC505938.ogg,14.08,0,5.0,5.0,44100,bird,1.0
336,./kaggletest/rindov/,XC381678.ogg,21.05467120181406,0,0.0,5.0,44100,bird,1.0
337,./kaggletest/rindov/,XC381678.ogg,21.05467120181406,0,5.0,5.0,44100,bird,1.0
338,./kaggletest/rindov/,XC381678.ogg,21.05467120181406,0,10.0,5.0,44100,bird,1.0
339,./kaggletest/rindov/,XC381678.ogg,21.05467120181406,0,15.0,5.0,44100,bird,1.0
340,./kaggletest/rindov/,XC252346.ogg,37.799183673469386,0,0.0,5.0,44100,bird,1.0
341,./kaggletest/rindov/,XC252346.ogg,37.799183673469386,0,5.0,5.0,44100,bird,1.0
342,./kaggletest/rindov/,XC252346.ogg,37.799183673469386,0,10.0,5.0,44100,bird,1.0
343,./kaggletest/rindov/,XC252346.ogg,37.799183673469386,0,15.0,5.0,44100,bird,1.0
344,./kaggletest/rindov/,XC252346.ogg,37.799183673469386,0,20.0,5.0,44100,bird,1.0
345,./kaggletest/rindov/,XC252346.ogg,37.799183673469386,0,25.0,5.0,44100,bird,1.0
346,./kaggletest/rindov/,XC252346.ogg,37.799183673469386,0,30.0,5.0,44100,bird,1.0
347,./kaggletest/rindov/,XC514162.ogg,38.92242630385488,0,0.0,5.0,44100,bird,1.0
348,./kaggletest/rindov/,XC514162.ogg,38.92242630385488,0,5.0,5.0,44100,bird,1.0
349,./kaggletest/rindov/,XC514162.ogg,38.92242630385488,0,10.0,5.0,44100,bird,1.0
350,./kaggletest/rindov/,XC514162.ogg,38.92242630385488,0,15.0,5.0,44100,bird,1.0
351,./kaggletest/rindov/,XC514162.ogg,38.92242630385488,0,20.0,5.0,44100,bird,1.0
352,./kaggletest/rindov/,XC514162.ogg,38.92242630385488,0,25.0,5.0,44100,bird,1.0
353,./kaggletest/rindov/,XC514162.ogg,38.92242630385488,0,30.0,5.0,44100,bird,1.0
354,./kaggletest/rindov/,XC650029.ogg,12.145986394557823,0,0.0,5.0,44100,bird,1.0
355,./kaggletest/rindov/,XC650029.ogg,12.145986394557823,0,5.0,5.0,44100,bird,1.0
356,./kaggletest/rindov/,XC542697.ogg,67.23897959183674,0,0.0,5.0,44100,bird,1.0
357,./kaggletest/rindov/,XC542697.ogg,67.23897959183674,0,5.0,5.0,44100,bird,1.0
358,./kaggletest/rindov/,XC542697.ogg,67.23897959183674,0,10.0,5.0,44100,bird,1.0
359,./kaggletest/rindov/,XC542697.ogg,67.23897959183674,0,15.0,5.0,44100,bird,1.0
360,./kaggletest/rindov/,XC542697.ogg,67.23897959183674,0,20.0,5.0,44100,bird,1.0
361,./kaggletest/rindov/,XC542697.ogg,67.23897959183674,0,25.0,5.0,44100,bird,1.0
362,./kaggletest/rindov/,XC542697.ogg,67.23897959183674,0,30.0,5.0,44100,bird,1.0
363,./kaggletest/rindov/,XC542697.ogg,67.23897959183674,0,35.0,5.0,44100,bird,1.0
364,./kaggletest/rindov/,XC542697.ogg,67.23897959183674,0,40.0,5.0,44100,bird,1.0
365,./kaggletest/rindov/,XC542697.ogg,67.23897959183674,0,45.0,5.0,44100,bird,1.0
366,./kaggletest/rindov/,XC542697.ogg,67.23897959183674,0,50.0,5.0,44100,bird,1.0
367,./kaggletest/rindov/,XC542697.ogg,67.23897959183674,0,55.0,5.0,44100,bird,1.0
368,./kaggletest/rindov/,XC542697.ogg,67.23897959183674,0,60.0,5.0,44100,bird,1.0
369,./kaggletest/rindov/,XC658460.ogg,32.28698412698413,0,0.0,5.0,44100,bird,1.0
370,./kaggletest/rindov/,XC658460.ogg,32.28698412698413,0,5.0,5.0,44100,bird,1.0
371,./kaggletest/rindov/,XC658460.ogg,32.28698412698413,0,10.0,5.0,44100,bird,1.0
372,./kaggletest/rindov/,XC658460.ogg,32.28698412698413,0,15.0,5.0,44100,bird,1.0
373,./kaggletest/rindov/,XC658460.ogg,32.28698412698413,0,20.0,5.0,44100,bird,1.0
374,./kaggletest/rindov/,XC658460.ogg,32.28698412698413,0,25.0,5.0,44100,bird,1.0
375,./kaggletest/rindov/,XC518759.ogg,12.863990929705215,0,0.0,5.0,44100,bird,1.0
376,./kaggletest/rindov/,XC518759.ogg,12.863990929705215,0,5.0,5.0,44100,bird,1.0
377,./kaggletest/rindov/,XC655030.ogg,26.827732426303854,0,0.0,5.0,44100,bird,1.0
378,./kaggletest/rindov/,XC655030.ogg,26.827732426303854,0,5.0,5.0,44100,bird,1.0
379,./kaggletest/rindov/,XC655030.ogg,26.827732426303854,0,10.0,5.0,44100,bird,1.0
380,./kaggletest/rindov/,XC655030.ogg,26.827732426303854,0,15.0,5.0,44100,bird,1.0
381,./kaggletest/rindov/,XC655030.ogg,26.827732426303854,0,20.0,5.0,44100,bird,1.0
382,./kaggletest/rindov/,XC518620.ogg,12.276984126984127,0,0.0,5.0,44100,bird,1.0
383,./kaggletest/rindov/,XC518620.ogg,12.276984126984127,0,5.0,5.0,44100,bird,1.0
384,./kaggletest/rindov/,XC613450.ogg,9.56079365079365,0,0.0,5.0,44100,bird,1.0
385,./kaggletest/rindov/,XC586183.ogg,40.071836734693875,0,0.0,5.0,44100,bird,1.0
386,./kaggletest/rindov/,XC586183.ogg,40.071836734693875,0,5.0,5.0,44100,bird,1.0
387,./kaggletest/rindov/,XC586183.ogg,40.071836734693875,0,10.0,5.0,44100,bird,1.0
388,./kaggletest/rindov/,XC586183.ogg,40.071836734693875,0,15.0,5.0,44100,bird,1.0
389,./kaggletest/rindov/,XC586183.ogg,40.071836734693875,0,20.0,5.0,44100,bird,1.0
390,./kaggletest/rindov/,XC586183.ogg,40.071836734693875,0,25.0,5.0,44100,bird,1.0
391,./kaggletest/rindov/,XC586183.ogg,40.071836734693875,0,30.0,5.0,44100,bird,1.0
392,./kaggletest/rindov/,XC586183.ogg,40.071836734693875,0,35.0,5.0,44100,bird,1.0
393,./kaggletest/rindov/,XC613451.ogg,6.870204081632653,0,0.0,5.0,44100,bird,1.0
394,./kaggletest/rindov/,XC195719.ogg,31.164081632653062,0,0.0,5.0,44100,bird,1.0
395,./kaggletest/rindov/,XC195719.ogg,31.164081632653062,0,5.0,5.0,44100,bird,1.0
396,./kaggletest/rindov/,XC195719.ogg,31.164081632653062,0,10.0,5.0,44100,bird,1.0
397,./kaggletest/rindov/,XC195719.ogg,31.164081632653062,0,15.0,5.0,44100,bird,1.0
398,./kaggletest/rindov/,XC195719.ogg,31.164081632653062,0,20.0,5.0,44100,bird,1.0
399,./kaggletest/rindov/,XC195719.ogg,31.164081632653062,0,25.0,5.0,44100,bird,1.0
400,./kaggletest/rindov/,XC537198.ogg,26.80160997732426,0,0.0,5.0,44100,bird,1.0
401,./kaggletest/rindov/,XC537198.ogg,26.80160997732426,0,5.0,5.0,44100,bird,1.0
402,./kaggletest/rindov/,XC537198.ogg,26.80160997732426,0,10.0,5.0,44100,bird,1.0
403,./kaggletest/rindov/,XC537198.ogg,26.80160997732426,0,15.0,5.0,44100,bird,1.0
404,./kaggletest/rindov/,XC537198.ogg,26.80160997732426,0,20.0,5.0,44100,bird,1.0
405,./kaggletest/rindov/,XC173077.ogg,7.131428571428572,0,0.0,5.0,44100,bird,1.0
406,./kaggletest/rindov/,XC621768.ogg,133.96798185941043,0,0.0,5.0,44100,bird,1.0
407,./kaggletest/rindov/,XC621768.ogg,133.96798185941043,0,5.0,5.0,44100,bird,1.0
408,./kaggletest/rindov/,XC621768.ogg,133.96798185941043,0,10.0,5.0,44100,bird,1.0
409,./kaggletest/rindov/,XC621768.ogg,133.96798185941043,0,15.0,5.0,44100,bird,1.0
410,./kaggletest/rindov/,XC621768.ogg,133.96798185941043,0,20.0,5.0,44100,bird,1.0
411,./kaggletest/rindov/,XC621768.ogg,133.96798185941043,0,25.0,5.0,44100,bird,1.0
412,./kaggletest/rindov/,XC621768.ogg,133.96798185941043,0,30.0,5.0,44100,bird,1.0
413,./kaggletest/rindov/,XC621768.ogg,133.96798185941043,0,35.0,5.0,44100,bird,1.0
414,./kaggletest/rindov/,XC621768.ogg,133.96798185941043,0,40.0,5.0,44100,bird,1.0
415,./kaggletest/rindov/,XC621768.ogg,133.96798185941043,0,45.0,5.0,44100,bird,1.0
416,./kaggletest/rindov/,XC621768.ogg,133.96798185941043,0,50.0,5.0,44100,bird,1.0
417,./kaggletest/rindov/,XC621768.ogg,133.96798185941043,0,55.0,5.0,44100,bird,1.0
418,./kaggletest/rindov/,XC621768.ogg,133.96798185941043,0,60.0,5.0,44100,bird,1.0
419,./kaggletest/rindov/,XC621768.ogg,133.96798185941043,0,65.0,5.0,44100,bird,1.0
420,./kaggletest/rindov/,XC621768.ogg,133.96798185941043,0,70.0,5.0,44100,bird,1.0
421,./kaggletest/rindov/,XC621768.ogg,133.96798185941043,0,75.0,5.0,44100,bird,1.0
422,./kaggletest/rindov/,XC621768.ogg,133.96798185941043,0,80.0,5.0,44100,bird,1.0
423,./kaggletest/rindov/,XC621768.ogg,133.96798185941043,0,85.0,5.0,44100,bird,1.0
424,./kaggletest/rindov/,XC621768.ogg,133.96798185941043,0,90.0,5.0,44100,bird,1.0
425,./kaggletest/rindov/,XC621768.ogg,133.96798185941043,0,95.0,5.0,44100,bird,1.0
426,./kaggletest/rindov/,XC621768.ogg,133.96798185941043,0,100.0,5.0,44100,bird,1.0
427,./kaggletest/rindov/,XC621768.ogg,133.96798185941043,0,105.0,5.0,44100,bird,1.0
428,./kaggletest/rindov/,XC621768.ogg,133.96798185941043,0,110.0,5.0,44100,bird,1.0
429,./kaggletest/rindov/,XC621768.ogg,133.96798185941043,0,120.0,5.0,44100,bird,1.0
430,./kaggletest/rindov/,XC621768.ogg,133.96798185941043,0,125.0,5.0,44100,bird,1.0
431,./kaggletest/rindov/,XC654446.ogg,45.16571428571429,0,0.0,5.0,44100,bird,1.0
432,./kaggletest/rindov/,XC654446.ogg,45.16571428571429,0,5.0,5.0,44100,bird,1.0
433,./kaggletest/rindov/,XC654446.ogg,45.16571428571429,0,10.0,5.0,44100,bird,1.0
434,./kaggletest/rindov/,XC654446.ogg,45.16571428571429,0,15.0,5.0,44100,bird,1.0
435,./kaggletest/rindov/,XC654446.ogg,45.16571428571429,0,20.0,5.0,44100,bird,1.0
436,./kaggletest/rindov/,XC654446.ogg,45.16571428571429,0,25.0,5.0,44100,bird,1.0
437,./kaggletest/rindov/,XC654446.ogg,45.16571428571429,0,30.0,5.0,44100,bird,1.0
438,./kaggletest/rindov/,XC654446.ogg,45.16571428571429,0,35.0,5.0,44100,bird,1.0
439,./kaggletest/rindov/,XC654446.ogg,45.16571428571429,0,40.0,5.0,44100,bird,1.0
440,./kaggletest/rindov/,XC438493.ogg,13.2,0,0.0,5.0,44100,bird,1.0
441,./kaggletest/rindov/,XC438493.ogg,13.2,0,5.0,5.0,44100,bird,1.0
442,./kaggletest/rindov/,XC659017.ogg,51.120997732426304,0,0.0,5.0,44100,bird,1.0
443,./kaggletest/rindov/,XC659017.ogg,51.120997732426304,0,5.0,5.0,44100,bird,1.0
444,./kaggletest/rindov/,XC659017.ogg,51.120997732426304,0,10.0,5.0,44100,bird,1.0
445,./kaggletest/rindov/,XC659017.ogg,51.120997732426304,0,15.0,5.0,44100,bird,1.0
446,./kaggletest/rindov/,XC659017.ogg,51.120997732426304,0,20.0,5.0,44100,bird,1.0
447,./kaggletest/rindov/,XC659017.ogg,51.120997732426304,0,25.0,5.0,44100,bird,1.0
448,./kaggletest/rindov/,XC659017.ogg,51.120997732426304,0,30.0,5.0,44100,bird,1.0
449,./kaggletest/rindov/,XC659017.ogg,51.120997732426304,0,35.0,5.0,44100,bird,1.0
450,./kaggletest/rindov/,XC659017.ogg,51.120997732426304,0,40.0,5.0,44100,bird,1.0
451,./kaggletest/rindov/,XC419931.ogg,5.76,0,0.0,5.0,44100,bird,1.0
452,./kaggletest/rindov/,XC126739.ogg,26.827732426303854,0,0.0,5.0,44100,bird,1.0
453,./kaggletest/rindov/,XC126739.ogg,26.827732426303854,0,5.0,5.0,44100,bird,1.0
454,./kaggletest/rindov/,XC126739.ogg,26.827732426303854,0,10.0,5.0,44100,bird,1.0
455,./kaggletest/rindov/,XC126739.ogg,26.827732426303854,0,15.0,5.0,44100,bird,1.0
456,./kaggletest/rindov/,XC126739.ogg,26.827732426303854,0,20.0,5.0,44100,bird,1.0
457,./kaggletest/rindov/,XC549086.ogg,50.8865306122449,0,0.0,5.0,44100,bird,1.0
458,./kaggletest/rindov/,XC549086.ogg,50.8865306122449,0,5.0,5.0,44100,bird,1.0
459,./kaggletest/rindov/,XC549086.ogg,50.8865306122449,0,15.0,5.0,44100,bird,1.0
460,./kaggletest/rindov/,XC549086.ogg,50.8865306122449,0,20.0,5.0,44100,bird,1.0
461,./kaggletest/rindov/,XC549086.ogg,50.8865306122449,0,25.0,5.0,44100,bird,1.0
462,./kaggletest/rindov/,XC549086.ogg,50.8865306122449,0,30.0,5.0,44100,bird,1.0
463,./kaggletest/rindov/,XC549086.ogg,50.8865306122449,0,35.0,5.0,44100,bird,1.0
464,./kaggletest/rindov/,XC549086.ogg,50.8865306122449,0,40.0,5.0,44100,bird,1.0
465,./kaggletest/rindov/,XC622847.ogg,12.023990929705215,0,0.0,5.0,44100,bird,1.0
466,./kaggletest/rindov/,XC622847.ogg,12.023990929705215,0,5.0,5.0,44100,bird,1.0
467,./kaggletest/rindov/,XC424519.ogg,15.620997732426304,0,0.0,5.0,44100,bird,1.0
468,./kaggletest/rindov/,XC424519.ogg,15.620997732426304,0,5.0,5.0,44100,bird,1.0
469,./kaggletest/rindov/,XC424519.ogg,15.620997732426304,0,10.0,5.0,44100,bird,1.0
470,./kaggletest/rindov/,XC309834.ogg,20.831995464852607,0,0.0,5.0,44100,bird,1.0
471,./kaggletest/rindov/,XC309834.ogg,20.831995464852607,0,5.0,5.0,44100,bird,1.0
472,./kaggletest/rindov/,XC309834.ogg,20.831995464852607,0,10.0,5.0,44100,bird,1.0
473,./kaggletest/rindov/,XC309834.ogg,20.831995464852607,0,15.0,5.0,44100,bird,1.0
474,./kaggletest/rindov/,XC476288.ogg,40.85548752834467,0,0.0,5.0,44100,bird,1.0
475,./kaggletest/rindov/,XC476288.ogg,40.85548752834467,0,5.0,5.0,44100,bird,1.0
476,./kaggletest/rindov/,XC476288.ogg,40.85548752834467,0,10.0,5.0,44100,bird,1.0
477,./kaggletest/rindov/,XC476288.ogg,40.85548752834467,0,15.0,5.0,44100,bird,1.0
478,./kaggletest/rindov/,XC476288.ogg,40.85548752834467,0,20.0,5.0,44100,bird,1.0
479,./kaggletest/rindov/,XC476288.ogg,40.85548752834467,0,25.0,5.0,44100,bird,1.0
480,./kaggletest/rindov/,XC476288.ogg,40.85548752834467,0,30.0,5.0,44100,bird,1.0
481,./kaggletest/rindov/,XC476288.ogg,40.85548752834467,0,35.0,5.0,44100,bird,1.0
482,./kaggletest/rindov/,XC326419.ogg,7.81,0,0.0,5.0,44100,bird,1.0
483,./kaggletest/rindov/,XC125816.ogg,35.81385487528345,0,0.0,5.0,44100,bird,1.0
484,./kaggletest/rindov/,XC125816.ogg,35.81385487528345,0,5.0,5.0,44100,bird,1.0
485,./kaggletest/rindov/,XC125816.ogg,35.81385487528345,0,10.0,5.0,44100,bird,1.0
486,./kaggletest/rindov/,XC125816.ogg,35.81385487528345,0,15.0,5.0,44100,bird,1.0
487,./kaggletest/rindov/,XC125816.ogg,35.81385487528345,0,20.0,5.0,44100,bird,1.0
488,./kaggletest/rindov/,XC125816.ogg,35.81385487528345,0,25.0,5.0,44100,bird,1.0
489,./kaggletest/rindov/,XC125816.ogg,35.81385487528345,0,30.0,5.0,44100,bird,1.0
490,./kaggletest/rindov/,XC418182.ogg,22.583990929705216,0,0.0,5.0,44100,bird,1.0
491,./kaggletest/rindov/,XC418182.ogg,22.583990929705216,0,5.0,5.0,44100,bird,1.0
492,./kaggletest/rindov/,XC418182.ogg,22.583990929705216,0,10.0,5.0,44100,bird,1.0
493,./kaggletest/rindov/,XC418182.ogg,22.583990929705216,0,15.0,5.0,44100,bird,1.0
494,./kaggletest/rindov/,XC750383.ogg,6.765714285714286,0,0.0,5.0,44100,bird,1.0
495,./kaggletest/rindov/,XC683132.ogg,100.88399092970522,0,0.0,5.0,44100,bird,1.0
496,./kaggletest/rindov/,XC683132.ogg,100.88399092970522,0,5.0,5.0,44100,bird,1.0
497,./kaggletest/rindov/,XC683132.ogg,100.88399092970522,0,10.0,5.0,44100,bird,1.0
498,./kaggletest/rindov/,XC683132.ogg,100.88399092970522,0,15.0,5.0,44100,bird,1.0
499,./kaggletest/rindov/,XC683132.ogg,100.88399092970522,0,20.0,5.0,44100,bird,1.0
500,./kaggletest/rindov/,XC683132.ogg,100.88399092970522,0,25.0,5.0,44100,bird,1.0
501,./kaggletest/rindov/,XC683132.ogg,100.88399092970522,0,30.0,5.0,44100,bird,1.0
502,./kaggletest/rindov/,XC683132.ogg,100.88399092970522,0,35.0,5.0,44100,bird,1.0
503,./kaggletest/rindov/,XC683132.ogg,100.88399092970522,0,40.0,5.0,44100,bird,1.0
504,./kaggletest/rindov/,XC683132.ogg,100.88399092970522,0,45.0,5.0,44100,bird,1.0
505,./kaggletest/rindov/,XC683132.ogg,100.88399092970522,0,50.0,5.0,44100,bird,1.0
506,./kaggletest/rindov/,XC683132.ogg,100.88399092970522,0,55.0,5.0,44100,bird,1.0
507,./kaggletest/rindov/,XC683132.ogg,100.88399092970522,0,60.0,5.0,44100,bird,1.0
508,./kaggletest/rindov/,XC683132.ogg,100.88399092970522,0,65.0,5.0,44100,bird,1.0
509,./kaggletest/rindov/,XC683132.ogg,100.88399092970522,0,70.0,5.0,44100,bird,1.0
510,./kaggletest/rindov/,XC683132.ogg,100.88399092970522,0,75.0,5.0,44100,bird,1.0
511,./kaggletest/rindov/,XC683132.ogg,100.88399092970522,0,80.0,5.0,44100,bird,1.0
512,./kaggletest/rindov/,XC683132.ogg,100.88399092970522,0,85.0,5.0,44100,bird,1.0
513,./kaggletest/rindov/,XC683132.ogg,100.88399092970522,0,90.0,5.0,44100,bird,1.0
514,./kaggletest/rindov/,XC683132.ogg,100.88399092970522,0,95.0,5.0,44100,bird,1.0
515,./kaggletest/rindov/,XC533477.ogg,9.19498866213152,0,0.0,5.0,44100,bird,1.0
516,./kaggletest/rindov/,XC126138.ogg,18.80814058956916,0,0.0,5.0,44100,bird,1.0
517,./kaggletest/rindov/,XC126138.ogg,18.80814058956916,0,5.0,5.0,44100,bird,1.0
518,./kaggletest/rindov/,XC126138.ogg,18.80814058956916,0,10.0,5.0,44100,bird,1.0
519,./kaggletest/rindov/,XC613455.ogg,78.68079365079365,0,0.0,5.0,44100,bird,1.0
520,./kaggletest/rindov/,XC613455.ogg,78.68079365079365,0,5.0,5.0,44100,bird,1.0
521,./kaggletest/rindov/,XC613455.ogg,78.68079365079365,0,10.0,5.0,44100,bird,1.0
522,./kaggletest/rindov/,XC613455.ogg,78.68079365079365,0,15.0,5.0,44100,bird,1.0
523,./kaggletest/rindov/,XC613455.ogg,78.68079365079365,0,20.0,5.0,44100,bird,1.0
524,./kaggletest/rindov/,XC613455.ogg,78.68079365079365,0,25.0,5.0,44100,bird,1.0
525,./kaggletest/rindov/,XC613455.ogg,78.68079365079365,0,30.0,5.0,44100,bird,1.0
526,./kaggletest/rindov/,XC613455.ogg,78.68079365079365,0,35.0,5.0,44100,bird,1.0
527,./kaggletest/rindov/,XC613455.ogg,78.68079365079365,0,40.0,5.0,44100,bird,1.0
528,./kaggletest/rindov/,XC613455.ogg,78.68079365079365,0,45.0,5.0,44100,bird,1.0
529,./kaggletest/rindov/,XC613455.ogg,78.68079365079365,0,50.0,5.0,44100,bird,1.0
530,./kaggletest/rindov/,XC613455.ogg,78.68079365079365,0,55.0,5.0,44100,bird,1.0
531,./kaggletest/rindov/,XC613455.ogg,78.68079365079365,0,60.0,5.0,44100,bird,1.0
532,./kaggletest/rindov/,XC613455.ogg,78.68079365079365,0,65.0,5.0,44100,bird,1.0
533,./kaggletest/rindov/,XC613455.ogg,78.68079365079365,0,70.0,5.0,44100,bird,1.0
534,./kaggletest/rindov/,XC621419.ogg,69.55199546485261,0,0.0,5.0,44100,bird,1.0
535,./kaggletest/rindov/,XC621419.ogg,69.55199546485261,0,5.0,5.0,44100,bird,1.0
536,./kaggletest/rindov/,XC621419.ogg,69.55199546485261,0,10.0,5.0,44100,bird,1.0
537,./kaggletest/rindov/,XC621419.ogg,69.55199546485261,0,15.0,5.0,44100,bird,1.0
538,./kaggletest/rindov/,XC621419.ogg,69.55199546485261,0,20.0,5.0,44100,bird,1.0
539,./kaggletest/rindov/,XC621419.ogg,69.55199546485261,0,25.0,5.0,44100,bird,1.0
540,./kaggletest/rindov/,XC621419.ogg,69.55199546485261,0,30.0,5.0,44100,bird,1.0
541,./kaggletest/rindov/,XC621419.ogg,69.55199546485261,0,35.0,5.0,44100,bird,1.0
542,./kaggletest/rindov/,XC621419.ogg,69.55199546485261,0,40.0,5.0,44100,bird,1.0
543,./kaggletest/rindov/,XC621419.ogg,69.55199546485261,0,45.0,5.0,44100,bird,1.0
544,./kaggletest/rindov/,XC621419.ogg,69.55199546485261,0,50.0,5.0,44100,bird,1.0
545,./kaggletest/rindov/,XC621419.ogg,69.55199546485261,0,55.0,5.0,44100,bird,1.0
546,./kaggletest/rindov/,XC621419.ogg,69.55199546485261,0,60.0,5.0,44100,bird,1.0
547,./kaggletest/rindov/,XC586178.ogg,32.20895691609977,0,0.0,5.0,44100,bird,1.0
548,./kaggletest/rindov/,XC586178.ogg,32.20895691609977,0,5.0,5.0,44100,bird,1.0
549,./kaggletest/rindov/,XC586178.ogg,32.20895691609977,0,10.0,5.0,44100,bird,1.0
550,./kaggletest/rindov/,XC586178.ogg,32.20895691609977,0,15.0,5.0,44100,bird,1.0
551,./kaggletest/rindov/,XC586178.ogg,32.20895691609977,0,20.0,5.0,44100,bird,1.0
552,./kaggletest/rindov/,XC586178.ogg,32.20895691609977,0,25.0,5.0,44100,bird,1.0
553,./kaggletest/rindov/,XC252760.ogg,16.03918367346939,0,0.0,5.0,44100,bird,1.0
554,./kaggletest/rindov/,XC252760.ogg,16.03918367346939,0,5.0,5.0,44100,bird,1.0
555,./kaggletest/rindov/,XC252760.ogg,16.03918367346939,0,10.0,5.0,44100,bird,1.0
556,./kaggletest/rindov/,XC163358.ogg,7.340385487528344,0,0.0,5.0,44100,bird,1.0
557,./kaggletest/rindov/,XC206035.ogg,25.86120181405896,0,0.0,5.0,44100,bird,1.0
558,./kaggletest/rindov/,XC206035.ogg,25.86120181405896,0,5.0,5.0,44100,bird,1.0
559,./kaggletest/rindov/,XC206035.ogg,25.86120181405896,0,10.0,5.0,44100,bird,1.0
560,./kaggletest/rindov/,XC206035.ogg,25.86120181405896,0,15.0,5.0,44100,bird,1.0
561,./kaggletest/rindov/,XC206035.ogg,25.86120181405896,0,20.0,5.0,44100,bird,1.0
562,./kaggletest/rindov/,XC473746.ogg,70.4261224489796,0,0.0,5.0,44100,bird,1.0
563,./kaggletest/rindov/,XC473746.ogg,70.4261224489796,0,5.0,5.0,44100,bird,1.0
564,./kaggletest/rindov/,XC473746.ogg,70.4261224489796,0,10.0,5.0,44100,bird,1.0
565,./kaggletest/rindov/,XC473746.ogg,70.4261224489796,0,15.0,5.0,44100,bird,1.0
566,./kaggletest/rindov/,XC473746.ogg,70.4261224489796,0,20.0,5.0,44100,bird,1.0
567,./kaggletest/rindov/,XC473746.ogg,70.4261224489796,0,25.0,5.0,44100,bird,1.0
568,./kaggletest/rindov/,XC473746.ogg,70.4261224489796,0,30.0,5.0,44100,bird,1.0
569,./kaggletest/rindov/,XC473746.ogg,70.4261224489796,0,35.0,5.0,44100,bird,1.0
570,./kaggletest/rindov/,XC473746.ogg,70.4261224489796,0,40.0,5.0,44100,bird,1.0
571,./kaggletest/rindov/,XC473746.ogg,70.4261224489796,0,45.0,5.0,44100,bird,1.0
572,./kaggletest/rindov/,XC473746.ogg,70.4261224489796,0,50.0,5.0,44100,bird,1.0
573,./kaggletest/rindov/,XC473746.ogg,70.4261224489796,0,55.0,5.0,44100,bird,1.0
574,./kaggletest/rindov/,XC473746.ogg,70.4261224489796,0,60.0,5.0,44100,bird,1.0
575,./kaggletest/rindov/,XC473746.ogg,70.4261224489796,0,65.0,5.0,44100,bird,1.0
576,./kaggletest/rindov/,XC206394.ogg,6.739591836734694,0,0.0,5.0,44100,bird,1.0
577,./kaggletest/rindov/,XC528740.ogg,15.16798185941043,0,0.0,5.0,44100,bird,1.0
578,./kaggletest/rindov/,XC528740.ogg,15.16798185941043,0,5.0,5.0,44100,bird,1.0
579,./kaggletest/rindov/,XC528740.ogg,15.16798185941043,0,10.0,5.0,44100,bird,1.0
580,./kaggletest/rindov/,XC508241.ogg,12.826122448979591,0,0.0,5.0,44100,bird,1.0
581,./kaggletest/rindov/,XC508241.ogg,12.826122448979591,0,5.0,5.0,44100,bird,1.0
582,./kaggletest/rindov/,XC584736.ogg,14.375986394557824,0,0.0,5.0,44100,bird,1.0
583,./kaggletest/rindov/,XC584736.ogg,14.375986394557824,0,5.0,5.0,44100,bird,1.0
584,./kaggletest/rindov/,XC208609.ogg,57.52798185941043,0,0.0,5.0,44100,bird,1.0
585,./kaggletest/rindov/,XC208609.ogg,57.52798185941043,0,5.0,5.0,44100,bird,1.0
586,./kaggletest/rindov/,XC208609.ogg,57.52798185941043,0,10.0,5.0,44100,bird,1.0
587,./kaggletest/rindov/,XC208609.ogg,57.52798185941043,0,15.0,5.0,44100,bird,1.0
588,./kaggletest/rindov/,XC208609.ogg,57.52798185941043,0,20.0,5.0,44100,bird,1.0
589,./kaggletest/rindov/,XC208609.ogg,57.52798185941043,0,25.0,5.0,44100,bird,1.0
590,./kaggletest/rindov/,XC208609.ogg,57.52798185941043,0,30.0,5.0,44100,bird,1.0
591,./kaggletest/rindov/,XC208609.ogg,57.52798185941043,0,35.0,5.0,44100,bird,1.0
592,./kaggletest/rindov/,XC208609.ogg,57.52798185941043,0,40.0,5.0,44100,bird,1.0
593,./kaggletest/rindov/,XC208609.ogg,57.52798185941043,0,45.0,5.0,44100,bird,1.0
594,./kaggletest/rindov/,XC208609.ogg,57.52798185941043,0,50.0,5.0,44100,bird,1.0
595,./kaggletest/rindov/,XC207714.ogg,25.91344671201814,0,0.0,5.0,44100,bird,1.0
596,./kaggletest/rindov/,XC207714.ogg,25.91344671201814,0,5.0,5.0,44100,bird,1.0
597,./kaggletest/rindov/,XC207714.ogg,25.91344671201814,0,10.0,5.0,44100,bird,1.0
598,./kaggletest/rindov/,XC207714.ogg,25.91344671201814,0,15.0,5.0,44100,bird,1.0
599,./kaggletest/rindov/,XC207714.ogg,25.91344671201814,0,20.0,5.0,44100,bird,1.0
600,./kaggletest/rindov/,XC494119.ogg,16.457142857142856,0,0.0,5.0,44100,bird,1.0
601,./kaggletest/rindov/,XC494119.ogg,16.457142857142856,0,5.0,5.0,44100,bird,1.0
602,./kaggletest/rindov/,XC494119.ogg,16.457142857142856,0,10.0,5.0,44100,bird,1.0
603,./kaggletest/rindov/,XC746623.ogg,10.751995464852607,0,0.0,5.0,44100,bird,1.0
604,./kaggletest/rindov/,XC746623.ogg,10.751995464852607,0,5.0,5.0,44100,bird,1.0
605,./kaggletest/rindov/,XC503304.ogg,15.215986394557824,0,0.0,5.0,44100,bird,1.0
606,./kaggletest/rindov/,XC503304.ogg,15.215986394557824,0,5.0,5.0,44100,bird,1.0
607,./kaggletest/rindov/,XC503304.ogg,15.215986394557824,0,10.0,5.0,44100,bird,1.0
608,./kaggletest/rindov/,XC411728.ogg,24.790204081632652,0,0.0,5.0,44100,bird,1.0
609,./kaggletest/rindov/,XC411728.ogg,24.790204081632652,0,5.0,5.0,44100,bird,1.0
610,./kaggletest/rindov/,XC411728.ogg,24.790204081632652,0,10.0,5.0,44100,bird,1.0
611,./kaggletest/rindov/,XC411728.ogg,24.790204081632652,0,15.0,5.0,44100,bird,1.0
612,./kaggletest/rindov/,XC594126.ogg,11.36299319727891,0,0.0,5.0,44100,bird,1.0
613,./kaggletest/rindov/,XC594126.ogg,11.36299319727891,0,5.0,5.0,44100,bird,1.0
614,./kaggletest/rindov/,XC585188.ogg,10.583990929705216,0,0.0,5.0,44100,bird,1.0
615,./kaggletest/rindov/,XC585188.ogg,10.583990929705216,0,5.0,5.0,44100,bird,1.0
616,./kaggletest/rindov/,XC344997.ogg,15.098775510204081,0,0.0,5.0,44100,bird,1.0
617,./kaggletest/rindov/,XC344997.ogg,15.098775510204081,0,5.0,5.0,44100,bird,1.0
618,./kaggletest/rindov/,XC344997.ogg,15.098775510204081,0,10.0,5.0,44100,bird,1.0
619,./kaggletest/rindov/,XC680920.ogg,26.77498866213152,0,0.0,5.0,44100,bird,1.0
620,./kaggletest/rindov/,XC680920.ogg,26.77498866213152,0,5.0,5.0,44100,bird,1.0
621,./kaggletest/rindov/,XC680920.ogg,26.77498866213152,0,10.0,5.0,44100,bird,1.0
622,./kaggletest/rindov/,XC680920.ogg,26.77498866213152,0,15.0,5.0,44100,bird,1.0
623,./kaggletest/rindov/,XC680920.ogg,26.77498866213152,0,20.0,5.0,44100,bird,1.0
