,FOLDER,IN FILE,CLIP LENGTH,CHANNEL,OFFSET,DURATION,SAMPLE RATE,MANUAL ID,CONFIDENCE
0,./kaggletest/rocmar2/,XC516851.wav,5.0,0,0.0,5.0,44100,bird,1.0
1,./kaggletest/rocmar2/,XC516847.ogg,39.815986394557825,0,25.0,5.0,44100,bird,1.0
2,./kaggletest/rocmar2/,XC516847.ogg,39.815986394557825,0,30.0,5.0,44100,bird,1.0
3,./kaggletest/rocmar2/,XC383378.ogg,56.04,0,0.0,5.0,44100,bird,1.0
4,./kaggletest/rocmar2/,XC383378.ogg,56.04,0,5.0,5.0,44100,bird,1.0
5,./kaggletest/rocmar2/,XC383378.ogg,56.04,0,10.0,5.0,44100,bird,1.0
6,./kaggletest/rocmar2/,XC383378.ogg,56.04,0,20.0,5.0,44100,bird,1.0
7,./kaggletest/rocmar2/,XC383378.ogg,56.04,0,25.0,5.0,44100,bird,1.0
8,./kaggletest/rocmar2/,XC383378.ogg,56.04,0,30.0,5.0,44100,bird,1.0
9,./kaggletest/rocmar2/,XC383378.ogg,56.04,0,35.0,5.0,44100,bird,1.0
10,./kaggletest/rocmar2/,XC383378.ogg,56.04,0,40.0,5.0,44100,bird,1.0
11,./kaggletest/rocmar2/,XC383378.ogg,56.04,0,45.0,5.0,44100,bird,1.0
12,./kaggletest/rocmar2/,XC383378.ogg,56.04,0,50.0,5.0,44100,bird,1.0
13,./kaggletest/rocmar2/,XC735229.ogg,15.431995464852609,0,0.0,5.0,44100,bird,1.0
14,./kaggletest/rocmar2/,XC735229.ogg,15.431995464852609,0,5.0,5.0,44100,bird,1.0
15,./kaggletest/rocmar2/,XC735229.ogg,15.431995464852609,0,10.0,5.0,44100,bird,1.0
16,./kaggletest/rocmar2/,XC569615.ogg,301.6097732426304,0,0.0,5.0,44100,bird,1.0
17,./kaggletest/rocmar2/,XC569615.ogg,301.6097732426304,0,5.0,5.0,44100,bird,1.0
18,./kaggletest/rocmar2/,XC569615.ogg,301.6097732426304,0,15.0,5.0,44100,bird,1.0
19,./kaggletest/rocmar2/,XC569615.ogg,301.6097732426304,0,20.0,5.0,44100,bird,1.0
20,./kaggletest/rocmar2/,XC569615.ogg,301.6097732426304,0,25.0,5.0,44100,bird,1.0
21,./kaggletest/rocmar2/,XC569615.ogg,301.6097732426304,0,30.0,5.0,44100,bird,1.0
22,./kaggletest/rocmar2/,XC569615.ogg,301.6097732426304,0,35.0,5.0,44100,bird,1.0
23,./kaggletest/rocmar2/,XC569615.ogg,301.6097732426304,0,40.0,5.0,44100,bird,1.0
24,./kaggletest/rocmar2/,XC569615.ogg,301.6097732426304,0,45.0,5.0,44100,bird,1.0
25,./kaggletest/rocmar2/,XC569615.ogg,301.6097732426304,0,60.0,5.0,44100,bird,1.0
26,./kaggletest/rocmar2/,XC569615.ogg,301.6097732426304,0,65.0,5.0,44100,bird,1.0
27,./kaggletest/rocmar2/,XC569615.ogg,301.6097732426304,0,70.0,5.0,44100,bird,1.0
28,./kaggletest/rocmar2/,XC569615.ogg,301.6097732426304,0,75.0,5.0,44100,bird,1.0
29,./kaggletest/rocmar2/,XC569615.ogg,301.6097732426304,0,80.0,5.0,44100,bird,1.0
30,./kaggletest/rocmar2/,XC569615.ogg,301.6097732426304,0,85.0,5.0,44100,bird,1.0
31,./kaggletest/rocmar2/,XC569615.ogg,301.6097732426304,0,90.0,5.0,44100,bird,1.0
32,./kaggletest/rocmar2/,XC569615.ogg,301.6097732426304,0,95.0,5.0,44100,bird,1.0
33,./kaggletest/rocmar2/,XC569615.ogg,301.6097732426304,0,120.0,5.0,44100,bird,1.0
34,./kaggletest/rocmar2/,XC569615.ogg,301.6097732426304,0,125.0,5.0,44100,bird,1.0
35,./kaggletest/rocmar2/,XC569615.ogg,301.6097732426304,0,130.0,5.0,44100,bird,1.0
36,./kaggletest/rocmar2/,XC569615.ogg,301.6097732426304,0,135.0,5.0,44100,bird,1.0
37,./kaggletest/rocmar2/,XC569615.ogg,301.6097732426304,0,140.0,5.0,44100,bird,1.0
38,./kaggletest/rocmar2/,XC569615.ogg,301.6097732426304,0,145.0,5.0,44100,bird,1.0
39,./kaggletest/rocmar2/,XC569615.ogg,301.6097732426304,0,150.0,5.0,44100,bird,1.0
40,./kaggletest/rocmar2/,XC569615.ogg,301.6097732426304,0,155.0,5.0,44100,bird,1.0
41,./kaggletest/rocmar2/,XC569615.ogg,301.6097732426304,0,160.0,5.0,44100,bird,1.0
42,./kaggletest/rocmar2/,XC569615.ogg,301.6097732426304,0,165.0,5.0,44100,bird,1.0
43,./kaggletest/rocmar2/,XC569615.ogg,301.6097732426304,0,180.0,5.0,44100,bird,1.0
44,./kaggletest/rocmar2/,XC569615.ogg,301.6097732426304,0,190.0,5.0,44100,bird,1.0
45,./kaggletest/rocmar2/,XC569615.ogg,301.6097732426304,0,195.0,5.0,44100,bird,1.0
46,./kaggletest/rocmar2/,XC569615.ogg,301.6097732426304,0,220.0,5.0,44100,bird,1.0
47,./kaggletest/rocmar2/,XC569615.ogg,301.6097732426304,0,225.0,5.0,44100,bird,1.0
48,./kaggletest/rocmar2/,XC569615.ogg,301.6097732426304,0,250.0,5.0,44100,bird,1.0
49,./kaggletest/rocmar2/,XC569615.ogg,301.6097732426304,0,255.0,5.0,44100,bird,1.0
50,./kaggletest/rocmar2/,XC569615.ogg,301.6097732426304,0,260.0,5.0,44100,bird,1.0
51,./kaggletest/rocmar2/,XC569615.ogg,301.6097732426304,0,265.0,5.0,44100,bird,1.0
52,./kaggletest/rocmar2/,XC569615.ogg,301.6097732426304,0,295.0,5.0,44100,bird,1.0
53,./kaggletest/rocmar2/,XC517246.wav,5.0,0,0.0,5.0,44100,bird,1.0
54,./kaggletest/rocmar2/,XC118190.ogg,15.386122448979592,0,0.0,5.0,44100,bird,1.0
55,./kaggletest/rocmar2/,XC118190.ogg,15.386122448979592,0,5.0,5.0,44100,bird,1.0
56,./kaggletest/rocmar2/,XC118190.ogg,15.386122448979592,0,10.0,5.0,44100,bird,1.0
57,./kaggletest/rocmar2/,XC517251.ogg,22.055986394557824,0,0.0,5.0,44100,bird,1.0
58,./kaggletest/rocmar2/,XC517251.ogg,22.055986394557824,0,5.0,5.0,44100,bird,1.0
59,./kaggletest/rocmar2/,XC517251.ogg,22.055986394557824,0,10.0,5.0,44100,bird,1.0
60,./kaggletest/rocmar2/,XC517251.ogg,22.055986394557824,0,15.0,5.0,44100,bird,1.0
61,./kaggletest/rocmar2/,XC569608.ogg,19.565714285714286,0,0.0,5.0,44100,bird,1.0
62,./kaggletest/rocmar2/,XC569608.ogg,19.565714285714286,0,5.0,5.0,44100,bird,1.0
63,./kaggletest/rocmar2/,XC569580.ogg,17.08408163265306,0,0.0,5.0,44100,bird,1.0
64,./kaggletest/rocmar2/,XC569580.ogg,17.08408163265306,0,5.0,5.0,44100,bird,1.0
65,./kaggletest/rocmar2/,XC569580.ogg,17.08408163265306,0,10.0,5.0,44100,bird,1.0
66,./kaggletest/rocmar2/,XC516839.wav,5.0,0,0.0,5.0,44100,bird,1.0
67,./kaggletest/rocmar2/,XC118188.ogg,53.342018140589566,0,0.0,5.0,44100,bird,1.0
68,./kaggletest/rocmar2/,XC118188.ogg,53.342018140589566,0,5.0,5.0,44100,bird,1.0
69,./kaggletest/rocmar2/,XC118188.ogg,53.342018140589566,0,10.0,5.0,44100,bird,1.0
70,./kaggletest/rocmar2/,XC118188.ogg,53.342018140589566,0,15.0,5.0,44100,bird,1.0
71,./kaggletest/rocmar2/,XC118188.ogg,53.342018140589566,0,20.0,5.0,44100,bird,1.0
72,./kaggletest/rocmar2/,XC118188.ogg,53.342018140589566,0,25.0,5.0,44100,bird,1.0
73,./kaggletest/rocmar2/,XC118188.ogg,53.342018140589566,0,30.0,5.0,44100,bird,1.0
74,./kaggletest/rocmar2/,XC118188.ogg,53.342018140589566,0,35.0,5.0,44100,bird,1.0
75,./kaggletest/rocmar2/,XC118188.ogg,53.342018140589566,0,40.0,5.0,44100,bird,1.0
76,./kaggletest/rocmar2/,XC118188.ogg,53.342018140589566,0,45.0,5.0,44100,bird,1.0
77,./kaggletest/rocmar2/,XC569590.ogg,25.57385487528345,0,0.0,5.0,44100,bird,1.0
78,./kaggletest/rocmar2/,XC569590.ogg,25.57385487528345,0,10.0,5.0,44100,bird,1.0
79,./kaggletest/rocmar2/,XC569590.ogg,25.57385487528345,0,15.0,5.0,44100,bird,1.0
80,./kaggletest/rocmar2/,XC569590.ogg,25.57385487528345,0,20.0,5.0,44100,bird,1.0
81,./kaggletest/rocmar2/,XC387149.ogg,16.151995464852607,0,0.0,5.0,44100,bird,1.0
82,./kaggletest/rocmar2/,XC387149.ogg,16.151995464852607,0,5.0,5.0,44100,bird,1.0
83,./kaggletest/rocmar2/,XC387149.ogg,16.151995464852607,0,10.0,5.0,44100,bird,1.0
84,./kaggletest/rocmar2/,XC569585.ogg,104.07183673469387,0,5.0,5.0,44100,bird,1.0
85,./kaggletest/rocmar2/,XC569585.ogg,104.07183673469387,0,10.0,5.0,44100,bird,1.0
86,./kaggletest/rocmar2/,XC569585.ogg,104.07183673469387,0,25.0,5.0,44100,bird,1.0
87,./kaggletest/rocmar2/,XC569585.ogg,104.07183673469387,0,30.0,5.0,44100,bird,1.0
88,./kaggletest/rocmar2/,XC569585.ogg,104.07183673469387,0,35.0,5.0,44100,bird,1.0
89,./kaggletest/rocmar2/,XC569585.ogg,104.07183673469387,0,40.0,5.0,44100,bird,1.0
90,./kaggletest/rocmar2/,XC569585.ogg,104.07183673469387,0,50.0,5.0,44100,bird,1.0
91,./kaggletest/rocmar2/,XC569585.ogg,104.07183673469387,0,60.0,5.0,44100,bird,1.0
92,./kaggletest/rocmar2/,XC569585.ogg,104.07183673469387,0,65.0,5.0,44100,bird,1.0
93,./kaggletest/rocmar2/,XC569585.ogg,104.07183673469387,0,70.0,5.0,44100,bird,1.0
94,./kaggletest/rocmar2/,XC569585.ogg,104.07183673469387,0,75.0,5.0,44100,bird,1.0
95,./kaggletest/rocmar2/,XC569585.ogg,104.07183673469387,0,80.0,5.0,44100,bird,1.0
96,./kaggletest/rocmar2/,XC569585.ogg,104.07183673469387,0,85.0,5.0,44100,bird,1.0
97,./kaggletest/rocmar2/,XC569585.ogg,104.07183673469387,0,95.0,5.0,44100,bird,1.0
98,./kaggletest/rocmar2/,XC517363.ogg,33.55199546485261,0,0.0,5.0,44100,bird,1.0
99,./kaggletest/rocmar2/,XC517363.ogg,33.55199546485261,0,10.0,5.0,44100,bird,1.0
100,./kaggletest/rocmar2/,XC517363.ogg,33.55199546485261,0,15.0,5.0,44100,bird,1.0
101,./kaggletest/rocmar2/,XC517363.ogg,33.55199546485261,0,20.0,5.0,44100,bird,1.0
102,./kaggletest/rocmar2/,XC517363.ogg,33.55199546485261,0,25.0,5.0,44100,bird,1.0
103,./kaggletest/rocmar2/,XC383375.ogg,35.80798185941043,0,0.0,5.0,44100,bird,1.0
104,./kaggletest/rocmar2/,XC383375.ogg,35.80798185941043,0,5.0,5.0,44100,bird,1.0
105,./kaggletest/rocmar2/,XC383375.ogg,35.80798185941043,0,10.0,5.0,44100,bird,1.0
106,./kaggletest/rocmar2/,XC383375.ogg,35.80798185941043,0,15.0,5.0,44100,bird,1.0
107,./kaggletest/rocmar2/,XC383375.ogg,35.80798185941043,0,20.0,5.0,44100,bird,1.0
108,./kaggletest/rocmar2/,XC383375.ogg,35.80798185941043,0,25.0,5.0,44100,bird,1.0
109,./kaggletest/rocmar2/,XC383375.ogg,35.80798185941043,0,30.0,5.0,44100,bird,1.0
110,./kaggletest/rocmar2/,XC517361.ogg,32.06399092970521,0,0.0,5.0,44100,bird,1.0
111,./kaggletest/rocmar2/,XC517361.ogg,32.06399092970521,0,5.0,5.0,44100,bird,1.0
112,./kaggletest/rocmar2/,XC517361.ogg,32.06399092970521,0,10.0,5.0,44100,bird,1.0
113,./kaggletest/rocmar2/,XC517361.ogg,32.06399092970521,0,15.0,5.0,44100,bird,1.0
114,./kaggletest/rocmar2/,XC517361.ogg,32.06399092970521,0,20.0,5.0,44100,bird,1.0
115,./kaggletest/rocmar2/,XC517361.ogg,32.06399092970521,0,25.0,5.0,44100,bird,1.0
116,./kaggletest/rocmar2/,XC322625.ogg,66.4319954648526,0,0.0,5.0,44100,bird,1.0
117,./kaggletest/rocmar2/,XC322625.ogg,66.4319954648526,0,5.0,5.0,44100,bird,1.0
118,./kaggletest/rocmar2/,XC322625.ogg,66.4319954648526,0,10.0,5.0,44100,bird,1.0
119,./kaggletest/rocmar2/,XC322625.ogg,66.4319954648526,0,15.0,5.0,44100,bird,1.0
120,./kaggletest/rocmar2/,XC322625.ogg,66.4319954648526,0,20.0,5.0,44100,bird,1.0
121,./kaggletest/rocmar2/,XC322625.ogg,66.4319954648526,0,25.0,5.0,44100,bird,1.0
122,./kaggletest/rocmar2/,XC322625.ogg,66.4319954648526,0,30.0,5.0,44100,bird,1.0
123,./kaggletest/rocmar2/,XC322625.ogg,66.4319954648526,0,35.0,5.0,44100,bird,1.0
124,./kaggletest/rocmar2/,XC322625.ogg,66.4319954648526,0,40.0,5.0,44100,bird,1.0
125,./kaggletest/rocmar2/,XC322625.ogg,66.4319954648526,0,45.0,5.0,44100,bird,1.0
126,./kaggletest/rocmar2/,XC322625.ogg,66.4319954648526,0,50.0,5.0,44100,bird,1.0
127,./kaggletest/rocmar2/,XC322625.ogg,66.4319954648526,0,55.0,5.0,44100,bird,1.0
128,./kaggletest/rocmar2/,XC322625.ogg,66.4319954648526,0,60.0,5.0,44100,bird,1.0
129,./kaggletest/rocmar2/,XC322622.ogg,50.28,0,0.0,5.0,44100,bird,1.0
130,./kaggletest/rocmar2/,XC322622.ogg,50.28,0,5.0,5.0,44100,bird,1.0
131,./kaggletest/rocmar2/,XC322622.ogg,50.28,0,10.0,5.0,44100,bird,1.0
132,./kaggletest/rocmar2/,XC322622.ogg,50.28,0,15.0,5.0,44100,bird,1.0
133,./kaggletest/rocmar2/,XC322622.ogg,50.28,0,20.0,5.0,44100,bird,1.0
134,./kaggletest/rocmar2/,XC322622.ogg,50.28,0,25.0,5.0,44100,bird,1.0
135,./kaggletest/rocmar2/,XC322622.ogg,50.28,0,30.0,5.0,44100,bird,1.0
136,./kaggletest/rocmar2/,XC322622.ogg,50.28,0,35.0,5.0,44100,bird,1.0
137,./kaggletest/rocmar2/,XC322622.ogg,50.28,0,40.0,5.0,44100,bird,1.0
138,./kaggletest/rocmar2/,XC322622.ogg,50.28,0,45.0,5.0,44100,bird,1.0
139,./kaggletest/rocmar2/,XC517362.wav,5.0,0,0.0,5.0,44100,bird,1.0
