,FOLDER,IN FILE,CLIP LENGTH,CHANNEL,OFFSET,DURATION,SAMPLE RATE,MANUAL ID,CONFIDENCE
0,./kaggletest/rostur1/,XC289532.ogg,46.158367346938775,0,10.0,5.0,44100,bird,1.0
1,./kaggletest/rostur1/,XC289532.ogg,46.158367346938775,0,15.0,5.0,44100,bird,1.0
2,./kaggletest/rostur1/,XC289532.ogg,46.158367346938775,0,20.0,5.0,44100,bird,1.0
3,./kaggletest/rostur1/,XC289532.ogg,46.158367346938775,0,35.0,5.0,44100,bird,1.0
4,./kaggletest/rostur1/,XC289532.ogg,46.158367346938775,0,40.0,5.0,44100,bird,1.0
5,./kaggletest/rostur1/,XC289531.ogg,9.064489795918368,0,0.0,5.0,44100,bird,1.0
6,./kaggletest/rostur1/,XC537043.ogg,10.840793650793652,0,0.0,5.0,44100,bird,1.0
7,./kaggletest/rostur1/,XC537043.ogg,10.840793650793652,0,5.0,5.0,44100,bird,1.0
8,./kaggletest/rostur1/,XC282066.ogg,5.041609977324263,0,0.0,5.0,44100,bird,1.0
9,./kaggletest/rostur1/,XC417117.ogg,17.16199546485261,0,0.0,5.0,44100,bird,1.0
10,./kaggletest/rostur1/,XC417117.ogg,17.16199546485261,0,5.0,5.0,44100,bird,1.0
11,./kaggletest/rostur1/,XC417117.ogg,17.16199546485261,0,10.0,5.0,44100,bird,1.0
12,./kaggletest/rostur1/,XC401762.ogg,16.82199546485261,0,0.0,5.0,44100,bird,1.0
13,./kaggletest/rostur1/,XC401762.ogg,16.82199546485261,0,5.0,5.0,44100,bird,1.0
14,./kaggletest/rostur1/,XC401762.ogg,16.82199546485261,0,10.0,5.0,44100,bird,1.0
15,./kaggletest/rostur1/,XC397201.ogg,24.842426303854875,0,0.0,5.0,44100,bird,1.0
16,./kaggletest/rostur1/,XC397201.ogg,24.842426303854875,0,5.0,5.0,44100,bird,1.0
17,./kaggletest/rostur1/,XC397201.ogg,24.842426303854875,0,10.0,5.0,44100,bird,1.0
18,./kaggletest/rostur1/,XC397201.ogg,24.842426303854875,0,15.0,5.0,44100,bird,1.0
19,./kaggletest/rostur1/,XC396133.ogg,14.94201814058957,0,0.0,5.0,44100,bird,1.0
20,./kaggletest/rostur1/,XC396133.ogg,14.94201814058957,0,5.0,5.0,44100,bird,1.0
21,./kaggletest/rostur1/,XC365419.ogg,21.603242630385488,0,0.0,5.0,44100,bird,1.0
22,./kaggletest/rostur1/,XC365419.ogg,21.603242630385488,0,5.0,5.0,44100,bird,1.0
23,./kaggletest/rostur1/,XC365419.ogg,21.603242630385488,0,10.0,5.0,44100,bird,1.0
24,./kaggletest/rostur1/,XC365419.ogg,21.603242630385488,0,15.0,5.0,44100,bird,1.0
