,FOLDER,IN FILE,CLIP LENGTH,CHANNEL,OFFSET,DURATION,SAMPLE RATE,MANUAL ID,CONFIDENCE
0,./kaggletest/ruegls1/,XC608033.ogg,55.71918367346939,0,0.0,5.0,44100,bird,1.0
1,./kaggletest/ruegls1/,XC608033.ogg,55.71918367346939,0,5.0,5.0,44100,bird,1.0
2,./kaggletest/ruegls1/,XC608033.ogg,55.71918367346939,0,10.0,5.0,44100,bird,1.0
3,./kaggletest/ruegls1/,XC608033.ogg,55.71918367346939,0,15.0,5.0,44100,bird,1.0
4,./kaggletest/ruegls1/,XC608033.ogg,55.71918367346939,0,20.0,5.0,44100,bird,1.0
5,./kaggletest/ruegls1/,XC608033.ogg,55.71918367346939,0,25.0,5.0,44100,bird,1.0
6,./kaggletest/ruegls1/,XC608033.ogg,55.71918367346939,0,30.0,5.0,44100,bird,1.0
7,./kaggletest/ruegls1/,XC608033.ogg,55.71918367346939,0,35.0,5.0,44100,bird,1.0
8,./kaggletest/ruegls1/,XC608033.ogg,55.71918367346939,0,40.0,5.0,44100,bird,1.0
9,./kaggletest/ruegls1/,XC608033.ogg,55.71918367346939,0,45.0,5.0,44100,bird,1.0
10,./kaggletest/ruegls1/,XC608033.ogg,55.71918367346939,0,50.0,5.0,44100,bird,1.0
11,./kaggletest/ruegls1/,XC616594.ogg,84.3229931972789,0,0.0,5.0,44100,bird,1.0
12,./kaggletest/ruegls1/,XC616594.ogg,84.3229931972789,0,5.0,5.0,44100,bird,1.0
13,./kaggletest/ruegls1/,XC616594.ogg,84.3229931972789,0,10.0,5.0,44100,bird,1.0
14,./kaggletest/ruegls1/,XC616594.ogg,84.3229931972789,0,15.0,5.0,44100,bird,1.0
15,./kaggletest/ruegls1/,XC616594.ogg,84.3229931972789,0,20.0,5.0,44100,bird,1.0
16,./kaggletest/ruegls1/,XC616594.ogg,84.3229931972789,0,25.0,5.0,44100,bird,1.0
17,./kaggletest/ruegls1/,XC616594.ogg,84.3229931972789,0,40.0,5.0,44100,bird,1.0
18,./kaggletest/ruegls1/,XC616594.ogg,84.3229931972789,0,45.0,5.0,44100,bird,1.0
19,./kaggletest/ruegls1/,XC616594.ogg,84.3229931972789,0,50.0,5.0,44100,bird,1.0
20,./kaggletest/ruegls1/,XC616594.ogg,84.3229931972789,0,55.0,5.0,44100,bird,1.0
21,./kaggletest/ruegls1/,XC616594.ogg,84.3229931972789,0,60.0,5.0,44100,bird,1.0
22,./kaggletest/ruegls1/,XC616594.ogg,84.3229931972789,0,65.0,5.0,44100,bird,1.0
23,./kaggletest/ruegls1/,XC616594.ogg,84.3229931972789,0,70.0,5.0,44100,bird,1.0
24,./kaggletest/ruegls1/,XC444915.ogg,6.347732426303855,0,0.0,5.0,44100,bird,1.0
25,./kaggletest/ruegls1/,XC410588.ogg,11.049773242630385,0,0.0,5.0,44100,bird,1.0
26,./kaggletest/ruegls1/,XC410588.ogg,11.049773242630385,0,5.0,5.0,44100,bird,1.0
27,./kaggletest/ruegls1/,XC364252.ogg,28.238367346938777,0,0.0,5.0,44100,bird,1.0
28,./kaggletest/ruegls1/,XC364252.ogg,28.238367346938777,0,5.0,5.0,44100,bird,1.0
29,./kaggletest/ruegls1/,XC364252.ogg,28.238367346938777,0,10.0,5.0,44100,bird,1.0
30,./kaggletest/ruegls1/,XC364252.ogg,28.238367346938777,0,15.0,5.0,44100,bird,1.0
31,./kaggletest/ruegls1/,XC364252.ogg,28.238367346938777,0,20.0,5.0,44100,bird,1.0
32,./kaggletest/ruegls1/,XC285544.ogg,5.198367346938776,0,0.0,5.0,44100,bird,1.0
33,./kaggletest/ruegls1/,XC252342.ogg,34.29877551020408,0,0.0,5.0,44100,bird,1.0
34,./kaggletest/ruegls1/,XC252342.ogg,34.29877551020408,0,5.0,5.0,44100,bird,1.0
35,./kaggletest/ruegls1/,XC252342.ogg,34.29877551020408,0,10.0,5.0,44100,bird,1.0
36,./kaggletest/ruegls1/,XC252342.ogg,34.29877551020408,0,15.0,5.0,44100,bird,1.0
37,./kaggletest/ruegls1/,XC252342.ogg,34.29877551020408,0,20.0,5.0,44100,bird,1.0
38,./kaggletest/ruegls1/,XC252342.ogg,34.29877551020408,0,25.0,5.0,44100,bird,1.0
39,./kaggletest/ruegls1/,XC131661.ogg,29.85795918367347,0,0.0,5.0,44100,bird,1.0
40,./kaggletest/ruegls1/,XC131661.ogg,29.85795918367347,0,10.0,5.0,44100,bird,1.0
41,./kaggletest/ruegls1/,XC131661.ogg,29.85795918367347,0,15.0,5.0,44100,bird,1.0
42,./kaggletest/ruegls1/,XC138679.ogg,32.73142857142857,0,5.0,5.0,44100,bird,1.0
43,./kaggletest/ruegls1/,XC138679.ogg,32.73142857142857,0,10.0,5.0,44100,bird,1.0
44,./kaggletest/ruegls1/,XC138679.ogg,32.73142857142857,0,15.0,5.0,44100,bird,1.0
45,./kaggletest/ruegls1/,XC138679.ogg,32.73142857142857,0,20.0,5.0,44100,bird,1.0
46,./kaggletest/ruegls1/,XC138679.ogg,32.73142857142857,0,25.0,5.0,44100,bird,1.0
47,./kaggletest/ruegls1/,XC131311.ogg,42.13548752834467,0,0.0,5.0,44100,bird,1.0
48,./kaggletest/ruegls1/,XC131311.ogg,42.13548752834467,0,10.0,5.0,44100,bird,1.0
49,./kaggletest/ruegls1/,XC131311.ogg,42.13548752834467,0,25.0,5.0,44100,bird,1.0
50,./kaggletest/ruegls1/,XC131311.ogg,42.13548752834467,0,30.0,5.0,44100,bird,1.0
51,./kaggletest/ruegls1/,XC131311.ogg,42.13548752834467,0,35.0,5.0,44100,bird,1.0
52,./kaggletest/ruegls1/,XC138678.ogg,13.244081632653062,0,0.0,5.0,44100,bird,1.0
53,./kaggletest/ruegls1/,XC138678.ogg,13.244081632653062,0,5.0,5.0,44100,bird,1.0
54,./kaggletest/ruegls1/,XC748259.ogg,124.05598639455782,0,0.0,5.0,44100,bird,1.0
55,./kaggletest/ruegls1/,XC748259.ogg,124.05598639455782,0,5.0,5.0,44100,bird,1.0
56,./kaggletest/ruegls1/,XC748259.ogg,124.05598639455782,0,10.0,5.0,44100,bird,1.0
57,./kaggletest/ruegls1/,XC748259.ogg,124.05598639455782,0,15.0,5.0,44100,bird,1.0
58,./kaggletest/ruegls1/,XC748259.ogg,124.05598639455782,0,20.0,5.0,44100,bird,1.0
59,./kaggletest/ruegls1/,XC748259.ogg,124.05598639455782,0,25.0,5.0,44100,bird,1.0
60,./kaggletest/ruegls1/,XC748259.ogg,124.05598639455782,0,30.0,5.0,44100,bird,1.0
61,./kaggletest/ruegls1/,XC748259.ogg,124.05598639455782,0,35.0,5.0,44100,bird,1.0
62,./kaggletest/ruegls1/,XC748259.ogg,124.05598639455782,0,40.0,5.0,44100,bird,1.0
63,./kaggletest/ruegls1/,XC748259.ogg,124.05598639455782,0,45.0,5.0,44100,bird,1.0
64,./kaggletest/ruegls1/,XC748259.ogg,124.05598639455782,0,50.0,5.0,44100,bird,1.0
65,./kaggletest/ruegls1/,XC748259.ogg,124.05598639455782,0,55.0,5.0,44100,bird,1.0
66,./kaggletest/ruegls1/,XC748259.ogg,124.05598639455782,0,60.0,5.0,44100,bird,1.0
67,./kaggletest/ruegls1/,XC748259.ogg,124.05598639455782,0,65.0,5.0,44100,bird,1.0
68,./kaggletest/ruegls1/,XC748259.ogg,124.05598639455782,0,75.0,5.0,44100,bird,1.0
69,./kaggletest/ruegls1/,XC748259.ogg,124.05598639455782,0,80.0,5.0,44100,bird,1.0
70,./kaggletest/ruegls1/,XC748259.ogg,124.05598639455782,0,85.0,5.0,44100,bird,1.0
71,./kaggletest/ruegls1/,XC748259.ogg,124.05598639455782,0,90.0,5.0,44100,bird,1.0
72,./kaggletest/ruegls1/,XC748259.ogg,124.05598639455782,0,95.0,5.0,44100,bird,1.0
73,./kaggletest/ruegls1/,XC748259.ogg,124.05598639455782,0,100.0,5.0,44100,bird,1.0
74,./kaggletest/ruegls1/,XC748259.ogg,124.05598639455782,0,105.0,5.0,44100,bird,1.0
75,./kaggletest/ruegls1/,XC748259.ogg,124.05598639455782,0,110.0,5.0,44100,bird,1.0
76,./kaggletest/ruegls1/,XC748259.ogg,124.05598639455782,0,115.0,5.0,44100,bird,1.0
77,./kaggletest/ruegls1/,XC701339.ogg,298.68408163265303,0,0.0,5.0,44100,bird,1.0
78,./kaggletest/ruegls1/,XC701339.ogg,298.68408163265303,0,10.0,5.0,44100,bird,1.0
79,./kaggletest/ruegls1/,XC701339.ogg,298.68408163265303,0,15.0,5.0,44100,bird,1.0
80,./kaggletest/ruegls1/,XC701339.ogg,298.68408163265303,0,20.0,5.0,44100,bird,1.0
81,./kaggletest/ruegls1/,XC701339.ogg,298.68408163265303,0,25.0,5.0,44100,bird,1.0
82,./kaggletest/ruegls1/,XC701339.ogg,298.68408163265303,0,30.0,5.0,44100,bird,1.0
83,./kaggletest/ruegls1/,XC701339.ogg,298.68408163265303,0,35.0,5.0,44100,bird,1.0
84,./kaggletest/ruegls1/,XC701339.ogg,298.68408163265303,0,40.0,5.0,44100,bird,1.0
85,./kaggletest/ruegls1/,XC701339.ogg,298.68408163265303,0,45.0,5.0,44100,bird,1.0
86,./kaggletest/ruegls1/,XC701339.ogg,298.68408163265303,0,60.0,5.0,44100,bird,1.0
87,./kaggletest/ruegls1/,XC701339.ogg,298.68408163265303,0,65.0,5.0,44100,bird,1.0
88,./kaggletest/ruegls1/,XC701339.ogg,298.68408163265303,0,70.0,5.0,44100,bird,1.0
89,./kaggletest/ruegls1/,XC701339.ogg,298.68408163265303,0,75.0,5.0,44100,bird,1.0
90,./kaggletest/ruegls1/,XC701339.ogg,298.68408163265303,0,80.0,5.0,44100,bird,1.0
91,./kaggletest/ruegls1/,XC701339.ogg,298.68408163265303,0,85.0,5.0,44100,bird,1.0
92,./kaggletest/ruegls1/,XC701339.ogg,298.68408163265303,0,90.0,5.0,44100,bird,1.0
93,./kaggletest/ruegls1/,XC701339.ogg,298.68408163265303,0,95.0,5.0,44100,bird,1.0
94,./kaggletest/ruegls1/,XC701339.ogg,298.68408163265303,0,100.0,5.0,44100,bird,1.0
95,./kaggletest/ruegls1/,XC701339.ogg,298.68408163265303,0,105.0,5.0,44100,bird,1.0
96,./kaggletest/ruegls1/,XC701339.ogg,298.68408163265303,0,115.0,5.0,44100,bird,1.0
97,./kaggletest/ruegls1/,XC701339.ogg,298.68408163265303,0,120.0,5.0,44100,bird,1.0
98,./kaggletest/ruegls1/,XC701339.ogg,298.68408163265303,0,125.0,5.0,44100,bird,1.0
99,./kaggletest/ruegls1/,XC701339.ogg,298.68408163265303,0,135.0,5.0,44100,bird,1.0
100,./kaggletest/ruegls1/,XC701339.ogg,298.68408163265303,0,140.0,5.0,44100,bird,1.0
101,./kaggletest/ruegls1/,XC701339.ogg,298.68408163265303,0,145.0,5.0,44100,bird,1.0
102,./kaggletest/ruegls1/,XC701339.ogg,298.68408163265303,0,155.0,5.0,44100,bird,1.0
103,./kaggletest/ruegls1/,XC701339.ogg,298.68408163265303,0,160.0,5.0,44100,bird,1.0
104,./kaggletest/ruegls1/,XC701339.ogg,298.68408163265303,0,165.0,5.0,44100,bird,1.0
105,./kaggletest/ruegls1/,XC701339.ogg,298.68408163265303,0,170.0,5.0,44100,bird,1.0
106,./kaggletest/ruegls1/,XC701339.ogg,298.68408163265303,0,190.0,5.0,44100,bird,1.0
107,./kaggletest/ruegls1/,XC701339.ogg,298.68408163265303,0,195.0,5.0,44100,bird,1.0
108,./kaggletest/ruegls1/,XC701339.ogg,298.68408163265303,0,205.0,5.0,44100,bird,1.0
109,./kaggletest/ruegls1/,XC701339.ogg,298.68408163265303,0,210.0,5.0,44100,bird,1.0
110,./kaggletest/ruegls1/,XC701339.ogg,298.68408163265303,0,215.0,5.0,44100,bird,1.0
111,./kaggletest/ruegls1/,XC701339.ogg,298.68408163265303,0,230.0,5.0,44100,bird,1.0
112,./kaggletest/ruegls1/,XC701339.ogg,298.68408163265303,0,235.0,5.0,44100,bird,1.0
113,./kaggletest/ruegls1/,XC701339.ogg,298.68408163265303,0,240.0,5.0,44100,bird,1.0
114,./kaggletest/ruegls1/,XC701339.ogg,298.68408163265303,0,250.0,5.0,44100,bird,1.0
115,./kaggletest/ruegls1/,XC701339.ogg,298.68408163265303,0,255.0,5.0,44100,bird,1.0
116,./kaggletest/ruegls1/,XC701339.ogg,298.68408163265303,0,260.0,5.0,44100,bird,1.0
117,./kaggletest/ruegls1/,XC701339.ogg,298.68408163265303,0,265.0,5.0,44100,bird,1.0
118,./kaggletest/ruegls1/,XC701339.ogg,298.68408163265303,0,275.0,5.0,44100,bird,1.0
119,./kaggletest/ruegls1/,XC701339.ogg,298.68408163265303,0,280.0,5.0,44100,bird,1.0
120,./kaggletest/ruegls1/,XC701339.ogg,298.68408163265303,0,285.0,5.0,44100,bird,1.0
121,./kaggletest/ruegls1/,XC701339.ogg,298.68408163265303,0,290.0,5.0,44100,bird,1.0
122,./kaggletest/ruegls1/,XC748260.ogg,23.183990929705214,0,0.0,5.0,44100,bird,1.0
123,./kaggletest/ruegls1/,XC748260.ogg,23.183990929705214,0,5.0,5.0,44100,bird,1.0
124,./kaggletest/ruegls1/,XC748260.ogg,23.183990929705214,0,10.0,5.0,44100,bird,1.0
125,./kaggletest/ruegls1/,XC748260.ogg,23.183990929705214,0,15.0,5.0,44100,bird,1.0
126,./kaggletest/ruegls1/,XC444351.ogg,7.418775510204082,0,0.0,5.0,44100,bird,1.0
127,./kaggletest/ruegls1/,XC282020.ogg,95.0595918367347,0,0.0,5.0,44100,bird,1.0
128,./kaggletest/ruegls1/,XC282020.ogg,95.0595918367347,0,5.0,5.0,44100,bird,1.0
129,./kaggletest/ruegls1/,XC282020.ogg,95.0595918367347,0,10.0,5.0,44100,bird,1.0
130,./kaggletest/ruegls1/,XC282020.ogg,95.0595918367347,0,15.0,5.0,44100,bird,1.0
131,./kaggletest/ruegls1/,XC282020.ogg,95.0595918367347,0,20.0,5.0,44100,bird,1.0
132,./kaggletest/ruegls1/,XC282020.ogg,95.0595918367347,0,25.0,5.0,44100,bird,1.0
133,./kaggletest/ruegls1/,XC282020.ogg,95.0595918367347,0,30.0,5.0,44100,bird,1.0
134,./kaggletest/ruegls1/,XC282020.ogg,95.0595918367347,0,35.0,5.0,44100,bird,1.0
135,./kaggletest/ruegls1/,XC282020.ogg,95.0595918367347,0,40.0,5.0,44100,bird,1.0
136,./kaggletest/ruegls1/,XC282020.ogg,95.0595918367347,0,45.0,5.0,44100,bird,1.0
137,./kaggletest/ruegls1/,XC282020.ogg,95.0595918367347,0,50.0,5.0,44100,bird,1.0
138,./kaggletest/ruegls1/,XC282020.ogg,95.0595918367347,0,55.0,5.0,44100,bird,1.0
139,./kaggletest/ruegls1/,XC282020.ogg,95.0595918367347,0,60.0,5.0,44100,bird,1.0
140,./kaggletest/ruegls1/,XC282020.ogg,95.0595918367347,0,65.0,5.0,44100,bird,1.0
141,./kaggletest/ruegls1/,XC282020.ogg,95.0595918367347,0,70.0,5.0,44100,bird,1.0
142,./kaggletest/ruegls1/,XC282020.ogg,95.0595918367347,0,75.0,5.0,44100,bird,1.0
143,./kaggletest/ruegls1/,XC282020.ogg,95.0595918367347,0,80.0,5.0,44100,bird,1.0
144,./kaggletest/ruegls1/,XC282020.ogg,95.0595918367347,0,85.0,5.0,44100,bird,1.0
145,./kaggletest/ruegls1/,XC294696.ogg,41.22120181405896,0,0.0,5.0,44100,bird,1.0
146,./kaggletest/ruegls1/,XC294696.ogg,41.22120181405896,0,5.0,5.0,44100,bird,1.0
147,./kaggletest/ruegls1/,XC294696.ogg,41.22120181405896,0,10.0,5.0,44100,bird,1.0
148,./kaggletest/ruegls1/,XC294696.ogg,41.22120181405896,0,15.0,5.0,44100,bird,1.0
149,./kaggletest/ruegls1/,XC294696.ogg,41.22120181405896,0,20.0,5.0,44100,bird,1.0
150,./kaggletest/ruegls1/,XC294696.ogg,41.22120181405896,0,25.0,5.0,44100,bird,1.0
151,./kaggletest/ruegls1/,XC294696.ogg,41.22120181405896,0,30.0,5.0,44100,bird,1.0
152,./kaggletest/ruegls1/,XC294696.ogg,41.22120181405896,0,35.0,5.0,44100,bird,1.0
153,./kaggletest/ruegls1/,XC701668.ogg,124.70854875283446,0,0.0,5.0,44100,bird,1.0
154,./kaggletest/ruegls1/,XC701668.ogg,124.70854875283446,0,5.0,5.0,44100,bird,1.0
155,./kaggletest/ruegls1/,XC701668.ogg,124.70854875283446,0,10.0,5.0,44100,bird,1.0
156,./kaggletest/ruegls1/,XC701668.ogg,124.70854875283446,0,15.0,5.0,44100,bird,1.0
157,./kaggletest/ruegls1/,XC701668.ogg,124.70854875283446,0,20.0,5.0,44100,bird,1.0
158,./kaggletest/ruegls1/,XC701668.ogg,124.70854875283446,0,25.0,5.0,44100,bird,1.0
159,./kaggletest/ruegls1/,XC701668.ogg,124.70854875283446,0,30.0,5.0,44100,bird,1.0
160,./kaggletest/ruegls1/,XC701668.ogg,124.70854875283446,0,35.0,5.0,44100,bird,1.0
161,./kaggletest/ruegls1/,XC701668.ogg,124.70854875283446,0,40.0,5.0,44100,bird,1.0
162,./kaggletest/ruegls1/,XC701668.ogg,124.70854875283446,0,45.0,5.0,44100,bird,1.0
163,./kaggletest/ruegls1/,XC701668.ogg,124.70854875283446,0,50.0,5.0,44100,bird,1.0
164,./kaggletest/ruegls1/,XC701668.ogg,124.70854875283446,0,55.0,5.0,44100,bird,1.0
165,./kaggletest/ruegls1/,XC701668.ogg,124.70854875283446,0,60.0,5.0,44100,bird,1.0
166,./kaggletest/ruegls1/,XC701668.ogg,124.70854875283446,0,65.0,5.0,44100,bird,1.0
167,./kaggletest/ruegls1/,XC701668.ogg,124.70854875283446,0,70.0,5.0,44100,bird,1.0
168,./kaggletest/ruegls1/,XC701668.ogg,124.70854875283446,0,75.0,5.0,44100,bird,1.0
169,./kaggletest/ruegls1/,XC701668.ogg,124.70854875283446,0,80.0,5.0,44100,bird,1.0
170,./kaggletest/ruegls1/,XC701668.ogg,124.70854875283446,0,85.0,5.0,44100,bird,1.0
171,./kaggletest/ruegls1/,XC701668.ogg,124.70854875283446,0,90.0,5.0,44100,bird,1.0
172,./kaggletest/ruegls1/,XC701668.ogg,124.70854875283446,0,95.0,5.0,44100,bird,1.0
173,./kaggletest/ruegls1/,XC701668.ogg,124.70854875283446,0,100.0,5.0,44100,bird,1.0
174,./kaggletest/ruegls1/,XC701668.ogg,124.70854875283446,0,105.0,5.0,44100,bird,1.0
175,./kaggletest/ruegls1/,XC701668.ogg,124.70854875283446,0,110.0,5.0,44100,bird,1.0
176,./kaggletest/ruegls1/,XC701668.ogg,124.70854875283446,0,115.0,5.0,44100,bird,1.0
177,./kaggletest/ruegls1/,XC701859.ogg,231.60160997732427,0,0.0,5.0,44100,bird,1.0
178,./kaggletest/ruegls1/,XC701859.ogg,231.60160997732427,0,5.0,5.0,44100,bird,1.0
179,./kaggletest/ruegls1/,XC701859.ogg,231.60160997732427,0,10.0,5.0,44100,bird,1.0
180,./kaggletest/ruegls1/,XC701859.ogg,231.60160997732427,0,15.0,5.0,44100,bird,1.0
181,./kaggletest/ruegls1/,XC701859.ogg,231.60160997732427,0,30.0,5.0,44100,bird,1.0
182,./kaggletest/ruegls1/,XC701859.ogg,231.60160997732427,0,35.0,5.0,44100,bird,1.0
183,./kaggletest/ruegls1/,XC701859.ogg,231.60160997732427,0,40.0,5.0,44100,bird,1.0
184,./kaggletest/ruegls1/,XC701859.ogg,231.60160997732427,0,45.0,5.0,44100,bird,1.0
185,./kaggletest/ruegls1/,XC701859.ogg,231.60160997732427,0,50.0,5.0,44100,bird,1.0
186,./kaggletest/ruegls1/,XC701859.ogg,231.60160997732427,0,55.0,5.0,44100,bird,1.0
187,./kaggletest/ruegls1/,XC701859.ogg,231.60160997732427,0,60.0,5.0,44100,bird,1.0
188,./kaggletest/ruegls1/,XC701859.ogg,231.60160997732427,0,65.0,5.0,44100,bird,1.0
189,./kaggletest/ruegls1/,XC701859.ogg,231.60160997732427,0,70.0,5.0,44100,bird,1.0
190,./kaggletest/ruegls1/,XC701859.ogg,231.60160997732427,0,85.0,5.0,44100,bird,1.0
191,./kaggletest/ruegls1/,XC701859.ogg,231.60160997732427,0,90.0,5.0,44100,bird,1.0
192,./kaggletest/ruegls1/,XC701859.ogg,231.60160997732427,0,95.0,5.0,44100,bird,1.0
193,./kaggletest/ruegls1/,XC701859.ogg,231.60160997732427,0,100.0,5.0,44100,bird,1.0
194,./kaggletest/ruegls1/,XC701859.ogg,231.60160997732427,0,105.0,5.0,44100,bird,1.0
195,./kaggletest/ruegls1/,XC701859.ogg,231.60160997732427,0,115.0,5.0,44100,bird,1.0
196,./kaggletest/ruegls1/,XC701859.ogg,231.60160997732427,0,120.0,5.0,44100,bird,1.0
197,./kaggletest/ruegls1/,XC701859.ogg,231.60160997732427,0,125.0,5.0,44100,bird,1.0
198,./kaggletest/ruegls1/,XC701859.ogg,231.60160997732427,0,135.0,5.0,44100,bird,1.0
199,./kaggletest/ruegls1/,XC701859.ogg,231.60160997732427,0,140.0,5.0,44100,bird,1.0
200,./kaggletest/ruegls1/,XC701859.ogg,231.60160997732427,0,145.0,5.0,44100,bird,1.0
201,./kaggletest/ruegls1/,XC701859.ogg,231.60160997732427,0,155.0,5.0,44100,bird,1.0
202,./kaggletest/ruegls1/,XC701859.ogg,231.60160997732427,0,160.0,5.0,44100,bird,1.0
203,./kaggletest/ruegls1/,XC701859.ogg,231.60160997732427,0,165.0,5.0,44100,bird,1.0
204,./kaggletest/ruegls1/,XC701859.ogg,231.60160997732427,0,180.0,5.0,44100,bird,1.0
205,./kaggletest/ruegls1/,XC701859.ogg,231.60160997732427,0,185.0,5.0,44100,bird,1.0
206,./kaggletest/ruegls1/,XC701859.ogg,231.60160997732427,0,190.0,5.0,44100,bird,1.0
207,./kaggletest/ruegls1/,XC701859.ogg,231.60160997732427,0,195.0,5.0,44100,bird,1.0
208,./kaggletest/ruegls1/,XC701859.ogg,231.60160997732427,0,200.0,5.0,44100,bird,1.0
209,./kaggletest/ruegls1/,XC701859.ogg,231.60160997732427,0,205.0,5.0,44100,bird,1.0
210,./kaggletest/ruegls1/,XC701859.ogg,231.60160997732427,0,210.0,5.0,44100,bird,1.0
211,./kaggletest/ruegls1/,XC701859.ogg,231.60160997732427,0,215.0,5.0,44100,bird,1.0
212,./kaggletest/ruegls1/,XC701859.ogg,231.60160997732427,0,220.0,5.0,44100,bird,1.0
213,./kaggletest/ruegls1/,XC701859.ogg,231.60160997732427,0,225.0,5.0,44100,bird,1.0
214,./kaggletest/ruegls1/,XC396427.ogg,21.524897959183672,0,0.0,5.0,44100,bird,1.0
215,./kaggletest/ruegls1/,XC396427.ogg,21.524897959183672,0,10.0,5.0,44100,bird,1.0
216,./kaggletest/ruegls1/,XC396427.ogg,21.524897959183672,0,15.0,5.0,44100,bird,1.0
217,./kaggletest/ruegls1/,XC117142.ogg,7.000793650793651,0,0.0,5.0,44100,bird,1.0
218,./kaggletest/ruegls1/,XC616589.ogg,25.416984126984126,0,0.0,5.0,44100,bird,1.0
219,./kaggletest/ruegls1/,XC616589.ogg,25.416984126984126,0,10.0,5.0,44100,bird,1.0
220,./kaggletest/ruegls1/,XC281992.ogg,10.997551020408164,0,0.0,5.0,44100,bird,1.0
221,./kaggletest/ruegls1/,XC281992.ogg,10.997551020408164,0,5.0,5.0,44100,bird,1.0
222,./kaggletest/ruegls1/,XC237765.ogg,19.435079365079364,0,0.0,5.0,44100,bird,1.0
223,./kaggletest/ruegls1/,XC237765.ogg,19.435079365079364,0,5.0,5.0,44100,bird,1.0
224,./kaggletest/ruegls1/,XC237765.ogg,19.435079365079364,0,10.0,5.0,44100,bird,1.0
225,./kaggletest/ruegls1/,XC117140.ogg,16.50936507936508,0,0.0,5.0,44100,bird,1.0
226,./kaggletest/ruegls1/,XC117140.ogg,16.50936507936508,0,5.0,5.0,44100,bird,1.0
227,./kaggletest/ruegls1/,XC117140.ogg,16.50936507936508,0,10.0,5.0,44100,bird,1.0
228,./kaggletest/ruegls1/,XC537113.ogg,20.976303854875283,0,0.0,5.0,44100,bird,1.0
229,./kaggletest/ruegls1/,XC537113.ogg,20.976303854875283,0,5.0,5.0,44100,bird,1.0
230,./kaggletest/ruegls1/,XC537113.ogg,20.976303854875283,0,10.0,5.0,44100,bird,1.0
231,./kaggletest/ruegls1/,XC537113.ogg,20.976303854875283,0,15.0,5.0,44100,bird,1.0
232,./kaggletest/ruegls1/,XC247898.ogg,43.728956916099776,0,0.0,5.0,44100,bird,1.0
233,./kaggletest/ruegls1/,XC247898.ogg,43.728956916099776,0,5.0,5.0,44100,bird,1.0
234,./kaggletest/ruegls1/,XC247898.ogg,43.728956916099776,0,10.0,5.0,44100,bird,1.0
235,./kaggletest/ruegls1/,XC247898.ogg,43.728956916099776,0,15.0,5.0,44100,bird,1.0
236,./kaggletest/ruegls1/,XC247898.ogg,43.728956916099776,0,20.0,5.0,44100,bird,1.0
237,./kaggletest/ruegls1/,XC247898.ogg,43.728956916099776,0,25.0,5.0,44100,bird,1.0
238,./kaggletest/ruegls1/,XC247898.ogg,43.728956916099776,0,30.0,5.0,44100,bird,1.0
239,./kaggletest/ruegls1/,XC247898.ogg,43.728956916099776,0,35.0,5.0,44100,bird,1.0
240,./kaggletest/ruegls1/,XC237761.ogg,47.751836734693875,0,0.0,5.0,44100,bird,1.0
241,./kaggletest/ruegls1/,XC237761.ogg,47.751836734693875,0,5.0,5.0,44100,bird,1.0
242,./kaggletest/ruegls1/,XC237761.ogg,47.751836734693875,0,10.0,5.0,44100,bird,1.0
243,./kaggletest/ruegls1/,XC237761.ogg,47.751836734693875,0,15.0,5.0,44100,bird,1.0
244,./kaggletest/ruegls1/,XC237761.ogg,47.751836734693875,0,20.0,5.0,44100,bird,1.0
245,./kaggletest/ruegls1/,XC237761.ogg,47.751836734693875,0,25.0,5.0,44100,bird,1.0
246,./kaggletest/ruegls1/,XC237761.ogg,47.751836734693875,0,30.0,5.0,44100,bird,1.0
247,./kaggletest/ruegls1/,XC237761.ogg,47.751836734693875,0,35.0,5.0,44100,bird,1.0
248,./kaggletest/ruegls1/,XC237761.ogg,47.751836734693875,0,40.0,5.0,44100,bird,1.0
249,./kaggletest/ruegls1/,XC398382.ogg,73.35099773242631,0,0.0,5.0,44100,bird,1.0
250,./kaggletest/ruegls1/,XC398382.ogg,73.35099773242631,0,5.0,5.0,44100,bird,1.0
251,./kaggletest/ruegls1/,XC398382.ogg,73.35099773242631,0,10.0,5.0,44100,bird,1.0
252,./kaggletest/ruegls1/,XC398382.ogg,73.35099773242631,0,15.0,5.0,44100,bird,1.0
253,./kaggletest/ruegls1/,XC398382.ogg,73.35099773242631,0,20.0,5.0,44100,bird,1.0
254,./kaggletest/ruegls1/,XC398382.ogg,73.35099773242631,0,25.0,5.0,44100,bird,1.0
255,./kaggletest/ruegls1/,XC398382.ogg,73.35099773242631,0,30.0,5.0,44100,bird,1.0
256,./kaggletest/ruegls1/,XC398382.ogg,73.35099773242631,0,35.0,5.0,44100,bird,1.0
257,./kaggletest/ruegls1/,XC398382.ogg,73.35099773242631,0,40.0,5.0,44100,bird,1.0
258,./kaggletest/ruegls1/,XC398382.ogg,73.35099773242631,0,45.0,5.0,44100,bird,1.0
259,./kaggletest/ruegls1/,XC398382.ogg,73.35099773242631,0,50.0,5.0,44100,bird,1.0
260,./kaggletest/ruegls1/,XC398382.ogg,73.35099773242631,0,55.0,5.0,44100,bird,1.0
261,./kaggletest/ruegls1/,XC398382.ogg,73.35099773242631,0,65.0,5.0,44100,bird,1.0
262,./kaggletest/ruegls1/,XC210337.ogg,42.215986394557824,0,0.0,5.0,44100,bird,1.0
263,./kaggletest/ruegls1/,XC210337.ogg,42.215986394557824,0,5.0,5.0,44100,bird,1.0
264,./kaggletest/ruegls1/,XC210337.ogg,42.215986394557824,0,10.0,5.0,44100,bird,1.0
265,./kaggletest/ruegls1/,XC210337.ogg,42.215986394557824,0,15.0,5.0,44100,bird,1.0
266,./kaggletest/ruegls1/,XC210337.ogg,42.215986394557824,0,20.0,5.0,44100,bird,1.0
267,./kaggletest/ruegls1/,XC210337.ogg,42.215986394557824,0,30.0,5.0,44100,bird,1.0
268,./kaggletest/ruegls1/,XC210337.ogg,42.215986394557824,0,35.0,5.0,44100,bird,1.0
269,./kaggletest/ruegls1/,XC237763.ogg,119.53630385487529,0,0.0,5.0,44100,bird,1.0
270,./kaggletest/ruegls1/,XC237763.ogg,119.53630385487529,0,5.0,5.0,44100,bird,1.0
271,./kaggletest/ruegls1/,XC237763.ogg,119.53630385487529,0,10.0,5.0,44100,bird,1.0
272,./kaggletest/ruegls1/,XC237763.ogg,119.53630385487529,0,15.0,5.0,44100,bird,1.0
273,./kaggletest/ruegls1/,XC237763.ogg,119.53630385487529,0,20.0,5.0,44100,bird,1.0
274,./kaggletest/ruegls1/,XC237763.ogg,119.53630385487529,0,25.0,5.0,44100,bird,1.0
275,./kaggletest/ruegls1/,XC237763.ogg,119.53630385487529,0,30.0,5.0,44100,bird,1.0
276,./kaggletest/ruegls1/,XC237763.ogg,119.53630385487529,0,35.0,5.0,44100,bird,1.0
277,./kaggletest/ruegls1/,XC237763.ogg,119.53630385487529,0,40.0,5.0,44100,bird,1.0
278,./kaggletest/ruegls1/,XC237763.ogg,119.53630385487529,0,45.0,5.0,44100,bird,1.0
279,./kaggletest/ruegls1/,XC237763.ogg,119.53630385487529,0,50.0,5.0,44100,bird,1.0
280,./kaggletest/ruegls1/,XC237763.ogg,119.53630385487529,0,55.0,5.0,44100,bird,1.0
281,./kaggletest/ruegls1/,XC237763.ogg,119.53630385487529,0,60.0,5.0,44100,bird,1.0
282,./kaggletest/ruegls1/,XC237763.ogg,119.53630385487529,0,65.0,5.0,44100,bird,1.0
283,./kaggletest/ruegls1/,XC237763.ogg,119.53630385487529,0,70.0,5.0,44100,bird,1.0
284,./kaggletest/ruegls1/,XC237763.ogg,119.53630385487529,0,75.0,5.0,44100,bird,1.0
285,./kaggletest/ruegls1/,XC237763.ogg,119.53630385487529,0,80.0,5.0,44100,bird,1.0
286,./kaggletest/ruegls1/,XC237763.ogg,119.53630385487529,0,85.0,5.0,44100,bird,1.0
287,./kaggletest/ruegls1/,XC237763.ogg,119.53630385487529,0,90.0,5.0,44100,bird,1.0
288,./kaggletest/ruegls1/,XC237763.ogg,119.53630385487529,0,95.0,5.0,44100,bird,1.0
289,./kaggletest/ruegls1/,XC237763.ogg,119.53630385487529,0,100.0,5.0,44100,bird,1.0
290,./kaggletest/ruegls1/,XC237763.ogg,119.53630385487529,0,105.0,5.0,44100,bird,1.0
291,./kaggletest/ruegls1/,XC237763.ogg,119.53630385487529,0,110.0,5.0,44100,bird,1.0
292,./kaggletest/ruegls1/,XC210336.ogg,72.88798185941043,0,0.0,5.0,44100,bird,1.0
293,./kaggletest/ruegls1/,XC210336.ogg,72.88798185941043,0,5.0,5.0,44100,bird,1.0
294,./kaggletest/ruegls1/,XC210336.ogg,72.88798185941043,0,10.0,5.0,44100,bird,1.0
295,./kaggletest/ruegls1/,XC210336.ogg,72.88798185941043,0,15.0,5.0,44100,bird,1.0
296,./kaggletest/ruegls1/,XC210336.ogg,72.88798185941043,0,20.0,5.0,44100,bird,1.0
297,./kaggletest/ruegls1/,XC210336.ogg,72.88798185941043,0,25.0,5.0,44100,bird,1.0
298,./kaggletest/ruegls1/,XC210336.ogg,72.88798185941043,0,30.0,5.0,44100,bird,1.0
299,./kaggletest/ruegls1/,XC210336.ogg,72.88798185941043,0,35.0,5.0,44100,bird,1.0
300,./kaggletest/ruegls1/,XC210336.ogg,72.88798185941043,0,40.0,5.0,44100,bird,1.0
301,./kaggletest/ruegls1/,XC210336.ogg,72.88798185941043,0,45.0,5.0,44100,bird,1.0
302,./kaggletest/ruegls1/,XC210336.ogg,72.88798185941043,0,50.0,5.0,44100,bird,1.0
303,./kaggletest/ruegls1/,XC210336.ogg,72.88798185941043,0,55.0,5.0,44100,bird,1.0
304,./kaggletest/ruegls1/,XC210336.ogg,72.88798185941043,0,60.0,5.0,44100,bird,1.0
305,./kaggletest/ruegls1/,XC210336.ogg,72.88798185941043,0,65.0,5.0,44100,bird,1.0
