,FOLDER,IN FILE,CLIP LENGTH,CHANNEL,OFFSET,DURATION,SAMPLE RATE,MANUAL ID,CONFIDENCE
0,./kaggletest/rufcha2/,XC396571.ogg,38.45224489795918,0,0.0,5.0,44100,bird,1.0
1,./kaggletest/rufcha2/,XC396571.ogg,38.45224489795918,0,5.0,5.0,44100,bird,1.0
2,./kaggletest/rufcha2/,XC396571.ogg,38.45224489795918,0,10.0,5.0,44100,bird,1.0
3,./kaggletest/rufcha2/,XC396571.ogg,38.45224489795918,0,15.0,5.0,44100,bird,1.0
4,./kaggletest/rufcha2/,XC396571.ogg,38.45224489795918,0,20.0,5.0,44100,bird,1.0
5,./kaggletest/rufcha2/,XC396571.ogg,38.45224489795918,0,25.0,5.0,44100,bird,1.0
6,./kaggletest/rufcha2/,XC396571.ogg,38.45224489795918,0,30.0,5.0,44100,bird,1.0
7,./kaggletest/rufcha2/,XC209977.ogg,22.151995464852607,0,0.0,5.0,44100,bird,1.0
8,./kaggletest/rufcha2/,XC209977.ogg,22.151995464852607,0,5.0,5.0,44100,bird,1.0
9,./kaggletest/rufcha2/,XC209977.ogg,22.151995464852607,0,10.0,5.0,44100,bird,1.0
10,./kaggletest/rufcha2/,XC209977.ogg,22.151995464852607,0,15.0,5.0,44100,bird,1.0
11,./kaggletest/rufcha2/,XC209978.ogg,16.08,0,0.0,5.0,44100,bird,1.0
12,./kaggletest/rufcha2/,XC209978.ogg,16.08,0,5.0,5.0,44100,bird,1.0
13,./kaggletest/rufcha2/,XC209978.ogg,16.08,0,10.0,5.0,44100,bird,1.0
14,./kaggletest/rufcha2/,XC209979.ogg,33.67199546485261,0,0.0,5.0,44100,bird,1.0
15,./kaggletest/rufcha2/,XC209979.ogg,33.67199546485261,0,5.0,5.0,44100,bird,1.0
16,./kaggletest/rufcha2/,XC209979.ogg,33.67199546485261,0,10.0,5.0,44100,bird,1.0
17,./kaggletest/rufcha2/,XC209979.ogg,33.67199546485261,0,15.0,5.0,44100,bird,1.0
18,./kaggletest/rufcha2/,XC209979.ogg,33.67199546485261,0,20.0,5.0,44100,bird,1.0
19,./kaggletest/rufcha2/,XC209979.ogg,33.67199546485261,0,25.0,5.0,44100,bird,1.0
20,./kaggletest/rufcha2/,XC294730.ogg,11.415487528344672,0,0.0,5.0,44100,bird,1.0
21,./kaggletest/rufcha2/,XC294730.ogg,11.415487528344672,0,5.0,5.0,44100,bird,1.0
