,FOLDER,IN FILE,CLIP LENGTH,CHANNEL,OFFSET,DURATION,SAMPLE RATE,MANUAL ID,CONFIDENCE
0,./kaggletest/sacibi2/,XC661232.ogg,9.9,0,0.0,5.0,44100,bird,1.0
1,./kaggletest/sacibi2/,XC252633.ogg,16.44,0,0.0,5.0,44100,bird,1.0
2,./kaggletest/sacibi2/,XC252633.ogg,16.44,0,5.0,5.0,44100,bird,1.0
3,./kaggletest/sacibi2/,XC252633.ogg,16.44,0,10.0,5.0,44100,bird,1.0
4,./kaggletest/sacibi2/,XC505935.ogg,36.38798185941043,0,0.0,5.0,44100,bird,1.0
5,./kaggletest/sacibi2/,XC505935.ogg,36.38798185941043,0,5.0,5.0,44100,bird,1.0
6,./kaggletest/sacibi2/,XC505935.ogg,36.38798185941043,0,10.0,5.0,44100,bird,1.0
7,./kaggletest/sacibi2/,XC505935.ogg,36.38798185941043,0,15.0,5.0,44100,bird,1.0
8,./kaggletest/sacibi2/,XC505935.ogg,36.38798185941043,0,20.0,5.0,44100,bird,1.0
9,./kaggletest/sacibi2/,XC505935.ogg,36.38798185941043,0,25.0,5.0,44100,bird,1.0
10,./kaggletest/sacibi2/,XC505935.ogg,36.38798185941043,0,30.0,5.0,44100,bird,1.0
11,./kaggletest/sacibi2/,XC652185.ogg,21.471995464852608,0,0.0,5.0,44100,bird,1.0
12,./kaggletest/sacibi2/,XC652185.ogg,21.471995464852608,0,5.0,5.0,44100,bird,1.0
13,./kaggletest/sacibi2/,XC652185.ogg,21.471995464852608,0,10.0,5.0,44100,bird,1.0
14,./kaggletest/sacibi2/,XC652185.ogg,21.471995464852608,0,15.0,5.0,44100,bird,1.0
15,./kaggletest/sacibi2/,XC309388.ogg,20.663990929705214,0,0.0,5.0,44100,bird,1.0
16,./kaggletest/sacibi2/,XC309388.ogg,20.663990929705214,0,5.0,5.0,44100,bird,1.0
17,./kaggletest/sacibi2/,XC309388.ogg,20.663990929705214,0,10.0,5.0,44100,bird,1.0
18,./kaggletest/sacibi2/,XC309388.ogg,20.663990929705214,0,15.0,5.0,44100,bird,1.0
