,FOLDER,IN FILE,CLIP LENGTH,CHANNEL,OFFSET,DURATION,SAMPLE RATE,MANUAL ID,CONFIDENCE
0,./kaggletest/sccsun2/,XC391989.ogg,27.062834467120183,0,0.0,5.0,44100,bird,1.0
1,./kaggletest/sccsun2/,XC391989.ogg,27.062834467120183,0,5.0,5.0,44100,bird,1.0
2,./kaggletest/sccsun2/,XC391989.ogg,27.062834467120183,0,10.0,5.0,44100,bird,1.0
3,./kaggletest/sccsun2/,XC391989.ogg,27.062834467120183,0,15.0,5.0,44100,bird,1.0
4,./kaggletest/sccsun2/,XC391989.ogg,27.062834467120183,0,20.0,5.0,44100,bird,1.0
5,./kaggletest/sccsun2/,XC398563.ogg,28.13299319727891,0,0.0,5.0,44100,bird,1.0
6,./kaggletest/sccsun2/,XC398563.ogg,28.13299319727891,0,5.0,5.0,44100,bird,1.0
7,./kaggletest/sccsun2/,XC398563.ogg,28.13299319727891,0,10.0,5.0,44100,bird,1.0
8,./kaggletest/sccsun2/,XC398563.ogg,28.13299319727891,0,15.0,5.0,44100,bird,1.0
9,./kaggletest/sccsun2/,XC398563.ogg,28.13299319727891,0,20.0,5.0,44100,bird,1.0
10,./kaggletest/sccsun2/,XC609477.ogg,59.20798185941043,0,0.0,5.0,44100,bird,1.0
11,./kaggletest/sccsun2/,XC609477.ogg,59.20798185941043,0,10.0,5.0,44100,bird,1.0
12,./kaggletest/sccsun2/,XC537125.ogg,34.87344671201814,0,0.0,5.0,44100,bird,1.0
13,./kaggletest/sccsun2/,XC537125.ogg,34.87344671201814,0,5.0,5.0,44100,bird,1.0
14,./kaggletest/sccsun2/,XC537125.ogg,34.87344671201814,0,10.0,5.0,44100,bird,1.0
15,./kaggletest/sccsun2/,XC537125.ogg,34.87344671201814,0,15.0,5.0,44100,bird,1.0
16,./kaggletest/sccsun2/,XC537125.ogg,34.87344671201814,0,20.0,5.0,44100,bird,1.0
17,./kaggletest/sccsun2/,XC537125.ogg,34.87344671201814,0,25.0,5.0,44100,bird,1.0
18,./kaggletest/sccsun2/,XC634131.ogg,38.25598639455782,0,0.0,5.0,44100,bird,1.0
19,./kaggletest/sccsun2/,XC634131.ogg,38.25598639455782,0,5.0,5.0,44100,bird,1.0
20,./kaggletest/sccsun2/,XC634131.ogg,38.25598639455782,0,10.0,5.0,44100,bird,1.0
21,./kaggletest/sccsun2/,XC634131.ogg,38.25598639455782,0,15.0,5.0,44100,bird,1.0
22,./kaggletest/sccsun2/,XC634131.ogg,38.25598639455782,0,20.0,5.0,44100,bird,1.0
23,./kaggletest/sccsun2/,XC634131.ogg,38.25598639455782,0,25.0,5.0,44100,bird,1.0
24,./kaggletest/sccsun2/,XC634131.ogg,38.25598639455782,0,30.0,5.0,44100,bird,1.0
25,./kaggletest/sccsun2/,XC650845.ogg,10.057142857142857,0,0.0,5.0,44100,bird,1.0
26,./kaggletest/sccsun2/,XC650845.ogg,10.057142857142857,0,5.0,5.0,44100,bird,1.0
27,./kaggletest/sccsun2/,XC170277.ogg,21.383990929705217,0,0.0,5.0,44100,bird,1.0
28,./kaggletest/sccsun2/,XC170277.ogg,21.383990929705217,0,5.0,5.0,44100,bird,1.0
29,./kaggletest/sccsun2/,XC170277.ogg,21.383990929705217,0,10.0,5.0,44100,bird,1.0
30,./kaggletest/sccsun2/,XC170277.ogg,21.383990929705217,0,15.0,5.0,44100,bird,1.0
31,./kaggletest/sccsun2/,XC633698.ogg,42.14399092970522,0,0.0,5.0,44100,bird,1.0
32,./kaggletest/sccsun2/,XC633698.ogg,42.14399092970522,0,5.0,5.0,44100,bird,1.0
33,./kaggletest/sccsun2/,XC633698.ogg,42.14399092970522,0,10.0,5.0,44100,bird,1.0
34,./kaggletest/sccsun2/,XC633698.ogg,42.14399092970522,0,15.0,5.0,44100,bird,1.0
35,./kaggletest/sccsun2/,XC633698.ogg,42.14399092970522,0,20.0,5.0,44100,bird,1.0
36,./kaggletest/sccsun2/,XC633698.ogg,42.14399092970522,0,25.0,5.0,44100,bird,1.0
37,./kaggletest/sccsun2/,XC633698.ogg,42.14399092970522,0,30.0,5.0,44100,bird,1.0
38,./kaggletest/sccsun2/,XC633698.ogg,42.14399092970522,0,35.0,5.0,44100,bird,1.0
39,./kaggletest/sccsun2/,XC753434.ogg,5.799183673469388,0,0.0,5.0,44100,bird,1.0
40,./kaggletest/sccsun2/,XC609128.ogg,16.223990929705217,0,0.0,5.0,44100,bird,1.0
41,./kaggletest/sccsun2/,XC609128.ogg,16.223990929705217,0,5.0,5.0,44100,bird,1.0
42,./kaggletest/sccsun2/,XC609128.ogg,16.223990929705217,0,10.0,5.0,44100,bird,1.0
43,./kaggletest/sccsun2/,XC697933.ogg,26.644897959183673,0,0.0,5.0,44100,bird,1.0
44,./kaggletest/sccsun2/,XC697933.ogg,26.644897959183673,0,5.0,5.0,44100,bird,1.0
45,./kaggletest/sccsun2/,XC697933.ogg,26.644897959183673,0,10.0,5.0,44100,bird,1.0
46,./kaggletest/sccsun2/,XC697933.ogg,26.644897959183673,0,15.0,5.0,44100,bird,1.0
47,./kaggletest/sccsun2/,XC697933.ogg,26.644897959183673,0,20.0,5.0,44100,bird,1.0
48,./kaggletest/sccsun2/,XC392049.ogg,45.47897959183673,0,0.0,5.0,44100,bird,1.0
49,./kaggletest/sccsun2/,XC392049.ogg,45.47897959183673,0,5.0,5.0,44100,bird,1.0
50,./kaggletest/sccsun2/,XC392049.ogg,45.47897959183673,0,10.0,5.0,44100,bird,1.0
51,./kaggletest/sccsun2/,XC392049.ogg,45.47897959183673,0,15.0,5.0,44100,bird,1.0
52,./kaggletest/sccsun2/,XC392049.ogg,45.47897959183673,0,20.0,5.0,44100,bird,1.0
53,./kaggletest/sccsun2/,XC392049.ogg,45.47897959183673,0,30.0,5.0,44100,bird,1.0
54,./kaggletest/sccsun2/,XC392049.ogg,45.47897959183673,0,35.0,5.0,44100,bird,1.0
55,./kaggletest/sccsun2/,XC392049.ogg,45.47897959183673,0,40.0,5.0,44100,bird,1.0
56,./kaggletest/sccsun2/,XC253603.ogg,63.111836734693874,0,0.0,5.0,44100,bird,1.0
57,./kaggletest/sccsun2/,XC253603.ogg,63.111836734693874,0,5.0,5.0,44100,bird,1.0
58,./kaggletest/sccsun2/,XC253603.ogg,63.111836734693874,0,10.0,5.0,44100,bird,1.0
59,./kaggletest/sccsun2/,XC253603.ogg,63.111836734693874,0,15.0,5.0,44100,bird,1.0
60,./kaggletest/sccsun2/,XC253603.ogg,63.111836734693874,0,20.0,5.0,44100,bird,1.0
61,./kaggletest/sccsun2/,XC253603.ogg,63.111836734693874,0,25.0,5.0,44100,bird,1.0
62,./kaggletest/sccsun2/,XC253603.ogg,63.111836734693874,0,30.0,5.0,44100,bird,1.0
63,./kaggletest/sccsun2/,XC253603.ogg,63.111836734693874,0,35.0,5.0,44100,bird,1.0
64,./kaggletest/sccsun2/,XC253603.ogg,63.111836734693874,0,40.0,5.0,44100,bird,1.0
65,./kaggletest/sccsun2/,XC253603.ogg,63.111836734693874,0,45.0,5.0,44100,bird,1.0
66,./kaggletest/sccsun2/,XC253603.ogg,63.111836734693874,0,50.0,5.0,44100,bird,1.0
67,./kaggletest/sccsun2/,XC253603.ogg,63.111836734693874,0,55.0,5.0,44100,bird,1.0
68,./kaggletest/sccsun2/,XC386002.ogg,20.615986394557822,0,0.0,5.0,44100,bird,1.0
69,./kaggletest/sccsun2/,XC386002.ogg,20.615986394557822,0,5.0,5.0,44100,bird,1.0
70,./kaggletest/sccsun2/,XC386002.ogg,20.615986394557822,0,10.0,5.0,44100,bird,1.0
71,./kaggletest/sccsun2/,XC386002.ogg,20.615986394557822,0,15.0,5.0,44100,bird,1.0
72,./kaggletest/sccsun2/,XC137077.ogg,11.04,0,0.0,5.0,44100,bird,1.0
73,./kaggletest/sccsun2/,XC137077.ogg,11.04,0,5.0,5.0,44100,bird,1.0
74,./kaggletest/sccsun2/,XC609472.ogg,36.36,0,0.0,5.0,44100,bird,1.0
75,./kaggletest/sccsun2/,XC609472.ogg,36.36,0,5.0,5.0,44100,bird,1.0
76,./kaggletest/sccsun2/,XC609472.ogg,36.36,0,10.0,5.0,44100,bird,1.0
77,./kaggletest/sccsun2/,XC609472.ogg,36.36,0,15.0,5.0,44100,bird,1.0
78,./kaggletest/sccsun2/,XC609472.ogg,36.36,0,20.0,5.0,44100,bird,1.0
79,./kaggletest/sccsun2/,XC609472.ogg,36.36,0,25.0,5.0,44100,bird,1.0
80,./kaggletest/sccsun2/,XC609472.ogg,36.36,0,30.0,5.0,44100,bird,1.0
81,./kaggletest/sccsun2/,XC363886.ogg,38.19102040816327,0,0.0,5.0,44100,bird,1.0
82,./kaggletest/sccsun2/,XC363886.ogg,38.19102040816327,0,5.0,5.0,44100,bird,1.0
83,./kaggletest/sccsun2/,XC363886.ogg,38.19102040816327,0,10.0,5.0,44100,bird,1.0
84,./kaggletest/sccsun2/,XC363886.ogg,38.19102040816327,0,15.0,5.0,44100,bird,1.0
85,./kaggletest/sccsun2/,XC363886.ogg,38.19102040816327,0,20.0,5.0,44100,bird,1.0
86,./kaggletest/sccsun2/,XC363886.ogg,38.19102040816327,0,25.0,5.0,44100,bird,1.0
87,./kaggletest/sccsun2/,XC363886.ogg,38.19102040816327,0,30.0,5.0,44100,bird,1.0
88,./kaggletest/sccsun2/,XC309478.ogg,17.78936507936508,0,0.0,5.0,44100,bird,1.0
89,./kaggletest/sccsun2/,XC309478.ogg,17.78936507936508,0,5.0,5.0,44100,bird,1.0
90,./kaggletest/sccsun2/,XC309478.ogg,17.78936507936508,0,10.0,5.0,44100,bird,1.0
91,./kaggletest/sccsun2/,XC537108.ogg,18.677551020408163,0,0.0,5.0,44100,bird,1.0
92,./kaggletest/sccsun2/,XC537108.ogg,18.677551020408163,0,5.0,5.0,44100,bird,1.0
93,./kaggletest/sccsun2/,XC537108.ogg,18.677551020408163,0,10.0,5.0,44100,bird,1.0
94,./kaggletest/sccsun2/,XC581949.ogg,17.327981859410432,0,0.0,5.0,44100,bird,1.0
95,./kaggletest/sccsun2/,XC581949.ogg,17.327981859410432,0,5.0,5.0,44100,bird,1.0
96,./kaggletest/sccsun2/,XC581949.ogg,17.327981859410432,0,10.0,5.0,44100,bird,1.0
97,./kaggletest/sccsun2/,XC633825.ogg,83.44798185941043,0,0.0,5.0,44100,bird,1.0
98,./kaggletest/sccsun2/,XC633825.ogg,83.44798185941043,0,5.0,5.0,44100,bird,1.0
99,./kaggletest/sccsun2/,XC633825.ogg,83.44798185941043,0,10.0,5.0,44100,bird,1.0
100,./kaggletest/sccsun2/,XC633825.ogg,83.44798185941043,0,15.0,5.0,44100,bird,1.0
101,./kaggletest/sccsun2/,XC633825.ogg,83.44798185941043,0,20.0,5.0,44100,bird,1.0
102,./kaggletest/sccsun2/,XC633825.ogg,83.44798185941043,0,25.0,5.0,44100,bird,1.0
103,./kaggletest/sccsun2/,XC633825.ogg,83.44798185941043,0,30.0,5.0,44100,bird,1.0
104,./kaggletest/sccsun2/,XC633825.ogg,83.44798185941043,0,35.0,5.0,44100,bird,1.0
105,./kaggletest/sccsun2/,XC633825.ogg,83.44798185941043,0,40.0,5.0,44100,bird,1.0
106,./kaggletest/sccsun2/,XC633825.ogg,83.44798185941043,0,45.0,5.0,44100,bird,1.0
107,./kaggletest/sccsun2/,XC633825.ogg,83.44798185941043,0,50.0,5.0,44100,bird,1.0
108,./kaggletest/sccsun2/,XC633825.ogg,83.44798185941043,0,55.0,5.0,44100,bird,1.0
109,./kaggletest/sccsun2/,XC633825.ogg,83.44798185941043,0,60.0,5.0,44100,bird,1.0
110,./kaggletest/sccsun2/,XC633825.ogg,83.44798185941043,0,65.0,5.0,44100,bird,1.0
111,./kaggletest/sccsun2/,XC633825.ogg,83.44798185941043,0,70.0,5.0,44100,bird,1.0
112,./kaggletest/sccsun2/,XC633825.ogg,83.44798185941043,0,75.0,5.0,44100,bird,1.0
113,./kaggletest/sccsun2/,XC545260.ogg,15.568956916099774,0,0.0,5.0,44100,bird,1.0
114,./kaggletest/sccsun2/,XC545260.ogg,15.568956916099774,0,5.0,5.0,44100,bird,1.0
115,./kaggletest/sccsun2/,XC545260.ogg,15.568956916099774,0,10.0,5.0,44100,bird,1.0
116,./kaggletest/sccsun2/,XC752954.ogg,28.786916099773244,0,0.0,5.0,44100,bird,1.0
117,./kaggletest/sccsun2/,XC752954.ogg,28.786916099773244,0,5.0,5.0,44100,bird,1.0
118,./kaggletest/sccsun2/,XC752954.ogg,28.786916099773244,0,10.0,5.0,44100,bird,1.0
119,./kaggletest/sccsun2/,XC752954.ogg,28.786916099773244,0,15.0,5.0,44100,bird,1.0
120,./kaggletest/sccsun2/,XC752954.ogg,28.786916099773244,0,20.0,5.0,44100,bird,1.0
121,./kaggletest/sccsun2/,XC394500.ogg,16.03918367346939,0,0.0,5.0,44100,bird,1.0
122,./kaggletest/sccsun2/,XC394500.ogg,16.03918367346939,0,5.0,5.0,44100,bird,1.0
123,./kaggletest/sccsun2/,XC394500.ogg,16.03918367346939,0,10.0,5.0,44100,bird,1.0
124,./kaggletest/sccsun2/,XC747949.ogg,13.295986394557824,0,0.0,5.0,44100,bird,1.0
125,./kaggletest/sccsun2/,XC747949.ogg,13.295986394557824,0,5.0,5.0,44100,bird,1.0
126,./kaggletest/sccsun2/,XC608050.ogg,18.62530612244898,0,0.0,5.0,44100,bird,1.0
127,./kaggletest/sccsun2/,XC608050.ogg,18.62530612244898,0,5.0,5.0,44100,bird,1.0
128,./kaggletest/sccsun2/,XC608050.ogg,18.62530612244898,0,10.0,5.0,44100,bird,1.0
129,./kaggletest/sccsun2/,XC633824.ogg,75.96,0,0.0,5.0,44100,bird,1.0
130,./kaggletest/sccsun2/,XC633824.ogg,75.96,0,5.0,5.0,44100,bird,1.0
131,./kaggletest/sccsun2/,XC633824.ogg,75.96,0,10.0,5.0,44100,bird,1.0
132,./kaggletest/sccsun2/,XC633824.ogg,75.96,0,15.0,5.0,44100,bird,1.0
133,./kaggletest/sccsun2/,XC633824.ogg,75.96,0,20.0,5.0,44100,bird,1.0
134,./kaggletest/sccsun2/,XC633824.ogg,75.96,0,25.0,5.0,44100,bird,1.0
135,./kaggletest/sccsun2/,XC633824.ogg,75.96,0,30.0,5.0,44100,bird,1.0
136,./kaggletest/sccsun2/,XC633824.ogg,75.96,0,35.0,5.0,44100,bird,1.0
137,./kaggletest/sccsun2/,XC633824.ogg,75.96,0,40.0,5.0,44100,bird,1.0
138,./kaggletest/sccsun2/,XC633824.ogg,75.96,0,45.0,5.0,44100,bird,1.0
139,./kaggletest/sccsun2/,XC633824.ogg,75.96,0,50.0,5.0,44100,bird,1.0
140,./kaggletest/sccsun2/,XC633824.ogg,75.96,0,55.0,5.0,44100,bird,1.0
141,./kaggletest/sccsun2/,XC633824.ogg,75.96,0,60.0,5.0,44100,bird,1.0
142,./kaggletest/sccsun2/,XC633824.ogg,75.96,0,65.0,5.0,44100,bird,1.0
143,./kaggletest/sccsun2/,XC633824.ogg,75.96,0,70.0,5.0,44100,bird,1.0
144,./kaggletest/sccsun2/,XC326171.ogg,23.092244897959183,0,0.0,5.0,44100,bird,1.0
145,./kaggletest/sccsun2/,XC326171.ogg,23.092244897959183,0,5.0,5.0,44100,bird,1.0
146,./kaggletest/sccsun2/,XC326171.ogg,23.092244897959183,0,10.0,5.0,44100,bird,1.0
147,./kaggletest/sccsun2/,XC439791.ogg,57.62598639455782,0,0.0,5.0,44100,bird,1.0
148,./kaggletest/sccsun2/,XC439791.ogg,57.62598639455782,0,5.0,5.0,44100,bird,1.0
149,./kaggletest/sccsun2/,XC439791.ogg,57.62598639455782,0,10.0,5.0,44100,bird,1.0
150,./kaggletest/sccsun2/,XC439791.ogg,57.62598639455782,0,15.0,5.0,44100,bird,1.0
151,./kaggletest/sccsun2/,XC439791.ogg,57.62598639455782,0,20.0,5.0,44100,bird,1.0
152,./kaggletest/sccsun2/,XC439791.ogg,57.62598639455782,0,25.0,5.0,44100,bird,1.0
153,./kaggletest/sccsun2/,XC439791.ogg,57.62598639455782,0,30.0,5.0,44100,bird,1.0
154,./kaggletest/sccsun2/,XC439791.ogg,57.62598639455782,0,35.0,5.0,44100,bird,1.0
155,./kaggletest/sccsun2/,XC439791.ogg,57.62598639455782,0,40.0,5.0,44100,bird,1.0
156,./kaggletest/sccsun2/,XC439791.ogg,57.62598639455782,0,45.0,5.0,44100,bird,1.0
157,./kaggletest/sccsun2/,XC439791.ogg,57.62598639455782,0,50.0,5.0,44100,bird,1.0
158,./kaggletest/sccsun2/,XC349559.ogg,40.98612244897959,0,0.0,5.0,44100,bird,1.0
159,./kaggletest/sccsun2/,XC349559.ogg,40.98612244897959,0,5.0,5.0,44100,bird,1.0
160,./kaggletest/sccsun2/,XC349559.ogg,40.98612244897959,0,10.0,5.0,44100,bird,1.0
161,./kaggletest/sccsun2/,XC349559.ogg,40.98612244897959,0,15.0,5.0,44100,bird,1.0
162,./kaggletest/sccsun2/,XC349559.ogg,40.98612244897959,0,20.0,5.0,44100,bird,1.0
163,./kaggletest/sccsun2/,XC349559.ogg,40.98612244897959,0,25.0,5.0,44100,bird,1.0
164,./kaggletest/sccsun2/,XC349559.ogg,40.98612244897959,0,30.0,5.0,44100,bird,1.0
165,./kaggletest/sccsun2/,XC349559.ogg,40.98612244897959,0,35.0,5.0,44100,bird,1.0
166,./kaggletest/sccsun2/,XC593225.ogg,27.24,0,0.0,5.0,44100,bird,1.0
167,./kaggletest/sccsun2/,XC593225.ogg,27.24,0,5.0,5.0,44100,bird,1.0
168,./kaggletest/sccsun2/,XC593225.ogg,27.24,0,10.0,5.0,44100,bird,1.0
169,./kaggletest/sccsun2/,XC593225.ogg,27.24,0,15.0,5.0,44100,bird,1.0
170,./kaggletest/sccsun2/,XC593225.ogg,27.24,0,20.0,5.0,44100,bird,1.0
171,./kaggletest/sccsun2/,XC453997.ogg,35.54399092970522,0,0.0,5.0,44100,bird,1.0
172,./kaggletest/sccsun2/,XC453997.ogg,35.54399092970522,0,5.0,5.0,44100,bird,1.0
173,./kaggletest/sccsun2/,XC453997.ogg,35.54399092970522,0,10.0,5.0,44100,bird,1.0
174,./kaggletest/sccsun2/,XC453997.ogg,35.54399092970522,0,15.0,5.0,44100,bird,1.0
175,./kaggletest/sccsun2/,XC453997.ogg,35.54399092970522,0,20.0,5.0,44100,bird,1.0
176,./kaggletest/sccsun2/,XC453997.ogg,35.54399092970522,0,25.0,5.0,44100,bird,1.0
177,./kaggletest/sccsun2/,XC453997.ogg,35.54399092970522,0,30.0,5.0,44100,bird,1.0
178,./kaggletest/sccsun2/,XC627670.ogg,17.711020408163265,0,0.0,5.0,44100,bird,1.0
179,./kaggletest/sccsun2/,XC627670.ogg,17.711020408163265,0,5.0,5.0,44100,bird,1.0
180,./kaggletest/sccsun2/,XC627670.ogg,17.711020408163265,0,10.0,5.0,44100,bird,1.0
181,./kaggletest/sccsun2/,XC593227.ogg,32.35199546485261,0,0.0,5.0,44100,bird,1.0
182,./kaggletest/sccsun2/,XC593227.ogg,32.35199546485261,0,5.0,5.0,44100,bird,1.0
183,./kaggletest/sccsun2/,XC593227.ogg,32.35199546485261,0,10.0,5.0,44100,bird,1.0
184,./kaggletest/sccsun2/,XC593227.ogg,32.35199546485261,0,15.0,5.0,44100,bird,1.0
185,./kaggletest/sccsun2/,XC593227.ogg,32.35199546485261,0,25.0,5.0,44100,bird,1.0
186,./kaggletest/sccsun2/,XC157093.ogg,11.075895691609977,0,0.0,5.0,44100,bird,1.0
187,./kaggletest/sccsun2/,XC157093.ogg,11.075895691609977,0,5.0,5.0,44100,bird,1.0
188,./kaggletest/sccsun2/,XC598039.ogg,17.471995464852608,0,0.0,5.0,44100,bird,1.0
189,./kaggletest/sccsun2/,XC598039.ogg,17.471995464852608,0,5.0,5.0,44100,bird,1.0
190,./kaggletest/sccsun2/,XC598039.ogg,17.471995464852608,0,10.0,5.0,44100,bird,1.0
191,./kaggletest/sccsun2/,XC195527.ogg,55.118367346938776,0,15.0,5.0,44100,bird,1.0
192,./kaggletest/sccsun2/,XC195527.ogg,55.118367346938776,0,20.0,5.0,44100,bird,1.0
193,./kaggletest/sccsun2/,XC471330.ogg,32.07798185941043,0,0.0,5.0,44100,bird,1.0
194,./kaggletest/sccsun2/,XC471330.ogg,32.07798185941043,0,5.0,5.0,44100,bird,1.0
195,./kaggletest/sccsun2/,XC471330.ogg,32.07798185941043,0,10.0,5.0,44100,bird,1.0
196,./kaggletest/sccsun2/,XC471330.ogg,32.07798185941043,0,15.0,5.0,44100,bird,1.0
197,./kaggletest/sccsun2/,XC471330.ogg,32.07798185941043,0,20.0,5.0,44100,bird,1.0
198,./kaggletest/sccsun2/,XC471330.ogg,32.07798185941043,0,25.0,5.0,44100,bird,1.0
199,./kaggletest/sccsun2/,XC419932.ogg,27.12,0,0.0,5.0,44100,bird,1.0
200,./kaggletest/sccsun2/,XC419932.ogg,27.12,0,5.0,5.0,44100,bird,1.0
201,./kaggletest/sccsun2/,XC419932.ogg,27.12,0,10.0,5.0,44100,bird,1.0
202,./kaggletest/sccsun2/,XC419932.ogg,27.12,0,15.0,5.0,44100,bird,1.0
203,./kaggletest/sccsun2/,XC419932.ogg,27.12,0,20.0,5.0,44100,bird,1.0
204,./kaggletest/sccsun2/,XC419930.ogg,32.59199546485261,0,0.0,5.0,44100,bird,1.0
205,./kaggletest/sccsun2/,XC419930.ogg,32.59199546485261,0,5.0,5.0,44100,bird,1.0
206,./kaggletest/sccsun2/,XC419930.ogg,32.59199546485261,0,10.0,5.0,44100,bird,1.0
207,./kaggletest/sccsun2/,XC419930.ogg,32.59199546485261,0,15.0,5.0,44100,bird,1.0
208,./kaggletest/sccsun2/,XC419930.ogg,32.59199546485261,0,20.0,5.0,44100,bird,1.0
209,./kaggletest/sccsun2/,XC419930.ogg,32.59199546485261,0,25.0,5.0,44100,bird,1.0
210,./kaggletest/sccsun2/,XC620842.ogg,30.07199546485261,0,0.0,5.0,44100,bird,1.0
211,./kaggletest/sccsun2/,XC620842.ogg,30.07199546485261,0,5.0,5.0,44100,bird,1.0
212,./kaggletest/sccsun2/,XC620842.ogg,30.07199546485261,0,10.0,5.0,44100,bird,1.0
213,./kaggletest/sccsun2/,XC620842.ogg,30.07199546485261,0,15.0,5.0,44100,bird,1.0
214,./kaggletest/sccsun2/,XC620842.ogg,30.07199546485261,0,20.0,5.0,44100,bird,1.0
215,./kaggletest/sccsun2/,XC620842.ogg,30.07199546485261,0,25.0,5.0,44100,bird,1.0
216,./kaggletest/sccsun2/,XC619392.ogg,16.487981859410432,0,0.0,5.0,44100,bird,1.0
217,./kaggletest/sccsun2/,XC619392.ogg,16.487981859410432,0,5.0,5.0,44100,bird,1.0
218,./kaggletest/sccsun2/,XC619392.ogg,16.487981859410432,0,10.0,5.0,44100,bird,1.0
219,./kaggletest/sccsun2/,XC375040.ogg,49.81498866213152,0,5.0,5.0,44100,bird,1.0
220,./kaggletest/sccsun2/,XC375040.ogg,49.81498866213152,0,10.0,5.0,44100,bird,1.0
221,./kaggletest/sccsun2/,XC375040.ogg,49.81498866213152,0,15.0,5.0,44100,bird,1.0
222,./kaggletest/sccsun2/,XC375040.ogg,49.81498866213152,0,20.0,5.0,44100,bird,1.0
223,./kaggletest/sccsun2/,XC375040.ogg,49.81498866213152,0,25.0,5.0,44100,bird,1.0
224,./kaggletest/sccsun2/,XC375040.ogg,49.81498866213152,0,30.0,5.0,44100,bird,1.0
225,./kaggletest/sccsun2/,XC375040.ogg,49.81498866213152,0,35.0,5.0,44100,bird,1.0
226,./kaggletest/sccsun2/,XC375040.ogg,49.81498866213152,0,40.0,5.0,44100,bird,1.0
227,./kaggletest/sccsun2/,XC404434.ogg,35.030204081632654,0,0.0,5.0,44100,bird,1.0
228,./kaggletest/sccsun2/,XC404434.ogg,35.030204081632654,0,10.0,5.0,44100,bird,1.0
229,./kaggletest/sccsun2/,XC404434.ogg,35.030204081632654,0,15.0,5.0,44100,bird,1.0
230,./kaggletest/sccsun2/,XC404434.ogg,35.030204081632654,0,20.0,5.0,44100,bird,1.0
231,./kaggletest/sccsun2/,XC404434.ogg,35.030204081632654,0,25.0,5.0,44100,bird,1.0
232,./kaggletest/sccsun2/,XC404434.ogg,35.030204081632654,0,30.0,5.0,44100,bird,1.0
233,./kaggletest/sccsun2/,XC382967.ogg,38.04,0,0.0,5.0,44100,bird,1.0
234,./kaggletest/sccsun2/,XC382967.ogg,38.04,0,5.0,5.0,44100,bird,1.0
235,./kaggletest/sccsun2/,XC382967.ogg,38.04,0,10.0,5.0,44100,bird,1.0
236,./kaggletest/sccsun2/,XC382967.ogg,38.04,0,15.0,5.0,44100,bird,1.0
237,./kaggletest/sccsun2/,XC382967.ogg,38.04,0,20.0,5.0,44100,bird,1.0
238,./kaggletest/sccsun2/,XC382967.ogg,38.04,0,25.0,5.0,44100,bird,1.0
239,./kaggletest/sccsun2/,XC382967.ogg,38.04,0,30.0,5.0,44100,bird,1.0
240,./kaggletest/sccsun2/,XC620843.ogg,42.431995464852605,0,0.0,5.0,44100,bird,1.0
241,./kaggletest/sccsun2/,XC620843.ogg,42.431995464852605,0,5.0,5.0,44100,bird,1.0
242,./kaggletest/sccsun2/,XC620843.ogg,42.431995464852605,0,10.0,5.0,44100,bird,1.0
243,./kaggletest/sccsun2/,XC620843.ogg,42.431995464852605,0,15.0,5.0,44100,bird,1.0
244,./kaggletest/sccsun2/,XC620843.ogg,42.431995464852605,0,20.0,5.0,44100,bird,1.0
245,./kaggletest/sccsun2/,XC620843.ogg,42.431995464852605,0,25.0,5.0,44100,bird,1.0
246,./kaggletest/sccsun2/,XC620843.ogg,42.431995464852605,0,30.0,5.0,44100,bird,1.0
247,./kaggletest/sccsun2/,XC620843.ogg,42.431995464852605,0,35.0,5.0,44100,bird,1.0
248,./kaggletest/sccsun2/,XC332254.ogg,94.4065306122449,0,0.0,5.0,44100,bird,1.0
249,./kaggletest/sccsun2/,XC332254.ogg,94.4065306122449,0,5.0,5.0,44100,bird,1.0
250,./kaggletest/sccsun2/,XC332254.ogg,94.4065306122449,0,10.0,5.0,44100,bird,1.0
251,./kaggletest/sccsun2/,XC332254.ogg,94.4065306122449,0,15.0,5.0,44100,bird,1.0
252,./kaggletest/sccsun2/,XC332254.ogg,94.4065306122449,0,20.0,5.0,44100,bird,1.0
253,./kaggletest/sccsun2/,XC332254.ogg,94.4065306122449,0,25.0,5.0,44100,bird,1.0
254,./kaggletest/sccsun2/,XC332254.ogg,94.4065306122449,0,30.0,5.0,44100,bird,1.0
255,./kaggletest/sccsun2/,XC332254.ogg,94.4065306122449,0,35.0,5.0,44100,bird,1.0
256,./kaggletest/sccsun2/,XC332254.ogg,94.4065306122449,0,40.0,5.0,44100,bird,1.0
257,./kaggletest/sccsun2/,XC332254.ogg,94.4065306122449,0,45.0,5.0,44100,bird,1.0
258,./kaggletest/sccsun2/,XC332254.ogg,94.4065306122449,0,50.0,5.0,44100,bird,1.0
259,./kaggletest/sccsun2/,XC332254.ogg,94.4065306122449,0,55.0,5.0,44100,bird,1.0
260,./kaggletest/sccsun2/,XC332254.ogg,94.4065306122449,0,60.0,5.0,44100,bird,1.0
261,./kaggletest/sccsun2/,XC332254.ogg,94.4065306122449,0,65.0,5.0,44100,bird,1.0
262,./kaggletest/sccsun2/,XC332254.ogg,94.4065306122449,0,70.0,5.0,44100,bird,1.0
263,./kaggletest/sccsun2/,XC332254.ogg,94.4065306122449,0,75.0,5.0,44100,bird,1.0
264,./kaggletest/sccsun2/,XC332254.ogg,94.4065306122449,0,80.0,5.0,44100,bird,1.0
265,./kaggletest/sccsun2/,XC332254.ogg,94.4065306122449,0,85.0,5.0,44100,bird,1.0
266,./kaggletest/sccsun2/,XC600159.ogg,12.695986394557822,0,0.0,5.0,44100,bird,1.0
267,./kaggletest/sccsun2/,XC600159.ogg,12.695986394557822,0,5.0,5.0,44100,bird,1.0
268,./kaggletest/sccsun2/,XC402522.ogg,7.967981859410431,0,0.0,5.0,44100,bird,1.0
269,./kaggletest/sccsun2/,XC600158.ogg,13.24798185941043,0,0.0,5.0,44100,bird,1.0
270,./kaggletest/sccsun2/,XC600158.ogg,13.24798185941043,0,5.0,5.0,44100,bird,1.0
271,./kaggletest/sccsun2/,XC703041.ogg,28.786916099773244,0,0.0,5.0,44100,bird,1.0
272,./kaggletest/sccsun2/,XC703041.ogg,28.786916099773244,0,5.0,5.0,44100,bird,1.0
273,./kaggletest/sccsun2/,XC703041.ogg,28.786916099773244,0,10.0,5.0,44100,bird,1.0
274,./kaggletest/sccsun2/,XC703041.ogg,28.786916099773244,0,15.0,5.0,44100,bird,1.0
275,./kaggletest/sccsun2/,XC703041.ogg,28.786916099773244,0,20.0,5.0,44100,bird,1.0
276,./kaggletest/sccsun2/,XC564159.ogg,33.85467120181406,0,0.0,5.0,44100,bird,1.0
277,./kaggletest/sccsun2/,XC564159.ogg,33.85467120181406,0,5.0,5.0,44100,bird,1.0
278,./kaggletest/sccsun2/,XC564159.ogg,33.85467120181406,0,10.0,5.0,44100,bird,1.0
279,./kaggletest/sccsun2/,XC564159.ogg,33.85467120181406,0,15.0,5.0,44100,bird,1.0
280,./kaggletest/sccsun2/,XC564159.ogg,33.85467120181406,0,20.0,5.0,44100,bird,1.0
281,./kaggletest/sccsun2/,XC564159.ogg,33.85467120181406,0,25.0,5.0,44100,bird,1.0
282,./kaggletest/sccsun2/,XC609126.ogg,42.983990929705215,0,0.0,5.0,44100,bird,1.0
283,./kaggletest/sccsun2/,XC609126.ogg,42.983990929705215,0,5.0,5.0,44100,bird,1.0
284,./kaggletest/sccsun2/,XC609126.ogg,42.983990929705215,0,10.0,5.0,44100,bird,1.0
285,./kaggletest/sccsun2/,XC609126.ogg,42.983990929705215,0,15.0,5.0,44100,bird,1.0
286,./kaggletest/sccsun2/,XC609126.ogg,42.983990929705215,0,25.0,5.0,44100,bird,1.0
287,./kaggletest/sccsun2/,XC609126.ogg,42.983990929705215,0,30.0,5.0,44100,bird,1.0
288,./kaggletest/sccsun2/,XC609126.ogg,42.983990929705215,0,35.0,5.0,44100,bird,1.0
289,./kaggletest/sccsun2/,XC627224.ogg,21.647981859410432,0,0.0,5.0,44100,bird,1.0
290,./kaggletest/sccsun2/,XC627224.ogg,21.647981859410432,0,5.0,5.0,44100,bird,1.0
291,./kaggletest/sccsun2/,XC627224.ogg,21.647981859410432,0,10.0,5.0,44100,bird,1.0
292,./kaggletest/sccsun2/,XC627224.ogg,21.647981859410432,0,15.0,5.0,44100,bird,1.0
293,./kaggletest/sccsun2/,XC536795.ogg,21.15918367346939,0,0.0,5.0,44100,bird,1.0
294,./kaggletest/sccsun2/,XC536795.ogg,21.15918367346939,0,5.0,5.0,44100,bird,1.0
295,./kaggletest/sccsun2/,XC536795.ogg,21.15918367346939,0,10.0,5.0,44100,bird,1.0
296,./kaggletest/sccsun2/,XC536795.ogg,21.15918367346939,0,15.0,5.0,44100,bird,1.0
297,./kaggletest/sccsun2/,XC158287.ogg,52.244897959183675,0,0.0,5.0,44100,bird,1.0
298,./kaggletest/sccsun2/,XC158287.ogg,52.244897959183675,0,5.0,5.0,44100,bird,1.0
299,./kaggletest/sccsun2/,XC158287.ogg,52.244897959183675,0,10.0,5.0,44100,bird,1.0
300,./kaggletest/sccsun2/,XC158287.ogg,52.244897959183675,0,15.0,5.0,44100,bird,1.0
301,./kaggletest/sccsun2/,XC158287.ogg,52.244897959183675,0,20.0,5.0,44100,bird,1.0
302,./kaggletest/sccsun2/,XC158287.ogg,52.244897959183675,0,25.0,5.0,44100,bird,1.0
303,./kaggletest/sccsun2/,XC158287.ogg,52.244897959183675,0,30.0,5.0,44100,bird,1.0
304,./kaggletest/sccsun2/,XC158287.ogg,52.244897959183675,0,35.0,5.0,44100,bird,1.0
305,./kaggletest/sccsun2/,XC158287.ogg,52.244897959183675,0,40.0,5.0,44100,bird,1.0
306,./kaggletest/sccsun2/,XC158287.ogg,52.244897959183675,0,45.0,5.0,44100,bird,1.0
307,./kaggletest/sccsun2/,XC393628.ogg,29.783990929705215,0,0.0,5.0,44100,bird,1.0
308,./kaggletest/sccsun2/,XC393628.ogg,29.783990929705215,0,5.0,5.0,44100,bird,1.0
309,./kaggletest/sccsun2/,XC393628.ogg,29.783990929705215,0,10.0,5.0,44100,bird,1.0
310,./kaggletest/sccsun2/,XC393628.ogg,29.783990929705215,0,15.0,5.0,44100,bird,1.0
311,./kaggletest/sccsun2/,XC393628.ogg,29.783990929705215,0,20.0,5.0,44100,bird,1.0
312,./kaggletest/sccsun2/,XC598040.ogg,21.863990929705217,0,0.0,5.0,44100,bird,1.0
313,./kaggletest/sccsun2/,XC598040.ogg,21.863990929705217,0,5.0,5.0,44100,bird,1.0
314,./kaggletest/sccsun2/,XC598040.ogg,21.863990929705217,0,10.0,5.0,44100,bird,1.0
315,./kaggletest/sccsun2/,XC598040.ogg,21.863990929705217,0,15.0,5.0,44100,bird,1.0
316,./kaggletest/sccsun2/,XC683976.ogg,53.855986394557824,0,0.0,5.0,44100,bird,1.0
317,./kaggletest/sccsun2/,XC683976.ogg,53.855986394557824,0,5.0,5.0,44100,bird,1.0
318,./kaggletest/sccsun2/,XC683976.ogg,53.855986394557824,0,10.0,5.0,44100,bird,1.0
319,./kaggletest/sccsun2/,XC683976.ogg,53.855986394557824,0,15.0,5.0,44100,bird,1.0
320,./kaggletest/sccsun2/,XC683976.ogg,53.855986394557824,0,20.0,5.0,44100,bird,1.0
321,./kaggletest/sccsun2/,XC683976.ogg,53.855986394557824,0,25.0,5.0,44100,bird,1.0
322,./kaggletest/sccsun2/,XC683976.ogg,53.855986394557824,0,30.0,5.0,44100,bird,1.0
323,./kaggletest/sccsun2/,XC683976.ogg,53.855986394557824,0,35.0,5.0,44100,bird,1.0
324,./kaggletest/sccsun2/,XC683976.ogg,53.855986394557824,0,40.0,5.0,44100,bird,1.0
325,./kaggletest/sccsun2/,XC683976.ogg,53.855986394557824,0,45.0,5.0,44100,bird,1.0
326,./kaggletest/sccsun2/,XC137078.ogg,60.19199546485261,0,0.0,5.0,44100,bird,1.0
327,./kaggletest/sccsun2/,XC137078.ogg,60.19199546485261,0,5.0,5.0,44100,bird,1.0
328,./kaggletest/sccsun2/,XC137078.ogg,60.19199546485261,0,10.0,5.0,44100,bird,1.0
329,./kaggletest/sccsun2/,XC137078.ogg,60.19199546485261,0,15.0,5.0,44100,bird,1.0
330,./kaggletest/sccsun2/,XC137078.ogg,60.19199546485261,0,20.0,5.0,44100,bird,1.0
331,./kaggletest/sccsun2/,XC137078.ogg,60.19199546485261,0,25.0,5.0,44100,bird,1.0
332,./kaggletest/sccsun2/,XC137078.ogg,60.19199546485261,0,30.0,5.0,44100,bird,1.0
333,./kaggletest/sccsun2/,XC137078.ogg,60.19199546485261,0,35.0,5.0,44100,bird,1.0
334,./kaggletest/sccsun2/,XC137078.ogg,60.19199546485261,0,40.0,5.0,44100,bird,1.0
335,./kaggletest/sccsun2/,XC137078.ogg,60.19199546485261,0,45.0,5.0,44100,bird,1.0
336,./kaggletest/sccsun2/,XC137078.ogg,60.19199546485261,0,50.0,5.0,44100,bird,1.0
337,./kaggletest/sccsun2/,XC137078.ogg,60.19199546485261,0,55.0,5.0,44100,bird,1.0
338,./kaggletest/sccsun2/,XC652450.ogg,41.24732426303855,0,0.0,5.0,44100,bird,1.0
339,./kaggletest/sccsun2/,XC652450.ogg,41.24732426303855,0,5.0,5.0,44100,bird,1.0
340,./kaggletest/sccsun2/,XC652450.ogg,41.24732426303855,0,10.0,5.0,44100,bird,1.0
341,./kaggletest/sccsun2/,XC652450.ogg,41.24732426303855,0,15.0,5.0,44100,bird,1.0
342,./kaggletest/sccsun2/,XC652450.ogg,41.24732426303855,0,20.0,5.0,44100,bird,1.0
343,./kaggletest/sccsun2/,XC652450.ogg,41.24732426303855,0,25.0,5.0,44100,bird,1.0
344,./kaggletest/sccsun2/,XC652450.ogg,41.24732426303855,0,30.0,5.0,44100,bird,1.0
345,./kaggletest/sccsun2/,XC652450.ogg,41.24732426303855,0,35.0,5.0,44100,bird,1.0
346,./kaggletest/sccsun2/,XC683977.ogg,31.631995464852608,0,0.0,5.0,44100,bird,1.0
347,./kaggletest/sccsun2/,XC683977.ogg,31.631995464852608,0,5.0,5.0,44100,bird,1.0
348,./kaggletest/sccsun2/,XC683977.ogg,31.631995464852608,0,10.0,5.0,44100,bird,1.0
349,./kaggletest/sccsun2/,XC683977.ogg,31.631995464852608,0,15.0,5.0,44100,bird,1.0
350,./kaggletest/sccsun2/,XC683977.ogg,31.631995464852608,0,20.0,5.0,44100,bird,1.0
351,./kaggletest/sccsun2/,XC683977.ogg,31.631995464852608,0,25.0,5.0,44100,bird,1.0
352,./kaggletest/sccsun2/,XC609125.ogg,14.4,0,0.0,5.0,44100,bird,1.0
353,./kaggletest/sccsun2/,XC609125.ogg,14.4,0,5.0,5.0,44100,bird,1.0
354,./kaggletest/sccsun2/,XC681392.ogg,26.255986394557823,0,0.0,5.0,44100,bird,1.0
355,./kaggletest/sccsun2/,XC681392.ogg,26.255986394557823,0,5.0,5.0,44100,bird,1.0
356,./kaggletest/sccsun2/,XC681392.ogg,26.255986394557823,0,10.0,5.0,44100,bird,1.0
357,./kaggletest/sccsun2/,XC681392.ogg,26.255986394557823,0,15.0,5.0,44100,bird,1.0
358,./kaggletest/sccsun2/,XC681392.ogg,26.255986394557823,0,20.0,5.0,44100,bird,1.0
359,./kaggletest/sccsun2/,XC380521.ogg,7.157551020408163,0,0.0,5.0,44100,bird,1.0
360,./kaggletest/sccsun2/,XC298959.ogg,32.31344671201814,0,0.0,5.0,44100,bird,1.0
361,./kaggletest/sccsun2/,XC298959.ogg,32.31344671201814,0,5.0,5.0,44100,bird,1.0
362,./kaggletest/sccsun2/,XC298959.ogg,32.31344671201814,0,10.0,5.0,44100,bird,1.0
363,./kaggletest/sccsun2/,XC298959.ogg,32.31344671201814,0,15.0,5.0,44100,bird,1.0
364,./kaggletest/sccsun2/,XC298959.ogg,32.31344671201814,0,20.0,5.0,44100,bird,1.0
365,./kaggletest/sccsun2/,XC298959.ogg,32.31344671201814,0,25.0,5.0,44100,bird,1.0
366,./kaggletest/sccsun2/,XC525936.ogg,16.72798185941043,0,0.0,5.0,44100,bird,1.0
367,./kaggletest/sccsun2/,XC525936.ogg,16.72798185941043,0,5.0,5.0,44100,bird,1.0
368,./kaggletest/sccsun2/,XC525936.ogg,16.72798185941043,0,10.0,5.0,44100,bird,1.0
369,./kaggletest/sccsun2/,XC195027.ogg,35.13467120181406,0,15.0,5.0,44100,bird,1.0
370,./kaggletest/sccsun2/,XC609479.ogg,69.91199546485261,0,0.0,5.0,44100,bird,1.0
371,./kaggletest/sccsun2/,XC609479.ogg,69.91199546485261,0,5.0,5.0,44100,bird,1.0
372,./kaggletest/sccsun2/,XC609479.ogg,69.91199546485261,0,10.0,5.0,44100,bird,1.0
373,./kaggletest/sccsun2/,XC609479.ogg,69.91199546485261,0,15.0,5.0,44100,bird,1.0
374,./kaggletest/sccsun2/,XC609479.ogg,69.91199546485261,0,20.0,5.0,44100,bird,1.0
375,./kaggletest/sccsun2/,XC609479.ogg,69.91199546485261,0,25.0,5.0,44100,bird,1.0
376,./kaggletest/sccsun2/,XC609479.ogg,69.91199546485261,0,30.0,5.0,44100,bird,1.0
377,./kaggletest/sccsun2/,XC609479.ogg,69.91199546485261,0,35.0,5.0,44100,bird,1.0
378,./kaggletest/sccsun2/,XC609479.ogg,69.91199546485261,0,40.0,5.0,44100,bird,1.0
379,./kaggletest/sccsun2/,XC609479.ogg,69.91199546485261,0,45.0,5.0,44100,bird,1.0
380,./kaggletest/sccsun2/,XC609479.ogg,69.91199546485261,0,50.0,5.0,44100,bird,1.0
381,./kaggletest/sccsun2/,XC609479.ogg,69.91199546485261,0,55.0,5.0,44100,bird,1.0
382,./kaggletest/sccsun2/,XC609478.ogg,59.20798185941043,0,0.0,5.0,44100,bird,1.0
383,./kaggletest/sccsun2/,XC609478.ogg,59.20798185941043,0,10.0,5.0,44100,bird,1.0
384,./kaggletest/sccsun2/,XC195026.ogg,16.300385487528345,0,10.0,5.0,44100,bird,1.0
385,./kaggletest/sccsun2/,XC634128.ogg,66.96,0,0.0,5.0,44100,bird,1.0
386,./kaggletest/sccsun2/,XC634128.ogg,66.96,0,5.0,5.0,44100,bird,1.0
387,./kaggletest/sccsun2/,XC634128.ogg,66.96,0,10.0,5.0,44100,bird,1.0
388,./kaggletest/sccsun2/,XC634128.ogg,66.96,0,15.0,5.0,44100,bird,1.0
389,./kaggletest/sccsun2/,XC634128.ogg,66.96,0,20.0,5.0,44100,bird,1.0
390,./kaggletest/sccsun2/,XC634128.ogg,66.96,0,25.0,5.0,44100,bird,1.0
391,./kaggletest/sccsun2/,XC634128.ogg,66.96,0,30.0,5.0,44100,bird,1.0
392,./kaggletest/sccsun2/,XC634128.ogg,66.96,0,35.0,5.0,44100,bird,1.0
393,./kaggletest/sccsun2/,XC634128.ogg,66.96,0,40.0,5.0,44100,bird,1.0
394,./kaggletest/sccsun2/,XC634128.ogg,66.96,0,45.0,5.0,44100,bird,1.0
395,./kaggletest/sccsun2/,XC634128.ogg,66.96,0,50.0,5.0,44100,bird,1.0
396,./kaggletest/sccsun2/,XC634128.ogg,66.96,0,55.0,5.0,44100,bird,1.0
397,./kaggletest/sccsun2/,XC634128.ogg,66.96,0,60.0,5.0,44100,bird,1.0
398,./kaggletest/sccsun2/,XC201170.ogg,11.23265306122449,0,0.0,5.0,44100,bird,1.0
399,./kaggletest/sccsun2/,XC201170.ogg,11.23265306122449,0,5.0,5.0,44100,bird,1.0
400,./kaggletest/sccsun2/,XC523613.ogg,12.537981859410431,0,0.0,5.0,44100,bird,1.0
401,./kaggletest/sccsun2/,XC523613.ogg,12.537981859410431,0,5.0,5.0,44100,bird,1.0
402,./kaggletest/sccsun2/,XC398625.ogg,62.92798185941043,0,0.0,5.0,44100,bird,1.0
403,./kaggletest/sccsun2/,XC398625.ogg,62.92798185941043,0,5.0,5.0,44100,bird,1.0
404,./kaggletest/sccsun2/,XC398625.ogg,62.92798185941043,0,10.0,5.0,44100,bird,1.0
405,./kaggletest/sccsun2/,XC398625.ogg,62.92798185941043,0,15.0,5.0,44100,bird,1.0
406,./kaggletest/sccsun2/,XC398625.ogg,62.92798185941043,0,20.0,5.0,44100,bird,1.0
407,./kaggletest/sccsun2/,XC398625.ogg,62.92798185941043,0,25.0,5.0,44100,bird,1.0
408,./kaggletest/sccsun2/,XC398625.ogg,62.92798185941043,0,30.0,5.0,44100,bird,1.0
409,./kaggletest/sccsun2/,XC398625.ogg,62.92798185941043,0,35.0,5.0,44100,bird,1.0
410,./kaggletest/sccsun2/,XC398625.ogg,62.92798185941043,0,40.0,5.0,44100,bird,1.0
411,./kaggletest/sccsun2/,XC398625.ogg,62.92798185941043,0,45.0,5.0,44100,bird,1.0
412,./kaggletest/sccsun2/,XC398625.ogg,62.92798185941043,0,50.0,5.0,44100,bird,1.0
413,./kaggletest/sccsun2/,XC398625.ogg,62.92798185941043,0,55.0,5.0,44100,bird,1.0
414,./kaggletest/sccsun2/,XC437897.ogg,53.60299319727891,0,0.0,5.0,44100,bird,1.0
415,./kaggletest/sccsun2/,XC437897.ogg,53.60299319727891,0,5.0,5.0,44100,bird,1.0
416,./kaggletest/sccsun2/,XC437897.ogg,53.60299319727891,0,10.0,5.0,44100,bird,1.0
417,./kaggletest/sccsun2/,XC437897.ogg,53.60299319727891,0,15.0,5.0,44100,bird,1.0
418,./kaggletest/sccsun2/,XC437897.ogg,53.60299319727891,0,20.0,5.0,44100,bird,1.0
419,./kaggletest/sccsun2/,XC437897.ogg,53.60299319727891,0,25.0,5.0,44100,bird,1.0
420,./kaggletest/sccsun2/,XC437897.ogg,53.60299319727891,0,35.0,5.0,44100,bird,1.0
421,./kaggletest/sccsun2/,XC437897.ogg,53.60299319727891,0,40.0,5.0,44100,bird,1.0
422,./kaggletest/sccsun2/,XC437897.ogg,53.60299319727891,0,45.0,5.0,44100,bird,1.0
