,FOLDER,IN FILE,CLIP LENGTH,CHANNEL,OFFSET,DURATION,SAMPLE RATE,MANUAL ID,CONFIDENCE
0,./kaggletest/shesta1/,XC209999.ogg,65.32798185941043,0,0.0,5.0,44100,bird,1.0
1,./kaggletest/shesta1/,XC209999.ogg,65.32798185941043,0,5.0,5.0,44100,bird,1.0
2,./kaggletest/shesta1/,XC209999.ogg,65.32798185941043,0,15.0,5.0,44100,bird,1.0
3,./kaggletest/shesta1/,XC209999.ogg,65.32798185941043,0,20.0,5.0,44100,bird,1.0
4,./kaggletest/shesta1/,XC209999.ogg,65.32798185941043,0,25.0,5.0,44100,bird,1.0
5,./kaggletest/shesta1/,XC209999.ogg,65.32798185941043,0,30.0,5.0,44100,bird,1.0
6,./kaggletest/shesta1/,XC209999.ogg,65.32798185941043,0,35.0,5.0,44100,bird,1.0
7,./kaggletest/shesta1/,XC209999.ogg,65.32798185941043,0,50.0,5.0,44100,bird,1.0
8,./kaggletest/shesta1/,XC209999.ogg,65.32798185941043,0,55.0,5.0,44100,bird,1.0
9,./kaggletest/shesta1/,XC209999.ogg,65.32798185941043,0,60.0,5.0,44100,bird,1.0
10,./kaggletest/shesta1/,XC209997.ogg,80.20798185941042,0,0.0,5.0,44100,bird,1.0
11,./kaggletest/shesta1/,XC209997.ogg,80.20798185941042,0,5.0,5.0,44100,bird,1.0
12,./kaggletest/shesta1/,XC209997.ogg,80.20798185941042,0,10.0,5.0,44100,bird,1.0
13,./kaggletest/shesta1/,XC209997.ogg,80.20798185941042,0,15.0,5.0,44100,bird,1.0
14,./kaggletest/shesta1/,XC209997.ogg,80.20798185941042,0,20.0,5.0,44100,bird,1.0
15,./kaggletest/shesta1/,XC209997.ogg,80.20798185941042,0,25.0,5.0,44100,bird,1.0
16,./kaggletest/shesta1/,XC209997.ogg,80.20798185941042,0,30.0,5.0,44100,bird,1.0
17,./kaggletest/shesta1/,XC209997.ogg,80.20798185941042,0,35.0,5.0,44100,bird,1.0
18,./kaggletest/shesta1/,XC209997.ogg,80.20798185941042,0,40.0,5.0,44100,bird,1.0
19,./kaggletest/shesta1/,XC209997.ogg,80.20798185941042,0,45.0,5.0,44100,bird,1.0
20,./kaggletest/shesta1/,XC209997.ogg,80.20798185941042,0,50.0,5.0,44100,bird,1.0
21,./kaggletest/shesta1/,XC209997.ogg,80.20798185941042,0,55.0,5.0,44100,bird,1.0
22,./kaggletest/shesta1/,XC209997.ogg,80.20798185941042,0,60.0,5.0,44100,bird,1.0
23,./kaggletest/shesta1/,XC209997.ogg,80.20798185941042,0,65.0,5.0,44100,bird,1.0
24,./kaggletest/shesta1/,XC209997.ogg,80.20798185941042,0,70.0,5.0,44100,bird,1.0
25,./kaggletest/shesta1/,XC209997.ogg,80.20798185941042,0,75.0,5.0,44100,bird,1.0
26,./kaggletest/shesta1/,XC294379.ogg,8.463673469387755,0,0.0,5.0,44100,bird,1.0
