,FOLDER,IN FILE,CLIP LENGTH,CHANNEL,OFFSET,DURATION,SAMPLE RATE,MANUAL ID,CONFIDENCE
0,./kaggletest/sichor1/,XC697672.ogg,10.24798185941043,0,0.0,5.0,44100,bird,1.0
1,./kaggletest/sichor1/,XC697672.ogg,10.24798185941043,0,5.0,5.0,44100,bird,1.0
2,./kaggletest/sichor1/,XC294403.ogg,5.224489795918367,0,0.0,5.0,44100,bird,1.0
3,./kaggletest/sichor1/,XC294947.ogg,59.82038548752834,0,0.0,5.0,44100,bird,1.0
4,./kaggletest/sichor1/,XC294947.ogg,59.82038548752834,0,15.0,5.0,44100,bird,1.0
5,./kaggletest/sichor1/,XC294947.ogg,59.82038548752834,0,20.0,5.0,44100,bird,1.0
6,./kaggletest/sichor1/,XC294947.ogg,59.82038548752834,0,25.0,5.0,44100,bird,1.0
7,./kaggletest/sichor1/,XC294947.ogg,59.82038548752834,0,30.0,5.0,44100,bird,1.0
8,./kaggletest/sichor1/,XC294947.ogg,59.82038548752834,0,35.0,5.0,44100,bird,1.0
9,./kaggletest/sichor1/,XC294947.ogg,59.82038548752834,0,40.0,5.0,44100,bird,1.0
10,./kaggletest/sichor1/,XC294947.ogg,59.82038548752834,0,45.0,5.0,44100,bird,1.0
11,./kaggletest/sichor1/,XC294947.ogg,59.82038548752834,0,50.0,5.0,44100,bird,1.0
12,./kaggletest/sichor1/,XC517154.ogg,66.19199546485261,0,0.0,5.0,44100,bird,1.0
13,./kaggletest/sichor1/,XC517154.ogg,66.19199546485261,0,5.0,5.0,44100,bird,1.0
14,./kaggletest/sichor1/,XC517154.ogg,66.19199546485261,0,10.0,5.0,44100,bird,1.0
15,./kaggletest/sichor1/,XC517154.ogg,66.19199546485261,0,20.0,5.0,44100,bird,1.0
16,./kaggletest/sichor1/,XC517154.ogg,66.19199546485261,0,25.0,5.0,44100,bird,1.0
17,./kaggletest/sichor1/,XC517154.ogg,66.19199546485261,0,30.0,5.0,44100,bird,1.0
18,./kaggletest/sichor1/,XC517154.ogg,66.19199546485261,0,35.0,5.0,44100,bird,1.0
19,./kaggletest/sichor1/,XC517154.ogg,66.19199546485261,0,40.0,5.0,44100,bird,1.0
20,./kaggletest/sichor1/,XC517154.ogg,66.19199546485261,0,45.0,5.0,44100,bird,1.0
21,./kaggletest/sichor1/,XC517154.ogg,66.19199546485261,0,50.0,5.0,44100,bird,1.0
22,./kaggletest/sichor1/,XC517154.ogg,66.19199546485261,0,55.0,5.0,44100,bird,1.0
23,./kaggletest/sichor1/,XC517342.ogg,43.943990929705215,0,0.0,5.0,44100,bird,1.0
24,./kaggletest/sichor1/,XC517342.ogg,43.943990929705215,0,5.0,5.0,44100,bird,1.0
25,./kaggletest/sichor1/,XC517342.ogg,43.943990929705215,0,10.0,5.0,44100,bird,1.0
26,./kaggletest/sichor1/,XC517342.ogg,43.943990929705215,0,15.0,5.0,44100,bird,1.0
27,./kaggletest/sichor1/,XC517342.ogg,43.943990929705215,0,20.0,5.0,44100,bird,1.0
28,./kaggletest/sichor1/,XC517342.ogg,43.943990929705215,0,25.0,5.0,44100,bird,1.0
29,./kaggletest/sichor1/,XC517342.ogg,43.943990929705215,0,30.0,5.0,44100,bird,1.0
30,./kaggletest/sichor1/,XC517342.ogg,43.943990929705215,0,35.0,5.0,44100,bird,1.0
31,./kaggletest/sichor1/,XC127935.ogg,201.9265306122449,0,0.0,5.0,44100,bird,1.0
32,./kaggletest/sichor1/,XC127935.ogg,201.9265306122449,0,5.0,5.0,44100,bird,1.0
33,./kaggletest/sichor1/,XC127935.ogg,201.9265306122449,0,15.0,5.0,44100,bird,1.0
34,./kaggletest/sichor1/,XC127935.ogg,201.9265306122449,0,20.0,5.0,44100,bird,1.0
35,./kaggletest/sichor1/,XC127935.ogg,201.9265306122449,0,30.0,5.0,44100,bird,1.0
36,./kaggletest/sichor1/,XC127935.ogg,201.9265306122449,0,35.0,5.0,44100,bird,1.0
37,./kaggletest/sichor1/,XC127935.ogg,201.9265306122449,0,40.0,5.0,44100,bird,1.0
38,./kaggletest/sichor1/,XC127935.ogg,201.9265306122449,0,45.0,5.0,44100,bird,1.0
39,./kaggletest/sichor1/,XC127935.ogg,201.9265306122449,0,50.0,5.0,44100,bird,1.0
40,./kaggletest/sichor1/,XC127935.ogg,201.9265306122449,0,55.0,5.0,44100,bird,1.0
41,./kaggletest/sichor1/,XC127935.ogg,201.9265306122449,0,65.0,5.0,44100,bird,1.0
42,./kaggletest/sichor1/,XC127935.ogg,201.9265306122449,0,70.0,5.0,44100,bird,1.0
43,./kaggletest/sichor1/,XC127935.ogg,201.9265306122449,0,85.0,5.0,44100,bird,1.0
44,./kaggletest/sichor1/,XC127935.ogg,201.9265306122449,0,90.0,5.0,44100,bird,1.0
45,./kaggletest/sichor1/,XC127935.ogg,201.9265306122449,0,95.0,5.0,44100,bird,1.0
46,./kaggletest/sichor1/,XC127935.ogg,201.9265306122449,0,100.0,5.0,44100,bird,1.0
47,./kaggletest/sichor1/,XC127935.ogg,201.9265306122449,0,105.0,5.0,44100,bird,1.0
48,./kaggletest/sichor1/,XC127935.ogg,201.9265306122449,0,110.0,5.0,44100,bird,1.0
49,./kaggletest/sichor1/,XC127935.ogg,201.9265306122449,0,120.0,5.0,44100,bird,1.0
50,./kaggletest/sichor1/,XC127935.ogg,201.9265306122449,0,125.0,5.0,44100,bird,1.0
51,./kaggletest/sichor1/,XC127935.ogg,201.9265306122449,0,130.0,5.0,44100,bird,1.0
52,./kaggletest/sichor1/,XC127935.ogg,201.9265306122449,0,135.0,5.0,44100,bird,1.0
53,./kaggletest/sichor1/,XC127935.ogg,201.9265306122449,0,140.0,5.0,44100,bird,1.0
54,./kaggletest/sichor1/,XC127935.ogg,201.9265306122449,0,145.0,5.0,44100,bird,1.0
55,./kaggletest/sichor1/,XC127935.ogg,201.9265306122449,0,150.0,5.0,44100,bird,1.0
56,./kaggletest/sichor1/,XC127935.ogg,201.9265306122449,0,155.0,5.0,44100,bird,1.0
57,./kaggletest/sichor1/,XC127935.ogg,201.9265306122449,0,160.0,5.0,44100,bird,1.0
58,./kaggletest/sichor1/,XC127935.ogg,201.9265306122449,0,165.0,5.0,44100,bird,1.0
59,./kaggletest/sichor1/,XC127935.ogg,201.9265306122449,0,170.0,5.0,44100,bird,1.0
60,./kaggletest/sichor1/,XC127935.ogg,201.9265306122449,0,180.0,5.0,44100,bird,1.0
61,./kaggletest/sichor1/,XC127935.ogg,201.9265306122449,0,185.0,5.0,44100,bird,1.0
62,./kaggletest/sichor1/,XC127935.ogg,201.9265306122449,0,190.0,5.0,44100,bird,1.0
63,./kaggletest/sichor1/,XC127935.ogg,201.9265306122449,0,195.0,5.0,44100,bird,1.0
64,./kaggletest/sichor1/,XC452423.ogg,91.2,0,0.0,5.0,44100,bird,1.0
65,./kaggletest/sichor1/,XC452423.ogg,91.2,0,5.0,5.0,44100,bird,1.0
66,./kaggletest/sichor1/,XC452423.ogg,91.2,0,10.0,5.0,44100,bird,1.0
67,./kaggletest/sichor1/,XC452423.ogg,91.2,0,15.0,5.0,44100,bird,1.0
68,./kaggletest/sichor1/,XC452423.ogg,91.2,0,20.0,5.0,44100,bird,1.0
69,./kaggletest/sichor1/,XC452423.ogg,91.2,0,25.0,5.0,44100,bird,1.0
70,./kaggletest/sichor1/,XC452423.ogg,91.2,0,30.0,5.0,44100,bird,1.0
71,./kaggletest/sichor1/,XC452423.ogg,91.2,0,35.0,5.0,44100,bird,1.0
72,./kaggletest/sichor1/,XC452423.ogg,91.2,0,40.0,5.0,44100,bird,1.0
73,./kaggletest/sichor1/,XC452423.ogg,91.2,0,45.0,5.0,44100,bird,1.0
74,./kaggletest/sichor1/,XC452423.ogg,91.2,0,50.0,5.0,44100,bird,1.0
75,./kaggletest/sichor1/,XC452423.ogg,91.2,0,55.0,5.0,44100,bird,1.0
76,./kaggletest/sichor1/,XC452423.ogg,91.2,0,60.0,5.0,44100,bird,1.0
77,./kaggletest/sichor1/,XC452423.ogg,91.2,0,65.0,5.0,44100,bird,1.0
78,./kaggletest/sichor1/,XC452423.ogg,91.2,0,70.0,5.0,44100,bird,1.0
79,./kaggletest/sichor1/,XC452423.ogg,91.2,0,75.0,5.0,44100,bird,1.0
80,./kaggletest/sichor1/,XC452423.ogg,91.2,0,80.0,5.0,44100,bird,1.0
81,./kaggletest/sichor1/,XC452423.ogg,91.2,0,85.0,5.0,44100,bird,1.0
82,./kaggletest/sichor1/,XC514511.ogg,9.527981859410431,0,0.0,5.0,44100,bird,1.0
83,./kaggletest/sichor1/,XC514883.ogg,6.071995464852607,0,0.0,5.0,44100,bird,1.0
84,./kaggletest/sichor1/,XC517352.ogg,10.56,0,0.0,5.0,44100,bird,1.0
85,./kaggletest/sichor1/,XC517352.ogg,10.56,0,5.0,5.0,44100,bird,1.0
86,./kaggletest/sichor1/,XC516515.ogg,41.35199546485261,0,0.0,5.0,44100,bird,1.0
87,./kaggletest/sichor1/,XC516515.ogg,41.35199546485261,0,5.0,5.0,44100,bird,1.0
88,./kaggletest/sichor1/,XC516515.ogg,41.35199546485261,0,10.0,5.0,44100,bird,1.0
89,./kaggletest/sichor1/,XC516515.ogg,41.35199546485261,0,15.0,5.0,44100,bird,1.0
90,./kaggletest/sichor1/,XC516515.ogg,41.35199546485261,0,20.0,5.0,44100,bird,1.0
91,./kaggletest/sichor1/,XC516515.ogg,41.35199546485261,0,30.0,5.0,44100,bird,1.0
92,./kaggletest/sichor1/,XC516515.ogg,41.35199546485261,0,35.0,5.0,44100,bird,1.0
93,./kaggletest/sichor1/,XC467349.ogg,13.243990929705216,0,0.0,5.0,44100,bird,1.0
94,./kaggletest/sichor1/,XC467349.ogg,13.243990929705216,0,5.0,5.0,44100,bird,1.0
95,./kaggletest/sichor1/,XC610569.ogg,33.56732426303855,0,0.0,5.0,44100,bird,1.0
96,./kaggletest/sichor1/,XC610569.ogg,33.56732426303855,0,5.0,5.0,44100,bird,1.0
97,./kaggletest/sichor1/,XC610569.ogg,33.56732426303855,0,10.0,5.0,44100,bird,1.0
98,./kaggletest/sichor1/,XC610569.ogg,33.56732426303855,0,15.0,5.0,44100,bird,1.0
99,./kaggletest/sichor1/,XC610569.ogg,33.56732426303855,0,20.0,5.0,44100,bird,1.0
100,./kaggletest/sichor1/,XC610569.ogg,33.56732426303855,0,25.0,5.0,44100,bird,1.0
101,./kaggletest/sichor1/,XC216058.ogg,39.57598639455782,0,0.0,5.0,44100,bird,1.0
102,./kaggletest/sichor1/,XC216058.ogg,39.57598639455782,0,5.0,5.0,44100,bird,1.0
103,./kaggletest/sichor1/,XC216058.ogg,39.57598639455782,0,10.0,5.0,44100,bird,1.0
104,./kaggletest/sichor1/,XC216058.ogg,39.57598639455782,0,15.0,5.0,44100,bird,1.0
105,./kaggletest/sichor1/,XC216058.ogg,39.57598639455782,0,20.0,5.0,44100,bird,1.0
106,./kaggletest/sichor1/,XC216058.ogg,39.57598639455782,0,25.0,5.0,44100,bird,1.0
107,./kaggletest/sichor1/,XC216058.ogg,39.57598639455782,0,30.0,5.0,44100,bird,1.0
108,./kaggletest/sichor1/,XC216059.ogg,78.72,0,0.0,5.0,44100,bird,1.0
109,./kaggletest/sichor1/,XC216059.ogg,78.72,0,5.0,5.0,44100,bird,1.0
110,./kaggletest/sichor1/,XC216059.ogg,78.72,0,10.0,5.0,44100,bird,1.0
111,./kaggletest/sichor1/,XC216059.ogg,78.72,0,20.0,5.0,44100,bird,1.0
112,./kaggletest/sichor1/,XC216059.ogg,78.72,0,25.0,5.0,44100,bird,1.0
113,./kaggletest/sichor1/,XC216059.ogg,78.72,0,35.0,5.0,44100,bird,1.0
114,./kaggletest/sichor1/,XC216059.ogg,78.72,0,40.0,5.0,44100,bird,1.0
115,./kaggletest/sichor1/,XC216059.ogg,78.72,0,50.0,5.0,44100,bird,1.0
116,./kaggletest/sichor1/,XC216059.ogg,78.72,0,55.0,5.0,44100,bird,1.0
117,./kaggletest/sichor1/,XC216059.ogg,78.72,0,60.0,5.0,44100,bird,1.0
118,./kaggletest/sichor1/,XC216059.ogg,78.72,0,65.0,5.0,44100,bird,1.0
119,./kaggletest/sichor1/,XC216059.ogg,78.72,0,70.0,5.0,44100,bird,1.0
120,./kaggletest/sichor1/,XC514561.ogg,14.106122448979592,0,0.0,5.0,44100,bird,1.0
121,./kaggletest/sichor1/,XC514561.ogg,14.106122448979592,0,5.0,5.0,44100,bird,1.0
122,./kaggletest/sichor1/,XC394077.ogg,13.511995464852607,0,0.0,5.0,44100,bird,1.0
123,./kaggletest/sichor1/,XC394077.ogg,13.511995464852607,0,5.0,5.0,44100,bird,1.0
124,./kaggletest/sichor1/,XC216060.ogg,38.06399092970521,0,0.0,5.0,44100,bird,1.0
125,./kaggletest/sichor1/,XC216060.ogg,38.06399092970521,0,5.0,5.0,44100,bird,1.0
126,./kaggletest/sichor1/,XC216060.ogg,38.06399092970521,0,10.0,5.0,44100,bird,1.0
127,./kaggletest/sichor1/,XC216060.ogg,38.06399092970521,0,15.0,5.0,44100,bird,1.0
128,./kaggletest/sichor1/,XC216060.ogg,38.06399092970521,0,20.0,5.0,44100,bird,1.0
129,./kaggletest/sichor1/,XC216060.ogg,38.06399092970521,0,25.0,5.0,44100,bird,1.0
130,./kaggletest/sichor1/,XC216060.ogg,38.06399092970521,0,30.0,5.0,44100,bird,1.0
131,./kaggletest/sichor1/,XC515678.ogg,7.68,0,0.0,5.0,44100,bird,1.0
132,./kaggletest/sichor1/,XC446022.ogg,30.095986394557823,0,0.0,5.0,44100,bird,1.0
133,./kaggletest/sichor1/,XC446022.ogg,30.095986394557823,0,5.0,5.0,44100,bird,1.0
134,./kaggletest/sichor1/,XC446022.ogg,30.095986394557823,0,10.0,5.0,44100,bird,1.0
135,./kaggletest/sichor1/,XC446022.ogg,30.095986394557823,0,20.0,5.0,44100,bird,1.0
136,./kaggletest/sichor1/,XC446022.ogg,30.095986394557823,0,25.0,5.0,44100,bird,1.0
137,./kaggletest/sichor1/,XC452651.ogg,74.7119954648526,0,0.0,5.0,44100,bird,1.0
138,./kaggletest/sichor1/,XC452651.ogg,74.7119954648526,0,5.0,5.0,44100,bird,1.0
139,./kaggletest/sichor1/,XC452651.ogg,74.7119954648526,0,10.0,5.0,44100,bird,1.0
140,./kaggletest/sichor1/,XC452651.ogg,74.7119954648526,0,20.0,5.0,44100,bird,1.0
141,./kaggletest/sichor1/,XC452651.ogg,74.7119954648526,0,25.0,5.0,44100,bird,1.0
142,./kaggletest/sichor1/,XC452651.ogg,74.7119954648526,0,30.0,5.0,44100,bird,1.0
143,./kaggletest/sichor1/,XC452651.ogg,74.7119954648526,0,35.0,5.0,44100,bird,1.0
144,./kaggletest/sichor1/,XC452651.ogg,74.7119954648526,0,45.0,5.0,44100,bird,1.0
145,./kaggletest/sichor1/,XC452651.ogg,74.7119954648526,0,50.0,5.0,44100,bird,1.0
146,./kaggletest/sichor1/,XC452651.ogg,74.7119954648526,0,55.0,5.0,44100,bird,1.0
147,./kaggletest/sichor1/,XC452651.ogg,74.7119954648526,0,60.0,5.0,44100,bird,1.0
148,./kaggletest/sichor1/,XC452651.ogg,74.7119954648526,0,65.0,5.0,44100,bird,1.0
149,./kaggletest/sichor1/,XC515240.ogg,7.151995464852607,0,0.0,5.0,44100,bird,1.0
150,./kaggletest/sichor1/,XC372269.ogg,60.05498866213152,0,0.0,5.0,44100,bird,1.0
151,./kaggletest/sichor1/,XC372269.ogg,60.05498866213152,0,5.0,5.0,44100,bird,1.0
152,./kaggletest/sichor1/,XC372269.ogg,60.05498866213152,0,10.0,5.0,44100,bird,1.0
153,./kaggletest/sichor1/,XC372269.ogg,60.05498866213152,0,15.0,5.0,44100,bird,1.0
154,./kaggletest/sichor1/,XC372269.ogg,60.05498866213152,0,25.0,5.0,44100,bird,1.0
155,./kaggletest/sichor1/,XC372269.ogg,60.05498866213152,0,30.0,5.0,44100,bird,1.0
156,./kaggletest/sichor1/,XC372269.ogg,60.05498866213152,0,45.0,5.0,44100,bird,1.0
157,./kaggletest/sichor1/,XC372269.ogg,60.05498866213152,0,50.0,5.0,44100,bird,1.0
158,./kaggletest/sichor1/,XC372269.ogg,60.05498866213152,0,55.0,5.0,44100,bird,1.0
159,./kaggletest/sichor1/,XC514639.ogg,18.128956916099774,0,0.0,5.0,44100,bird,1.0
160,./kaggletest/sichor1/,XC514639.ogg,18.128956916099774,0,5.0,5.0,44100,bird,1.0
161,./kaggletest/sichor1/,XC514639.ogg,18.128956916099774,0,10.0,5.0,44100,bird,1.0
162,./kaggletest/sichor1/,XC372271.ogg,60.05498866213152,0,15.0,5.0,44100,bird,1.0
163,./kaggletest/sichor1/,XC372271.ogg,60.05498866213152,0,20.0,5.0,44100,bird,1.0
164,./kaggletest/sichor1/,XC372271.ogg,60.05498866213152,0,25.0,5.0,44100,bird,1.0
165,./kaggletest/sichor1/,XC372271.ogg,60.05498866213152,0,30.0,5.0,44100,bird,1.0
166,./kaggletest/sichor1/,XC372271.ogg,60.05498866213152,0,40.0,5.0,44100,bird,1.0
167,./kaggletest/sichor1/,XC372271.ogg,60.05498866213152,0,45.0,5.0,44100,bird,1.0
168,./kaggletest/sichor1/,XC372271.ogg,60.05498866213152,0,50.0,5.0,44100,bird,1.0
169,./kaggletest/sichor1/,XC516590.ogg,75.84,0,0.0,5.0,44100,bird,1.0
170,./kaggletest/sichor1/,XC516590.ogg,75.84,0,5.0,5.0,44100,bird,1.0
171,./kaggletest/sichor1/,XC516590.ogg,75.84,0,20.0,5.0,44100,bird,1.0
172,./kaggletest/sichor1/,XC516590.ogg,75.84,0,55.0,5.0,44100,bird,1.0
173,./kaggletest/sichor1/,XC394078.ogg,14.447981859410431,0,0.0,5.0,44100,bird,1.0
174,./kaggletest/sichor1/,XC394078.ogg,14.447981859410431,0,5.0,5.0,44100,bird,1.0
175,./kaggletest/sichor1/,XC514972.ogg,11.903990929705216,0,0.0,5.0,44100,bird,1.0
176,./kaggletest/sichor1/,XC514972.ogg,11.903990929705216,0,5.0,5.0,44100,bird,1.0
177,./kaggletest/sichor1/,XC516592.ogg,17.375986394557824,0,0.0,5.0,44100,bird,1.0
178,./kaggletest/sichor1/,XC516592.ogg,17.375986394557824,0,5.0,5.0,44100,bird,1.0
179,./kaggletest/sichor1/,XC516592.ogg,17.375986394557824,0,10.0,5.0,44100,bird,1.0
180,./kaggletest/sichor1/,XC410295.ogg,90.90612244897959,0,0.0,5.0,44100,bird,1.0
181,./kaggletest/sichor1/,XC410295.ogg,90.90612244897959,0,5.0,5.0,44100,bird,1.0
182,./kaggletest/sichor1/,XC410295.ogg,90.90612244897959,0,10.0,5.0,44100,bird,1.0
183,./kaggletest/sichor1/,XC410295.ogg,90.90612244897959,0,15.0,5.0,44100,bird,1.0
184,./kaggletest/sichor1/,XC410295.ogg,90.90612244897959,0,20.0,5.0,44100,bird,1.0
185,./kaggletest/sichor1/,XC410295.ogg,90.90612244897959,0,30.0,5.0,44100,bird,1.0
186,./kaggletest/sichor1/,XC410295.ogg,90.90612244897959,0,35.0,5.0,44100,bird,1.0
187,./kaggletest/sichor1/,XC410295.ogg,90.90612244897959,0,40.0,5.0,44100,bird,1.0
188,./kaggletest/sichor1/,XC410295.ogg,90.90612244897959,0,45.0,5.0,44100,bird,1.0
189,./kaggletest/sichor1/,XC410295.ogg,90.90612244897959,0,50.0,5.0,44100,bird,1.0
190,./kaggletest/sichor1/,XC410295.ogg,90.90612244897959,0,55.0,5.0,44100,bird,1.0
191,./kaggletest/sichor1/,XC410295.ogg,90.90612244897959,0,60.0,5.0,44100,bird,1.0
192,./kaggletest/sichor1/,XC410295.ogg,90.90612244897959,0,65.0,5.0,44100,bird,1.0
193,./kaggletest/sichor1/,XC410295.ogg,90.90612244897959,0,70.0,5.0,44100,bird,1.0
194,./kaggletest/sichor1/,XC410295.ogg,90.90612244897959,0,75.0,5.0,44100,bird,1.0
195,./kaggletest/sichor1/,XC410295.ogg,90.90612244897959,0,80.0,5.0,44100,bird,1.0
196,./kaggletest/sichor1/,XC410295.ogg,90.90612244897959,0,85.0,5.0,44100,bird,1.0
197,./kaggletest/sichor1/,XC426284.ogg,13.216984126984126,0,0.0,5.0,44100,bird,1.0
198,./kaggletest/sichor1/,XC426284.ogg,13.216984126984126,0,5.0,5.0,44100,bird,1.0
199,./kaggletest/sichor1/,XC446028.ogg,8.76,0,0.0,5.0,44100,bird,1.0
200,./kaggletest/sichor1/,XC701734.ogg,8.64,0,0.0,5.0,44100,bird,1.0
201,./kaggletest/sichor1/,XC446029.ogg,8.76,0,0.0,5.0,44100,bird,1.0
202,./kaggletest/sichor1/,XC755843.ogg,13.08,0,0.0,5.0,44100,bird,1.0
203,./kaggletest/sichor1/,XC755843.ogg,13.08,0,5.0,5.0,44100,bird,1.0
204,./kaggletest/sichor1/,XC474160.ogg,28.02936507936508,0,0.0,5.0,44100,bird,1.0
205,./kaggletest/sichor1/,XC474160.ogg,28.02936507936508,0,5.0,5.0,44100,bird,1.0
206,./kaggletest/sichor1/,XC474160.ogg,28.02936507936508,0,10.0,5.0,44100,bird,1.0
207,./kaggletest/sichor1/,XC474160.ogg,28.02936507936508,0,15.0,5.0,44100,bird,1.0
208,./kaggletest/sichor1/,XC474160.ogg,28.02936507936508,0,20.0,5.0,44100,bird,1.0
209,./kaggletest/sichor1/,XC581908.ogg,8.471995464852608,0,0.0,5.0,44100,bird,1.0
210,./kaggletest/sichor1/,XC516526.ogg,174.6,0,0.0,5.0,44100,bird,1.0
211,./kaggletest/sichor1/,XC516526.ogg,174.6,0,5.0,5.0,44100,bird,1.0
212,./kaggletest/sichor1/,XC516526.ogg,174.6,0,15.0,5.0,44100,bird,1.0
213,./kaggletest/sichor1/,XC516526.ogg,174.6,0,20.0,5.0,44100,bird,1.0
214,./kaggletest/sichor1/,XC516526.ogg,174.6,0,35.0,5.0,44100,bird,1.0
215,./kaggletest/sichor1/,XC516526.ogg,174.6,0,50.0,5.0,44100,bird,1.0
216,./kaggletest/sichor1/,XC516526.ogg,174.6,0,60.0,5.0,44100,bird,1.0
217,./kaggletest/sichor1/,XC516526.ogg,174.6,0,70.0,5.0,44100,bird,1.0
218,./kaggletest/sichor1/,XC516526.ogg,174.6,0,75.0,5.0,44100,bird,1.0
219,./kaggletest/sichor1/,XC516526.ogg,174.6,0,90.0,5.0,44100,bird,1.0
220,./kaggletest/sichor1/,XC516526.ogg,174.6,0,110.0,5.0,44100,bird,1.0
221,./kaggletest/sichor1/,XC516526.ogg,174.6,0,130.0,5.0,44100,bird,1.0
222,./kaggletest/sichor1/,XC516526.ogg,174.6,0,150.0,5.0,44100,bird,1.0
223,./kaggletest/sichor1/,XC516526.ogg,174.6,0,160.0,5.0,44100,bird,1.0
224,./kaggletest/sichor1/,XC516526.ogg,174.6,0,165.0,5.0,44100,bird,1.0
225,./kaggletest/sichor1/,XC517162.ogg,70.82399092970522,0,0.0,5.0,44100,bird,1.0
226,./kaggletest/sichor1/,XC517162.ogg,70.82399092970522,0,5.0,5.0,44100,bird,1.0
227,./kaggletest/sichor1/,XC517162.ogg,70.82399092970522,0,10.0,5.0,44100,bird,1.0
228,./kaggletest/sichor1/,XC517162.ogg,70.82399092970522,0,15.0,5.0,44100,bird,1.0
229,./kaggletest/sichor1/,XC517162.ogg,70.82399092970522,0,20.0,5.0,44100,bird,1.0
230,./kaggletest/sichor1/,XC517162.ogg,70.82399092970522,0,25.0,5.0,44100,bird,1.0
231,./kaggletest/sichor1/,XC517162.ogg,70.82399092970522,0,30.0,5.0,44100,bird,1.0
232,./kaggletest/sichor1/,XC517162.ogg,70.82399092970522,0,35.0,5.0,44100,bird,1.0
233,./kaggletest/sichor1/,XC517162.ogg,70.82399092970522,0,45.0,5.0,44100,bird,1.0
234,./kaggletest/sichor1/,XC517162.ogg,70.82399092970522,0,55.0,5.0,44100,bird,1.0
235,./kaggletest/sichor1/,XC517162.ogg,70.82399092970522,0,65.0,5.0,44100,bird,1.0
236,./kaggletest/sichor1/,XC515205.ogg,92.78399092970521,0,0.0,5.0,44100,bird,1.0
237,./kaggletest/sichor1/,XC515205.ogg,92.78399092970521,0,15.0,5.0,44100,bird,1.0
238,./kaggletest/sichor1/,XC515205.ogg,92.78399092970521,0,25.0,5.0,44100,bird,1.0
239,./kaggletest/sichor1/,XC515205.ogg,92.78399092970521,0,30.0,5.0,44100,bird,1.0
240,./kaggletest/sichor1/,XC515205.ogg,92.78399092970521,0,35.0,5.0,44100,bird,1.0
241,./kaggletest/sichor1/,XC515205.ogg,92.78399092970521,0,40.0,5.0,44100,bird,1.0
242,./kaggletest/sichor1/,XC515205.ogg,92.78399092970521,0,45.0,5.0,44100,bird,1.0
243,./kaggletest/sichor1/,XC515205.ogg,92.78399092970521,0,50.0,5.0,44100,bird,1.0
244,./kaggletest/sichor1/,XC515205.ogg,92.78399092970521,0,55.0,5.0,44100,bird,1.0
245,./kaggletest/sichor1/,XC515205.ogg,92.78399092970521,0,60.0,5.0,44100,bird,1.0
246,./kaggletest/sichor1/,XC515205.ogg,92.78399092970521,0,65.0,5.0,44100,bird,1.0
247,./kaggletest/sichor1/,XC515205.ogg,92.78399092970521,0,70.0,5.0,44100,bird,1.0
248,./kaggletest/sichor1/,XC515205.ogg,92.78399092970521,0,75.0,5.0,44100,bird,1.0
249,./kaggletest/sichor1/,XC515205.ogg,92.78399092970521,0,80.0,5.0,44100,bird,1.0
250,./kaggletest/sichor1/,XC515205.ogg,92.78399092970521,0,85.0,5.0,44100,bird,1.0
