,FOLDER,IN FILE,CLIP LENGTH,CHANNEL,OFFSET,DURATION,SAMPLE RATE,MANUAL ID,CONFIDENCE
0,./kaggletest/somtit4/,XC211583.ogg,7.706122448979592,0,0.0,5.0,44100,bird,1.0
1,./kaggletest/somtit4/,XC444917.ogg,13.923242630385488,0,0.0,5.0,44100,bird,1.0
2,./kaggletest/somtit4/,XC444917.ogg,13.923242630385488,0,5.0,5.0,44100,bird,1.0
3,./kaggletest/somtit4/,XC755914.ogg,13.415986394557823,0,0.0,5.0,44100,bird,1.0
4,./kaggletest/somtit4/,XC755914.ogg,13.415986394557823,0,5.0,5.0,44100,bird,1.0
5,./kaggletest/somtit4/,XC531235.ogg,52.79299319727891,0,0.0,5.0,44100,bird,1.0
6,./kaggletest/somtit4/,XC531235.ogg,52.79299319727891,0,5.0,5.0,44100,bird,1.0
7,./kaggletest/somtit4/,XC531235.ogg,52.79299319727891,0,10.0,5.0,44100,bird,1.0
8,./kaggletest/somtit4/,XC531235.ogg,52.79299319727891,0,15.0,5.0,44100,bird,1.0
9,./kaggletest/somtit4/,XC531235.ogg,52.79299319727891,0,20.0,5.0,44100,bird,1.0
10,./kaggletest/somtit4/,XC531235.ogg,52.79299319727891,0,25.0,5.0,44100,bird,1.0
11,./kaggletest/somtit4/,XC531235.ogg,52.79299319727891,0,30.0,5.0,44100,bird,1.0
12,./kaggletest/somtit4/,XC531235.ogg,52.79299319727891,0,35.0,5.0,44100,bird,1.0
13,./kaggletest/somtit4/,XC531235.ogg,52.79299319727891,0,40.0,5.0,44100,bird,1.0
14,./kaggletest/somtit4/,XC531235.ogg,52.79299319727891,0,45.0,5.0,44100,bird,1.0
15,./kaggletest/somtit4/,XC600790.ogg,29.33548752834467,0,0.0,5.0,44100,bird,1.0
16,./kaggletest/somtit4/,XC600790.ogg,29.33548752834467,0,5.0,5.0,44100,bird,1.0
17,./kaggletest/somtit4/,XC600790.ogg,29.33548752834467,0,10.0,5.0,44100,bird,1.0
18,./kaggletest/somtit4/,XC600790.ogg,29.33548752834467,0,15.0,5.0,44100,bird,1.0
19,./kaggletest/somtit4/,XC600785.ogg,41.663990929705214,0,0.0,5.0,44100,bird,1.0
20,./kaggletest/somtit4/,XC600785.ogg,41.663990929705214,0,10.0,5.0,44100,bird,1.0
21,./kaggletest/somtit4/,XC600785.ogg,41.663990929705214,0,15.0,5.0,44100,bird,1.0
22,./kaggletest/somtit4/,XC600785.ogg,41.663990929705214,0,20.0,5.0,44100,bird,1.0
23,./kaggletest/somtit4/,XC600785.ogg,41.663990929705214,0,25.0,5.0,44100,bird,1.0
24,./kaggletest/somtit4/,XC600785.ogg,41.663990929705214,0,30.0,5.0,44100,bird,1.0
25,./kaggletest/somtit4/,XC600785.ogg,41.663990929705214,0,35.0,5.0,44100,bird,1.0
26,./kaggletest/somtit4/,XC748264.ogg,27.023990929705214,0,0.0,5.0,44100,bird,1.0
27,./kaggletest/somtit4/,XC748264.ogg,27.023990929705214,0,5.0,5.0,44100,bird,1.0
28,./kaggletest/somtit4/,XC748264.ogg,27.023990929705214,0,10.0,5.0,44100,bird,1.0
29,./kaggletest/somtit4/,XC748264.ogg,27.023990929705214,0,15.0,5.0,44100,bird,1.0
30,./kaggletest/somtit4/,XC748264.ogg,27.023990929705214,0,20.0,5.0,44100,bird,1.0
31,./kaggletest/somtit4/,XC600787.ogg,11.08798185941043,0,0.0,5.0,44100,bird,1.0
32,./kaggletest/somtit4/,XC600787.ogg,11.08798185941043,0,5.0,5.0,44100,bird,1.0
33,./kaggletest/somtit4/,XC600786.ogg,6.167981859410431,0,0.0,5.0,44100,bird,1.0
34,./kaggletest/somtit4/,XC613503.ogg,31.56,0,0.0,5.0,44100,bird,1.0
35,./kaggletest/somtit4/,XC613503.ogg,31.56,0,5.0,5.0,44100,bird,1.0
36,./kaggletest/somtit4/,XC613503.ogg,31.56,0,10.0,5.0,44100,bird,1.0
37,./kaggletest/somtit4/,XC613503.ogg,31.56,0,15.0,5.0,44100,bird,1.0
38,./kaggletest/somtit4/,XC613503.ogg,31.56,0,20.0,5.0,44100,bird,1.0
39,./kaggletest/somtit4/,XC613503.ogg,31.56,0,25.0,5.0,44100,bird,1.0
40,./kaggletest/somtit4/,XC613502.ogg,26.23199546485261,0,15.0,5.0,44100,bird,1.0
41,./kaggletest/somtit4/,XC748262.ogg,36.38399092970521,0,0.0,5.0,44100,bird,1.0
42,./kaggletest/somtit4/,XC748262.ogg,36.38399092970521,0,5.0,5.0,44100,bird,1.0
43,./kaggletest/somtit4/,XC748262.ogg,36.38399092970521,0,10.0,5.0,44100,bird,1.0
44,./kaggletest/somtit4/,XC748262.ogg,36.38399092970521,0,15.0,5.0,44100,bird,1.0
45,./kaggletest/somtit4/,XC748262.ogg,36.38399092970521,0,20.0,5.0,44100,bird,1.0
46,./kaggletest/somtit4/,XC748262.ogg,36.38399092970521,0,25.0,5.0,44100,bird,1.0
47,./kaggletest/somtit4/,XC748262.ogg,36.38399092970521,0,30.0,5.0,44100,bird,1.0
48,./kaggletest/somtit4/,XC647024.ogg,28.703990929705217,0,0.0,5.0,44100,bird,1.0
49,./kaggletest/somtit4/,XC647024.ogg,28.703990929705217,0,5.0,5.0,44100,bird,1.0
50,./kaggletest/somtit4/,XC647024.ogg,28.703990929705217,0,10.0,5.0,44100,bird,1.0
51,./kaggletest/somtit4/,XC647024.ogg,28.703990929705217,0,15.0,5.0,44100,bird,1.0
52,./kaggletest/somtit4/,XC647024.ogg,28.703990929705217,0,20.0,5.0,44100,bird,1.0
53,./kaggletest/somtit4/,XC266415.ogg,48.407981859410434,0,0.0,5.0,44100,bird,1.0
54,./kaggletest/somtit4/,XC266415.ogg,48.407981859410434,0,5.0,5.0,44100,bird,1.0
55,./kaggletest/somtit4/,XC266415.ogg,48.407981859410434,0,10.0,5.0,44100,bird,1.0
56,./kaggletest/somtit4/,XC266415.ogg,48.407981859410434,0,15.0,5.0,44100,bird,1.0
57,./kaggletest/somtit4/,XC266415.ogg,48.407981859410434,0,20.0,5.0,44100,bird,1.0
58,./kaggletest/somtit4/,XC266415.ogg,48.407981859410434,0,25.0,5.0,44100,bird,1.0
59,./kaggletest/somtit4/,XC266415.ogg,48.407981859410434,0,30.0,5.0,44100,bird,1.0
60,./kaggletest/somtit4/,XC266415.ogg,48.407981859410434,0,35.0,5.0,44100,bird,1.0
61,./kaggletest/somtit4/,XC266415.ogg,48.407981859410434,0,40.0,5.0,44100,bird,1.0
62,./kaggletest/somtit4/,XC728957.ogg,32.01598639455782,0,0.0,5.0,44100,bird,1.0
63,./kaggletest/somtit4/,XC728957.ogg,32.01598639455782,0,5.0,5.0,44100,bird,1.0
64,./kaggletest/somtit4/,XC728957.ogg,32.01598639455782,0,10.0,5.0,44100,bird,1.0
65,./kaggletest/somtit4/,XC728957.ogg,32.01598639455782,0,15.0,5.0,44100,bird,1.0
66,./kaggletest/somtit4/,XC728957.ogg,32.01598639455782,0,20.0,5.0,44100,bird,1.0
67,./kaggletest/somtit4/,XC266414.ogg,20.063990929705216,0,0.0,5.0,44100,bird,1.0
68,./kaggletest/somtit4/,XC266414.ogg,20.063990929705216,0,5.0,5.0,44100,bird,1.0
69,./kaggletest/somtit4/,XC266414.ogg,20.063990929705216,0,10.0,5.0,44100,bird,1.0
70,./kaggletest/somtit4/,XC266414.ogg,20.063990929705216,0,15.0,5.0,44100,bird,1.0
71,./kaggletest/somtit4/,XC444560.ogg,46.28895691609977,0,0.0,5.0,44100,bird,1.0
72,./kaggletest/somtit4/,XC444560.ogg,46.28895691609977,0,5.0,5.0,44100,bird,1.0
73,./kaggletest/somtit4/,XC444560.ogg,46.28895691609977,0,10.0,5.0,44100,bird,1.0
74,./kaggletest/somtit4/,XC444560.ogg,46.28895691609977,0,15.0,5.0,44100,bird,1.0
75,./kaggletest/somtit4/,XC444560.ogg,46.28895691609977,0,20.0,5.0,44100,bird,1.0
76,./kaggletest/somtit4/,XC444560.ogg,46.28895691609977,0,25.0,5.0,44100,bird,1.0
77,./kaggletest/somtit4/,XC444560.ogg,46.28895691609977,0,30.0,5.0,44100,bird,1.0
78,./kaggletest/somtit4/,XC444560.ogg,46.28895691609977,0,35.0,5.0,44100,bird,1.0
79,./kaggletest/somtit4/,XC444560.ogg,46.28895691609977,0,40.0,5.0,44100,bird,1.0
80,./kaggletest/somtit4/,XC266413.ogg,20.375986394557824,0,0.0,5.0,44100,bird,1.0
81,./kaggletest/somtit4/,XC266413.ogg,20.375986394557824,0,5.0,5.0,44100,bird,1.0
82,./kaggletest/somtit4/,XC266413.ogg,20.375986394557824,0,10.0,5.0,44100,bird,1.0
83,./kaggletest/somtit4/,XC266413.ogg,20.375986394557824,0,15.0,5.0,44100,bird,1.0
84,./kaggletest/somtit4/,XC600788.ogg,25.32,0,0.0,5.0,44100,bird,1.0
85,./kaggletest/somtit4/,XC600788.ogg,25.32,0,5.0,5.0,44100,bird,1.0
86,./kaggletest/somtit4/,XC600788.ogg,25.32,0,10.0,5.0,44100,bird,1.0
87,./kaggletest/somtit4/,XC600788.ogg,25.32,0,15.0,5.0,44100,bird,1.0
88,./kaggletest/somtit4/,XC600788.ogg,25.32,0,20.0,5.0,44100,bird,1.0
89,./kaggletest/somtit4/,XC266412.ogg,34.82399092970522,0,0.0,5.0,44100,bird,1.0
90,./kaggletest/somtit4/,XC266412.ogg,34.82399092970522,0,5.0,5.0,44100,bird,1.0
91,./kaggletest/somtit4/,XC266412.ogg,34.82399092970522,0,10.0,5.0,44100,bird,1.0
92,./kaggletest/somtit4/,XC266412.ogg,34.82399092970522,0,15.0,5.0,44100,bird,1.0
93,./kaggletest/somtit4/,XC266412.ogg,34.82399092970522,0,20.0,5.0,44100,bird,1.0
94,./kaggletest/somtit4/,XC266412.ogg,34.82399092970522,0,25.0,5.0,44100,bird,1.0
