,FOLDER,IN FILE,CLIP LENGTH,CHANNEL,OFFSET,DURATION,SAMPLE RATE,MANUAL ID,CONFIDENCE
0,./kaggletest/soucit1/,XC627238.ogg,24.743990929705216,0,0.0,5.0,44100,bird,1.0
1,./kaggletest/soucit1/,XC627238.ogg,24.743990929705216,0,5.0,5.0,44100,bird,1.0
2,./kaggletest/soucit1/,XC627238.ogg,24.743990929705216,0,10.0,5.0,44100,bird,1.0
3,./kaggletest/soucit1/,XC627238.ogg,24.743990929705216,0,15.0,5.0,44100,bird,1.0
4,./kaggletest/soucit1/,XC119402.ogg,40.437551020408165,0,0.0,5.0,44100,bird,1.0
5,./kaggletest/soucit1/,XC119402.ogg,40.437551020408165,0,5.0,5.0,44100,bird,1.0
6,./kaggletest/soucit1/,XC119402.ogg,40.437551020408165,0,10.0,5.0,44100,bird,1.0
7,./kaggletest/soucit1/,XC119402.ogg,40.437551020408165,0,15.0,5.0,44100,bird,1.0
8,./kaggletest/soucit1/,XC119402.ogg,40.437551020408165,0,20.0,5.0,44100,bird,1.0
9,./kaggletest/soucit1/,XC119402.ogg,40.437551020408165,0,25.0,5.0,44100,bird,1.0
10,./kaggletest/soucit1/,XC119402.ogg,40.437551020408165,0,30.0,5.0,44100,bird,1.0
11,./kaggletest/soucit1/,XC119402.ogg,40.437551020408165,0,35.0,5.0,44100,bird,1.0
12,./kaggletest/soucit1/,XC627239.ogg,30.983990929705215,0,5.0,5.0,44100,bird,1.0
13,./kaggletest/soucit1/,XC627239.ogg,30.983990929705215,0,10.0,5.0,44100,bird,1.0
14,./kaggletest/soucit1/,XC627239.ogg,30.983990929705215,0,15.0,5.0,44100,bird,1.0
15,./kaggletest/soucit1/,XC627239.ogg,30.983990929705215,0,20.0,5.0,44100,bird,1.0
16,./kaggletest/soucit1/,XC627239.ogg,30.983990929705215,0,25.0,5.0,44100,bird,1.0
17,./kaggletest/soucit1/,XC396388.ogg,20.48,0,0.0,5.0,44100,bird,1.0
18,./kaggletest/soucit1/,XC396388.ogg,20.48,0,5.0,5.0,44100,bird,1.0
19,./kaggletest/soucit1/,XC396388.ogg,20.48,0,10.0,5.0,44100,bird,1.0
20,./kaggletest/soucit1/,XC396388.ogg,20.48,0,15.0,5.0,44100,bird,1.0
21,./kaggletest/soucit1/,XC396039.ogg,31.791020408163266,0,0.0,5.0,44100,bird,1.0
22,./kaggletest/soucit1/,XC396039.ogg,31.791020408163266,0,5.0,5.0,44100,bird,1.0
23,./kaggletest/soucit1/,XC396039.ogg,31.791020408163266,0,10.0,5.0,44100,bird,1.0
24,./kaggletest/soucit1/,XC396039.ogg,31.791020408163266,0,15.0,5.0,44100,bird,1.0
25,./kaggletest/soucit1/,XC396039.ogg,31.791020408163266,0,20.0,5.0,44100,bird,1.0
26,./kaggletest/soucit1/,XC396039.ogg,31.791020408163266,0,25.0,5.0,44100,bird,1.0
27,./kaggletest/soucit1/,XC615098.ogg,53.52,0,0.0,5.0,44100,bird,1.0
28,./kaggletest/soucit1/,XC615098.ogg,53.52,0,5.0,5.0,44100,bird,1.0
29,./kaggletest/soucit1/,XC615098.ogg,53.52,0,10.0,5.0,44100,bird,1.0
30,./kaggletest/soucit1/,XC615098.ogg,53.52,0,15.0,5.0,44100,bird,1.0
31,./kaggletest/soucit1/,XC615098.ogg,53.52,0,20.0,5.0,44100,bird,1.0
32,./kaggletest/soucit1/,XC615098.ogg,53.52,0,25.0,5.0,44100,bird,1.0
33,./kaggletest/soucit1/,XC615098.ogg,53.52,0,30.0,5.0,44100,bird,1.0
34,./kaggletest/soucit1/,XC615098.ogg,53.52,0,35.0,5.0,44100,bird,1.0
35,./kaggletest/soucit1/,XC615098.ogg,53.52,0,40.0,5.0,44100,bird,1.0
36,./kaggletest/soucit1/,XC615098.ogg,53.52,0,45.0,5.0,44100,bird,1.0
37,./kaggletest/soucit1/,XC601840.ogg,22.38691609977324,0,0.0,5.0,44100,bird,1.0
38,./kaggletest/soucit1/,XC601840.ogg,22.38691609977324,0,5.0,5.0,44100,bird,1.0
39,./kaggletest/soucit1/,XC601840.ogg,22.38691609977324,0,10.0,5.0,44100,bird,1.0
40,./kaggletest/soucit1/,XC601840.ogg,22.38691609977324,0,15.0,5.0,44100,bird,1.0
41,./kaggletest/soucit1/,XC428700.ogg,25.33798185941043,0,0.0,5.0,44100,bird,1.0
42,./kaggletest/soucit1/,XC428700.ogg,25.33798185941043,0,5.0,5.0,44100,bird,1.0
43,./kaggletest/soucit1/,XC428700.ogg,25.33798185941043,0,10.0,5.0,44100,bird,1.0
44,./kaggletest/soucit1/,XC428700.ogg,25.33798185941043,0,15.0,5.0,44100,bird,1.0
45,./kaggletest/soucit1/,XC428700.ogg,25.33798185941043,0,20.0,5.0,44100,bird,1.0
46,./kaggletest/soucit1/,XC601841.ogg,44.35589569160998,0,0.0,5.0,44100,bird,1.0
47,./kaggletest/soucit1/,XC601841.ogg,44.35589569160998,0,5.0,5.0,44100,bird,1.0
48,./kaggletest/soucit1/,XC601841.ogg,44.35589569160998,0,10.0,5.0,44100,bird,1.0
49,./kaggletest/soucit1/,XC601841.ogg,44.35589569160998,0,15.0,5.0,44100,bird,1.0
50,./kaggletest/soucit1/,XC601841.ogg,44.35589569160998,0,20.0,5.0,44100,bird,1.0
51,./kaggletest/soucit1/,XC601841.ogg,44.35589569160998,0,25.0,5.0,44100,bird,1.0
52,./kaggletest/soucit1/,XC601841.ogg,44.35589569160998,0,30.0,5.0,44100,bird,1.0
53,./kaggletest/soucit1/,XC601841.ogg,44.35589569160998,0,35.0,5.0,44100,bird,1.0
54,./kaggletest/soucit1/,XC352785.ogg,104.73598639455783,0,0.0,5.0,44100,bird,1.0
55,./kaggletest/soucit1/,XC352785.ogg,104.73598639455783,0,5.0,5.0,44100,bird,1.0
56,./kaggletest/soucit1/,XC352785.ogg,104.73598639455783,0,10.0,5.0,44100,bird,1.0
57,./kaggletest/soucit1/,XC352785.ogg,104.73598639455783,0,15.0,5.0,44100,bird,1.0
58,./kaggletest/soucit1/,XC352785.ogg,104.73598639455783,0,25.0,5.0,44100,bird,1.0
59,./kaggletest/soucit1/,XC352785.ogg,104.73598639455783,0,30.0,5.0,44100,bird,1.0
60,./kaggletest/soucit1/,XC352785.ogg,104.73598639455783,0,35.0,5.0,44100,bird,1.0
61,./kaggletest/soucit1/,XC352785.ogg,104.73598639455783,0,40.0,5.0,44100,bird,1.0
62,./kaggletest/soucit1/,XC352785.ogg,104.73598639455783,0,45.0,5.0,44100,bird,1.0
63,./kaggletest/soucit1/,XC352785.ogg,104.73598639455783,0,50.0,5.0,44100,bird,1.0
64,./kaggletest/soucit1/,XC352785.ogg,104.73598639455783,0,55.0,5.0,44100,bird,1.0
65,./kaggletest/soucit1/,XC352785.ogg,104.73598639455783,0,60.0,5.0,44100,bird,1.0
66,./kaggletest/soucit1/,XC352785.ogg,104.73598639455783,0,65.0,5.0,44100,bird,1.0
67,./kaggletest/soucit1/,XC352785.ogg,104.73598639455783,0,70.0,5.0,44100,bird,1.0
68,./kaggletest/soucit1/,XC352785.ogg,104.73598639455783,0,75.0,5.0,44100,bird,1.0
69,./kaggletest/soucit1/,XC352785.ogg,104.73598639455783,0,80.0,5.0,44100,bird,1.0
70,./kaggletest/soucit1/,XC352785.ogg,104.73598639455783,0,85.0,5.0,44100,bird,1.0
71,./kaggletest/soucit1/,XC352785.ogg,104.73598639455783,0,90.0,5.0,44100,bird,1.0
72,./kaggletest/soucit1/,XC352785.ogg,104.73598639455783,0,95.0,5.0,44100,bird,1.0
73,./kaggletest/soucit1/,XC613507.ogg,18.215986394557824,0,0.0,5.0,44100,bird,1.0
74,./kaggletest/soucit1/,XC613507.ogg,18.215986394557824,0,5.0,5.0,44100,bird,1.0
75,./kaggletest/soucit1/,XC613507.ogg,18.215986394557824,0,10.0,5.0,44100,bird,1.0
76,./kaggletest/soucit1/,XC612386.ogg,21.47265306122449,0,0.0,5.0,44100,bird,1.0
77,./kaggletest/soucit1/,XC612386.ogg,21.47265306122449,0,5.0,5.0,44100,bird,1.0
78,./kaggletest/soucit1/,XC612386.ogg,21.47265306122449,0,10.0,5.0,44100,bird,1.0
79,./kaggletest/soucit1/,XC612386.ogg,21.47265306122449,0,15.0,5.0,44100,bird,1.0
80,./kaggletest/soucit1/,XC612385.ogg,28.47344671201814,0,0.0,5.0,44100,bird,1.0
81,./kaggletest/soucit1/,XC612385.ogg,28.47344671201814,0,5.0,5.0,44100,bird,1.0
82,./kaggletest/soucit1/,XC612385.ogg,28.47344671201814,0,10.0,5.0,44100,bird,1.0
83,./kaggletest/soucit1/,XC612385.ogg,28.47344671201814,0,15.0,5.0,44100,bird,1.0
84,./kaggletest/soucit1/,XC612385.ogg,28.47344671201814,0,20.0,5.0,44100,bird,1.0
85,./kaggletest/soucit1/,XC602933.ogg,36.93714285714286,0,0.0,5.0,44100,bird,1.0
86,./kaggletest/soucit1/,XC602933.ogg,36.93714285714286,0,5.0,5.0,44100,bird,1.0
87,./kaggletest/soucit1/,XC602933.ogg,36.93714285714286,0,10.0,5.0,44100,bird,1.0
88,./kaggletest/soucit1/,XC602933.ogg,36.93714285714286,0,15.0,5.0,44100,bird,1.0
89,./kaggletest/soucit1/,XC602933.ogg,36.93714285714286,0,20.0,5.0,44100,bird,1.0
90,./kaggletest/soucit1/,XC602933.ogg,36.93714285714286,0,25.0,5.0,44100,bird,1.0
91,./kaggletest/soucit1/,XC602933.ogg,36.93714285714286,0,30.0,5.0,44100,bird,1.0
92,./kaggletest/soucit1/,XC602932.ogg,55.980385487528345,0,5.0,5.0,44100,bird,1.0
93,./kaggletest/soucit1/,XC602932.ogg,55.980385487528345,0,10.0,5.0,44100,bird,1.0
94,./kaggletest/soucit1/,XC602932.ogg,55.980385487528345,0,15.0,5.0,44100,bird,1.0
95,./kaggletest/soucit1/,XC602932.ogg,55.980385487528345,0,25.0,5.0,44100,bird,1.0
96,./kaggletest/soucit1/,XC602932.ogg,55.980385487528345,0,30.0,5.0,44100,bird,1.0
97,./kaggletest/soucit1/,XC602932.ogg,55.980385487528345,0,40.0,5.0,44100,bird,1.0
98,./kaggletest/soucit1/,XC626072.ogg,33.90691609977324,0,10.0,5.0,44100,bird,1.0
99,./kaggletest/soucit1/,XC626072.ogg,33.90691609977324,0,20.0,5.0,44100,bird,1.0
100,./kaggletest/soucit1/,XC697678.ogg,20.663990929705214,0,0.0,5.0,44100,bird,1.0
101,./kaggletest/soucit1/,XC697678.ogg,20.663990929705214,0,5.0,5.0,44100,bird,1.0
102,./kaggletest/soucit1/,XC697678.ogg,20.663990929705214,0,10.0,5.0,44100,bird,1.0
103,./kaggletest/soucit1/,XC697678.ogg,20.663990929705214,0,15.0,5.0,44100,bird,1.0
104,./kaggletest/soucit1/,XC703347.ogg,34.96798185941043,0,0.0,5.0,44100,bird,1.0
105,./kaggletest/soucit1/,XC614372.ogg,23.423990929705216,0,0.0,5.0,44100,bird,1.0
106,./kaggletest/soucit1/,XC614372.ogg,23.423990929705216,0,5.0,5.0,44100,bird,1.0
107,./kaggletest/soucit1/,XC614372.ogg,23.423990929705216,0,10.0,5.0,44100,bird,1.0
108,./kaggletest/soucit1/,XC614372.ogg,23.423990929705216,0,15.0,5.0,44100,bird,1.0
109,./kaggletest/soucit1/,XC391601.ogg,23.351995464852607,0,0.0,5.0,44100,bird,1.0
110,./kaggletest/soucit1/,XC391601.ogg,23.351995464852607,0,5.0,5.0,44100,bird,1.0
111,./kaggletest/soucit1/,XC391601.ogg,23.351995464852607,0,10.0,5.0,44100,bird,1.0
112,./kaggletest/soucit1/,XC391601.ogg,23.351995464852607,0,15.0,5.0,44100,bird,1.0
113,./kaggletest/soucit1/,XC627235.ogg,48.12,0,0.0,5.0,44100,bird,1.0
114,./kaggletest/soucit1/,XC627235.ogg,48.12,0,5.0,5.0,44100,bird,1.0
115,./kaggletest/soucit1/,XC627235.ogg,48.12,0,10.0,5.0,44100,bird,1.0
116,./kaggletest/soucit1/,XC627235.ogg,48.12,0,15.0,5.0,44100,bird,1.0
117,./kaggletest/soucit1/,XC627235.ogg,48.12,0,20.0,5.0,44100,bird,1.0
118,./kaggletest/soucit1/,XC627235.ogg,48.12,0,30.0,5.0,44100,bird,1.0
119,./kaggletest/soucit1/,XC627235.ogg,48.12,0,35.0,5.0,44100,bird,1.0
120,./kaggletest/soucit1/,XC627235.ogg,48.12,0,40.0,5.0,44100,bird,1.0
