,FOLDER,IN FILE,CLIP LENGTH,CHANNEL,OFFSET,DURATION,SAMPLE RATE,MANUAL ID,CONFIDENCE
0,./kaggletest/soufis1/,XC433035.ogg,21.732993197278912,0,0.0,5.0,44100,bird,1.0
1,./kaggletest/soufis1/,XC433035.ogg,21.732993197278912,0,5.0,5.0,44100,bird,1.0
2,./kaggletest/soufis1/,XC433035.ogg,21.732993197278912,0,10.0,5.0,44100,bird,1.0
3,./kaggletest/soufis1/,XC433035.ogg,21.732993197278912,0,15.0,5.0,44100,bird,1.0
4,./kaggletest/soufis1/,XC383579.ogg,105.57598639455782,0,0.0,5.0,44100,bird,1.0
5,./kaggletest/soufis1/,XC383579.ogg,105.57598639455782,0,5.0,5.0,44100,bird,1.0
6,./kaggletest/soufis1/,XC383579.ogg,105.57598639455782,0,10.0,5.0,44100,bird,1.0
7,./kaggletest/soufis1/,XC383579.ogg,105.57598639455782,0,15.0,5.0,44100,bird,1.0
8,./kaggletest/soufis1/,XC383579.ogg,105.57598639455782,0,20.0,5.0,44100,bird,1.0
9,./kaggletest/soufis1/,XC383579.ogg,105.57598639455782,0,25.0,5.0,44100,bird,1.0
10,./kaggletest/soufis1/,XC383579.ogg,105.57598639455782,0,30.0,5.0,44100,bird,1.0
11,./kaggletest/soufis1/,XC383579.ogg,105.57598639455782,0,35.0,5.0,44100,bird,1.0
12,./kaggletest/soufis1/,XC383579.ogg,105.57598639455782,0,40.0,5.0,44100,bird,1.0
13,./kaggletest/soufis1/,XC383579.ogg,105.57598639455782,0,45.0,5.0,44100,bird,1.0
14,./kaggletest/soufis1/,XC383579.ogg,105.57598639455782,0,50.0,5.0,44100,bird,1.0
15,./kaggletest/soufis1/,XC383579.ogg,105.57598639455782,0,55.0,5.0,44100,bird,1.0
16,./kaggletest/soufis1/,XC383579.ogg,105.57598639455782,0,60.0,5.0,44100,bird,1.0
17,./kaggletest/soufis1/,XC383579.ogg,105.57598639455782,0,65.0,5.0,44100,bird,1.0
18,./kaggletest/soufis1/,XC383579.ogg,105.57598639455782,0,70.0,5.0,44100,bird,1.0
19,./kaggletest/soufis1/,XC383579.ogg,105.57598639455782,0,75.0,5.0,44100,bird,1.0
20,./kaggletest/soufis1/,XC383579.ogg,105.57598639455782,0,80.0,5.0,44100,bird,1.0
21,./kaggletest/soufis1/,XC383579.ogg,105.57598639455782,0,85.0,5.0,44100,bird,1.0
22,./kaggletest/soufis1/,XC383579.ogg,105.57598639455782,0,90.0,5.0,44100,bird,1.0
23,./kaggletest/soufis1/,XC383579.ogg,105.57598639455782,0,95.0,5.0,44100,bird,1.0
24,./kaggletest/soufis1/,XC418728.ogg,11.990204081632653,0,0.0,5.0,44100,bird,1.0
25,./kaggletest/soufis1/,XC418728.ogg,11.990204081632653,0,5.0,5.0,44100,bird,1.0
26,./kaggletest/soufis1/,XC579705.ogg,17.99798185941043,0,0.0,5.0,44100,bird,1.0
27,./kaggletest/soufis1/,XC579705.ogg,17.99798185941043,0,5.0,5.0,44100,bird,1.0
28,./kaggletest/soufis1/,XC579705.ogg,17.99798185941043,0,10.0,5.0,44100,bird,1.0
29,./kaggletest/soufis1/,XC433630.ogg,22.647981859410432,0,0.0,5.0,44100,bird,1.0
30,./kaggletest/soufis1/,XC433630.ogg,22.647981859410432,0,5.0,5.0,44100,bird,1.0
31,./kaggletest/soufis1/,XC433630.ogg,22.647981859410432,0,10.0,5.0,44100,bird,1.0
32,./kaggletest/soufis1/,XC433630.ogg,22.647981859410432,0,15.0,5.0,44100,bird,1.0
33,./kaggletest/soufis1/,XC509741.ogg,50.31183673469388,0,0.0,5.0,44100,bird,1.0
34,./kaggletest/soufis1/,XC509741.ogg,50.31183673469388,0,5.0,5.0,44100,bird,1.0
35,./kaggletest/soufis1/,XC509741.ogg,50.31183673469388,0,10.0,5.0,44100,bird,1.0
36,./kaggletest/soufis1/,XC509741.ogg,50.31183673469388,0,15.0,5.0,44100,bird,1.0
37,./kaggletest/soufis1/,XC509741.ogg,50.31183673469388,0,20.0,5.0,44100,bird,1.0
38,./kaggletest/soufis1/,XC509741.ogg,50.31183673469388,0,25.0,5.0,44100,bird,1.0
39,./kaggletest/soufis1/,XC509741.ogg,50.31183673469388,0,30.0,5.0,44100,bird,1.0
40,./kaggletest/soufis1/,XC509741.ogg,50.31183673469388,0,35.0,5.0,44100,bird,1.0
41,./kaggletest/soufis1/,XC509741.ogg,50.31183673469388,0,40.0,5.0,44100,bird,1.0
42,./kaggletest/soufis1/,XC509741.ogg,50.31183673469388,0,45.0,5.0,44100,bird,1.0
43,./kaggletest/soufis1/,XC383568.ogg,106.8,0,0.0,5.0,44100,bird,1.0
44,./kaggletest/soufis1/,XC383568.ogg,106.8,0,5.0,5.0,44100,bird,1.0
45,./kaggletest/soufis1/,XC383568.ogg,106.8,0,10.0,5.0,44100,bird,1.0
46,./kaggletest/soufis1/,XC383568.ogg,106.8,0,15.0,5.0,44100,bird,1.0
47,./kaggletest/soufis1/,XC383568.ogg,106.8,0,20.0,5.0,44100,bird,1.0
48,./kaggletest/soufis1/,XC383568.ogg,106.8,0,25.0,5.0,44100,bird,1.0
49,./kaggletest/soufis1/,XC383568.ogg,106.8,0,30.0,5.0,44100,bird,1.0
50,./kaggletest/soufis1/,XC383568.ogg,106.8,0,35.0,5.0,44100,bird,1.0
51,./kaggletest/soufis1/,XC383568.ogg,106.8,0,40.0,5.0,44100,bird,1.0
52,./kaggletest/soufis1/,XC383568.ogg,106.8,0,45.0,5.0,44100,bird,1.0
53,./kaggletest/soufis1/,XC383568.ogg,106.8,0,50.0,5.0,44100,bird,1.0
54,./kaggletest/soufis1/,XC383568.ogg,106.8,0,55.0,5.0,44100,bird,1.0
55,./kaggletest/soufis1/,XC383568.ogg,106.8,0,60.0,5.0,44100,bird,1.0
56,./kaggletest/soufis1/,XC383568.ogg,106.8,0,65.0,5.0,44100,bird,1.0
57,./kaggletest/soufis1/,XC383568.ogg,106.8,0,70.0,5.0,44100,bird,1.0
58,./kaggletest/soufis1/,XC383568.ogg,106.8,0,75.0,5.0,44100,bird,1.0
59,./kaggletest/soufis1/,XC383568.ogg,106.8,0,80.0,5.0,44100,bird,1.0
60,./kaggletest/soufis1/,XC383568.ogg,106.8,0,85.0,5.0,44100,bird,1.0
61,./kaggletest/soufis1/,XC383568.ogg,106.8,0,90.0,5.0,44100,bird,1.0
62,./kaggletest/soufis1/,XC383568.ogg,106.8,0,100.0,5.0,44100,bird,1.0
63,./kaggletest/soufis1/,XC509740.ogg,29.962426303854876,0,0.0,5.0,44100,bird,1.0
64,./kaggletest/soufis1/,XC509740.ogg,29.962426303854876,0,5.0,5.0,44100,bird,1.0
65,./kaggletest/soufis1/,XC509740.ogg,29.962426303854876,0,10.0,5.0,44100,bird,1.0
66,./kaggletest/soufis1/,XC509740.ogg,29.962426303854876,0,15.0,5.0,44100,bird,1.0
67,./kaggletest/soufis1/,XC509740.ogg,29.962426303854876,0,20.0,5.0,44100,bird,1.0
68,./kaggletest/soufis1/,XC509742.ogg,105.43020408163265,0,0.0,5.0,44100,bird,1.0
69,./kaggletest/soufis1/,XC509742.ogg,105.43020408163265,0,5.0,5.0,44100,bird,1.0
70,./kaggletest/soufis1/,XC509742.ogg,105.43020408163265,0,10.0,5.0,44100,bird,1.0
71,./kaggletest/soufis1/,XC509742.ogg,105.43020408163265,0,15.0,5.0,44100,bird,1.0
72,./kaggletest/soufis1/,XC509742.ogg,105.43020408163265,0,20.0,5.0,44100,bird,1.0
73,./kaggletest/soufis1/,XC509742.ogg,105.43020408163265,0,25.0,5.0,44100,bird,1.0
74,./kaggletest/soufis1/,XC509742.ogg,105.43020408163265,0,30.0,5.0,44100,bird,1.0
75,./kaggletest/soufis1/,XC509742.ogg,105.43020408163265,0,35.0,5.0,44100,bird,1.0
76,./kaggletest/soufis1/,XC509742.ogg,105.43020408163265,0,40.0,5.0,44100,bird,1.0
77,./kaggletest/soufis1/,XC509742.ogg,105.43020408163265,0,45.0,5.0,44100,bird,1.0
78,./kaggletest/soufis1/,XC509742.ogg,105.43020408163265,0,50.0,5.0,44100,bird,1.0
79,./kaggletest/soufis1/,XC509742.ogg,105.43020408163265,0,55.0,5.0,44100,bird,1.0
80,./kaggletest/soufis1/,XC509742.ogg,105.43020408163265,0,60.0,5.0,44100,bird,1.0
81,./kaggletest/soufis1/,XC509742.ogg,105.43020408163265,0,65.0,5.0,44100,bird,1.0
82,./kaggletest/soufis1/,XC509742.ogg,105.43020408163265,0,70.0,5.0,44100,bird,1.0
83,./kaggletest/soufis1/,XC509742.ogg,105.43020408163265,0,75.0,5.0,44100,bird,1.0
84,./kaggletest/soufis1/,XC509742.ogg,105.43020408163265,0,80.0,5.0,44100,bird,1.0
85,./kaggletest/soufis1/,XC509742.ogg,105.43020408163265,0,85.0,5.0,44100,bird,1.0
86,./kaggletest/soufis1/,XC509742.ogg,105.43020408163265,0,90.0,5.0,44100,bird,1.0
87,./kaggletest/soufis1/,XC509742.ogg,105.43020408163265,0,95.0,5.0,44100,bird,1.0
88,./kaggletest/soufis1/,XC509742.ogg,105.43020408163265,0,100.0,5.0,44100,bird,1.0
89,./kaggletest/soufis1/,XC167682.ogg,51.27836734693877,0,0.0,5.0,44100,bird,1.0
90,./kaggletest/soufis1/,XC167682.ogg,51.27836734693877,0,5.0,5.0,44100,bird,1.0
91,./kaggletest/soufis1/,XC167682.ogg,51.27836734693877,0,20.0,5.0,44100,bird,1.0
92,./kaggletest/soufis1/,XC167682.ogg,51.27836734693877,0,25.0,5.0,44100,bird,1.0
93,./kaggletest/soufis1/,XC167682.ogg,51.27836734693877,0,30.0,5.0,44100,bird,1.0
94,./kaggletest/soufis1/,XC167682.ogg,51.27836734693877,0,35.0,5.0,44100,bird,1.0
95,./kaggletest/soufis1/,XC167682.ogg,51.27836734693877,0,40.0,5.0,44100,bird,1.0
96,./kaggletest/soufis1/,XC167682.ogg,51.27836734693877,0,45.0,5.0,44100,bird,1.0
97,./kaggletest/soufis1/,XC383580.ogg,121.8,0,0.0,5.0,44100,bird,1.0
98,./kaggletest/soufis1/,XC383580.ogg,121.8,0,5.0,5.0,44100,bird,1.0
99,./kaggletest/soufis1/,XC383580.ogg,121.8,0,10.0,5.0,44100,bird,1.0
100,./kaggletest/soufis1/,XC383580.ogg,121.8,0,15.0,5.0,44100,bird,1.0
101,./kaggletest/soufis1/,XC383580.ogg,121.8,0,20.0,5.0,44100,bird,1.0
102,./kaggletest/soufis1/,XC383580.ogg,121.8,0,25.0,5.0,44100,bird,1.0
103,./kaggletest/soufis1/,XC383580.ogg,121.8,0,30.0,5.0,44100,bird,1.0
104,./kaggletest/soufis1/,XC383580.ogg,121.8,0,35.0,5.0,44100,bird,1.0
105,./kaggletest/soufis1/,XC383580.ogg,121.8,0,40.0,5.0,44100,bird,1.0
106,./kaggletest/soufis1/,XC383580.ogg,121.8,0,45.0,5.0,44100,bird,1.0
107,./kaggletest/soufis1/,XC383580.ogg,121.8,0,50.0,5.0,44100,bird,1.0
108,./kaggletest/soufis1/,XC383580.ogg,121.8,0,55.0,5.0,44100,bird,1.0
109,./kaggletest/soufis1/,XC383580.ogg,121.8,0,60.0,5.0,44100,bird,1.0
110,./kaggletest/soufis1/,XC383580.ogg,121.8,0,65.0,5.0,44100,bird,1.0
111,./kaggletest/soufis1/,XC383580.ogg,121.8,0,70.0,5.0,44100,bird,1.0
112,./kaggletest/soufis1/,XC383580.ogg,121.8,0,75.0,5.0,44100,bird,1.0
113,./kaggletest/soufis1/,XC383580.ogg,121.8,0,80.0,5.0,44100,bird,1.0
114,./kaggletest/soufis1/,XC383580.ogg,121.8,0,85.0,5.0,44100,bird,1.0
115,./kaggletest/soufis1/,XC383580.ogg,121.8,0,90.0,5.0,44100,bird,1.0
116,./kaggletest/soufis1/,XC383580.ogg,121.8,0,95.0,5.0,44100,bird,1.0
117,./kaggletest/soufis1/,XC383580.ogg,121.8,0,100.0,5.0,44100,bird,1.0
118,./kaggletest/soufis1/,XC383580.ogg,121.8,0,105.0,5.0,44100,bird,1.0
119,./kaggletest/soufis1/,XC383580.ogg,121.8,0,110.0,5.0,44100,bird,1.0
120,./kaggletest/soufis1/,XC383580.ogg,121.8,0,115.0,5.0,44100,bird,1.0
121,./kaggletest/soufis1/,XC638435.ogg,24.110997732426306,0,0.0,5.0,44100,bird,1.0
122,./kaggletest/soufis1/,XC638435.ogg,24.110997732426306,0,5.0,5.0,44100,bird,1.0
123,./kaggletest/soufis1/,XC638435.ogg,24.110997732426306,0,10.0,5.0,44100,bird,1.0
124,./kaggletest/soufis1/,XC638435.ogg,24.110997732426306,0,15.0,5.0,44100,bird,1.0
125,./kaggletest/soufis1/,XC626804.ogg,16.194988662131518,0,0.0,5.0,44100,bird,1.0
126,./kaggletest/soufis1/,XC626804.ogg,16.194988662131518,0,5.0,5.0,44100,bird,1.0
127,./kaggletest/soufis1/,XC626804.ogg,16.194988662131518,0,10.0,5.0,44100,bird,1.0
128,./kaggletest/soufis1/,XC600425.ogg,24.083990929705216,0,0.0,5.0,44100,bird,1.0
129,./kaggletest/soufis1/,XC600425.ogg,24.083990929705216,0,5.0,5.0,44100,bird,1.0
130,./kaggletest/soufis1/,XC600425.ogg,24.083990929705216,0,10.0,5.0,44100,bird,1.0
131,./kaggletest/soufis1/,XC600425.ogg,24.083990929705216,0,15.0,5.0,44100,bird,1.0
132,./kaggletest/soufis1/,XC584012.ogg,14.026984126984127,0,0.0,5.0,44100,bird,1.0
133,./kaggletest/soufis1/,XC584012.ogg,14.026984126984127,0,5.0,5.0,44100,bird,1.0
134,./kaggletest/soufis1/,XC306504.ogg,13.463990929705215,0,0.0,5.0,44100,bird,1.0
135,./kaggletest/soufis1/,XC306504.ogg,13.463990929705215,0,5.0,5.0,44100,bird,1.0
136,./kaggletest/soufis1/,XC638437.ogg,55.3009977324263,0,0.0,5.0,44100,bird,1.0
137,./kaggletest/soufis1/,XC638437.ogg,55.3009977324263,0,5.0,5.0,44100,bird,1.0
138,./kaggletest/soufis1/,XC638437.ogg,55.3009977324263,0,10.0,5.0,44100,bird,1.0
139,./kaggletest/soufis1/,XC638437.ogg,55.3009977324263,0,15.0,5.0,44100,bird,1.0
140,./kaggletest/soufis1/,XC638437.ogg,55.3009977324263,0,20.0,5.0,44100,bird,1.0
141,./kaggletest/soufis1/,XC638437.ogg,55.3009977324263,0,25.0,5.0,44100,bird,1.0
142,./kaggletest/soufis1/,XC638437.ogg,55.3009977324263,0,30.0,5.0,44100,bird,1.0
143,./kaggletest/soufis1/,XC638437.ogg,55.3009977324263,0,35.0,5.0,44100,bird,1.0
144,./kaggletest/soufis1/,XC638437.ogg,55.3009977324263,0,40.0,5.0,44100,bird,1.0
145,./kaggletest/soufis1/,XC638437.ogg,55.3009977324263,0,45.0,5.0,44100,bird,1.0
146,./kaggletest/soufis1/,XC638437.ogg,55.3009977324263,0,50.0,5.0,44100,bird,1.0
147,./kaggletest/soufis1/,XC490661.ogg,12.623990929705215,0,0.0,5.0,44100,bird,1.0
148,./kaggletest/soufis1/,XC490661.ogg,12.623990929705215,0,5.0,5.0,44100,bird,1.0
149,./kaggletest/soufis1/,XC628184.ogg,55.98,0,0.0,5.0,44100,bird,1.0
150,./kaggletest/soufis1/,XC628184.ogg,55.98,0,5.0,5.0,44100,bird,1.0
151,./kaggletest/soufis1/,XC628184.ogg,55.98,0,10.0,5.0,44100,bird,1.0
152,./kaggletest/soufis1/,XC628184.ogg,55.98,0,15.0,5.0,44100,bird,1.0
153,./kaggletest/soufis1/,XC628184.ogg,55.98,0,20.0,5.0,44100,bird,1.0
154,./kaggletest/soufis1/,XC628184.ogg,55.98,0,25.0,5.0,44100,bird,1.0
155,./kaggletest/soufis1/,XC628184.ogg,55.98,0,30.0,5.0,44100,bird,1.0
156,./kaggletest/soufis1/,XC628184.ogg,55.98,0,35.0,5.0,44100,bird,1.0
157,./kaggletest/soufis1/,XC628184.ogg,55.98,0,40.0,5.0,44100,bird,1.0
158,./kaggletest/soufis1/,XC628184.ogg,55.98,0,45.0,5.0,44100,bird,1.0
159,./kaggletest/soufis1/,XC628184.ogg,55.98,0,50.0,5.0,44100,bird,1.0
160,./kaggletest/soufis1/,XC677457.ogg,23.535986394557824,0,0.0,5.0,44100,bird,1.0
161,./kaggletest/soufis1/,XC677457.ogg,23.535986394557824,0,5.0,5.0,44100,bird,1.0
162,./kaggletest/soufis1/,XC677457.ogg,23.535986394557824,0,10.0,5.0,44100,bird,1.0
163,./kaggletest/soufis1/,XC677457.ogg,23.535986394557824,0,15.0,5.0,44100,bird,1.0
164,./kaggletest/soufis1/,XC368392.ogg,31.03344671201814,0,5.0,5.0,44100,bird,1.0
165,./kaggletest/soufis1/,XC368392.ogg,31.03344671201814,0,10.0,5.0,44100,bird,1.0
166,./kaggletest/soufis1/,XC368392.ogg,31.03344671201814,0,15.0,5.0,44100,bird,1.0
167,./kaggletest/soufis1/,XC368392.ogg,31.03344671201814,0,20.0,5.0,44100,bird,1.0
168,./kaggletest/soufis1/,XC368392.ogg,31.03344671201814,0,25.0,5.0,44100,bird,1.0
169,./kaggletest/soufis1/,XC476724.ogg,45.29630385487528,0,0.0,5.0,44100,bird,1.0
170,./kaggletest/soufis1/,XC476724.ogg,45.29630385487528,0,5.0,5.0,44100,bird,1.0
171,./kaggletest/soufis1/,XC476724.ogg,45.29630385487528,0,10.0,5.0,44100,bird,1.0
172,./kaggletest/soufis1/,XC476724.ogg,45.29630385487528,0,15.0,5.0,44100,bird,1.0
173,./kaggletest/soufis1/,XC476724.ogg,45.29630385487528,0,20.0,5.0,44100,bird,1.0
174,./kaggletest/soufis1/,XC476724.ogg,45.29630385487528,0,25.0,5.0,44100,bird,1.0
175,./kaggletest/soufis1/,XC476724.ogg,45.29630385487528,0,30.0,5.0,44100,bird,1.0
176,./kaggletest/soufis1/,XC476724.ogg,45.29630385487528,0,35.0,5.0,44100,bird,1.0
177,./kaggletest/soufis1/,XC476724.ogg,45.29630385487528,0,40.0,5.0,44100,bird,1.0
178,./kaggletest/soufis1/,XC506981.ogg,28.708548752834467,0,0.0,5.0,44100,bird,1.0
179,./kaggletest/soufis1/,XC506981.ogg,28.708548752834467,0,5.0,5.0,44100,bird,1.0
180,./kaggletest/soufis1/,XC506981.ogg,28.708548752834467,0,10.0,5.0,44100,bird,1.0
181,./kaggletest/soufis1/,XC506981.ogg,28.708548752834467,0,15.0,5.0,44100,bird,1.0
182,./kaggletest/soufis1/,XC506981.ogg,28.708548752834467,0,20.0,5.0,44100,bird,1.0
183,./kaggletest/soufis1/,XC631987.ogg,49.71099773242631,0,0.0,5.0,44100,bird,1.0
184,./kaggletest/soufis1/,XC631987.ogg,49.71099773242631,0,5.0,5.0,44100,bird,1.0
185,./kaggletest/soufis1/,XC631987.ogg,49.71099773242631,0,10.0,5.0,44100,bird,1.0
186,./kaggletest/soufis1/,XC631987.ogg,49.71099773242631,0,15.0,5.0,44100,bird,1.0
187,./kaggletest/soufis1/,XC631987.ogg,49.71099773242631,0,20.0,5.0,44100,bird,1.0
188,./kaggletest/soufis1/,XC631987.ogg,49.71099773242631,0,25.0,5.0,44100,bird,1.0
189,./kaggletest/soufis1/,XC631987.ogg,49.71099773242631,0,30.0,5.0,44100,bird,1.0
190,./kaggletest/soufis1/,XC631987.ogg,49.71099773242631,0,35.0,5.0,44100,bird,1.0
191,./kaggletest/soufis1/,XC631987.ogg,49.71099773242631,0,40.0,5.0,44100,bird,1.0
192,./kaggletest/soufis1/,XC602603.ogg,97.51507936507936,0,0.0,5.0,44100,bird,1.0
193,./kaggletest/soufis1/,XC602603.ogg,97.51507936507936,0,5.0,5.0,44100,bird,1.0
194,./kaggletest/soufis1/,XC602603.ogg,97.51507936507936,0,10.0,5.0,44100,bird,1.0
195,./kaggletest/soufis1/,XC602603.ogg,97.51507936507936,0,15.0,5.0,44100,bird,1.0
196,./kaggletest/soufis1/,XC602603.ogg,97.51507936507936,0,20.0,5.0,44100,bird,1.0
197,./kaggletest/soufis1/,XC602603.ogg,97.51507936507936,0,25.0,5.0,44100,bird,1.0
198,./kaggletest/soufis1/,XC602603.ogg,97.51507936507936,0,30.0,5.0,44100,bird,1.0
199,./kaggletest/soufis1/,XC602603.ogg,97.51507936507936,0,35.0,5.0,44100,bird,1.0
200,./kaggletest/soufis1/,XC602603.ogg,97.51507936507936,0,40.0,5.0,44100,bird,1.0
201,./kaggletest/soufis1/,XC602603.ogg,97.51507936507936,0,45.0,5.0,44100,bird,1.0
202,./kaggletest/soufis1/,XC602603.ogg,97.51507936507936,0,50.0,5.0,44100,bird,1.0
203,./kaggletest/soufis1/,XC602603.ogg,97.51507936507936,0,55.0,5.0,44100,bird,1.0
204,./kaggletest/soufis1/,XC602603.ogg,97.51507936507936,0,60.0,5.0,44100,bird,1.0
205,./kaggletest/soufis1/,XC602603.ogg,97.51507936507936,0,65.0,5.0,44100,bird,1.0
206,./kaggletest/soufis1/,XC602603.ogg,97.51507936507936,0,70.0,5.0,44100,bird,1.0
207,./kaggletest/soufis1/,XC602603.ogg,97.51507936507936,0,75.0,5.0,44100,bird,1.0
208,./kaggletest/soufis1/,XC602603.ogg,97.51507936507936,0,80.0,5.0,44100,bird,1.0
209,./kaggletest/soufis1/,XC602603.ogg,97.51507936507936,0,85.0,5.0,44100,bird,1.0
210,./kaggletest/soufis1/,XC602603.ogg,97.51507936507936,0,90.0,5.0,44100,bird,1.0
211,./kaggletest/soufis1/,XC735871.ogg,99.47399092970521,0,0.0,5.0,44100,bird,1.0
212,./kaggletest/soufis1/,XC735871.ogg,99.47399092970521,0,5.0,5.0,44100,bird,1.0
213,./kaggletest/soufis1/,XC735871.ogg,99.47399092970521,0,10.0,5.0,44100,bird,1.0
214,./kaggletest/soufis1/,XC735871.ogg,99.47399092970521,0,15.0,5.0,44100,bird,1.0
215,./kaggletest/soufis1/,XC735871.ogg,99.47399092970521,0,20.0,5.0,44100,bird,1.0
216,./kaggletest/soufis1/,XC735871.ogg,99.47399092970521,0,25.0,5.0,44100,bird,1.0
217,./kaggletest/soufis1/,XC735871.ogg,99.47399092970521,0,30.0,5.0,44100,bird,1.0
218,./kaggletest/soufis1/,XC735871.ogg,99.47399092970521,0,35.0,5.0,44100,bird,1.0
219,./kaggletest/soufis1/,XC735871.ogg,99.47399092970521,0,40.0,5.0,44100,bird,1.0
220,./kaggletest/soufis1/,XC735871.ogg,99.47399092970521,0,45.0,5.0,44100,bird,1.0
221,./kaggletest/soufis1/,XC735871.ogg,99.47399092970521,0,50.0,5.0,44100,bird,1.0
222,./kaggletest/soufis1/,XC735871.ogg,99.47399092970521,0,55.0,5.0,44100,bird,1.0
223,./kaggletest/soufis1/,XC735871.ogg,99.47399092970521,0,60.0,5.0,44100,bird,1.0
224,./kaggletest/soufis1/,XC735871.ogg,99.47399092970521,0,65.0,5.0,44100,bird,1.0
225,./kaggletest/soufis1/,XC735871.ogg,99.47399092970521,0,70.0,5.0,44100,bird,1.0
226,./kaggletest/soufis1/,XC735871.ogg,99.47399092970521,0,75.0,5.0,44100,bird,1.0
227,./kaggletest/soufis1/,XC735871.ogg,99.47399092970521,0,80.0,5.0,44100,bird,1.0
228,./kaggletest/soufis1/,XC735871.ogg,99.47399092970521,0,85.0,5.0,44100,bird,1.0
229,./kaggletest/soufis1/,XC735871.ogg,99.47399092970521,0,90.0,5.0,44100,bird,1.0
230,./kaggletest/soufis1/,XC419846.ogg,59.24498866213152,0,0.0,5.0,44100,bird,1.0
231,./kaggletest/soufis1/,XC419846.ogg,59.24498866213152,0,5.0,5.0,44100,bird,1.0
232,./kaggletest/soufis1/,XC419846.ogg,59.24498866213152,0,10.0,5.0,44100,bird,1.0
233,./kaggletest/soufis1/,XC419846.ogg,59.24498866213152,0,15.0,5.0,44100,bird,1.0
234,./kaggletest/soufis1/,XC419846.ogg,59.24498866213152,0,20.0,5.0,44100,bird,1.0
235,./kaggletest/soufis1/,XC419846.ogg,59.24498866213152,0,25.0,5.0,44100,bird,1.0
236,./kaggletest/soufis1/,XC419846.ogg,59.24498866213152,0,45.0,5.0,44100,bird,1.0
237,./kaggletest/soufis1/,XC419846.ogg,59.24498866213152,0,50.0,5.0,44100,bird,1.0
238,./kaggletest/soufis1/,XC602600.ogg,66.45548752834468,0,0.0,5.0,44100,bird,1.0
239,./kaggletest/soufis1/,XC602600.ogg,66.45548752834468,0,5.0,5.0,44100,bird,1.0
240,./kaggletest/soufis1/,XC602600.ogg,66.45548752834468,0,10.0,5.0,44100,bird,1.0
241,./kaggletest/soufis1/,XC602600.ogg,66.45548752834468,0,15.0,5.0,44100,bird,1.0
242,./kaggletest/soufis1/,XC602600.ogg,66.45548752834468,0,20.0,5.0,44100,bird,1.0
243,./kaggletest/soufis1/,XC602600.ogg,66.45548752834468,0,25.0,5.0,44100,bird,1.0
244,./kaggletest/soufis1/,XC602600.ogg,66.45548752834468,0,30.0,5.0,44100,bird,1.0
245,./kaggletest/soufis1/,XC602600.ogg,66.45548752834468,0,35.0,5.0,44100,bird,1.0
246,./kaggletest/soufis1/,XC602600.ogg,66.45548752834468,0,40.0,5.0,44100,bird,1.0
247,./kaggletest/soufis1/,XC602600.ogg,66.45548752834468,0,45.0,5.0,44100,bird,1.0
248,./kaggletest/soufis1/,XC602600.ogg,66.45548752834468,0,50.0,5.0,44100,bird,1.0
249,./kaggletest/soufis1/,XC602600.ogg,66.45548752834468,0,55.0,5.0,44100,bird,1.0
250,./kaggletest/soufis1/,XC602600.ogg,66.45548752834468,0,60.0,5.0,44100,bird,1.0
251,./kaggletest/soufis1/,XC735872.ogg,199.1829931972789,0,0.0,5.0,44100,bird,1.0
252,./kaggletest/soufis1/,XC735872.ogg,199.1829931972789,0,5.0,5.0,44100,bird,1.0
253,./kaggletest/soufis1/,XC735872.ogg,199.1829931972789,0,10.0,5.0,44100,bird,1.0
254,./kaggletest/soufis1/,XC735872.ogg,199.1829931972789,0,15.0,5.0,44100,bird,1.0
255,./kaggletest/soufis1/,XC735872.ogg,199.1829931972789,0,20.0,5.0,44100,bird,1.0
256,./kaggletest/soufis1/,XC735872.ogg,199.1829931972789,0,25.0,5.0,44100,bird,1.0
257,./kaggletest/soufis1/,XC735872.ogg,199.1829931972789,0,30.0,5.0,44100,bird,1.0
258,./kaggletest/soufis1/,XC735872.ogg,199.1829931972789,0,35.0,5.0,44100,bird,1.0
259,./kaggletest/soufis1/,XC735872.ogg,199.1829931972789,0,40.0,5.0,44100,bird,1.0
260,./kaggletest/soufis1/,XC735872.ogg,199.1829931972789,0,45.0,5.0,44100,bird,1.0
261,./kaggletest/soufis1/,XC735872.ogg,199.1829931972789,0,50.0,5.0,44100,bird,1.0
262,./kaggletest/soufis1/,XC735872.ogg,199.1829931972789,0,55.0,5.0,44100,bird,1.0
263,./kaggletest/soufis1/,XC735872.ogg,199.1829931972789,0,60.0,5.0,44100,bird,1.0
264,./kaggletest/soufis1/,XC735872.ogg,199.1829931972789,0,65.0,5.0,44100,bird,1.0
265,./kaggletest/soufis1/,XC735872.ogg,199.1829931972789,0,70.0,5.0,44100,bird,1.0
266,./kaggletest/soufis1/,XC735872.ogg,199.1829931972789,0,75.0,5.0,44100,bird,1.0
267,./kaggletest/soufis1/,XC735872.ogg,199.1829931972789,0,80.0,5.0,44100,bird,1.0
268,./kaggletest/soufis1/,XC735872.ogg,199.1829931972789,0,85.0,5.0,44100,bird,1.0
269,./kaggletest/soufis1/,XC735872.ogg,199.1829931972789,0,90.0,5.0,44100,bird,1.0
270,./kaggletest/soufis1/,XC735872.ogg,199.1829931972789,0,95.0,5.0,44100,bird,1.0
271,./kaggletest/soufis1/,XC735872.ogg,199.1829931972789,0,100.0,5.0,44100,bird,1.0
272,./kaggletest/soufis1/,XC735872.ogg,199.1829931972789,0,105.0,5.0,44100,bird,1.0
273,./kaggletest/soufis1/,XC735872.ogg,199.1829931972789,0,110.0,5.0,44100,bird,1.0
274,./kaggletest/soufis1/,XC735872.ogg,199.1829931972789,0,115.0,5.0,44100,bird,1.0
275,./kaggletest/soufis1/,XC735872.ogg,199.1829931972789,0,120.0,5.0,44100,bird,1.0
276,./kaggletest/soufis1/,XC735872.ogg,199.1829931972789,0,125.0,5.0,44100,bird,1.0
277,./kaggletest/soufis1/,XC735872.ogg,199.1829931972789,0,130.0,5.0,44100,bird,1.0
278,./kaggletest/soufis1/,XC735872.ogg,199.1829931972789,0,135.0,5.0,44100,bird,1.0
279,./kaggletest/soufis1/,XC735872.ogg,199.1829931972789,0,140.0,5.0,44100,bird,1.0
280,./kaggletest/soufis1/,XC735872.ogg,199.1829931972789,0,145.0,5.0,44100,bird,1.0
281,./kaggletest/soufis1/,XC735872.ogg,199.1829931972789,0,150.0,5.0,44100,bird,1.0
282,./kaggletest/soufis1/,XC735872.ogg,199.1829931972789,0,155.0,5.0,44100,bird,1.0
283,./kaggletest/soufis1/,XC735872.ogg,199.1829931972789,0,160.0,5.0,44100,bird,1.0
284,./kaggletest/soufis1/,XC735872.ogg,199.1829931972789,0,165.0,5.0,44100,bird,1.0
285,./kaggletest/soufis1/,XC735872.ogg,199.1829931972789,0,170.0,5.0,44100,bird,1.0
286,./kaggletest/soufis1/,XC735872.ogg,199.1829931972789,0,175.0,5.0,44100,bird,1.0
287,./kaggletest/soufis1/,XC735872.ogg,199.1829931972789,0,180.0,5.0,44100,bird,1.0
288,./kaggletest/soufis1/,XC735872.ogg,199.1829931972789,0,185.0,5.0,44100,bird,1.0
289,./kaggletest/soufis1/,XC735872.ogg,199.1829931972789,0,190.0,5.0,44100,bird,1.0
290,./kaggletest/soufis1/,XC326150.ogg,12.015986394557823,0,0.0,5.0,44100,bird,1.0
291,./kaggletest/soufis1/,XC326150.ogg,12.015986394557823,0,5.0,5.0,44100,bird,1.0
292,./kaggletest/soufis1/,XC368149.ogg,87.01385487528344,0,0.0,5.0,44100,bird,1.0
293,./kaggletest/soufis1/,XC368149.ogg,87.01385487528344,0,5.0,5.0,44100,bird,1.0
294,./kaggletest/soufis1/,XC368149.ogg,87.01385487528344,0,10.0,5.0,44100,bird,1.0
295,./kaggletest/soufis1/,XC368149.ogg,87.01385487528344,0,15.0,5.0,44100,bird,1.0
296,./kaggletest/soufis1/,XC368149.ogg,87.01385487528344,0,20.0,5.0,44100,bird,1.0
297,./kaggletest/soufis1/,XC368149.ogg,87.01385487528344,0,25.0,5.0,44100,bird,1.0
298,./kaggletest/soufis1/,XC368149.ogg,87.01385487528344,0,30.0,5.0,44100,bird,1.0
299,./kaggletest/soufis1/,XC368149.ogg,87.01385487528344,0,35.0,5.0,44100,bird,1.0
300,./kaggletest/soufis1/,XC368149.ogg,87.01385487528344,0,40.0,5.0,44100,bird,1.0
301,./kaggletest/soufis1/,XC368149.ogg,87.01385487528344,0,55.0,5.0,44100,bird,1.0
302,./kaggletest/soufis1/,XC368149.ogg,87.01385487528344,0,65.0,5.0,44100,bird,1.0
303,./kaggletest/soufis1/,XC368149.ogg,87.01385487528344,0,70.0,5.0,44100,bird,1.0
304,./kaggletest/soufis1/,XC368149.ogg,87.01385487528344,0,75.0,5.0,44100,bird,1.0
305,./kaggletest/soufis1/,XC368149.ogg,87.01385487528344,0,80.0,5.0,44100,bird,1.0
306,./kaggletest/soufis1/,XC731556.ogg,104.93299319727892,0,0.0,5.0,44100,bird,1.0
307,./kaggletest/soufis1/,XC731556.ogg,104.93299319727892,0,5.0,5.0,44100,bird,1.0
308,./kaggletest/soufis1/,XC731556.ogg,104.93299319727892,0,10.0,5.0,44100,bird,1.0
309,./kaggletest/soufis1/,XC731556.ogg,104.93299319727892,0,15.0,5.0,44100,bird,1.0
310,./kaggletest/soufis1/,XC731556.ogg,104.93299319727892,0,20.0,5.0,44100,bird,1.0
311,./kaggletest/soufis1/,XC731556.ogg,104.93299319727892,0,25.0,5.0,44100,bird,1.0
312,./kaggletest/soufis1/,XC731556.ogg,104.93299319727892,0,30.0,5.0,44100,bird,1.0
313,./kaggletest/soufis1/,XC731556.ogg,104.93299319727892,0,35.0,5.0,44100,bird,1.0
314,./kaggletest/soufis1/,XC731556.ogg,104.93299319727892,0,40.0,5.0,44100,bird,1.0
315,./kaggletest/soufis1/,XC731556.ogg,104.93299319727892,0,45.0,5.0,44100,bird,1.0
316,./kaggletest/soufis1/,XC731556.ogg,104.93299319727892,0,50.0,5.0,44100,bird,1.0
317,./kaggletest/soufis1/,XC731556.ogg,104.93299319727892,0,55.0,5.0,44100,bird,1.0
318,./kaggletest/soufis1/,XC731556.ogg,104.93299319727892,0,60.0,5.0,44100,bird,1.0
319,./kaggletest/soufis1/,XC731556.ogg,104.93299319727892,0,65.0,5.0,44100,bird,1.0
320,./kaggletest/soufis1/,XC731556.ogg,104.93299319727892,0,70.0,5.0,44100,bird,1.0
321,./kaggletest/soufis1/,XC731556.ogg,104.93299319727892,0,75.0,5.0,44100,bird,1.0
322,./kaggletest/soufis1/,XC731556.ogg,104.93299319727892,0,80.0,5.0,44100,bird,1.0
323,./kaggletest/soufis1/,XC731556.ogg,104.93299319727892,0,85.0,5.0,44100,bird,1.0
324,./kaggletest/soufis1/,XC731556.ogg,104.93299319727892,0,90.0,5.0,44100,bird,1.0
325,./kaggletest/soufis1/,XC731556.ogg,104.93299319727892,0,95.0,5.0,44100,bird,1.0
326,./kaggletest/soufis1/,XC309835.ogg,6.863990929705215,0,0.0,5.0,44100,bird,1.0
327,./kaggletest/soufis1/,XC739297.ogg,11.52,0,0.0,5.0,44100,bird,1.0
328,./kaggletest/soufis1/,XC739297.ogg,11.52,0,5.0,5.0,44100,bird,1.0
329,./kaggletest/soufis1/,XC709143.ogg,25.781995464852606,0,0.0,5.0,44100,bird,1.0
330,./kaggletest/soufis1/,XC709143.ogg,25.781995464852606,0,15.0,5.0,44100,bird,1.0
331,./kaggletest/soufis1/,XC390391.ogg,32.44408163265306,0,0.0,5.0,44100,bird,1.0
332,./kaggletest/soufis1/,XC390391.ogg,32.44408163265306,0,5.0,5.0,44100,bird,1.0
333,./kaggletest/soufis1/,XC390391.ogg,32.44408163265306,0,10.0,5.0,44100,bird,1.0
334,./kaggletest/soufis1/,XC390391.ogg,32.44408163265306,0,15.0,5.0,44100,bird,1.0
335,./kaggletest/soufis1/,XC390391.ogg,32.44408163265306,0,20.0,5.0,44100,bird,1.0
336,./kaggletest/soufis1/,XC390391.ogg,32.44408163265306,0,25.0,5.0,44100,bird,1.0
337,./kaggletest/soufis1/,XC326156.ogg,5.615986394557823,0,0.0,5.0,44100,bird,1.0
338,./kaggletest/soufis1/,XC463795.ogg,12.51265306122449,0,0.0,5.0,44100,bird,1.0
339,./kaggletest/soufis1/,XC463795.ogg,12.51265306122449,0,5.0,5.0,44100,bird,1.0
340,./kaggletest/soufis1/,XC499229.ogg,28.16,0,0.0,5.0,44100,bird,1.0
341,./kaggletest/soufis1/,XC499229.ogg,28.16,0,5.0,5.0,44100,bird,1.0
342,./kaggletest/soufis1/,XC499229.ogg,28.16,0,10.0,5.0,44100,bird,1.0
343,./kaggletest/soufis1/,XC499229.ogg,28.16,0,15.0,5.0,44100,bird,1.0
344,./kaggletest/soufis1/,XC499229.ogg,28.16,0,20.0,5.0,44100,bird,1.0
345,./kaggletest/soufis1/,XC647512.ogg,28.39498866213152,0,0.0,5.0,44100,bird,1.0
346,./kaggletest/soufis1/,XC647512.ogg,28.39498866213152,0,5.0,5.0,44100,bird,1.0
347,./kaggletest/soufis1/,XC647512.ogg,28.39498866213152,0,10.0,5.0,44100,bird,1.0
348,./kaggletest/soufis1/,XC647512.ogg,28.39498866213152,0,15.0,5.0,44100,bird,1.0
349,./kaggletest/soufis1/,XC647512.ogg,28.39498866213152,0,20.0,5.0,44100,bird,1.0
350,./kaggletest/soufis1/,XC395701.ogg,21.028548752834467,0,0.0,5.0,44100,bird,1.0
351,./kaggletest/soufis1/,XC395701.ogg,21.028548752834467,0,5.0,5.0,44100,bird,1.0
352,./kaggletest/soufis1/,XC395701.ogg,21.028548752834467,0,10.0,5.0,44100,bird,1.0
353,./kaggletest/soufis1/,XC395701.ogg,21.028548752834467,0,15.0,5.0,44100,bird,1.0
354,./kaggletest/soufis1/,XC496245.ogg,12.852244897959183,0,0.0,5.0,44100,bird,1.0
355,./kaggletest/soufis1/,XC496245.ogg,12.852244897959183,0,5.0,5.0,44100,bird,1.0
