,FOLDER,IN FILE,CLIP LENGTH,CHANNEL,OFFSET,DURATION,SAMPLE RATE,MANUAL ID,CONFIDENCE
0,./kaggletest/spewea1/,XC252653.ogg,12.551995464852608,0,0.0,5.0,44100,bird,1.0
1,./kaggletest/spewea1/,XC252653.ogg,12.551995464852608,0,5.0,5.0,44100,bird,1.0
2,./kaggletest/spewea1/,XC432511.ogg,72.80324263038548,0,0.0,5.0,44100,bird,1.0
3,./kaggletest/spewea1/,XC432511.ogg,72.80324263038548,0,10.0,5.0,44100,bird,1.0
4,./kaggletest/spewea1/,XC432511.ogg,72.80324263038548,0,15.0,5.0,44100,bird,1.0
5,./kaggletest/spewea1/,XC432511.ogg,72.80324263038548,0,25.0,5.0,44100,bird,1.0
6,./kaggletest/spewea1/,XC432511.ogg,72.80324263038548,0,30.0,5.0,44100,bird,1.0
7,./kaggletest/spewea1/,XC432511.ogg,72.80324263038548,0,35.0,5.0,44100,bird,1.0
8,./kaggletest/spewea1/,XC432511.ogg,72.80324263038548,0,40.0,5.0,44100,bird,1.0
9,./kaggletest/spewea1/,XC432511.ogg,72.80324263038548,0,50.0,5.0,44100,bird,1.0
10,./kaggletest/spewea1/,XC432511.ogg,72.80324263038548,0,55.0,5.0,44100,bird,1.0
11,./kaggletest/spewea1/,XC432511.ogg,72.80324263038548,0,65.0,5.0,44100,bird,1.0
12,./kaggletest/spewea1/,XC701834.ogg,13.40079365079365,0,0.0,5.0,44100,bird,1.0
13,./kaggletest/spewea1/,XC701834.ogg,13.40079365079365,0,5.0,5.0,44100,bird,1.0
14,./kaggletest/spewea1/,XC753169.ogg,12.173061224489796,0,0.0,5.0,44100,bird,1.0
15,./kaggletest/spewea1/,XC753169.ogg,12.173061224489796,0,5.0,5.0,44100,bird,1.0
16,./kaggletest/spewea1/,XC650844.ogg,11.96408163265306,0,0.0,5.0,44100,bird,1.0
17,./kaggletest/spewea1/,XC650844.ogg,11.96408163265306,0,5.0,5.0,44100,bird,1.0
18,./kaggletest/spewea1/,XC268480.ogg,42.88798185941043,0,0.0,5.0,44100,bird,1.0
19,./kaggletest/spewea1/,XC268480.ogg,42.88798185941043,0,5.0,5.0,44100,bird,1.0
20,./kaggletest/spewea1/,XC268480.ogg,42.88798185941043,0,15.0,5.0,44100,bird,1.0
21,./kaggletest/spewea1/,XC268480.ogg,42.88798185941043,0,25.0,5.0,44100,bird,1.0
22,./kaggletest/spewea1/,XC268480.ogg,42.88798185941043,0,30.0,5.0,44100,bird,1.0
23,./kaggletest/spewea1/,XC268480.ogg,42.88798185941043,0,35.0,5.0,44100,bird,1.0
24,./kaggletest/spewea1/,XC377205.ogg,19.565714285714286,0,0.0,5.0,44100,bird,1.0
25,./kaggletest/spewea1/,XC377205.ogg,19.565714285714286,0,5.0,5.0,44100,bird,1.0
26,./kaggletest/spewea1/,XC377205.ogg,19.565714285714286,0,10.0,5.0,44100,bird,1.0
27,./kaggletest/spewea1/,XC247891.ogg,6.060385487528345,0,0.0,5.0,44100,bird,1.0
28,./kaggletest/spewea1/,XC291336.ogg,23.771428571428572,0,0.0,5.0,44100,bird,1.0
29,./kaggletest/spewea1/,XC291336.ogg,23.771428571428572,0,5.0,5.0,44100,bird,1.0
30,./kaggletest/spewea1/,XC291336.ogg,23.771428571428572,0,10.0,5.0,44100,bird,1.0
31,./kaggletest/spewea1/,XC291336.ogg,23.771428571428572,0,15.0,5.0,44100,bird,1.0
32,./kaggletest/spewea1/,XC537542.ogg,16.82283446712018,0,0.0,5.0,44100,bird,1.0
33,./kaggletest/spewea1/,XC537542.ogg,16.82283446712018,0,5.0,5.0,44100,bird,1.0
34,./kaggletest/spewea1/,XC537542.ogg,16.82283446712018,0,10.0,5.0,44100,bird,1.0
35,./kaggletest/spewea1/,XC659740.ogg,32.965986394557824,0,0.0,5.0,44100,bird,1.0
36,./kaggletest/spewea1/,XC659740.ogg,32.965986394557824,0,5.0,5.0,44100,bird,1.0
37,./kaggletest/spewea1/,XC659740.ogg,32.965986394557824,0,10.0,5.0,44100,bird,1.0
38,./kaggletest/spewea1/,XC659740.ogg,32.965986394557824,0,15.0,5.0,44100,bird,1.0
39,./kaggletest/spewea1/,XC659740.ogg,32.965986394557824,0,20.0,5.0,44100,bird,1.0
40,./kaggletest/spewea1/,XC659740.ogg,32.965986394557824,0,25.0,5.0,44100,bird,1.0
41,./kaggletest/spewea1/,XC513803.ogg,9.0,0,0.0,5.0,44100,bird,1.0
42,./kaggletest/spewea1/,XC382992.ogg,6.503990929705216,0,0.0,5.0,44100,bird,1.0
43,./kaggletest/spewea1/,XC294736.ogg,9.038367346938776,0,0.0,5.0,44100,bird,1.0
44,./kaggletest/spewea1/,XC507073.ogg,9.37795918367347,0,0.0,5.0,44100,bird,1.0
45,./kaggletest/spewea1/,XC454398.ogg,15.263990929705216,0,0.0,5.0,44100,bird,1.0
46,./kaggletest/spewea1/,XC454398.ogg,15.263990929705216,0,5.0,5.0,44100,bird,1.0
47,./kaggletest/spewea1/,XC454398.ogg,15.263990929705216,0,10.0,5.0,44100,bird,1.0
48,./kaggletest/spewea1/,XC647629.ogg,37.642426303854876,0,0.0,5.0,44100,bird,1.0
49,./kaggletest/spewea1/,XC647629.ogg,37.642426303854876,0,5.0,5.0,44100,bird,1.0
50,./kaggletest/spewea1/,XC647629.ogg,37.642426303854876,0,10.0,5.0,44100,bird,1.0
51,./kaggletest/spewea1/,XC647629.ogg,37.642426303854876,0,15.0,5.0,44100,bird,1.0
52,./kaggletest/spewea1/,XC647629.ogg,37.642426303854876,0,20.0,5.0,44100,bird,1.0
53,./kaggletest/spewea1/,XC647629.ogg,37.642426303854876,0,25.0,5.0,44100,bird,1.0
54,./kaggletest/spewea1/,XC647629.ogg,37.642426303854876,0,30.0,5.0,44100,bird,1.0
55,./kaggletest/spewea1/,XC467145.ogg,54.04732426303855,0,0.0,5.0,44100,bird,1.0
56,./kaggletest/spewea1/,XC467145.ogg,54.04732426303855,0,5.0,5.0,44100,bird,1.0
57,./kaggletest/spewea1/,XC467145.ogg,54.04732426303855,0,10.0,5.0,44100,bird,1.0
58,./kaggletest/spewea1/,XC467145.ogg,54.04732426303855,0,15.0,5.0,44100,bird,1.0
59,./kaggletest/spewea1/,XC467145.ogg,54.04732426303855,0,20.0,5.0,44100,bird,1.0
60,./kaggletest/spewea1/,XC467145.ogg,54.04732426303855,0,25.0,5.0,44100,bird,1.0
61,./kaggletest/spewea1/,XC467145.ogg,54.04732426303855,0,30.0,5.0,44100,bird,1.0
62,./kaggletest/spewea1/,XC467145.ogg,54.04732426303855,0,35.0,5.0,44100,bird,1.0
63,./kaggletest/spewea1/,XC467145.ogg,54.04732426303855,0,40.0,5.0,44100,bird,1.0
64,./kaggletest/spewea1/,XC467145.ogg,54.04732426303855,0,45.0,5.0,44100,bird,1.0
65,./kaggletest/spewea1/,XC346070.ogg,34.50773242630385,0,0.0,5.0,44100,bird,1.0
66,./kaggletest/spewea1/,XC346070.ogg,34.50773242630385,0,5.0,5.0,44100,bird,1.0
67,./kaggletest/spewea1/,XC346070.ogg,34.50773242630385,0,10.0,5.0,44100,bird,1.0
68,./kaggletest/spewea1/,XC346070.ogg,34.50773242630385,0,15.0,5.0,44100,bird,1.0
69,./kaggletest/spewea1/,XC346070.ogg,34.50773242630385,0,20.0,5.0,44100,bird,1.0
70,./kaggletest/spewea1/,XC346070.ogg,34.50773242630385,0,25.0,5.0,44100,bird,1.0
71,./kaggletest/spewea1/,XC438155.ogg,16.979591836734695,0,0.0,5.0,44100,bird,1.0
72,./kaggletest/spewea1/,XC438155.ogg,16.979591836734695,0,5.0,5.0,44100,bird,1.0
73,./kaggletest/spewea1/,XC438155.ogg,16.979591836734695,0,10.0,5.0,44100,bird,1.0
74,./kaggletest/spewea1/,XC650518.ogg,9.143990929705215,0,0.0,5.0,44100,bird,1.0
75,./kaggletest/spewea1/,XC135737.ogg,22.24798185941043,0,0.0,5.0,44100,bird,1.0
76,./kaggletest/spewea1/,XC135737.ogg,22.24798185941043,0,5.0,5.0,44100,bird,1.0
77,./kaggletest/spewea1/,XC135737.ogg,22.24798185941043,0,10.0,5.0,44100,bird,1.0
78,./kaggletest/spewea1/,XC135737.ogg,22.24798185941043,0,15.0,5.0,44100,bird,1.0
79,./kaggletest/spewea1/,XC569690.ogg,31.55498866213152,0,0.0,5.0,44100,bird,1.0
80,./kaggletest/spewea1/,XC569690.ogg,31.55498866213152,0,5.0,5.0,44100,bird,1.0
81,./kaggletest/spewea1/,XC569690.ogg,31.55498866213152,0,10.0,5.0,44100,bird,1.0
82,./kaggletest/spewea1/,XC569690.ogg,31.55498866213152,0,15.0,5.0,44100,bird,1.0
83,./kaggletest/spewea1/,XC569690.ogg,31.55498866213152,0,20.0,5.0,44100,bird,1.0
84,./kaggletest/spewea1/,XC569690.ogg,31.55498866213152,0,25.0,5.0,44100,bird,1.0
