,FOLDER,IN FILE,CLIP LENGTH,CHANNEL,OFFSET,DURATION,SAMPLE RATE,MANUAL ID,CONFIDENCE
0,./kaggletest/spfbar1/,XC366686.ogg,185.1819954648526,0,0.0,5.0,44100,bird,1.0
1,./kaggletest/spfbar1/,XC366686.ogg,185.1819954648526,0,5.0,5.0,44100,bird,1.0
2,./kaggletest/spfbar1/,XC366686.ogg,185.1819954648526,0,10.0,5.0,44100,bird,1.0
3,./kaggletest/spfbar1/,XC366686.ogg,185.1819954648526,0,15.0,5.0,44100,bird,1.0
4,./kaggletest/spfbar1/,XC366686.ogg,185.1819954648526,0,20.0,5.0,44100,bird,1.0
5,./kaggletest/spfbar1/,XC366686.ogg,185.1819954648526,0,25.0,5.0,44100,bird,1.0
6,./kaggletest/spfbar1/,XC366686.ogg,185.1819954648526,0,30.0,5.0,44100,bird,1.0
7,./kaggletest/spfbar1/,XC366686.ogg,185.1819954648526,0,35.0,5.0,44100,bird,1.0
8,./kaggletest/spfbar1/,XC366686.ogg,185.1819954648526,0,40.0,5.0,44100,bird,1.0
9,./kaggletest/spfbar1/,XC366686.ogg,185.1819954648526,0,45.0,5.0,44100,bird,1.0
10,./kaggletest/spfbar1/,XC366686.ogg,185.1819954648526,0,50.0,5.0,44100,bird,1.0
11,./kaggletest/spfbar1/,XC366686.ogg,185.1819954648526,0,55.0,5.0,44100,bird,1.0
12,./kaggletest/spfbar1/,XC366686.ogg,185.1819954648526,0,60.0,5.0,44100,bird,1.0
13,./kaggletest/spfbar1/,XC366686.ogg,185.1819954648526,0,65.0,5.0,44100,bird,1.0
14,./kaggletest/spfbar1/,XC366686.ogg,185.1819954648526,0,70.0,5.0,44100,bird,1.0
15,./kaggletest/spfbar1/,XC366686.ogg,185.1819954648526,0,75.0,5.0,44100,bird,1.0
16,./kaggletest/spfbar1/,XC366686.ogg,185.1819954648526,0,80.0,5.0,44100,bird,1.0
17,./kaggletest/spfbar1/,XC366686.ogg,185.1819954648526,0,85.0,5.0,44100,bird,1.0
18,./kaggletest/spfbar1/,XC366686.ogg,185.1819954648526,0,90.0,5.0,44100,bird,1.0
19,./kaggletest/spfbar1/,XC366686.ogg,185.1819954648526,0,95.0,5.0,44100,bird,1.0
20,./kaggletest/spfbar1/,XC366686.ogg,185.1819954648526,0,100.0,5.0,44100,bird,1.0
21,./kaggletest/spfbar1/,XC366686.ogg,185.1819954648526,0,105.0,5.0,44100,bird,1.0
22,./kaggletest/spfbar1/,XC366686.ogg,185.1819954648526,0,110.0,5.0,44100,bird,1.0
23,./kaggletest/spfbar1/,XC366686.ogg,185.1819954648526,0,115.0,5.0,44100,bird,1.0
24,./kaggletest/spfbar1/,XC366686.ogg,185.1819954648526,0,120.0,5.0,44100,bird,1.0
25,./kaggletest/spfbar1/,XC366686.ogg,185.1819954648526,0,125.0,5.0,44100,bird,1.0
26,./kaggletest/spfbar1/,XC366686.ogg,185.1819954648526,0,130.0,5.0,44100,bird,1.0
27,./kaggletest/spfbar1/,XC366686.ogg,185.1819954648526,0,135.0,5.0,44100,bird,1.0
28,./kaggletest/spfbar1/,XC366686.ogg,185.1819954648526,0,140.0,5.0,44100,bird,1.0
29,./kaggletest/spfbar1/,XC366686.ogg,185.1819954648526,0,145.0,5.0,44100,bird,1.0
30,./kaggletest/spfbar1/,XC366686.ogg,185.1819954648526,0,150.0,5.0,44100,bird,1.0
31,./kaggletest/spfbar1/,XC366686.ogg,185.1819954648526,0,155.0,5.0,44100,bird,1.0
32,./kaggletest/spfbar1/,XC366686.ogg,185.1819954648526,0,160.0,5.0,44100,bird,1.0
33,./kaggletest/spfbar1/,XC366686.ogg,185.1819954648526,0,165.0,5.0,44100,bird,1.0
34,./kaggletest/spfbar1/,XC366686.ogg,185.1819954648526,0,170.0,5.0,44100,bird,1.0
35,./kaggletest/spfbar1/,XC366686.ogg,185.1819954648526,0,175.0,5.0,44100,bird,1.0
36,./kaggletest/spfbar1/,XC366686.ogg,185.1819954648526,0,180.0,5.0,44100,bird,1.0
37,./kaggletest/spfbar1/,XC728975.ogg,10.32,0,0.0,5.0,44100,bird,1.0
38,./kaggletest/spfbar1/,XC728975.ogg,10.32,0,5.0,5.0,44100,bird,1.0
39,./kaggletest/spfbar1/,XC607574.ogg,22.75265306122449,0,0.0,5.0,44100,bird,1.0
40,./kaggletest/spfbar1/,XC607574.ogg,22.75265306122449,0,5.0,5.0,44100,bird,1.0
41,./kaggletest/spfbar1/,XC607574.ogg,22.75265306122449,0,10.0,5.0,44100,bird,1.0
42,./kaggletest/spfbar1/,XC607574.ogg,22.75265306122449,0,15.0,5.0,44100,bird,1.0
43,./kaggletest/spfbar1/,XC755404.ogg,22.047324263038547,0,0.0,5.0,44100,bird,1.0
44,./kaggletest/spfbar1/,XC755404.ogg,22.047324263038547,0,5.0,5.0,44100,bird,1.0
45,./kaggletest/spfbar1/,XC755404.ogg,22.047324263038547,0,10.0,5.0,44100,bird,1.0
46,./kaggletest/spfbar1/,XC755404.ogg,22.047324263038547,0,15.0,5.0,44100,bird,1.0
47,./kaggletest/spfbar1/,XC251867.ogg,26.357551020408163,0,0.0,5.0,44100,bird,1.0
48,./kaggletest/spfbar1/,XC251867.ogg,26.357551020408163,0,5.0,5.0,44100,bird,1.0
49,./kaggletest/spfbar1/,XC251867.ogg,26.357551020408163,0,10.0,5.0,44100,bird,1.0
50,./kaggletest/spfbar1/,XC251867.ogg,26.357551020408163,0,15.0,5.0,44100,bird,1.0
51,./kaggletest/spfbar1/,XC251867.ogg,26.357551020408163,0,20.0,5.0,44100,bird,1.0
52,./kaggletest/spfbar1/,XC217014.wav,5.0,0,0.0,5.0,44100,bird,1.0
53,./kaggletest/spfbar1/,XC593164.ogg,22.60798185941043,0,0.0,5.0,44100,bird,1.0
54,./kaggletest/spfbar1/,XC593164.ogg,22.60798185941043,0,10.0,5.0,44100,bird,1.0
55,./kaggletest/spfbar1/,XC593164.ogg,22.60798185941043,0,15.0,5.0,44100,bird,1.0
56,./kaggletest/spfbar1/,XC594009.wav,5.0,0,0.0,5.0,44100,bird,1.0
57,./kaggletest/spfbar1/,XC567812.ogg,19.511995464852607,0,0.0,5.0,44100,bird,1.0
58,./kaggletest/spfbar1/,XC567812.ogg,19.511995464852607,0,5.0,5.0,44100,bird,1.0
59,./kaggletest/spfbar1/,XC567812.ogg,19.511995464852607,0,10.0,5.0,44100,bird,1.0
60,./kaggletest/spfbar1/,XC444920.ogg,10.631836734693877,0,0.0,5.0,44100,bird,1.0
61,./kaggletest/spfbar1/,XC444920.ogg,10.631836734693877,0,5.0,5.0,44100,bird,1.0
62,./kaggletest/spfbar1/,XC601810.wav,5.0,0,0.0,5.0,44100,bird,1.0
63,./kaggletest/spfbar1/,XC537114.ogg,10.057142857142857,0,0.0,5.0,44100,bird,1.0
64,./kaggletest/spfbar1/,XC537114.ogg,10.057142857142857,0,5.0,5.0,44100,bird,1.0
