,FOLDER,IN FILE,CLIP LENGTH,CHANNEL,OFFSET,DURATION,SAMPLE RATE,MANUAL ID,CONFIDENCE
0,./kaggletest/spfwea1/,XC288748.wav,5.0,0,0.0,5.0,44100,bird,1.0
1,./kaggletest/spfwea1/,XC364479.ogg,24.76408163265306,0,0.0,5.0,44100,bird,1.0
2,./kaggletest/spfwea1/,XC364479.ogg,24.76408163265306,0,5.0,5.0,44100,bird,1.0
3,./kaggletest/spfwea1/,XC364479.ogg,24.76408163265306,0,10.0,5.0,44100,bird,1.0
4,./kaggletest/spfwea1/,XC364479.ogg,24.76408163265306,0,15.0,5.0,44100,bird,1.0
5,./kaggletest/spfwea1/,XC524175.ogg,12.93,0,0.0,5.0,44100,bird,1.0
6,./kaggletest/spfwea1/,XC524175.ogg,12.93,0,5.0,5.0,44100,bird,1.0
7,./kaggletest/spfwea1/,XC647037.ogg,20.610612244897958,0,0.0,5.0,44100,bird,1.0
8,./kaggletest/spfwea1/,XC647037.ogg,20.610612244897958,0,5.0,5.0,44100,bird,1.0
9,./kaggletest/spfwea1/,XC647037.ogg,20.610612244897958,0,10.0,5.0,44100,bird,1.0
10,./kaggletest/spfwea1/,XC445049.wav,5.0,0,0.0,5.0,44100,bird,1.0
11,./kaggletest/spfwea1/,XC390548.ogg,25.495487528344672,0,0.0,5.0,44100,bird,1.0
12,./kaggletest/spfwea1/,XC390548.ogg,25.495487528344672,0,5.0,5.0,44100,bird,1.0
13,./kaggletest/spfwea1/,XC390548.ogg,25.495487528344672,0,10.0,5.0,44100,bird,1.0
14,./kaggletest/spfwea1/,XC390548.ogg,25.495487528344672,0,15.0,5.0,44100,bird,1.0
15,./kaggletest/spfwea1/,XC390548.ogg,25.495487528344672,0,20.0,5.0,44100,bird,1.0
16,./kaggletest/spfwea1/,XC200031.ogg,32.67918367346939,0,10.0,5.0,44100,bird,1.0
17,./kaggletest/spfwea1/,XC200031.ogg,32.67918367346939,0,15.0,5.0,44100,bird,1.0
18,./kaggletest/spfwea1/,XC445050.ogg,35.23918367346939,0,0.0,5.0,44100,bird,1.0
19,./kaggletest/spfwea1/,XC445050.ogg,35.23918367346939,0,5.0,5.0,44100,bird,1.0
20,./kaggletest/spfwea1/,XC445050.ogg,35.23918367346939,0,10.0,5.0,44100,bird,1.0
21,./kaggletest/spfwea1/,XC445050.ogg,35.23918367346939,0,15.0,5.0,44100,bird,1.0
22,./kaggletest/spfwea1/,XC445050.ogg,35.23918367346939,0,20.0,5.0,44100,bird,1.0
23,./kaggletest/spfwea1/,XC445050.ogg,35.23918367346939,0,25.0,5.0,44100,bird,1.0
24,./kaggletest/spfwea1/,XC647038.ogg,17.711020408163265,0,5.0,5.0,44100,bird,1.0
25,./kaggletest/spfwea1/,XC647038.ogg,17.711020408163265,0,10.0,5.0,44100,bird,1.0
26,./kaggletest/spfwea1/,XC428347.ogg,40.98598639455782,0,0.0,5.0,44100,bird,1.0
27,./kaggletest/spfwea1/,XC428347.ogg,40.98598639455782,0,5.0,5.0,44100,bird,1.0
28,./kaggletest/spfwea1/,XC428347.ogg,40.98598639455782,0,10.0,5.0,44100,bird,1.0
29,./kaggletest/spfwea1/,XC428347.ogg,40.98598639455782,0,15.0,5.0,44100,bird,1.0
30,./kaggletest/spfwea1/,XC428347.ogg,40.98598639455782,0,20.0,5.0,44100,bird,1.0
31,./kaggletest/spfwea1/,XC428347.ogg,40.98598639455782,0,25.0,5.0,44100,bird,1.0
32,./kaggletest/spfwea1/,XC428347.ogg,40.98598639455782,0,30.0,5.0,44100,bird,1.0
33,./kaggletest/spfwea1/,XC428347.ogg,40.98598639455782,0,35.0,5.0,44100,bird,1.0
