,FOLDER,IN FILE,CLIP LENGTH,CHANNEL,OFFSET,DURATION,SAMPLE RATE,MANUAL ID,CONFIDENCE
0,./kaggletest/squher1/,XC515815.wav,5.0,0,0.0,5.0,44100,bird,1.0
1,./kaggletest/squher1/,XC607077.ogg,11.663990929705216,0,5.0,5.0,44100,bird,1.0
2,./kaggletest/squher1/,XC474383.ogg,6.268979591836735,0,0.0,5.0,44100,bird,1.0
3,./kaggletest/squher1/,XC46226.wav,5.0,0,0.0,5.0,44100,bird,1.0
4,./kaggletest/squher1/,XC235340.ogg,70.82399092970522,0,0.0,5.0,44100,bird,1.0
5,./kaggletest/squher1/,XC235340.ogg,70.82399092970522,0,5.0,5.0,44100,bird,1.0
6,./kaggletest/squher1/,XC235340.ogg,70.82399092970522,0,10.0,5.0,44100,bird,1.0
7,./kaggletest/squher1/,XC235340.ogg,70.82399092970522,0,15.0,5.0,44100,bird,1.0
8,./kaggletest/squher1/,XC235340.ogg,70.82399092970522,0,20.0,5.0,44100,bird,1.0
9,./kaggletest/squher1/,XC235340.ogg,70.82399092970522,0,25.0,5.0,44100,bird,1.0
10,./kaggletest/squher1/,XC235340.ogg,70.82399092970522,0,30.0,5.0,44100,bird,1.0
11,./kaggletest/squher1/,XC235340.ogg,70.82399092970522,0,35.0,5.0,44100,bird,1.0
12,./kaggletest/squher1/,XC235340.ogg,70.82399092970522,0,40.0,5.0,44100,bird,1.0
13,./kaggletest/squher1/,XC235340.ogg,70.82399092970522,0,45.0,5.0,44100,bird,1.0
14,./kaggletest/squher1/,XC235340.ogg,70.82399092970522,0,50.0,5.0,44100,bird,1.0
15,./kaggletest/squher1/,XC235340.ogg,70.82399092970522,0,55.0,5.0,44100,bird,1.0
16,./kaggletest/squher1/,XC235340.ogg,70.82399092970522,0,60.0,5.0,44100,bird,1.0
17,./kaggletest/squher1/,XC235340.ogg,70.82399092970522,0,65.0,5.0,44100,bird,1.0
18,./kaggletest/squher1/,XC515812.wav,5.0,0,0.0,5.0,44100,bird,1.0
19,./kaggletest/squher1/,XC696780.ogg,5.12,0,0.0,5.0,44100,bird,1.0
20,./kaggletest/squher1/,XC379767.ogg,7.56,0,0.0,5.0,44100,bird,1.0
21,./kaggletest/squher1/,XC517419.wav,5.0,0,0.0,5.0,44100,bird,1.0
22,./kaggletest/squher1/,XC201226.ogg,11.154263038548752,0,0.0,5.0,44100,bird,1.0
23,./kaggletest/squher1/,XC201226.ogg,11.154263038548752,0,5.0,5.0,44100,bird,1.0
24,./kaggletest/squher1/,XC749814.wav,5.0,0,0.0,5.0,44100,bird,1.0
25,./kaggletest/squher1/,XC380954.wav,5.0,0,0.0,5.0,44100,bird,1.0
26,./kaggletest/squher1/,XC380951.ogg,6.167981859410431,0,0.0,5.0,44100,bird,1.0
27,./kaggletest/squher1/,XC515849.wav,5.0,0,0.0,5.0,44100,bird,1.0
28,./kaggletest/squher1/,XC417647.ogg,9.038367346938776,0,0.0,5.0,44100,bird,1.0
29,./kaggletest/squher1/,XC380953.ogg,7.2719954648526075,0,0.0,5.0,44100,bird,1.0
30,./kaggletest/squher1/,XC265712.ogg,7.601609977324263,0,0.0,5.0,44100,bird,1.0
31,./kaggletest/squher1/,XC515848.wav,5.0,0,0.0,5.0,44100,bird,1.0
32,./kaggletest/squher1/,XC417646.wav,5.0,0,0.0,5.0,44100,bird,1.0
33,./kaggletest/squher1/,XC515938.wav,5.0,0,0.0,5.0,44100,bird,1.0
34,./kaggletest/squher1/,XC380952.wav,5.0,0,0.0,5.0,44100,bird,1.0
35,./kaggletest/squher1/,XC720323.ogg,29.726984126984128,0,0.0,5.0,44100,bird,1.0
36,./kaggletest/squher1/,XC720323.ogg,29.726984126984128,0,5.0,5.0,44100,bird,1.0
37,./kaggletest/squher1/,XC720323.ogg,29.726984126984128,0,15.0,5.0,44100,bird,1.0
38,./kaggletest/squher1/,XC720323.ogg,29.726984126984128,0,20.0,5.0,44100,bird,1.0
39,./kaggletest/squher1/,XC417645.wav,5.0,0,0.0,5.0,44100,bird,1.0
40,./kaggletest/squher1/,XC127575.ogg,64.88814058956916,0,0.0,5.0,44100,bird,1.0
41,./kaggletest/squher1/,XC127575.ogg,64.88814058956916,0,5.0,5.0,44100,bird,1.0
42,./kaggletest/squher1/,XC127575.ogg,64.88814058956916,0,10.0,5.0,44100,bird,1.0
43,./kaggletest/squher1/,XC127575.ogg,64.88814058956916,0,15.0,5.0,44100,bird,1.0
44,./kaggletest/squher1/,XC127575.ogg,64.88814058956916,0,20.0,5.0,44100,bird,1.0
45,./kaggletest/squher1/,XC127575.ogg,64.88814058956916,0,25.0,5.0,44100,bird,1.0
46,./kaggletest/squher1/,XC127575.ogg,64.88814058956916,0,30.0,5.0,44100,bird,1.0
47,./kaggletest/squher1/,XC127575.ogg,64.88814058956916,0,35.0,5.0,44100,bird,1.0
48,./kaggletest/squher1/,XC127575.ogg,64.88814058956916,0,40.0,5.0,44100,bird,1.0
49,./kaggletest/squher1/,XC127575.ogg,64.88814058956916,0,45.0,5.0,44100,bird,1.0
50,./kaggletest/squher1/,XC127575.ogg,64.88814058956916,0,50.0,5.0,44100,bird,1.0
51,./kaggletest/squher1/,XC127575.ogg,64.88814058956916,0,55.0,5.0,44100,bird,1.0
52,./kaggletest/squher1/,XC607367.ogg,17.528140589569162,0,0.0,5.0,44100,bird,1.0
53,./kaggletest/squher1/,XC607367.ogg,17.528140589569162,0,5.0,5.0,44100,bird,1.0
54,./kaggletest/squher1/,XC607367.ogg,17.528140589569162,0,10.0,5.0,44100,bird,1.0
55,./kaggletest/squher1/,XC515843.wav,5.0,0,0.0,5.0,44100,bird,1.0
56,./kaggletest/squher1/,XC746440.wav,5.0,0,0.0,5.0,44100,bird,1.0
57,./kaggletest/squher1/,XC516381.ogg,48.16897959183674,0,0.0,5.0,44100,bird,1.0
58,./kaggletest/squher1/,XC516381.ogg,48.16897959183674,0,5.0,5.0,44100,bird,1.0
59,./kaggletest/squher1/,XC516381.ogg,48.16897959183674,0,15.0,5.0,44100,bird,1.0
60,./kaggletest/squher1/,XC516381.ogg,48.16897959183674,0,20.0,5.0,44100,bird,1.0
61,./kaggletest/squher1/,XC516381.ogg,48.16897959183674,0,25.0,5.0,44100,bird,1.0
62,./kaggletest/squher1/,XC516381.ogg,48.16897959183674,0,30.0,5.0,44100,bird,1.0
63,./kaggletest/squher1/,XC516381.ogg,48.16897959183674,0,40.0,5.0,44100,bird,1.0
64,./kaggletest/squher1/,XC515844.wav,5.0,0,0.0,5.0,44100,bird,1.0
65,./kaggletest/squher1/,XC577792.ogg,5.5902040816326535,0,0.0,5.0,44100,bird,1.0
66,./kaggletest/squher1/,XC417648.ogg,10.213854875283447,0,0.0,5.0,44100,bird,1.0
67,./kaggletest/squher1/,XC417648.ogg,10.213854875283447,0,5.0,5.0,44100,bird,1.0
68,./kaggletest/squher1/,XC746441.ogg,12.0,0,0.0,5.0,44100,bird,1.0
69,./kaggletest/squher1/,XC746441.ogg,12.0,0,5.0,5.0,44100,bird,1.0
70,./kaggletest/squher1/,XC307239.ogg,13.56,0,0.0,5.0,44100,bird,1.0
71,./kaggletest/squher1/,XC307239.ogg,13.56,0,5.0,5.0,44100,bird,1.0
72,./kaggletest/squher1/,XC577793.ogg,9.09061224489796,0,0.0,5.0,44100,bird,1.0
73,./kaggletest/squher1/,XC515820.wav,5.0,0,0.0,5.0,44100,bird,1.0
74,./kaggletest/squher1/,XC313613.ogg,13.583673469387755,0,0.0,5.0,44100,bird,1.0
75,./kaggletest/squher1/,XC313613.ogg,13.583673469387755,0,5.0,5.0,44100,bird,1.0
76,./kaggletest/squher1/,XC381836.wav,5.0,0,0.0,5.0,44100,bird,1.0
77,./kaggletest/squher1/,XC313612.ogg,24.058775510204082,0,0.0,5.0,44100,bird,1.0
78,./kaggletest/squher1/,XC313612.ogg,24.058775510204082,0,5.0,5.0,44100,bird,1.0
79,./kaggletest/squher1/,XC313612.ogg,24.058775510204082,0,10.0,5.0,44100,bird,1.0
80,./kaggletest/squher1/,XC313612.ogg,24.058775510204082,0,15.0,5.0,44100,bird,1.0
81,./kaggletest/squher1/,XC330949.ogg,10.997551020408164,0,5.0,5.0,44100,bird,1.0
82,./kaggletest/squher1/,XC375624.wav,5.0,0,0.0,5.0,44100,bird,1.0
83,./kaggletest/squher1/,XC381835.ogg,5.381201814058957,0,0.0,5.0,44100,bird,1.0
84,./kaggletest/squher1/,XC201228.wav,5.0,0,0.0,5.0,44100,bird,1.0
85,./kaggletest/squher1/,XC515818.wav,5.0,0,0.0,5.0,44100,bird,1.0
86,./kaggletest/squher1/,XC683187.ogg,12.287981859410431,0,0.0,5.0,44100,bird,1.0
87,./kaggletest/squher1/,XC683187.ogg,12.287981859410431,0,5.0,5.0,44100,bird,1.0
