,FOLDER,IN FILE,CLIP LENGTH,CHANNEL,OFFSET,DURATION,SAMPLE RATE,MANUAL ID,CONFIDENCE
0,./kaggletest/strsee1/,XC704436.ogg,48.50936507936508,0,0.0,5.0,44100,bird,1.0
1,./kaggletest/strsee1/,XC704436.ogg,48.50936507936508,0,5.0,5.0,44100,bird,1.0
2,./kaggletest/strsee1/,XC704436.ogg,48.50936507936508,0,10.0,5.0,44100,bird,1.0
3,./kaggletest/strsee1/,XC704436.ogg,48.50936507936508,0,15.0,5.0,44100,bird,1.0
4,./kaggletest/strsee1/,XC704436.ogg,48.50936507936508,0,20.0,5.0,44100,bird,1.0
5,./kaggletest/strsee1/,XC704436.ogg,48.50936507936508,0,25.0,5.0,44100,bird,1.0
6,./kaggletest/strsee1/,XC704436.ogg,48.50936507936508,0,30.0,5.0,44100,bird,1.0
7,./kaggletest/strsee1/,XC704436.ogg,48.50936507936508,0,35.0,5.0,44100,bird,1.0
8,./kaggletest/strsee1/,XC704436.ogg,48.50936507936508,0,40.0,5.0,44100,bird,1.0
9,./kaggletest/strsee1/,XC241835.ogg,14.65467120181406,0,0.0,5.0,44100,bird,1.0
10,./kaggletest/strsee1/,XC241835.ogg,14.65467120181406,0,5.0,5.0,44100,bird,1.0
11,./kaggletest/strsee1/,XC201587.ogg,26.122426303854876,0,0.0,5.0,44100,bird,1.0
12,./kaggletest/strsee1/,XC201587.ogg,26.122426303854876,0,5.0,5.0,44100,bird,1.0
13,./kaggletest/strsee1/,XC201587.ogg,26.122426303854876,0,10.0,5.0,44100,bird,1.0
14,./kaggletest/strsee1/,XC201587.ogg,26.122426303854876,0,15.0,5.0,44100,bird,1.0
15,./kaggletest/strsee1/,XC201587.ogg,26.122426303854876,0,20.0,5.0,44100,bird,1.0
16,./kaggletest/strsee1/,XC129675.ogg,45.583673469387755,0,0.0,5.0,44100,bird,1.0
17,./kaggletest/strsee1/,XC129675.ogg,45.583673469387755,0,5.0,5.0,44100,bird,1.0
18,./kaggletest/strsee1/,XC129675.ogg,45.583673469387755,0,10.0,5.0,44100,bird,1.0
19,./kaggletest/strsee1/,XC129675.ogg,45.583673469387755,0,15.0,5.0,44100,bird,1.0
20,./kaggletest/strsee1/,XC129675.ogg,45.583673469387755,0,20.0,5.0,44100,bird,1.0
21,./kaggletest/strsee1/,XC129675.ogg,45.583673469387755,0,25.0,5.0,44100,bird,1.0
22,./kaggletest/strsee1/,XC129675.ogg,45.583673469387755,0,30.0,5.0,44100,bird,1.0
23,./kaggletest/strsee1/,XC129675.ogg,45.583673469387755,0,35.0,5.0,44100,bird,1.0
24,./kaggletest/strsee1/,XC129675.ogg,45.583673469387755,0,40.0,5.0,44100,bird,1.0
25,./kaggletest/strsee1/,XC487418.ogg,30.14498866213152,0,0.0,5.0,44100,bird,1.0
26,./kaggletest/strsee1/,XC487418.ogg,30.14498866213152,0,5.0,5.0,44100,bird,1.0
27,./kaggletest/strsee1/,XC487418.ogg,30.14498866213152,0,10.0,5.0,44100,bird,1.0
28,./kaggletest/strsee1/,XC487418.ogg,30.14498866213152,0,15.0,5.0,44100,bird,1.0
29,./kaggletest/strsee1/,XC487418.ogg,30.14498866213152,0,20.0,5.0,44100,bird,1.0
30,./kaggletest/strsee1/,XC487418.ogg,30.14498866213152,0,25.0,5.0,44100,bird,1.0
31,./kaggletest/strsee1/,XC399135.ogg,15.985986394557823,0,0.0,5.0,44100,bird,1.0
32,./kaggletest/strsee1/,XC399135.ogg,15.985986394557823,0,5.0,5.0,44100,bird,1.0
33,./kaggletest/strsee1/,XC399135.ogg,15.985986394557823,0,10.0,5.0,44100,bird,1.0
34,./kaggletest/strsee1/,XC532310.ogg,28.498979591836736,0,0.0,5.0,44100,bird,1.0
35,./kaggletest/strsee1/,XC532310.ogg,28.498979591836736,0,5.0,5.0,44100,bird,1.0
36,./kaggletest/strsee1/,XC532310.ogg,28.498979591836736,0,10.0,5.0,44100,bird,1.0
37,./kaggletest/strsee1/,XC532310.ogg,28.498979591836736,0,15.0,5.0,44100,bird,1.0
38,./kaggletest/strsee1/,XC532310.ogg,28.498979591836736,0,20.0,5.0,44100,bird,1.0
39,./kaggletest/strsee1/,XC294014.ogg,46.65467120181406,0,0.0,5.0,44100,bird,1.0
40,./kaggletest/strsee1/,XC294014.ogg,46.65467120181406,0,5.0,5.0,44100,bird,1.0
41,./kaggletest/strsee1/,XC294014.ogg,46.65467120181406,0,20.0,5.0,44100,bird,1.0
42,./kaggletest/strsee1/,XC294014.ogg,46.65467120181406,0,25.0,5.0,44100,bird,1.0
43,./kaggletest/strsee1/,XC294014.ogg,46.65467120181406,0,30.0,5.0,44100,bird,1.0
44,./kaggletest/strsee1/,XC294014.ogg,46.65467120181406,0,35.0,5.0,44100,bird,1.0
45,./kaggletest/strsee1/,XC294014.ogg,46.65467120181406,0,40.0,5.0,44100,bird,1.0
46,./kaggletest/strsee1/,XC623688.ogg,37.61598639455782,0,0.0,5.0,44100,bird,1.0
47,./kaggletest/strsee1/,XC623688.ogg,37.61598639455782,0,5.0,5.0,44100,bird,1.0
48,./kaggletest/strsee1/,XC623688.ogg,37.61598639455782,0,10.0,5.0,44100,bird,1.0
49,./kaggletest/strsee1/,XC704427.ogg,41.22120181405896,0,0.0,5.0,44100,bird,1.0
50,./kaggletest/strsee1/,XC704427.ogg,41.22120181405896,0,5.0,5.0,44100,bird,1.0
51,./kaggletest/strsee1/,XC704427.ogg,41.22120181405896,0,10.0,5.0,44100,bird,1.0
52,./kaggletest/strsee1/,XC704427.ogg,41.22120181405896,0,15.0,5.0,44100,bird,1.0
53,./kaggletest/strsee1/,XC704427.ogg,41.22120181405896,0,20.0,5.0,44100,bird,1.0
54,./kaggletest/strsee1/,XC704427.ogg,41.22120181405896,0,25.0,5.0,44100,bird,1.0
55,./kaggletest/strsee1/,XC704427.ogg,41.22120181405896,0,30.0,5.0,44100,bird,1.0
56,./kaggletest/strsee1/,XC704427.ogg,41.22120181405896,0,35.0,5.0,44100,bird,1.0
57,./kaggletest/strsee1/,XC233082.ogg,27.715895691609976,0,0.0,5.0,44100,bird,1.0
58,./kaggletest/strsee1/,XC233082.ogg,27.715895691609976,0,5.0,5.0,44100,bird,1.0
59,./kaggletest/strsee1/,XC233082.ogg,27.715895691609976,0,10.0,5.0,44100,bird,1.0
60,./kaggletest/strsee1/,XC233082.ogg,27.715895691609976,0,15.0,5.0,44100,bird,1.0
61,./kaggletest/strsee1/,XC233082.ogg,27.715895691609976,0,20.0,5.0,44100,bird,1.0
62,./kaggletest/strsee1/,XC237296.ogg,21.78612244897959,0,0.0,5.0,44100,bird,1.0
63,./kaggletest/strsee1/,XC237296.ogg,21.78612244897959,0,5.0,5.0,44100,bird,1.0
64,./kaggletest/strsee1/,XC237296.ogg,21.78612244897959,0,10.0,5.0,44100,bird,1.0
65,./kaggletest/strsee1/,XC237296.ogg,21.78612244897959,0,15.0,5.0,44100,bird,1.0
66,./kaggletest/strsee1/,XC699401.ogg,19.33061224489796,0,0.0,5.0,44100,bird,1.0
67,./kaggletest/strsee1/,XC699401.ogg,19.33061224489796,0,5.0,5.0,44100,bird,1.0
68,./kaggletest/strsee1/,XC699401.ogg,19.33061224489796,0,10.0,5.0,44100,bird,1.0
69,./kaggletest/strsee1/,XC668567.ogg,29.44798185941043,0,0.0,5.0,44100,bird,1.0
70,./kaggletest/strsee1/,XC668567.ogg,29.44798185941043,0,5.0,5.0,44100,bird,1.0
71,./kaggletest/strsee1/,XC668567.ogg,29.44798185941043,0,10.0,5.0,44100,bird,1.0
72,./kaggletest/strsee1/,XC668567.ogg,29.44798185941043,0,15.0,5.0,44100,bird,1.0
73,./kaggletest/strsee1/,XC668567.ogg,29.44798185941043,0,20.0,5.0,44100,bird,1.0
74,./kaggletest/strsee1/,XC234824.ogg,8.228548752834467,0,0.0,5.0,44100,bird,1.0
75,./kaggletest/strsee1/,XC402462.ogg,22.295986394557822,0,0.0,5.0,44100,bird,1.0
76,./kaggletest/strsee1/,XC402462.ogg,22.295986394557822,0,5.0,5.0,44100,bird,1.0
77,./kaggletest/strsee1/,XC402462.ogg,22.295986394557822,0,10.0,5.0,44100,bird,1.0
78,./kaggletest/strsee1/,XC402462.ogg,22.295986394557822,0,15.0,5.0,44100,bird,1.0
79,./kaggletest/strsee1/,XC205401.ogg,116.68895691609977,0,0.0,5.0,44100,bird,1.0
80,./kaggletest/strsee1/,XC205401.ogg,116.68895691609977,0,5.0,5.0,44100,bird,1.0
81,./kaggletest/strsee1/,XC205401.ogg,116.68895691609977,0,10.0,5.0,44100,bird,1.0
82,./kaggletest/strsee1/,XC205401.ogg,116.68895691609977,0,15.0,5.0,44100,bird,1.0
83,./kaggletest/strsee1/,XC205401.ogg,116.68895691609977,0,20.0,5.0,44100,bird,1.0
84,./kaggletest/strsee1/,XC205401.ogg,116.68895691609977,0,25.0,5.0,44100,bird,1.0
85,./kaggletest/strsee1/,XC205401.ogg,116.68895691609977,0,30.0,5.0,44100,bird,1.0
86,./kaggletest/strsee1/,XC205401.ogg,116.68895691609977,0,35.0,5.0,44100,bird,1.0
87,./kaggletest/strsee1/,XC205401.ogg,116.68895691609977,0,40.0,5.0,44100,bird,1.0
88,./kaggletest/strsee1/,XC205401.ogg,116.68895691609977,0,45.0,5.0,44100,bird,1.0
89,./kaggletest/strsee1/,XC205401.ogg,116.68895691609977,0,50.0,5.0,44100,bird,1.0
90,./kaggletest/strsee1/,XC205401.ogg,116.68895691609977,0,55.0,5.0,44100,bird,1.0
91,./kaggletest/strsee1/,XC205401.ogg,116.68895691609977,0,60.0,5.0,44100,bird,1.0
92,./kaggletest/strsee1/,XC205401.ogg,116.68895691609977,0,65.0,5.0,44100,bird,1.0
93,./kaggletest/strsee1/,XC205401.ogg,116.68895691609977,0,70.0,5.0,44100,bird,1.0
94,./kaggletest/strsee1/,XC205401.ogg,116.68895691609977,0,75.0,5.0,44100,bird,1.0
95,./kaggletest/strsee1/,XC205401.ogg,116.68895691609977,0,80.0,5.0,44100,bird,1.0
96,./kaggletest/strsee1/,XC205401.ogg,116.68895691609977,0,85.0,5.0,44100,bird,1.0
97,./kaggletest/strsee1/,XC205401.ogg,116.68895691609977,0,90.0,5.0,44100,bird,1.0
98,./kaggletest/strsee1/,XC205401.ogg,116.68895691609977,0,95.0,5.0,44100,bird,1.0
99,./kaggletest/strsee1/,XC205401.ogg,116.68895691609977,0,100.0,5.0,44100,bird,1.0
100,./kaggletest/strsee1/,XC205401.ogg,116.68895691609977,0,110.0,5.0,44100,bird,1.0
101,./kaggletest/strsee1/,XC627243.ogg,34.87199546485261,0,0.0,5.0,44100,bird,1.0
102,./kaggletest/strsee1/,XC627243.ogg,34.87199546485261,0,5.0,5.0,44100,bird,1.0
103,./kaggletest/strsee1/,XC627243.ogg,34.87199546485261,0,10.0,5.0,44100,bird,1.0
104,./kaggletest/strsee1/,XC627243.ogg,34.87199546485261,0,15.0,5.0,44100,bird,1.0
105,./kaggletest/strsee1/,XC627243.ogg,34.87199546485261,0,20.0,5.0,44100,bird,1.0
106,./kaggletest/strsee1/,XC627243.ogg,34.87199546485261,0,25.0,5.0,44100,bird,1.0
107,./kaggletest/strsee1/,XC668568.ogg,18.695986394557824,0,0.0,5.0,44100,bird,1.0
108,./kaggletest/strsee1/,XC668568.ogg,18.695986394557824,0,5.0,5.0,44100,bird,1.0
109,./kaggletest/strsee1/,XC668568.ogg,18.695986394557824,0,10.0,5.0,44100,bird,1.0
110,./kaggletest/strsee1/,XC702559.ogg,32.28732426303855,0,0.0,5.0,44100,bird,1.0
111,./kaggletest/strsee1/,XC702559.ogg,32.28732426303855,0,5.0,5.0,44100,bird,1.0
112,./kaggletest/strsee1/,XC702559.ogg,32.28732426303855,0,10.0,5.0,44100,bird,1.0
113,./kaggletest/strsee1/,XC702559.ogg,32.28732426303855,0,15.0,5.0,44100,bird,1.0
114,./kaggletest/strsee1/,XC702559.ogg,32.28732426303855,0,20.0,5.0,44100,bird,1.0
115,./kaggletest/strsee1/,XC702559.ogg,32.28732426303855,0,25.0,5.0,44100,bird,1.0
116,./kaggletest/strsee1/,XC240510.ogg,75.36324263038549,0,0.0,5.0,44100,bird,1.0
117,./kaggletest/strsee1/,XC240510.ogg,75.36324263038549,0,5.0,5.0,44100,bird,1.0
118,./kaggletest/strsee1/,XC240510.ogg,75.36324263038549,0,10.0,5.0,44100,bird,1.0
119,./kaggletest/strsee1/,XC240510.ogg,75.36324263038549,0,15.0,5.0,44100,bird,1.0
120,./kaggletest/strsee1/,XC240510.ogg,75.36324263038549,0,20.0,5.0,44100,bird,1.0
121,./kaggletest/strsee1/,XC240510.ogg,75.36324263038549,0,25.0,5.0,44100,bird,1.0
122,./kaggletest/strsee1/,XC240510.ogg,75.36324263038549,0,30.0,5.0,44100,bird,1.0
123,./kaggletest/strsee1/,XC240510.ogg,75.36324263038549,0,40.0,5.0,44100,bird,1.0
124,./kaggletest/strsee1/,XC240510.ogg,75.36324263038549,0,45.0,5.0,44100,bird,1.0
125,./kaggletest/strsee1/,XC240510.ogg,75.36324263038549,0,65.0,5.0,44100,bird,1.0
126,./kaggletest/strsee1/,XC240510.ogg,75.36324263038549,0,70.0,5.0,44100,bird,1.0
127,./kaggletest/strsee1/,XC746619.ogg,96.12,0,0.0,5.0,44100,bird,1.0
128,./kaggletest/strsee1/,XC746619.ogg,96.12,0,5.0,5.0,44100,bird,1.0
129,./kaggletest/strsee1/,XC746619.ogg,96.12,0,10.0,5.0,44100,bird,1.0
130,./kaggletest/strsee1/,XC746619.ogg,96.12,0,15.0,5.0,44100,bird,1.0
131,./kaggletest/strsee1/,XC746619.ogg,96.12,0,20.0,5.0,44100,bird,1.0
132,./kaggletest/strsee1/,XC746619.ogg,96.12,0,25.0,5.0,44100,bird,1.0
133,./kaggletest/strsee1/,XC746619.ogg,96.12,0,30.0,5.0,44100,bird,1.0
134,./kaggletest/strsee1/,XC746619.ogg,96.12,0,35.0,5.0,44100,bird,1.0
135,./kaggletest/strsee1/,XC746619.ogg,96.12,0,40.0,5.0,44100,bird,1.0
136,./kaggletest/strsee1/,XC746619.ogg,96.12,0,45.0,5.0,44100,bird,1.0
137,./kaggletest/strsee1/,XC746619.ogg,96.12,0,50.0,5.0,44100,bird,1.0
138,./kaggletest/strsee1/,XC746619.ogg,96.12,0,55.0,5.0,44100,bird,1.0
139,./kaggletest/strsee1/,XC746619.ogg,96.12,0,60.0,5.0,44100,bird,1.0
140,./kaggletest/strsee1/,XC746619.ogg,96.12,0,65.0,5.0,44100,bird,1.0
141,./kaggletest/strsee1/,XC746619.ogg,96.12,0,70.0,5.0,44100,bird,1.0
142,./kaggletest/strsee1/,XC746619.ogg,96.12,0,75.0,5.0,44100,bird,1.0
143,./kaggletest/strsee1/,XC746619.ogg,96.12,0,80.0,5.0,44100,bird,1.0
144,./kaggletest/strsee1/,XC746619.ogg,96.12,0,85.0,5.0,44100,bird,1.0
145,./kaggletest/strsee1/,XC746619.ogg,96.12,0,90.0,5.0,44100,bird,1.0
146,./kaggletest/strsee1/,XC366676.ogg,81.05698412698413,0,0.0,5.0,44100,bird,1.0
147,./kaggletest/strsee1/,XC366676.ogg,81.05698412698413,0,5.0,5.0,44100,bird,1.0
148,./kaggletest/strsee1/,XC366676.ogg,81.05698412698413,0,10.0,5.0,44100,bird,1.0
149,./kaggletest/strsee1/,XC366676.ogg,81.05698412698413,0,15.0,5.0,44100,bird,1.0
150,./kaggletest/strsee1/,XC366676.ogg,81.05698412698413,0,20.0,5.0,44100,bird,1.0
151,./kaggletest/strsee1/,XC366676.ogg,81.05698412698413,0,25.0,5.0,44100,bird,1.0
152,./kaggletest/strsee1/,XC366676.ogg,81.05698412698413,0,30.0,5.0,44100,bird,1.0
153,./kaggletest/strsee1/,XC366676.ogg,81.05698412698413,0,35.0,5.0,44100,bird,1.0
154,./kaggletest/strsee1/,XC366676.ogg,81.05698412698413,0,40.0,5.0,44100,bird,1.0
155,./kaggletest/strsee1/,XC366676.ogg,81.05698412698413,0,45.0,5.0,44100,bird,1.0
156,./kaggletest/strsee1/,XC366676.ogg,81.05698412698413,0,50.0,5.0,44100,bird,1.0
157,./kaggletest/strsee1/,XC366676.ogg,81.05698412698413,0,55.0,5.0,44100,bird,1.0
158,./kaggletest/strsee1/,XC366676.ogg,81.05698412698413,0,60.0,5.0,44100,bird,1.0
159,./kaggletest/strsee1/,XC366676.ogg,81.05698412698413,0,65.0,5.0,44100,bird,1.0
160,./kaggletest/strsee1/,XC366676.ogg,81.05698412698413,0,70.0,5.0,44100,bird,1.0
161,./kaggletest/strsee1/,XC366676.ogg,81.05698412698413,0,75.0,5.0,44100,bird,1.0
162,./kaggletest/strsee1/,XC205258.ogg,35.57877551020408,0,0.0,5.0,44100,bird,1.0
163,./kaggletest/strsee1/,XC205258.ogg,35.57877551020408,0,5.0,5.0,44100,bird,1.0
164,./kaggletest/strsee1/,XC205258.ogg,35.57877551020408,0,10.0,5.0,44100,bird,1.0
165,./kaggletest/strsee1/,XC205258.ogg,35.57877551020408,0,15.0,5.0,44100,bird,1.0
166,./kaggletest/strsee1/,XC205258.ogg,35.57877551020408,0,20.0,5.0,44100,bird,1.0
167,./kaggletest/strsee1/,XC205258.ogg,35.57877551020408,0,25.0,5.0,44100,bird,1.0
168,./kaggletest/strsee1/,XC205258.ogg,35.57877551020408,0,30.0,5.0,44100,bird,1.0
169,./kaggletest/strsee1/,XC627226.ogg,18.52798185941043,0,0.0,5.0,44100,bird,1.0
170,./kaggletest/strsee1/,XC627226.ogg,18.52798185941043,0,5.0,5.0,44100,bird,1.0
171,./kaggletest/strsee1/,XC627226.ogg,18.52798185941043,0,10.0,5.0,44100,bird,1.0
172,./kaggletest/strsee1/,XC240513.ogg,13.426916099773242,0,0.0,5.0,44100,bird,1.0
173,./kaggletest/strsee1/,XC240513.ogg,13.426916099773242,0,5.0,5.0,44100,bird,1.0
174,./kaggletest/strsee1/,XC240514.ogg,40.82936507936508,0,0.0,5.0,44100,bird,1.0
175,./kaggletest/strsee1/,XC240514.ogg,40.82936507936508,0,10.0,5.0,44100,bird,1.0
176,./kaggletest/strsee1/,XC240514.ogg,40.82936507936508,0,15.0,5.0,44100,bird,1.0
177,./kaggletest/strsee1/,XC240514.ogg,40.82936507936508,0,20.0,5.0,44100,bird,1.0
178,./kaggletest/strsee1/,XC240514.ogg,40.82936507936508,0,25.0,5.0,44100,bird,1.0
179,./kaggletest/strsee1/,XC240514.ogg,40.82936507936508,0,30.0,5.0,44100,bird,1.0
180,./kaggletest/strsee1/,XC240514.ogg,40.82936507936508,0,35.0,5.0,44100,bird,1.0
181,./kaggletest/strsee1/,XC652324.ogg,6.407981859410431,0,0.0,5.0,44100,bird,1.0
