,FOLDER,IN FILE,CLIP LENGTH,CHANNEL,OFFSET,DURATION,SAMPLE RATE,MANUAL ID,CONFIDENCE
0,./kaggletest/supsta1/,XC150405.ogg,45.19183673469388,0,0.0,5.0,44100,bird,1.0
1,./kaggletest/supsta1/,XC150405.ogg,45.19183673469388,0,5.0,5.0,44100,bird,1.0
2,./kaggletest/supsta1/,XC150405.ogg,45.19183673469388,0,10.0,5.0,44100,bird,1.0
3,./kaggletest/supsta1/,XC150405.ogg,45.19183673469388,0,15.0,5.0,44100,bird,1.0
4,./kaggletest/supsta1/,XC150405.ogg,45.19183673469388,0,20.0,5.0,44100,bird,1.0
5,./kaggletest/supsta1/,XC150405.ogg,45.19183673469388,0,25.0,5.0,44100,bird,1.0
6,./kaggletest/supsta1/,XC150405.ogg,45.19183673469388,0,30.0,5.0,44100,bird,1.0
7,./kaggletest/supsta1/,XC150405.ogg,45.19183673469388,0,35.0,5.0,44100,bird,1.0
8,./kaggletest/supsta1/,XC150405.ogg,45.19183673469388,0,40.0,5.0,44100,bird,1.0
9,./kaggletest/supsta1/,XC239797.ogg,5.1722448979591835,0,0.0,5.0,44100,bird,1.0
10,./kaggletest/supsta1/,XC205898.ogg,7.862834467120181,0,0.0,5.0,44100,bird,1.0
11,./kaggletest/supsta1/,XC602928.ogg,12.24,0,0.0,5.0,44100,bird,1.0
12,./kaggletest/supsta1/,XC293975.ogg,11.52,0,0.0,5.0,44100,bird,1.0
13,./kaggletest/supsta1/,XC293975.ogg,11.52,0,5.0,5.0,44100,bird,1.0
14,./kaggletest/supsta1/,XC293974.ogg,42.81467120181406,0,0.0,5.0,44100,bird,1.0
15,./kaggletest/supsta1/,XC293974.ogg,42.81467120181406,0,5.0,5.0,44100,bird,1.0
16,./kaggletest/supsta1/,XC293974.ogg,42.81467120181406,0,10.0,5.0,44100,bird,1.0
17,./kaggletest/supsta1/,XC293974.ogg,42.81467120181406,0,15.0,5.0,44100,bird,1.0
18,./kaggletest/supsta1/,XC293974.ogg,42.81467120181406,0,20.0,5.0,44100,bird,1.0
19,./kaggletest/supsta1/,XC293974.ogg,42.81467120181406,0,25.0,5.0,44100,bird,1.0
20,./kaggletest/supsta1/,XC293974.ogg,42.81467120181406,0,30.0,5.0,44100,bird,1.0
21,./kaggletest/supsta1/,XC293974.ogg,42.81467120181406,0,35.0,5.0,44100,bird,1.0
22,./kaggletest/supsta1/,XC375765.ogg,19.175986394557825,0,0.0,5.0,44100,bird,1.0
23,./kaggletest/supsta1/,XC375765.ogg,19.175986394557825,0,5.0,5.0,44100,bird,1.0
24,./kaggletest/supsta1/,XC375765.ogg,19.175986394557825,0,10.0,5.0,44100,bird,1.0
25,./kaggletest/supsta1/,XC150415.ogg,17.266916099773244,0,0.0,5.0,44100,bird,1.0
26,./kaggletest/supsta1/,XC150415.ogg,17.266916099773244,0,10.0,5.0,44100,bird,1.0
27,./kaggletest/supsta1/,XC603758.ogg,12.023990929705215,0,0.0,5.0,44100,bird,1.0
28,./kaggletest/supsta1/,XC603758.ogg,12.023990929705215,0,5.0,5.0,44100,bird,1.0
29,./kaggletest/supsta1/,XC375767.ogg,20.783990929705215,0,0.0,5.0,44100,bird,1.0
30,./kaggletest/supsta1/,XC375767.ogg,20.783990929705215,0,5.0,5.0,44100,bird,1.0
31,./kaggletest/supsta1/,XC375767.ogg,20.783990929705215,0,10.0,5.0,44100,bird,1.0
32,./kaggletest/supsta1/,XC375767.ogg,20.783990929705215,0,15.0,5.0,44100,bird,1.0
33,./kaggletest/supsta1/,XC375766.ogg,15.503990929705216,0,0.0,5.0,44100,bird,1.0
34,./kaggletest/supsta1/,XC375766.ogg,15.503990929705216,0,5.0,5.0,44100,bird,1.0
35,./kaggletest/supsta1/,XC375766.ogg,15.503990929705216,0,10.0,5.0,44100,bird,1.0
36,./kaggletest/supsta1/,XC150416.ogg,96.15673469387755,0,0.0,5.0,44100,bird,1.0
37,./kaggletest/supsta1/,XC150416.ogg,96.15673469387755,0,5.0,5.0,44100,bird,1.0
38,./kaggletest/supsta1/,XC150416.ogg,96.15673469387755,0,10.0,5.0,44100,bird,1.0
39,./kaggletest/supsta1/,XC150416.ogg,96.15673469387755,0,15.0,5.0,44100,bird,1.0
40,./kaggletest/supsta1/,XC150416.ogg,96.15673469387755,0,35.0,5.0,44100,bird,1.0
41,./kaggletest/supsta1/,XC150416.ogg,96.15673469387755,0,45.0,5.0,44100,bird,1.0
42,./kaggletest/supsta1/,XC150416.ogg,96.15673469387755,0,50.0,5.0,44100,bird,1.0
43,./kaggletest/supsta1/,XC150416.ogg,96.15673469387755,0,65.0,5.0,44100,bird,1.0
44,./kaggletest/supsta1/,XC150416.ogg,96.15673469387755,0,70.0,5.0,44100,bird,1.0
45,./kaggletest/supsta1/,XC150416.ogg,96.15673469387755,0,75.0,5.0,44100,bird,1.0
46,./kaggletest/supsta1/,XC150416.ogg,96.15673469387755,0,80.0,5.0,44100,bird,1.0
47,./kaggletest/supsta1/,XC150416.ogg,96.15673469387755,0,85.0,5.0,44100,bird,1.0
48,./kaggletest/supsta1/,XC150416.ogg,96.15673469387755,0,90.0,5.0,44100,bird,1.0
49,./kaggletest/supsta1/,XC140529.ogg,12.455986394557824,0,0.0,5.0,44100,bird,1.0
50,./kaggletest/supsta1/,XC140529.ogg,12.455986394557824,0,5.0,5.0,44100,bird,1.0
51,./kaggletest/supsta1/,XC240787.ogg,15.621201814058956,0,0.0,5.0,44100,bird,1.0
52,./kaggletest/supsta1/,XC240787.ogg,15.621201814058956,0,5.0,5.0,44100,bird,1.0
53,./kaggletest/supsta1/,XC240787.ogg,15.621201814058956,0,10.0,5.0,44100,bird,1.0
54,./kaggletest/supsta1/,XC398734.ogg,16.82199546485261,0,0.0,5.0,44100,bird,1.0
55,./kaggletest/supsta1/,XC398734.ogg,16.82199546485261,0,5.0,5.0,44100,bird,1.0
56,./kaggletest/supsta1/,XC398734.ogg,16.82199546485261,0,10.0,5.0,44100,bird,1.0
57,./kaggletest/supsta1/,XC253486.ogg,68.04895691609977,0,0.0,5.0,44100,bird,1.0
58,./kaggletest/supsta1/,XC253486.ogg,68.04895691609977,0,5.0,5.0,44100,bird,1.0
59,./kaggletest/supsta1/,XC253486.ogg,68.04895691609977,0,10.0,5.0,44100,bird,1.0
60,./kaggletest/supsta1/,XC253486.ogg,68.04895691609977,0,15.0,5.0,44100,bird,1.0
61,./kaggletest/supsta1/,XC253486.ogg,68.04895691609977,0,20.0,5.0,44100,bird,1.0
62,./kaggletest/supsta1/,XC253486.ogg,68.04895691609977,0,25.0,5.0,44100,bird,1.0
63,./kaggletest/supsta1/,XC253486.ogg,68.04895691609977,0,30.0,5.0,44100,bird,1.0
64,./kaggletest/supsta1/,XC253486.ogg,68.04895691609977,0,35.0,5.0,44100,bird,1.0
65,./kaggletest/supsta1/,XC253486.ogg,68.04895691609977,0,40.0,5.0,44100,bird,1.0
66,./kaggletest/supsta1/,XC253486.ogg,68.04895691609977,0,45.0,5.0,44100,bird,1.0
67,./kaggletest/supsta1/,XC253486.ogg,68.04895691609977,0,50.0,5.0,44100,bird,1.0
68,./kaggletest/supsta1/,XC253486.ogg,68.04895691609977,0,55.0,5.0,44100,bird,1.0
69,./kaggletest/supsta1/,XC253486.ogg,68.04895691609977,0,60.0,5.0,44100,bird,1.0
70,./kaggletest/supsta1/,XC402690.ogg,64.60079365079365,0,20.0,5.0,44100,bird,1.0
71,./kaggletest/supsta1/,XC402690.ogg,64.60079365079365,0,25.0,5.0,44100,bird,1.0
72,./kaggletest/supsta1/,XC402690.ogg,64.60079365079365,0,30.0,5.0,44100,bird,1.0
73,./kaggletest/supsta1/,XC402690.ogg,64.60079365079365,0,45.0,5.0,44100,bird,1.0
74,./kaggletest/supsta1/,XC601533.ogg,31.36798185941043,0,0.0,5.0,44100,bird,1.0
75,./kaggletest/supsta1/,XC601533.ogg,31.36798185941043,0,5.0,5.0,44100,bird,1.0
76,./kaggletest/supsta1/,XC601533.ogg,31.36798185941043,0,10.0,5.0,44100,bird,1.0
77,./kaggletest/supsta1/,XC601533.ogg,31.36798185941043,0,15.0,5.0,44100,bird,1.0
78,./kaggletest/supsta1/,XC601533.ogg,31.36798185941043,0,20.0,5.0,44100,bird,1.0
79,./kaggletest/supsta1/,XC601533.ogg,31.36798185941043,0,25.0,5.0,44100,bird,1.0
80,./kaggletest/supsta1/,XC750190.ogg,36.884897959183675,0,5.0,5.0,44100,bird,1.0
81,./kaggletest/supsta1/,XC750190.ogg,36.884897959183675,0,10.0,5.0,44100,bird,1.0
82,./kaggletest/supsta1/,XC750190.ogg,36.884897959183675,0,15.0,5.0,44100,bird,1.0
83,./kaggletest/supsta1/,XC599476.ogg,13.32,0,0.0,5.0,44100,bird,1.0
84,./kaggletest/supsta1/,XC599476.ogg,13.32,0,5.0,5.0,44100,bird,1.0
85,./kaggletest/supsta1/,XC438050.ogg,146.41598639455782,0,0.0,5.0,44100,bird,1.0
86,./kaggletest/supsta1/,XC438050.ogg,146.41598639455782,0,5.0,5.0,44100,bird,1.0
87,./kaggletest/supsta1/,XC438050.ogg,146.41598639455782,0,10.0,5.0,44100,bird,1.0
88,./kaggletest/supsta1/,XC438050.ogg,146.41598639455782,0,15.0,5.0,44100,bird,1.0
89,./kaggletest/supsta1/,XC438050.ogg,146.41598639455782,0,20.0,5.0,44100,bird,1.0
90,./kaggletest/supsta1/,XC438050.ogg,146.41598639455782,0,25.0,5.0,44100,bird,1.0
91,./kaggletest/supsta1/,XC438050.ogg,146.41598639455782,0,30.0,5.0,44100,bird,1.0
92,./kaggletest/supsta1/,XC438050.ogg,146.41598639455782,0,35.0,5.0,44100,bird,1.0
93,./kaggletest/supsta1/,XC438050.ogg,146.41598639455782,0,40.0,5.0,44100,bird,1.0
94,./kaggletest/supsta1/,XC438050.ogg,146.41598639455782,0,45.0,5.0,44100,bird,1.0
95,./kaggletest/supsta1/,XC438050.ogg,146.41598639455782,0,50.0,5.0,44100,bird,1.0
96,./kaggletest/supsta1/,XC438050.ogg,146.41598639455782,0,55.0,5.0,44100,bird,1.0
97,./kaggletest/supsta1/,XC438050.ogg,146.41598639455782,0,60.0,5.0,44100,bird,1.0
98,./kaggletest/supsta1/,XC438050.ogg,146.41598639455782,0,65.0,5.0,44100,bird,1.0
99,./kaggletest/supsta1/,XC438050.ogg,146.41598639455782,0,70.0,5.0,44100,bird,1.0
100,./kaggletest/supsta1/,XC438050.ogg,146.41598639455782,0,75.0,5.0,44100,bird,1.0
101,./kaggletest/supsta1/,XC438050.ogg,146.41598639455782,0,80.0,5.0,44100,bird,1.0
102,./kaggletest/supsta1/,XC438050.ogg,146.41598639455782,0,85.0,5.0,44100,bird,1.0
103,./kaggletest/supsta1/,XC438050.ogg,146.41598639455782,0,90.0,5.0,44100,bird,1.0
104,./kaggletest/supsta1/,XC438050.ogg,146.41598639455782,0,95.0,5.0,44100,bird,1.0
105,./kaggletest/supsta1/,XC438050.ogg,146.41598639455782,0,100.0,5.0,44100,bird,1.0
106,./kaggletest/supsta1/,XC438050.ogg,146.41598639455782,0,105.0,5.0,44100,bird,1.0
107,./kaggletest/supsta1/,XC438050.ogg,146.41598639455782,0,110.0,5.0,44100,bird,1.0
108,./kaggletest/supsta1/,XC438050.ogg,146.41598639455782,0,115.0,5.0,44100,bird,1.0
109,./kaggletest/supsta1/,XC438050.ogg,146.41598639455782,0,120.0,5.0,44100,bird,1.0
110,./kaggletest/supsta1/,XC438050.ogg,146.41598639455782,0,125.0,5.0,44100,bird,1.0
111,./kaggletest/supsta1/,XC438050.ogg,146.41598639455782,0,130.0,5.0,44100,bird,1.0
112,./kaggletest/supsta1/,XC438050.ogg,146.41598639455782,0,135.0,5.0,44100,bird,1.0
113,./kaggletest/supsta1/,XC438050.ogg,146.41598639455782,0,140.0,5.0,44100,bird,1.0
114,./kaggletest/supsta1/,XC601899.ogg,6.695986394557823,0,0.0,5.0,44100,bird,1.0
115,./kaggletest/supsta1/,XC601534.ogg,26.423990929705216,0,0.0,5.0,44100,bird,1.0
116,./kaggletest/supsta1/,XC601534.ogg,26.423990929705216,0,5.0,5.0,44100,bird,1.0
117,./kaggletest/supsta1/,XC601534.ogg,26.423990929705216,0,10.0,5.0,44100,bird,1.0
118,./kaggletest/supsta1/,XC601534.ogg,26.423990929705216,0,15.0,5.0,44100,bird,1.0
119,./kaggletest/supsta1/,XC601534.ogg,26.423990929705216,0,20.0,5.0,44100,bird,1.0
120,./kaggletest/supsta1/,XC210332.ogg,21.623990929705215,0,0.0,5.0,44100,bird,1.0
121,./kaggletest/supsta1/,XC210332.ogg,21.623990929705215,0,5.0,5.0,44100,bird,1.0
122,./kaggletest/supsta1/,XC210332.ogg,21.623990929705215,0,10.0,5.0,44100,bird,1.0
123,./kaggletest/supsta1/,XC210332.ogg,21.623990929705215,0,15.0,5.0,44100,bird,1.0
124,./kaggletest/supsta1/,XC210333.ogg,35.23199546485261,0,0.0,5.0,44100,bird,1.0
125,./kaggletest/supsta1/,XC210333.ogg,35.23199546485261,0,5.0,5.0,44100,bird,1.0
126,./kaggletest/supsta1/,XC210333.ogg,35.23199546485261,0,10.0,5.0,44100,bird,1.0
127,./kaggletest/supsta1/,XC210333.ogg,35.23199546485261,0,15.0,5.0,44100,bird,1.0
128,./kaggletest/supsta1/,XC210333.ogg,35.23199546485261,0,20.0,5.0,44100,bird,1.0
129,./kaggletest/supsta1/,XC210333.ogg,35.23199546485261,0,25.0,5.0,44100,bird,1.0
130,./kaggletest/supsta1/,XC210333.ogg,35.23199546485261,0,30.0,5.0,44100,bird,1.0
131,./kaggletest/supsta1/,XC524178.ogg,62.95498866213152,0,0.0,5.0,44100,bird,1.0
132,./kaggletest/supsta1/,XC524178.ogg,62.95498866213152,0,5.0,5.0,44100,bird,1.0
133,./kaggletest/supsta1/,XC524178.ogg,62.95498866213152,0,10.0,5.0,44100,bird,1.0
134,./kaggletest/supsta1/,XC524178.ogg,62.95498866213152,0,15.0,5.0,44100,bird,1.0
135,./kaggletest/supsta1/,XC524178.ogg,62.95498866213152,0,20.0,5.0,44100,bird,1.0
136,./kaggletest/supsta1/,XC524178.ogg,62.95498866213152,0,25.0,5.0,44100,bird,1.0
137,./kaggletest/supsta1/,XC524178.ogg,62.95498866213152,0,30.0,5.0,44100,bird,1.0
138,./kaggletest/supsta1/,XC524178.ogg,62.95498866213152,0,35.0,5.0,44100,bird,1.0
139,./kaggletest/supsta1/,XC524178.ogg,62.95498866213152,0,40.0,5.0,44100,bird,1.0
140,./kaggletest/supsta1/,XC524178.ogg,62.95498866213152,0,45.0,5.0,44100,bird,1.0
141,./kaggletest/supsta1/,XC524178.ogg,62.95498866213152,0,50.0,5.0,44100,bird,1.0
142,./kaggletest/supsta1/,XC524178.ogg,62.95498866213152,0,55.0,5.0,44100,bird,1.0
143,./kaggletest/supsta1/,XC56563.ogg,9.769773242630386,0,0.0,5.0,44100,bird,1.0
144,./kaggletest/supsta1/,XC210331.ogg,21.983990929705215,0,0.0,5.0,44100,bird,1.0
145,./kaggletest/supsta1/,XC210331.ogg,21.983990929705215,0,5.0,5.0,44100,bird,1.0
146,./kaggletest/supsta1/,XC210331.ogg,21.983990929705215,0,10.0,5.0,44100,bird,1.0
147,./kaggletest/supsta1/,XC210331.ogg,21.983990929705215,0,15.0,5.0,44100,bird,1.0
148,./kaggletest/supsta1/,XC382929.ogg,17.23199546485261,0,0.0,5.0,44100,bird,1.0
149,./kaggletest/supsta1/,XC382929.ogg,17.23199546485261,0,5.0,5.0,44100,bird,1.0
150,./kaggletest/supsta1/,XC382929.ogg,17.23199546485261,0,10.0,5.0,44100,bird,1.0
151,./kaggletest/supsta1/,XC473972.ogg,15.83,0,0.0,5.0,44100,bird,1.0
152,./kaggletest/supsta1/,XC473972.ogg,15.83,0,5.0,5.0,44100,bird,1.0
153,./kaggletest/supsta1/,XC473972.ogg,15.83,0,10.0,5.0,44100,bird,1.0
154,./kaggletest/supsta1/,XC461219.ogg,10.511995464852607,0,0.0,5.0,44100,bird,1.0
155,./kaggletest/supsta1/,XC461219.ogg,10.511995464852607,0,5.0,5.0,44100,bird,1.0
156,./kaggletest/supsta1/,XC210334.ogg,49.51199546485261,0,0.0,5.0,44100,bird,1.0
157,./kaggletest/supsta1/,XC210334.ogg,49.51199546485261,0,5.0,5.0,44100,bird,1.0
158,./kaggletest/supsta1/,XC210334.ogg,49.51199546485261,0,10.0,5.0,44100,bird,1.0
159,./kaggletest/supsta1/,XC210334.ogg,49.51199546485261,0,15.0,5.0,44100,bird,1.0
160,./kaggletest/supsta1/,XC210334.ogg,49.51199546485261,0,20.0,5.0,44100,bird,1.0
161,./kaggletest/supsta1/,XC210334.ogg,49.51199546485261,0,25.0,5.0,44100,bird,1.0
162,./kaggletest/supsta1/,XC210334.ogg,49.51199546485261,0,30.0,5.0,44100,bird,1.0
163,./kaggletest/supsta1/,XC210334.ogg,49.51199546485261,0,35.0,5.0,44100,bird,1.0
164,./kaggletest/supsta1/,XC210334.ogg,49.51199546485261,0,40.0,5.0,44100,bird,1.0
