,FOLDER,IN FILE,CLIP LENGTH,CHANNEL,OFFSET,DURATION,SAMPLE RATE,MANUAL ID,CONFIDENCE
0,./kaggletest/tacsun1/,XC529939.ogg,13.608979591836734,0,0.0,5.0,44100,bird,1.0
1,./kaggletest/tacsun1/,XC529939.ogg,13.608979591836734,0,5.0,5.0,44100,bird,1.0
2,./kaggletest/tacsun1/,XC749253.ogg,56.08489795918367,0,0.0,5.0,44100,bird,1.0
3,./kaggletest/tacsun1/,XC749253.ogg,56.08489795918367,0,5.0,5.0,44100,bird,1.0
4,./kaggletest/tacsun1/,XC749253.ogg,56.08489795918367,0,10.0,5.0,44100,bird,1.0
5,./kaggletest/tacsun1/,XC749253.ogg,56.08489795918367,0,15.0,5.0,44100,bird,1.0
6,./kaggletest/tacsun1/,XC749253.ogg,56.08489795918367,0,20.0,5.0,44100,bird,1.0
7,./kaggletest/tacsun1/,XC749253.ogg,56.08489795918367,0,25.0,5.0,44100,bird,1.0
8,./kaggletest/tacsun1/,XC749253.ogg,56.08489795918367,0,30.0,5.0,44100,bird,1.0
9,./kaggletest/tacsun1/,XC749253.ogg,56.08489795918367,0,35.0,5.0,44100,bird,1.0
10,./kaggletest/tacsun1/,XC749253.ogg,56.08489795918367,0,40.0,5.0,44100,bird,1.0
11,./kaggletest/tacsun1/,XC749253.ogg,56.08489795918367,0,45.0,5.0,44100,bird,1.0
12,./kaggletest/tacsun1/,XC749253.ogg,56.08489795918367,0,50.0,5.0,44100,bird,1.0
13,./kaggletest/tacsun1/,XC344109.ogg,19.408956916099772,0,0.0,5.0,44100,bird,1.0
14,./kaggletest/tacsun1/,XC344109.ogg,19.408956916099772,0,5.0,5.0,44100,bird,1.0
15,./kaggletest/tacsun1/,XC344109.ogg,19.408956916099772,0,10.0,5.0,44100,bird,1.0
16,./kaggletest/tacsun1/,XC267915.ogg,35.23199546485261,0,0.0,5.0,44100,bird,1.0
17,./kaggletest/tacsun1/,XC267915.ogg,35.23199546485261,0,5.0,5.0,44100,bird,1.0
18,./kaggletest/tacsun1/,XC267915.ogg,35.23199546485261,0,10.0,5.0,44100,bird,1.0
19,./kaggletest/tacsun1/,XC267915.ogg,35.23199546485261,0,15.0,5.0,44100,bird,1.0
20,./kaggletest/tacsun1/,XC267915.ogg,35.23199546485261,0,20.0,5.0,44100,bird,1.0
21,./kaggletest/tacsun1/,XC267915.ogg,35.23199546485261,0,25.0,5.0,44100,bird,1.0
22,./kaggletest/tacsun1/,XC267915.ogg,35.23199546485261,0,30.0,5.0,44100,bird,1.0
23,./kaggletest/tacsun1/,XC267914.ogg,35.04,0,0.0,5.0,44100,bird,1.0
24,./kaggletest/tacsun1/,XC267914.ogg,35.04,0,10.0,5.0,44100,bird,1.0
25,./kaggletest/tacsun1/,XC267914.ogg,35.04,0,15.0,5.0,44100,bird,1.0
26,./kaggletest/tacsun1/,XC267914.ogg,35.04,0,20.0,5.0,44100,bird,1.0
27,./kaggletest/tacsun1/,XC267914.ogg,35.04,0,25.0,5.0,44100,bird,1.0
28,./kaggletest/tacsun1/,XC267914.ogg,35.04,0,30.0,5.0,44100,bird,1.0
29,./kaggletest/tacsun1/,XC352738.ogg,12.16798185941043,0,0.0,5.0,44100,bird,1.0
30,./kaggletest/tacsun1/,XC352738.ogg,12.16798185941043,0,5.0,5.0,44100,bird,1.0
