,FOLDER,IN FILE,CLIP LENGTH,CHANNEL,OFFSET,DURATION,SAMPLE RATE,MANUAL ID,CONFIDENCE
0,./kaggletest/wbrcha2/,XC459158.ogg,28.39498866213152,0,0.0,5.0,44100,bird,1.0
1,./kaggletest/wbrcha2/,XC459158.ogg,28.39498866213152,0,5.0,5.0,44100,bird,1.0
2,./kaggletest/wbrcha2/,XC459158.ogg,28.39498866213152,0,10.0,5.0,44100,bird,1.0
3,./kaggletest/wbrcha2/,XC459158.ogg,28.39498866213152,0,15.0,5.0,44100,bird,1.0
4,./kaggletest/wbrcha2/,XC459158.ogg,28.39498866213152,0,20.0,5.0,44100,bird,1.0
5,./kaggletest/wbrcha2/,XC281998.ogg,193.75020408163266,0,0.0,5.0,44100,bird,1.0
6,./kaggletest/wbrcha2/,XC281998.ogg,193.75020408163266,0,5.0,5.0,44100,bird,1.0
7,./kaggletest/wbrcha2/,XC281998.ogg,193.75020408163266,0,10.0,5.0,44100,bird,1.0
8,./kaggletest/wbrcha2/,XC281998.ogg,193.75020408163266,0,15.0,5.0,44100,bird,1.0
9,./kaggletest/wbrcha2/,XC281998.ogg,193.75020408163266,0,20.0,5.0,44100,bird,1.0
10,./kaggletest/wbrcha2/,XC281998.ogg,193.75020408163266,0,25.0,5.0,44100,bird,1.0
11,./kaggletest/wbrcha2/,XC281998.ogg,193.75020408163266,0,30.0,5.0,44100,bird,1.0
12,./kaggletest/wbrcha2/,XC281998.ogg,193.75020408163266,0,35.0,5.0,44100,bird,1.0
13,./kaggletest/wbrcha2/,XC281998.ogg,193.75020408163266,0,40.0,5.0,44100,bird,1.0
14,./kaggletest/wbrcha2/,XC281998.ogg,193.75020408163266,0,45.0,5.0,44100,bird,1.0
15,./kaggletest/wbrcha2/,XC281998.ogg,193.75020408163266,0,50.0,5.0,44100,bird,1.0
16,./kaggletest/wbrcha2/,XC281998.ogg,193.75020408163266,0,55.0,5.0,44100,bird,1.0
17,./kaggletest/wbrcha2/,XC281998.ogg,193.75020408163266,0,60.0,5.0,44100,bird,1.0
18,./kaggletest/wbrcha2/,XC281998.ogg,193.75020408163266,0,65.0,5.0,44100,bird,1.0
19,./kaggletest/wbrcha2/,XC281998.ogg,193.75020408163266,0,70.0,5.0,44100,bird,1.0
20,./kaggletest/wbrcha2/,XC281998.ogg,193.75020408163266,0,75.0,5.0,44100,bird,1.0
21,./kaggletest/wbrcha2/,XC281998.ogg,193.75020408163266,0,80.0,5.0,44100,bird,1.0
22,./kaggletest/wbrcha2/,XC281998.ogg,193.75020408163266,0,85.0,5.0,44100,bird,1.0
23,./kaggletest/wbrcha2/,XC281998.ogg,193.75020408163266,0,90.0,5.0,44100,bird,1.0
24,./kaggletest/wbrcha2/,XC281998.ogg,193.75020408163266,0,95.0,5.0,44100,bird,1.0
25,./kaggletest/wbrcha2/,XC281998.ogg,193.75020408163266,0,100.0,5.0,44100,bird,1.0
26,./kaggletest/wbrcha2/,XC281998.ogg,193.75020408163266,0,105.0,5.0,44100,bird,1.0
27,./kaggletest/wbrcha2/,XC281998.ogg,193.75020408163266,0,115.0,5.0,44100,bird,1.0
28,./kaggletest/wbrcha2/,XC281998.ogg,193.75020408163266,0,120.0,5.0,44100,bird,1.0
29,./kaggletest/wbrcha2/,XC281998.ogg,193.75020408163266,0,125.0,5.0,44100,bird,1.0
30,./kaggletest/wbrcha2/,XC281998.ogg,193.75020408163266,0,130.0,5.0,44100,bird,1.0
31,./kaggletest/wbrcha2/,XC281998.ogg,193.75020408163266,0,135.0,5.0,44100,bird,1.0
32,./kaggletest/wbrcha2/,XC281998.ogg,193.75020408163266,0,140.0,5.0,44100,bird,1.0
33,./kaggletest/wbrcha2/,XC281998.ogg,193.75020408163266,0,145.0,5.0,44100,bird,1.0
34,./kaggletest/wbrcha2/,XC281998.ogg,193.75020408163266,0,150.0,5.0,44100,bird,1.0
35,./kaggletest/wbrcha2/,XC281998.ogg,193.75020408163266,0,155.0,5.0,44100,bird,1.0
36,./kaggletest/wbrcha2/,XC281998.ogg,193.75020408163266,0,160.0,5.0,44100,bird,1.0
37,./kaggletest/wbrcha2/,XC281998.ogg,193.75020408163266,0,165.0,5.0,44100,bird,1.0
38,./kaggletest/wbrcha2/,XC281998.ogg,193.75020408163266,0,170.0,5.0,44100,bird,1.0
39,./kaggletest/wbrcha2/,XC281998.ogg,193.75020408163266,0,175.0,5.0,44100,bird,1.0
40,./kaggletest/wbrcha2/,XC281998.ogg,193.75020408163266,0,180.0,5.0,44100,bird,1.0
41,./kaggletest/wbrcha2/,XC281998.ogg,193.75020408163266,0,185.0,5.0,44100,bird,1.0
42,./kaggletest/wbrcha2/,XC305938.ogg,28.12798185941043,0,0.0,5.0,44100,bird,1.0
43,./kaggletest/wbrcha2/,XC305938.ogg,28.12798185941043,0,5.0,5.0,44100,bird,1.0
44,./kaggletest/wbrcha2/,XC305938.ogg,28.12798185941043,0,10.0,5.0,44100,bird,1.0
45,./kaggletest/wbrcha2/,XC305938.ogg,28.12798185941043,0,15.0,5.0,44100,bird,1.0
46,./kaggletest/wbrcha2/,XC305938.ogg,28.12798185941043,0,20.0,5.0,44100,bird,1.0
47,./kaggletest/wbrcha2/,XC363883.ogg,18.128956916099774,0,0.0,5.0,44100,bird,1.0
48,./kaggletest/wbrcha2/,XC363883.ogg,18.128956916099774,0,5.0,5.0,44100,bird,1.0
49,./kaggletest/wbrcha2/,XC363883.ogg,18.128956916099774,0,10.0,5.0,44100,bird,1.0
50,./kaggletest/wbrcha2/,XC323337.ogg,54.263990929705216,0,0.0,5.0,44100,bird,1.0
51,./kaggletest/wbrcha2/,XC323337.ogg,54.263990929705216,0,5.0,5.0,44100,bird,1.0
52,./kaggletest/wbrcha2/,XC323337.ogg,54.263990929705216,0,10.0,5.0,44100,bird,1.0
53,./kaggletest/wbrcha2/,XC323337.ogg,54.263990929705216,0,15.0,5.0,44100,bird,1.0
54,./kaggletest/wbrcha2/,XC323337.ogg,54.263990929705216,0,20.0,5.0,44100,bird,1.0
55,./kaggletest/wbrcha2/,XC323337.ogg,54.263990929705216,0,25.0,5.0,44100,bird,1.0
56,./kaggletest/wbrcha2/,XC323337.ogg,54.263990929705216,0,30.0,5.0,44100,bird,1.0
57,./kaggletest/wbrcha2/,XC323337.ogg,54.263990929705216,0,35.0,5.0,44100,bird,1.0
58,./kaggletest/wbrcha2/,XC323337.ogg,54.263990929705216,0,40.0,5.0,44100,bird,1.0
59,./kaggletest/wbrcha2/,XC323337.ogg,54.263990929705216,0,45.0,5.0,44100,bird,1.0
60,./kaggletest/wbrcha2/,XC281999.ogg,37.69467120181406,0,0.0,5.0,44100,bird,1.0
61,./kaggletest/wbrcha2/,XC281999.ogg,37.69467120181406,0,5.0,5.0,44100,bird,1.0
62,./kaggletest/wbrcha2/,XC281999.ogg,37.69467120181406,0,10.0,5.0,44100,bird,1.0
63,./kaggletest/wbrcha2/,XC281999.ogg,37.69467120181406,0,15.0,5.0,44100,bird,1.0
64,./kaggletest/wbrcha2/,XC281999.ogg,37.69467120181406,0,20.0,5.0,44100,bird,1.0
65,./kaggletest/wbrcha2/,XC281999.ogg,37.69467120181406,0,25.0,5.0,44100,bird,1.0
66,./kaggletest/wbrcha2/,XC281999.ogg,37.69467120181406,0,30.0,5.0,44100,bird,1.0
67,./kaggletest/wbrcha2/,XC205899.ogg,35.2130612244898,0,0.0,5.0,44100,bird,1.0
68,./kaggletest/wbrcha2/,XC205899.ogg,35.2130612244898,0,5.0,5.0,44100,bird,1.0
69,./kaggletest/wbrcha2/,XC205899.ogg,35.2130612244898,0,10.0,5.0,44100,bird,1.0
70,./kaggletest/wbrcha2/,XC205899.ogg,35.2130612244898,0,15.0,5.0,44100,bird,1.0
71,./kaggletest/wbrcha2/,XC205899.ogg,35.2130612244898,0,20.0,5.0,44100,bird,1.0
72,./kaggletest/wbrcha2/,XC205899.ogg,35.2130612244898,0,25.0,5.0,44100,bird,1.0
73,./kaggletest/wbrcha2/,XC205899.ogg,35.2130612244898,0,30.0,5.0,44100,bird,1.0
74,./kaggletest/wbrcha2/,XC113070.ogg,15.751836734693878,0,0.0,5.0,44100,bird,1.0
75,./kaggletest/wbrcha2/,XC113070.ogg,15.751836734693878,0,5.0,5.0,44100,bird,1.0
76,./kaggletest/wbrcha2/,XC113070.ogg,15.751836734693878,0,10.0,5.0,44100,bird,1.0
77,./kaggletest/wbrcha2/,XC523152.ogg,72.01897959183674,0,0.0,5.0,44100,bird,1.0
78,./kaggletest/wbrcha2/,XC523152.ogg,72.01897959183674,0,5.0,5.0,44100,bird,1.0
79,./kaggletest/wbrcha2/,XC523152.ogg,72.01897959183674,0,10.0,5.0,44100,bird,1.0
80,./kaggletest/wbrcha2/,XC523152.ogg,72.01897959183674,0,15.0,5.0,44100,bird,1.0
81,./kaggletest/wbrcha2/,XC523152.ogg,72.01897959183674,0,20.0,5.0,44100,bird,1.0
82,./kaggletest/wbrcha2/,XC523152.ogg,72.01897959183674,0,25.0,5.0,44100,bird,1.0
83,./kaggletest/wbrcha2/,XC523152.ogg,72.01897959183674,0,30.0,5.0,44100,bird,1.0
84,./kaggletest/wbrcha2/,XC523152.ogg,72.01897959183674,0,35.0,5.0,44100,bird,1.0
85,./kaggletest/wbrcha2/,XC523152.ogg,72.01897959183674,0,40.0,5.0,44100,bird,1.0
86,./kaggletest/wbrcha2/,XC523152.ogg,72.01897959183674,0,45.0,5.0,44100,bird,1.0
87,./kaggletest/wbrcha2/,XC523152.ogg,72.01897959183674,0,50.0,5.0,44100,bird,1.0
88,./kaggletest/wbrcha2/,XC523152.ogg,72.01897959183674,0,55.0,5.0,44100,bird,1.0
89,./kaggletest/wbrcha2/,XC523152.ogg,72.01897959183674,0,60.0,5.0,44100,bird,1.0
90,./kaggletest/wbrcha2/,XC523152.ogg,72.01897959183674,0,65.0,5.0,44100,bird,1.0
91,./kaggletest/wbrcha2/,XC127909.ogg,109.66201814058957,0,0.0,5.0,44100,bird,1.0
92,./kaggletest/wbrcha2/,XC127909.ogg,109.66201814058957,0,5.0,5.0,44100,bird,1.0
93,./kaggletest/wbrcha2/,XC127909.ogg,109.66201814058957,0,10.0,5.0,44100,bird,1.0
94,./kaggletest/wbrcha2/,XC127909.ogg,109.66201814058957,0,15.0,5.0,44100,bird,1.0
95,./kaggletest/wbrcha2/,XC127909.ogg,109.66201814058957,0,20.0,5.0,44100,bird,1.0
96,./kaggletest/wbrcha2/,XC127909.ogg,109.66201814058957,0,25.0,5.0,44100,bird,1.0
97,./kaggletest/wbrcha2/,XC127909.ogg,109.66201814058957,0,30.0,5.0,44100,bird,1.0
98,./kaggletest/wbrcha2/,XC127909.ogg,109.66201814058957,0,35.0,5.0,44100,bird,1.0
99,./kaggletest/wbrcha2/,XC127909.ogg,109.66201814058957,0,40.0,5.0,44100,bird,1.0
100,./kaggletest/wbrcha2/,XC127909.ogg,109.66201814058957,0,45.0,5.0,44100,bird,1.0
101,./kaggletest/wbrcha2/,XC127909.ogg,109.66201814058957,0,50.0,5.0,44100,bird,1.0
102,./kaggletest/wbrcha2/,XC127909.ogg,109.66201814058957,0,55.0,5.0,44100,bird,1.0
103,./kaggletest/wbrcha2/,XC127909.ogg,109.66201814058957,0,60.0,5.0,44100,bird,1.0
104,./kaggletest/wbrcha2/,XC127909.ogg,109.66201814058957,0,65.0,5.0,44100,bird,1.0
105,./kaggletest/wbrcha2/,XC127909.ogg,109.66201814058957,0,70.0,5.0,44100,bird,1.0
106,./kaggletest/wbrcha2/,XC127909.ogg,109.66201814058957,0,75.0,5.0,44100,bird,1.0
107,./kaggletest/wbrcha2/,XC127909.ogg,109.66201814058957,0,80.0,5.0,44100,bird,1.0
108,./kaggletest/wbrcha2/,XC127909.ogg,109.66201814058957,0,85.0,5.0,44100,bird,1.0
109,./kaggletest/wbrcha2/,XC127909.ogg,109.66201814058957,0,90.0,5.0,44100,bird,1.0
110,./kaggletest/wbrcha2/,XC127909.ogg,109.66201814058957,0,95.0,5.0,44100,bird,1.0
111,./kaggletest/wbrcha2/,XC127909.ogg,109.66201814058957,0,100.0,5.0,44100,bird,1.0
112,./kaggletest/wbrcha2/,XC444916.ogg,10.213854875283447,0,0.0,5.0,44100,bird,1.0
113,./kaggletest/wbrcha2/,XC444916.ogg,10.213854875283447,0,5.0,5.0,44100,bird,1.0
114,./kaggletest/wbrcha2/,XC127129.ogg,26.51426303854875,0,0.0,5.0,44100,bird,1.0
115,./kaggletest/wbrcha2/,XC127129.ogg,26.51426303854875,0,5.0,5.0,44100,bird,1.0
116,./kaggletest/wbrcha2/,XC127129.ogg,26.51426303854875,0,10.0,5.0,44100,bird,1.0
117,./kaggletest/wbrcha2/,XC127129.ogg,26.51426303854875,0,15.0,5.0,44100,bird,1.0
118,./kaggletest/wbrcha2/,XC127129.ogg,26.51426303854875,0,20.0,5.0,44100,bird,1.0
119,./kaggletest/wbrcha2/,XC380114.ogg,20.400997732426305,0,0.0,5.0,44100,bird,1.0
120,./kaggletest/wbrcha2/,XC380114.ogg,20.400997732426305,0,5.0,5.0,44100,bird,1.0
121,./kaggletest/wbrcha2/,XC380114.ogg,20.400997732426305,0,10.0,5.0,44100,bird,1.0
122,./kaggletest/wbrcha2/,XC380114.ogg,20.400997732426305,0,15.0,5.0,44100,bird,1.0
123,./kaggletest/wbrcha2/,XC746617.ogg,49.24798185941043,0,5.0,5.0,44100,bird,1.0
124,./kaggletest/wbrcha2/,XC746617.ogg,49.24798185941043,0,10.0,5.0,44100,bird,1.0
125,./kaggletest/wbrcha2/,XC746617.ogg,49.24798185941043,0,15.0,5.0,44100,bird,1.0
126,./kaggletest/wbrcha2/,XC746617.ogg,49.24798185941043,0,20.0,5.0,44100,bird,1.0
127,./kaggletest/wbrcha2/,XC746617.ogg,49.24798185941043,0,25.0,5.0,44100,bird,1.0
128,./kaggletest/wbrcha2/,XC746617.ogg,49.24798185941043,0,30.0,5.0,44100,bird,1.0
129,./kaggletest/wbrcha2/,XC746617.ogg,49.24798185941043,0,35.0,5.0,44100,bird,1.0
130,./kaggletest/wbrcha2/,XC746617.ogg,49.24798185941043,0,40.0,5.0,44100,bird,1.0
131,./kaggletest/wbrcha2/,XC239792.ogg,196.96324263038548,0,165.0,5.0,44100,bird,1.0
132,./kaggletest/wbrcha2/,XC239792.ogg,196.96324263038548,0,175.0,5.0,44100,bird,1.0
133,./kaggletest/wbrcha2/,XC461211.ogg,26.25299319727891,0,0.0,5.0,44100,bird,1.0
134,./kaggletest/wbrcha2/,XC461211.ogg,26.25299319727891,0,5.0,5.0,44100,bird,1.0
135,./kaggletest/wbrcha2/,XC461211.ogg,26.25299319727891,0,10.0,5.0,44100,bird,1.0
136,./kaggletest/wbrcha2/,XC461211.ogg,26.25299319727891,0,15.0,5.0,44100,bird,1.0
137,./kaggletest/wbrcha2/,XC461211.ogg,26.25299319727891,0,20.0,5.0,44100,bird,1.0
138,./kaggletest/wbrcha2/,XC153929.ogg,92.63020408163266,0,0.0,5.0,44100,bird,1.0
139,./kaggletest/wbrcha2/,XC153929.ogg,92.63020408163266,0,5.0,5.0,44100,bird,1.0
140,./kaggletest/wbrcha2/,XC153929.ogg,92.63020408163266,0,10.0,5.0,44100,bird,1.0
141,./kaggletest/wbrcha2/,XC153929.ogg,92.63020408163266,0,20.0,5.0,44100,bird,1.0
142,./kaggletest/wbrcha2/,XC153929.ogg,92.63020408163266,0,25.0,5.0,44100,bird,1.0
143,./kaggletest/wbrcha2/,XC153929.ogg,92.63020408163266,0,30.0,5.0,44100,bird,1.0
144,./kaggletest/wbrcha2/,XC153929.ogg,92.63020408163266,0,35.0,5.0,44100,bird,1.0
145,./kaggletest/wbrcha2/,XC153929.ogg,92.63020408163266,0,40.0,5.0,44100,bird,1.0
146,./kaggletest/wbrcha2/,XC153929.ogg,92.63020408163266,0,45.0,5.0,44100,bird,1.0
147,./kaggletest/wbrcha2/,XC153929.ogg,92.63020408163266,0,50.0,5.0,44100,bird,1.0
148,./kaggletest/wbrcha2/,XC153929.ogg,92.63020408163266,0,55.0,5.0,44100,bird,1.0
149,./kaggletest/wbrcha2/,XC153929.ogg,92.63020408163266,0,60.0,5.0,44100,bird,1.0
150,./kaggletest/wbrcha2/,XC153929.ogg,92.63020408163266,0,65.0,5.0,44100,bird,1.0
151,./kaggletest/wbrcha2/,XC153929.ogg,92.63020408163266,0,70.0,5.0,44100,bird,1.0
152,./kaggletest/wbrcha2/,XC153929.ogg,92.63020408163266,0,75.0,5.0,44100,bird,1.0
153,./kaggletest/wbrcha2/,XC153929.ogg,92.63020408163266,0,80.0,5.0,44100,bird,1.0
154,./kaggletest/wbrcha2/,XC153929.ogg,92.63020408163266,0,85.0,5.0,44100,bird,1.0
155,./kaggletest/wbrcha2/,XC253601.ogg,39.20977324263038,0,0.0,5.0,44100,bird,1.0
156,./kaggletest/wbrcha2/,XC253601.ogg,39.20977324263038,0,5.0,5.0,44100,bird,1.0
157,./kaggletest/wbrcha2/,XC253601.ogg,39.20977324263038,0,10.0,5.0,44100,bird,1.0
158,./kaggletest/wbrcha2/,XC253601.ogg,39.20977324263038,0,15.0,5.0,44100,bird,1.0
159,./kaggletest/wbrcha2/,XC253601.ogg,39.20977324263038,0,20.0,5.0,44100,bird,1.0
160,./kaggletest/wbrcha2/,XC155035.ogg,69.51183673469387,0,0.0,5.0,44100,bird,1.0
161,./kaggletest/wbrcha2/,XC155035.ogg,69.51183673469387,0,5.0,5.0,44100,bird,1.0
162,./kaggletest/wbrcha2/,XC155035.ogg,69.51183673469387,0,10.0,5.0,44100,bird,1.0
163,./kaggletest/wbrcha2/,XC155035.ogg,69.51183673469387,0,15.0,5.0,44100,bird,1.0
164,./kaggletest/wbrcha2/,XC155035.ogg,69.51183673469387,0,20.0,5.0,44100,bird,1.0
165,./kaggletest/wbrcha2/,XC155035.ogg,69.51183673469387,0,25.0,5.0,44100,bird,1.0
166,./kaggletest/wbrcha2/,XC155035.ogg,69.51183673469387,0,30.0,5.0,44100,bird,1.0
167,./kaggletest/wbrcha2/,XC155035.ogg,69.51183673469387,0,35.0,5.0,44100,bird,1.0
168,./kaggletest/wbrcha2/,XC155035.ogg,69.51183673469387,0,40.0,5.0,44100,bird,1.0
169,./kaggletest/wbrcha2/,XC155035.ogg,69.51183673469387,0,45.0,5.0,44100,bird,1.0
170,./kaggletest/wbrcha2/,XC155035.ogg,69.51183673469387,0,50.0,5.0,44100,bird,1.0
171,./kaggletest/wbrcha2/,XC155035.ogg,69.51183673469387,0,55.0,5.0,44100,bird,1.0
172,./kaggletest/wbrcha2/,XC155035.ogg,69.51183673469387,0,60.0,5.0,44100,bird,1.0
173,./kaggletest/wbrcha2/,XC127460.ogg,41.74367346938776,0,0.0,5.0,44100,bird,1.0
174,./kaggletest/wbrcha2/,XC127460.ogg,41.74367346938776,0,5.0,5.0,44100,bird,1.0
175,./kaggletest/wbrcha2/,XC127460.ogg,41.74367346938776,0,10.0,5.0,44100,bird,1.0
176,./kaggletest/wbrcha2/,XC127460.ogg,41.74367346938776,0,15.0,5.0,44100,bird,1.0
177,./kaggletest/wbrcha2/,XC127460.ogg,41.74367346938776,0,20.0,5.0,44100,bird,1.0
178,./kaggletest/wbrcha2/,XC127460.ogg,41.74367346938776,0,25.0,5.0,44100,bird,1.0
179,./kaggletest/wbrcha2/,XC127460.ogg,41.74367346938776,0,30.0,5.0,44100,bird,1.0
180,./kaggletest/wbrcha2/,XC127460.ogg,41.74367346938776,0,35.0,5.0,44100,bird,1.0
181,./kaggletest/wbrcha2/,XC575886.ogg,54.7,0,0.0,5.0,44100,bird,1.0
182,./kaggletest/wbrcha2/,XC575886.ogg,54.7,0,5.0,5.0,44100,bird,1.0
183,./kaggletest/wbrcha2/,XC575886.ogg,54.7,0,10.0,5.0,44100,bird,1.0
184,./kaggletest/wbrcha2/,XC575886.ogg,54.7,0,15.0,5.0,44100,bird,1.0
185,./kaggletest/wbrcha2/,XC575886.ogg,54.7,0,20.0,5.0,44100,bird,1.0
186,./kaggletest/wbrcha2/,XC575886.ogg,54.7,0,25.0,5.0,44100,bird,1.0
187,./kaggletest/wbrcha2/,XC575886.ogg,54.7,0,30.0,5.0,44100,bird,1.0
188,./kaggletest/wbrcha2/,XC575886.ogg,54.7,0,35.0,5.0,44100,bird,1.0
189,./kaggletest/wbrcha2/,XC575886.ogg,54.7,0,40.0,5.0,44100,bird,1.0
190,./kaggletest/wbrcha2/,XC575886.ogg,54.7,0,45.0,5.0,44100,bird,1.0
191,./kaggletest/wbrcha2/,XC624640.ogg,43.10201814058957,0,0.0,5.0,44100,bird,1.0
192,./kaggletest/wbrcha2/,XC624640.ogg,43.10201814058957,0,5.0,5.0,44100,bird,1.0
193,./kaggletest/wbrcha2/,XC624640.ogg,43.10201814058957,0,15.0,5.0,44100,bird,1.0
194,./kaggletest/wbrcha2/,XC624640.ogg,43.10201814058957,0,25.0,5.0,44100,bird,1.0
195,./kaggletest/wbrcha2/,XC624640.ogg,43.10201814058957,0,30.0,5.0,44100,bird,1.0
196,./kaggletest/wbrcha2/,XC620220.ogg,20.807981859410432,0,0.0,5.0,44100,bird,1.0
197,./kaggletest/wbrcha2/,XC620220.ogg,20.807981859410432,0,5.0,5.0,44100,bird,1.0
198,./kaggletest/wbrcha2/,XC620220.ogg,20.807981859410432,0,10.0,5.0,44100,bird,1.0
199,./kaggletest/wbrcha2/,XC620220.ogg,20.807981859410432,0,15.0,5.0,44100,bird,1.0
200,./kaggletest/wbrcha2/,XC155157.ogg,68.51918367346939,0,0.0,5.0,44100,bird,1.0
201,./kaggletest/wbrcha2/,XC155157.ogg,68.51918367346939,0,5.0,5.0,44100,bird,1.0
202,./kaggletest/wbrcha2/,XC155157.ogg,68.51918367346939,0,15.0,5.0,44100,bird,1.0
203,./kaggletest/wbrcha2/,XC155157.ogg,68.51918367346939,0,20.0,5.0,44100,bird,1.0
204,./kaggletest/wbrcha2/,XC155157.ogg,68.51918367346939,0,25.0,5.0,44100,bird,1.0
205,./kaggletest/wbrcha2/,XC155157.ogg,68.51918367346939,0,30.0,5.0,44100,bird,1.0
206,./kaggletest/wbrcha2/,XC155157.ogg,68.51918367346939,0,35.0,5.0,44100,bird,1.0
207,./kaggletest/wbrcha2/,XC155157.ogg,68.51918367346939,0,40.0,5.0,44100,bird,1.0
208,./kaggletest/wbrcha2/,XC155157.ogg,68.51918367346939,0,45.0,5.0,44100,bird,1.0
209,./kaggletest/wbrcha2/,XC155157.ogg,68.51918367346939,0,50.0,5.0,44100,bird,1.0
210,./kaggletest/wbrcha2/,XC155157.ogg,68.51918367346939,0,55.0,5.0,44100,bird,1.0
211,./kaggletest/wbrcha2/,XC155157.ogg,68.51918367346939,0,60.0,5.0,44100,bird,1.0
212,./kaggletest/wbrcha2/,XC205900.ogg,31.89548752834467,0,0.0,5.0,44100,bird,1.0
213,./kaggletest/wbrcha2/,XC205900.ogg,31.89548752834467,0,5.0,5.0,44100,bird,1.0
214,./kaggletest/wbrcha2/,XC205900.ogg,31.89548752834467,0,15.0,5.0,44100,bird,1.0
215,./kaggletest/wbrcha2/,XC205900.ogg,31.89548752834467,0,20.0,5.0,44100,bird,1.0
216,./kaggletest/wbrcha2/,XC205900.ogg,31.89548752834467,0,25.0,5.0,44100,bird,1.0
217,./kaggletest/wbrcha2/,XC195992.ogg,64.67918367346938,0,0.0,5.0,44100,bird,1.0
218,./kaggletest/wbrcha2/,XC195992.ogg,64.67918367346938,0,10.0,5.0,44100,bird,1.0
219,./kaggletest/wbrcha2/,XC195992.ogg,64.67918367346938,0,20.0,5.0,44100,bird,1.0
220,./kaggletest/wbrcha2/,XC195992.ogg,64.67918367346938,0,25.0,5.0,44100,bird,1.0
221,./kaggletest/wbrcha2/,XC195992.ogg,64.67918367346938,0,30.0,5.0,44100,bird,1.0
222,./kaggletest/wbrcha2/,XC195992.ogg,64.67918367346938,0,45.0,5.0,44100,bird,1.0
223,./kaggletest/wbrcha2/,XC195992.ogg,64.67918367346938,0,50.0,5.0,44100,bird,1.0
224,./kaggletest/wbrcha2/,XC195992.ogg,64.67918367346938,0,55.0,5.0,44100,bird,1.0
225,./kaggletest/wbrcha2/,XC155036.ogg,15.986916099773243,0,0.0,5.0,44100,bird,1.0
226,./kaggletest/wbrcha2/,XC155036.ogg,15.986916099773243,0,5.0,5.0,44100,bird,1.0
227,./kaggletest/wbrcha2/,XC155036.ogg,15.986916099773243,0,10.0,5.0,44100,bird,1.0
228,./kaggletest/wbrcha2/,XC750366.ogg,36.59755102040816,0,0.0,5.0,44100,bird,1.0
229,./kaggletest/wbrcha2/,XC750366.ogg,36.59755102040816,0,5.0,5.0,44100,bird,1.0
230,./kaggletest/wbrcha2/,XC750366.ogg,36.59755102040816,0,10.0,5.0,44100,bird,1.0
231,./kaggletest/wbrcha2/,XC750366.ogg,36.59755102040816,0,15.0,5.0,44100,bird,1.0
232,./kaggletest/wbrcha2/,XC750366.ogg,36.59755102040816,0,20.0,5.0,44100,bird,1.0
233,./kaggletest/wbrcha2/,XC750366.ogg,36.59755102040816,0,25.0,5.0,44100,bird,1.0
234,./kaggletest/wbrcha2/,XC750366.ogg,36.59755102040816,0,30.0,5.0,44100,bird,1.0
235,./kaggletest/wbrcha2/,XC426248.ogg,9.507981859410432,0,0.0,5.0,44100,bird,1.0
236,./kaggletest/wbrcha2/,XC504176.ogg,58.107074829931975,0,0.0,5.0,44100,bird,1.0
237,./kaggletest/wbrcha2/,XC504176.ogg,58.107074829931975,0,5.0,5.0,44100,bird,1.0
238,./kaggletest/wbrcha2/,XC504176.ogg,58.107074829931975,0,10.0,5.0,44100,bird,1.0
239,./kaggletest/wbrcha2/,XC504176.ogg,58.107074829931975,0,15.0,5.0,44100,bird,1.0
240,./kaggletest/wbrcha2/,XC504176.ogg,58.107074829931975,0,25.0,5.0,44100,bird,1.0
241,./kaggletest/wbrcha2/,XC504176.ogg,58.107074829931975,0,30.0,5.0,44100,bird,1.0
242,./kaggletest/wbrcha2/,XC504176.ogg,58.107074829931975,0,35.0,5.0,44100,bird,1.0
243,./kaggletest/wbrcha2/,XC504176.ogg,58.107074829931975,0,40.0,5.0,44100,bird,1.0
244,./kaggletest/wbrcha2/,XC504176.ogg,58.107074829931975,0,45.0,5.0,44100,bird,1.0
245,./kaggletest/wbrcha2/,XC504176.ogg,58.107074829931975,0,50.0,5.0,44100,bird,1.0
246,./kaggletest/wbrcha2/,XC339720.ogg,80.30038548752835,0,0.0,5.0,44100,bird,1.0
247,./kaggletest/wbrcha2/,XC339720.ogg,80.30038548752835,0,5.0,5.0,44100,bird,1.0
248,./kaggletest/wbrcha2/,XC339720.ogg,80.30038548752835,0,10.0,5.0,44100,bird,1.0
249,./kaggletest/wbrcha2/,XC339720.ogg,80.30038548752835,0,15.0,5.0,44100,bird,1.0
250,./kaggletest/wbrcha2/,XC339720.ogg,80.30038548752835,0,20.0,5.0,44100,bird,1.0
251,./kaggletest/wbrcha2/,XC339720.ogg,80.30038548752835,0,25.0,5.0,44100,bird,1.0
252,./kaggletest/wbrcha2/,XC339720.ogg,80.30038548752835,0,35.0,5.0,44100,bird,1.0
253,./kaggletest/wbrcha2/,XC339720.ogg,80.30038548752835,0,40.0,5.0,44100,bird,1.0
254,./kaggletest/wbrcha2/,XC339720.ogg,80.30038548752835,0,45.0,5.0,44100,bird,1.0
255,./kaggletest/wbrcha2/,XC339720.ogg,80.30038548752835,0,50.0,5.0,44100,bird,1.0
256,./kaggletest/wbrcha2/,XC339720.ogg,80.30038548752835,0,55.0,5.0,44100,bird,1.0
257,./kaggletest/wbrcha2/,XC339720.ogg,80.30038548752835,0,60.0,5.0,44100,bird,1.0
258,./kaggletest/wbrcha2/,XC339720.ogg,80.30038548752835,0,65.0,5.0,44100,bird,1.0
259,./kaggletest/wbrcha2/,XC339720.ogg,80.30038548752835,0,70.0,5.0,44100,bird,1.0
260,./kaggletest/wbrcha2/,XC339720.ogg,80.30038548752835,0,75.0,5.0,44100,bird,1.0
261,./kaggletest/wbrcha2/,XC305754.ogg,23.303990929705215,0,0.0,5.0,44100,bird,1.0
262,./kaggletest/wbrcha2/,XC305754.ogg,23.303990929705215,0,5.0,5.0,44100,bird,1.0
263,./kaggletest/wbrcha2/,XC305754.ogg,23.303990929705215,0,10.0,5.0,44100,bird,1.0
264,./kaggletest/wbrcha2/,XC305754.ogg,23.303990929705215,0,15.0,5.0,44100,bird,1.0
265,./kaggletest/wbrcha2/,XC320852.ogg,35.39589569160998,0,0.0,5.0,44100,bird,1.0
266,./kaggletest/wbrcha2/,XC320852.ogg,35.39589569160998,0,5.0,5.0,44100,bird,1.0
267,./kaggletest/wbrcha2/,XC320852.ogg,35.39589569160998,0,10.0,5.0,44100,bird,1.0
268,./kaggletest/wbrcha2/,XC320852.ogg,35.39589569160998,0,15.0,5.0,44100,bird,1.0
269,./kaggletest/wbrcha2/,XC320852.ogg,35.39589569160998,0,20.0,5.0,44100,bird,1.0
270,./kaggletest/wbrcha2/,XC320852.ogg,35.39589569160998,0,25.0,5.0,44100,bird,1.0
271,./kaggletest/wbrcha2/,XC320852.ogg,35.39589569160998,0,30.0,5.0,44100,bird,1.0
272,./kaggletest/wbrcha2/,XC153423.ogg,82.78201814058957,0,0.0,5.0,44100,bird,1.0
273,./kaggletest/wbrcha2/,XC153423.ogg,82.78201814058957,0,5.0,5.0,44100,bird,1.0
274,./kaggletest/wbrcha2/,XC153423.ogg,82.78201814058957,0,10.0,5.0,44100,bird,1.0
275,./kaggletest/wbrcha2/,XC153423.ogg,82.78201814058957,0,15.0,5.0,44100,bird,1.0
276,./kaggletest/wbrcha2/,XC153423.ogg,82.78201814058957,0,20.0,5.0,44100,bird,1.0
277,./kaggletest/wbrcha2/,XC153423.ogg,82.78201814058957,0,25.0,5.0,44100,bird,1.0
278,./kaggletest/wbrcha2/,XC153423.ogg,82.78201814058957,0,30.0,5.0,44100,bird,1.0
279,./kaggletest/wbrcha2/,XC153423.ogg,82.78201814058957,0,35.0,5.0,44100,bird,1.0
280,./kaggletest/wbrcha2/,XC153423.ogg,82.78201814058957,0,40.0,5.0,44100,bird,1.0
281,./kaggletest/wbrcha2/,XC153423.ogg,82.78201814058957,0,45.0,5.0,44100,bird,1.0
282,./kaggletest/wbrcha2/,XC153423.ogg,82.78201814058957,0,50.0,5.0,44100,bird,1.0
283,./kaggletest/wbrcha2/,XC153423.ogg,82.78201814058957,0,55.0,5.0,44100,bird,1.0
284,./kaggletest/wbrcha2/,XC153423.ogg,82.78201814058957,0,60.0,5.0,44100,bird,1.0
285,./kaggletest/wbrcha2/,XC153423.ogg,82.78201814058957,0,65.0,5.0,44100,bird,1.0
286,./kaggletest/wbrcha2/,XC153423.ogg,82.78201814058957,0,70.0,5.0,44100,bird,1.0
287,./kaggletest/wbrcha2/,XC153423.ogg,82.78201814058957,0,75.0,5.0,44100,bird,1.0
288,./kaggletest/wbrcha2/,XC382956.ogg,34.727981859410434,0,0.0,5.0,44100,bird,1.0
289,./kaggletest/wbrcha2/,XC382956.ogg,34.727981859410434,0,5.0,5.0,44100,bird,1.0
290,./kaggletest/wbrcha2/,XC382956.ogg,34.727981859410434,0,10.0,5.0,44100,bird,1.0
291,./kaggletest/wbrcha2/,XC382956.ogg,34.727981859410434,0,15.0,5.0,44100,bird,1.0
292,./kaggletest/wbrcha2/,XC382956.ogg,34.727981859410434,0,20.0,5.0,44100,bird,1.0
293,./kaggletest/wbrcha2/,XC382956.ogg,34.727981859410434,0,25.0,5.0,44100,bird,1.0
294,./kaggletest/wbrcha2/,XC600817.ogg,29.135986394557822,0,0.0,5.0,44100,bird,1.0
295,./kaggletest/wbrcha2/,XC600817.ogg,29.135986394557822,0,5.0,5.0,44100,bird,1.0
296,./kaggletest/wbrcha2/,XC600817.ogg,29.135986394557822,0,10.0,5.0,44100,bird,1.0
297,./kaggletest/wbrcha2/,XC600817.ogg,29.135986394557822,0,15.0,5.0,44100,bird,1.0
298,./kaggletest/wbrcha2/,XC600817.ogg,29.135986394557822,0,20.0,5.0,44100,bird,1.0
299,./kaggletest/wbrcha2/,XC213652.ogg,30.06691609977324,0,0.0,5.0,44100,bird,1.0
300,./kaggletest/wbrcha2/,XC213652.ogg,30.06691609977324,0,5.0,5.0,44100,bird,1.0
301,./kaggletest/wbrcha2/,XC213652.ogg,30.06691609977324,0,10.0,5.0,44100,bird,1.0
302,./kaggletest/wbrcha2/,XC213652.ogg,30.06691609977324,0,15.0,5.0,44100,bird,1.0
303,./kaggletest/wbrcha2/,XC213652.ogg,30.06691609977324,0,20.0,5.0,44100,bird,1.0
304,./kaggletest/wbrcha2/,XC213652.ogg,30.06691609977324,0,25.0,5.0,44100,bird,1.0
305,./kaggletest/wbrcha2/,XC503801.ogg,35.495986394557825,0,0.0,5.0,44100,bird,1.0
306,./kaggletest/wbrcha2/,XC503801.ogg,35.495986394557825,0,5.0,5.0,44100,bird,1.0
307,./kaggletest/wbrcha2/,XC503801.ogg,35.495986394557825,0,10.0,5.0,44100,bird,1.0
308,./kaggletest/wbrcha2/,XC503801.ogg,35.495986394557825,0,15.0,5.0,44100,bird,1.0
309,./kaggletest/wbrcha2/,XC503801.ogg,35.495986394557825,0,20.0,5.0,44100,bird,1.0
310,./kaggletest/wbrcha2/,XC503801.ogg,35.495986394557825,0,25.0,5.0,44100,bird,1.0
311,./kaggletest/wbrcha2/,XC503801.ogg,35.495986394557825,0,30.0,5.0,44100,bird,1.0
312,./kaggletest/wbrcha2/,XC608046.ogg,83.40895691609977,0,0.0,5.0,44100,bird,1.0
313,./kaggletest/wbrcha2/,XC608046.ogg,83.40895691609977,0,5.0,5.0,44100,bird,1.0
314,./kaggletest/wbrcha2/,XC608046.ogg,83.40895691609977,0,10.0,5.0,44100,bird,1.0
315,./kaggletest/wbrcha2/,XC608046.ogg,83.40895691609977,0,15.0,5.0,44100,bird,1.0
316,./kaggletest/wbrcha2/,XC608046.ogg,83.40895691609977,0,20.0,5.0,44100,bird,1.0
317,./kaggletest/wbrcha2/,XC608046.ogg,83.40895691609977,0,25.0,5.0,44100,bird,1.0
318,./kaggletest/wbrcha2/,XC608046.ogg,83.40895691609977,0,30.0,5.0,44100,bird,1.0
319,./kaggletest/wbrcha2/,XC608046.ogg,83.40895691609977,0,35.0,5.0,44100,bird,1.0
320,./kaggletest/wbrcha2/,XC608046.ogg,83.40895691609977,0,40.0,5.0,44100,bird,1.0
321,./kaggletest/wbrcha2/,XC608046.ogg,83.40895691609977,0,45.0,5.0,44100,bird,1.0
322,./kaggletest/wbrcha2/,XC608046.ogg,83.40895691609977,0,50.0,5.0,44100,bird,1.0
323,./kaggletest/wbrcha2/,XC608046.ogg,83.40895691609977,0,55.0,5.0,44100,bird,1.0
324,./kaggletest/wbrcha2/,XC608046.ogg,83.40895691609977,0,60.0,5.0,44100,bird,1.0
325,./kaggletest/wbrcha2/,XC608046.ogg,83.40895691609977,0,65.0,5.0,44100,bird,1.0
326,./kaggletest/wbrcha2/,XC608046.ogg,83.40895691609977,0,70.0,5.0,44100,bird,1.0
327,./kaggletest/wbrcha2/,XC503800.ogg,27.215986394557824,0,0.0,5.0,44100,bird,1.0
328,./kaggletest/wbrcha2/,XC503800.ogg,27.215986394557824,0,5.0,5.0,44100,bird,1.0
329,./kaggletest/wbrcha2/,XC503800.ogg,27.215986394557824,0,10.0,5.0,44100,bird,1.0
330,./kaggletest/wbrcha2/,XC503800.ogg,27.215986394557824,0,15.0,5.0,44100,bird,1.0
331,./kaggletest/wbrcha2/,XC503800.ogg,27.215986394557824,0,20.0,5.0,44100,bird,1.0
332,./kaggletest/wbrcha2/,XC131304.ogg,42.50120181405896,0,0.0,5.0,44100,bird,1.0
333,./kaggletest/wbrcha2/,XC131304.ogg,42.50120181405896,0,5.0,5.0,44100,bird,1.0
334,./kaggletest/wbrcha2/,XC131304.ogg,42.50120181405896,0,10.0,5.0,44100,bird,1.0
335,./kaggletest/wbrcha2/,XC131304.ogg,42.50120181405896,0,15.0,5.0,44100,bird,1.0
336,./kaggletest/wbrcha2/,XC131304.ogg,42.50120181405896,0,20.0,5.0,44100,bird,1.0
337,./kaggletest/wbrcha2/,XC131304.ogg,42.50120181405896,0,25.0,5.0,44100,bird,1.0
338,./kaggletest/wbrcha2/,XC131304.ogg,42.50120181405896,0,30.0,5.0,44100,bird,1.0
339,./kaggletest/wbrcha2/,XC131304.ogg,42.50120181405896,0,35.0,5.0,44100,bird,1.0
340,./kaggletest/wbrcha2/,XC444356.ogg,39.54936507936508,0,0.0,5.0,44100,bird,1.0
341,./kaggletest/wbrcha2/,XC444356.ogg,39.54936507936508,0,10.0,5.0,44100,bird,1.0
342,./kaggletest/wbrcha2/,XC444356.ogg,39.54936507936508,0,20.0,5.0,44100,bird,1.0
343,./kaggletest/wbrcha2/,XC444356.ogg,39.54936507936508,0,25.0,5.0,44100,bird,1.0
344,./kaggletest/wbrcha2/,XC444356.ogg,39.54936507936508,0,30.0,5.0,44100,bird,1.0
345,./kaggletest/wbrcha2/,XC207008.ogg,50.128956916099774,0,0.0,5.0,44100,bird,1.0
346,./kaggletest/wbrcha2/,XC207008.ogg,50.128956916099774,0,5.0,5.0,44100,bird,1.0
347,./kaggletest/wbrcha2/,XC207008.ogg,50.128956916099774,0,10.0,5.0,44100,bird,1.0
348,./kaggletest/wbrcha2/,XC207008.ogg,50.128956916099774,0,15.0,5.0,44100,bird,1.0
349,./kaggletest/wbrcha2/,XC207008.ogg,50.128956916099774,0,20.0,5.0,44100,bird,1.0
350,./kaggletest/wbrcha2/,XC207008.ogg,50.128956916099774,0,25.0,5.0,44100,bird,1.0
351,./kaggletest/wbrcha2/,XC207008.ogg,50.128956916099774,0,30.0,5.0,44100,bird,1.0
352,./kaggletest/wbrcha2/,XC207008.ogg,50.128956916099774,0,35.0,5.0,44100,bird,1.0
353,./kaggletest/wbrcha2/,XC207008.ogg,50.128956916099774,0,40.0,5.0,44100,bird,1.0
354,./kaggletest/wbrcha2/,XC207008.ogg,50.128956916099774,0,45.0,5.0,44100,bird,1.0
355,./kaggletest/wbrcha2/,XC282012.ogg,174.70691609977325,0,0.0,5.0,44100,bird,1.0
356,./kaggletest/wbrcha2/,XC282012.ogg,174.70691609977325,0,10.0,5.0,44100,bird,1.0
357,./kaggletest/wbrcha2/,XC282012.ogg,174.70691609977325,0,15.0,5.0,44100,bird,1.0
358,./kaggletest/wbrcha2/,XC282012.ogg,174.70691609977325,0,25.0,5.0,44100,bird,1.0
359,./kaggletest/wbrcha2/,XC282012.ogg,174.70691609977325,0,30.0,5.0,44100,bird,1.0
360,./kaggletest/wbrcha2/,XC282012.ogg,174.70691609977325,0,35.0,5.0,44100,bird,1.0
361,./kaggletest/wbrcha2/,XC282012.ogg,174.70691609977325,0,40.0,5.0,44100,bird,1.0
362,./kaggletest/wbrcha2/,XC282012.ogg,174.70691609977325,0,45.0,5.0,44100,bird,1.0
363,./kaggletest/wbrcha2/,XC282012.ogg,174.70691609977325,0,50.0,5.0,44100,bird,1.0
364,./kaggletest/wbrcha2/,XC282012.ogg,174.70691609977325,0,55.0,5.0,44100,bird,1.0
365,./kaggletest/wbrcha2/,XC282012.ogg,174.70691609977325,0,65.0,5.0,44100,bird,1.0
366,./kaggletest/wbrcha2/,XC282012.ogg,174.70691609977325,0,75.0,5.0,44100,bird,1.0
367,./kaggletest/wbrcha2/,XC282012.ogg,174.70691609977325,0,80.0,5.0,44100,bird,1.0
368,./kaggletest/wbrcha2/,XC282012.ogg,174.70691609977325,0,85.0,5.0,44100,bird,1.0
369,./kaggletest/wbrcha2/,XC282012.ogg,174.70691609977325,0,90.0,5.0,44100,bird,1.0
370,./kaggletest/wbrcha2/,XC282012.ogg,174.70691609977325,0,95.0,5.0,44100,bird,1.0
371,./kaggletest/wbrcha2/,XC282012.ogg,174.70691609977325,0,100.0,5.0,44100,bird,1.0
372,./kaggletest/wbrcha2/,XC282012.ogg,174.70691609977325,0,105.0,5.0,44100,bird,1.0
373,./kaggletest/wbrcha2/,XC282012.ogg,174.70691609977325,0,110.0,5.0,44100,bird,1.0
374,./kaggletest/wbrcha2/,XC282012.ogg,174.70691609977325,0,115.0,5.0,44100,bird,1.0
375,./kaggletest/wbrcha2/,XC282012.ogg,174.70691609977325,0,120.0,5.0,44100,bird,1.0
376,./kaggletest/wbrcha2/,XC282012.ogg,174.70691609977325,0,130.0,5.0,44100,bird,1.0
377,./kaggletest/wbrcha2/,XC282012.ogg,174.70691609977325,0,140.0,5.0,44100,bird,1.0
378,./kaggletest/wbrcha2/,XC282012.ogg,174.70691609977325,0,155.0,5.0,44100,bird,1.0
379,./kaggletest/wbrcha2/,XC282012.ogg,174.70691609977325,0,160.0,5.0,44100,bird,1.0
380,./kaggletest/wbrcha2/,XC282012.ogg,174.70691609977325,0,165.0,5.0,44100,bird,1.0
381,./kaggletest/wbrcha2/,XC405656.ogg,25.076984126984126,0,0.0,5.0,44100,bird,1.0
382,./kaggletest/wbrcha2/,XC405656.ogg,25.076984126984126,0,5.0,5.0,44100,bird,1.0
383,./kaggletest/wbrcha2/,XC405656.ogg,25.076984126984126,0,10.0,5.0,44100,bird,1.0
384,./kaggletest/wbrcha2/,XC405656.ogg,25.076984126984126,0,15.0,5.0,44100,bird,1.0
385,./kaggletest/wbrcha2/,XC405656.ogg,25.076984126984126,0,20.0,5.0,44100,bird,1.0
386,./kaggletest/wbrcha2/,XC138683.ogg,166.42612244897958,0,0.0,5.0,44100,bird,1.0
387,./kaggletest/wbrcha2/,XC138683.ogg,166.42612244897958,0,5.0,5.0,44100,bird,1.0
388,./kaggletest/wbrcha2/,XC138683.ogg,166.42612244897958,0,10.0,5.0,44100,bird,1.0
389,./kaggletest/wbrcha2/,XC138683.ogg,166.42612244897958,0,15.0,5.0,44100,bird,1.0
390,./kaggletest/wbrcha2/,XC138683.ogg,166.42612244897958,0,20.0,5.0,44100,bird,1.0
391,./kaggletest/wbrcha2/,XC138683.ogg,166.42612244897958,0,25.0,5.0,44100,bird,1.0
392,./kaggletest/wbrcha2/,XC138683.ogg,166.42612244897958,0,30.0,5.0,44100,bird,1.0
393,./kaggletest/wbrcha2/,XC138683.ogg,166.42612244897958,0,35.0,5.0,44100,bird,1.0
394,./kaggletest/wbrcha2/,XC138683.ogg,166.42612244897958,0,40.0,5.0,44100,bird,1.0
395,./kaggletest/wbrcha2/,XC138683.ogg,166.42612244897958,0,45.0,5.0,44100,bird,1.0
396,./kaggletest/wbrcha2/,XC138683.ogg,166.42612244897958,0,50.0,5.0,44100,bird,1.0
397,./kaggletest/wbrcha2/,XC138683.ogg,166.42612244897958,0,55.0,5.0,44100,bird,1.0
398,./kaggletest/wbrcha2/,XC138683.ogg,166.42612244897958,0,60.0,5.0,44100,bird,1.0
399,./kaggletest/wbrcha2/,XC138683.ogg,166.42612244897958,0,65.0,5.0,44100,bird,1.0
400,./kaggletest/wbrcha2/,XC138683.ogg,166.42612244897958,0,70.0,5.0,44100,bird,1.0
401,./kaggletest/wbrcha2/,XC138683.ogg,166.42612244897958,0,75.0,5.0,44100,bird,1.0
402,./kaggletest/wbrcha2/,XC138683.ogg,166.42612244897958,0,80.0,5.0,44100,bird,1.0
403,./kaggletest/wbrcha2/,XC138683.ogg,166.42612244897958,0,85.0,5.0,44100,bird,1.0
404,./kaggletest/wbrcha2/,XC138683.ogg,166.42612244897958,0,90.0,5.0,44100,bird,1.0
405,./kaggletest/wbrcha2/,XC138683.ogg,166.42612244897958,0,95.0,5.0,44100,bird,1.0
406,./kaggletest/wbrcha2/,XC138683.ogg,166.42612244897958,0,100.0,5.0,44100,bird,1.0
407,./kaggletest/wbrcha2/,XC138683.ogg,166.42612244897958,0,105.0,5.0,44100,bird,1.0
408,./kaggletest/wbrcha2/,XC138683.ogg,166.42612244897958,0,110.0,5.0,44100,bird,1.0
409,./kaggletest/wbrcha2/,XC138683.ogg,166.42612244897958,0,115.0,5.0,44100,bird,1.0
410,./kaggletest/wbrcha2/,XC138683.ogg,166.42612244897958,0,120.0,5.0,44100,bird,1.0
411,./kaggletest/wbrcha2/,XC138683.ogg,166.42612244897958,0,125.0,5.0,44100,bird,1.0
412,./kaggletest/wbrcha2/,XC138683.ogg,166.42612244897958,0,130.0,5.0,44100,bird,1.0
413,./kaggletest/wbrcha2/,XC138683.ogg,166.42612244897958,0,135.0,5.0,44100,bird,1.0
414,./kaggletest/wbrcha2/,XC138683.ogg,166.42612244897958,0,140.0,5.0,44100,bird,1.0
415,./kaggletest/wbrcha2/,XC138683.ogg,166.42612244897958,0,145.0,5.0,44100,bird,1.0
416,./kaggletest/wbrcha2/,XC138683.ogg,166.42612244897958,0,150.0,5.0,44100,bird,1.0
417,./kaggletest/wbrcha2/,XC138683.ogg,166.42612244897958,0,155.0,5.0,44100,bird,1.0
418,./kaggletest/wbrcha2/,XC138683.ogg,166.42612244897958,0,160.0,5.0,44100,bird,1.0
419,./kaggletest/wbrcha2/,XC142885.ogg,11.049773242630385,0,0.0,5.0,44100,bird,1.0
420,./kaggletest/wbrcha2/,XC142885.ogg,11.049773242630385,0,5.0,5.0,44100,bird,1.0
421,./kaggletest/wbrcha2/,XC476294.ogg,11.337142857142856,0,0.0,5.0,44100,bird,1.0
422,./kaggletest/wbrcha2/,XC476294.ogg,11.337142857142856,0,5.0,5.0,44100,bird,1.0
423,./kaggletest/wbrcha2/,XC524504.ogg,34.97698412698413,0,0.0,5.0,44100,bird,1.0
424,./kaggletest/wbrcha2/,XC524504.ogg,34.97698412698413,0,5.0,5.0,44100,bird,1.0
425,./kaggletest/wbrcha2/,XC524504.ogg,34.97698412698413,0,10.0,5.0,44100,bird,1.0
426,./kaggletest/wbrcha2/,XC524504.ogg,34.97698412698413,0,15.0,5.0,44100,bird,1.0
427,./kaggletest/wbrcha2/,XC524504.ogg,34.97698412698413,0,20.0,5.0,44100,bird,1.0
428,./kaggletest/wbrcha2/,XC524504.ogg,34.97698412698413,0,25.0,5.0,44100,bird,1.0
429,./kaggletest/wbrcha2/,XC349216.ogg,54.23020408163265,0,0.0,5.0,44100,bird,1.0
430,./kaggletest/wbrcha2/,XC349216.ogg,54.23020408163265,0,5.0,5.0,44100,bird,1.0
431,./kaggletest/wbrcha2/,XC349216.ogg,54.23020408163265,0,10.0,5.0,44100,bird,1.0
432,./kaggletest/wbrcha2/,XC349216.ogg,54.23020408163265,0,15.0,5.0,44100,bird,1.0
433,./kaggletest/wbrcha2/,XC349216.ogg,54.23020408163265,0,20.0,5.0,44100,bird,1.0
434,./kaggletest/wbrcha2/,XC349216.ogg,54.23020408163265,0,25.0,5.0,44100,bird,1.0
435,./kaggletest/wbrcha2/,XC349216.ogg,54.23020408163265,0,30.0,5.0,44100,bird,1.0
436,./kaggletest/wbrcha2/,XC349216.ogg,54.23020408163265,0,35.0,5.0,44100,bird,1.0
437,./kaggletest/wbrcha2/,XC349216.ogg,54.23020408163265,0,40.0,5.0,44100,bird,1.0
438,./kaggletest/wbrcha2/,XC349216.ogg,54.23020408163265,0,45.0,5.0,44100,bird,1.0
439,./kaggletest/wbrcha2/,XC668577.ogg,44.76,0,0.0,5.0,44100,bird,1.0
440,./kaggletest/wbrcha2/,XC668577.ogg,44.76,0,5.0,5.0,44100,bird,1.0
441,./kaggletest/wbrcha2/,XC668577.ogg,44.76,0,10.0,5.0,44100,bird,1.0
442,./kaggletest/wbrcha2/,XC668577.ogg,44.76,0,15.0,5.0,44100,bird,1.0
443,./kaggletest/wbrcha2/,XC668577.ogg,44.76,0,20.0,5.0,44100,bird,1.0
444,./kaggletest/wbrcha2/,XC668577.ogg,44.76,0,25.0,5.0,44100,bird,1.0
445,./kaggletest/wbrcha2/,XC668577.ogg,44.76,0,30.0,5.0,44100,bird,1.0
446,./kaggletest/wbrcha2/,XC668577.ogg,44.76,0,35.0,5.0,44100,bird,1.0
447,./kaggletest/wbrcha2/,XC120185.ogg,47.6995918367347,0,0.0,5.0,44100,bird,1.0
448,./kaggletest/wbrcha2/,XC120185.ogg,47.6995918367347,0,5.0,5.0,44100,bird,1.0
449,./kaggletest/wbrcha2/,XC120185.ogg,47.6995918367347,0,10.0,5.0,44100,bird,1.0
450,./kaggletest/wbrcha2/,XC120185.ogg,47.6995918367347,0,15.0,5.0,44100,bird,1.0
451,./kaggletest/wbrcha2/,XC120185.ogg,47.6995918367347,0,20.0,5.0,44100,bird,1.0
452,./kaggletest/wbrcha2/,XC120185.ogg,47.6995918367347,0,25.0,5.0,44100,bird,1.0
453,./kaggletest/wbrcha2/,XC120185.ogg,47.6995918367347,0,30.0,5.0,44100,bird,1.0
454,./kaggletest/wbrcha2/,XC120185.ogg,47.6995918367347,0,35.0,5.0,44100,bird,1.0
455,./kaggletest/wbrcha2/,XC120185.ogg,47.6995918367347,0,40.0,5.0,44100,bird,1.0
456,./kaggletest/wbrcha2/,XC563713.ogg,64.39183673469388,0,0.0,5.0,44100,bird,1.0
457,./kaggletest/wbrcha2/,XC563713.ogg,64.39183673469388,0,5.0,5.0,44100,bird,1.0
458,./kaggletest/wbrcha2/,XC563713.ogg,64.39183673469388,0,10.0,5.0,44100,bird,1.0
459,./kaggletest/wbrcha2/,XC563713.ogg,64.39183673469388,0,15.0,5.0,44100,bird,1.0
460,./kaggletest/wbrcha2/,XC563713.ogg,64.39183673469388,0,20.0,5.0,44100,bird,1.0
461,./kaggletest/wbrcha2/,XC563713.ogg,64.39183673469388,0,25.0,5.0,44100,bird,1.0
462,./kaggletest/wbrcha2/,XC563713.ogg,64.39183673469388,0,30.0,5.0,44100,bird,1.0
463,./kaggletest/wbrcha2/,XC563713.ogg,64.39183673469388,0,35.0,5.0,44100,bird,1.0
464,./kaggletest/wbrcha2/,XC563713.ogg,64.39183673469388,0,40.0,5.0,44100,bird,1.0
465,./kaggletest/wbrcha2/,XC563713.ogg,64.39183673469388,0,45.0,5.0,44100,bird,1.0
466,./kaggletest/wbrcha2/,XC563713.ogg,64.39183673469388,0,50.0,5.0,44100,bird,1.0
467,./kaggletest/wbrcha2/,XC563713.ogg,64.39183673469388,0,55.0,5.0,44100,bird,1.0
468,./kaggletest/wbrcha2/,XC227334.ogg,37.04160997732426,0,0.0,5.0,44100,bird,1.0
469,./kaggletest/wbrcha2/,XC227334.ogg,37.04160997732426,0,5.0,5.0,44100,bird,1.0
470,./kaggletest/wbrcha2/,XC227334.ogg,37.04160997732426,0,10.0,5.0,44100,bird,1.0
471,./kaggletest/wbrcha2/,XC227334.ogg,37.04160997732426,0,15.0,5.0,44100,bird,1.0
472,./kaggletest/wbrcha2/,XC227334.ogg,37.04160997732426,0,20.0,5.0,44100,bird,1.0
473,./kaggletest/wbrcha2/,XC227334.ogg,37.04160997732426,0,25.0,5.0,44100,bird,1.0
474,./kaggletest/wbrcha2/,XC227334.ogg,37.04160997732426,0,30.0,5.0,44100,bird,1.0
475,./kaggletest/wbrcha2/,XC153425.ogg,75.10201814058956,0,0.0,5.0,44100,bird,1.0
476,./kaggletest/wbrcha2/,XC153425.ogg,75.10201814058956,0,5.0,5.0,44100,bird,1.0
477,./kaggletest/wbrcha2/,XC153425.ogg,75.10201814058956,0,10.0,5.0,44100,bird,1.0
478,./kaggletest/wbrcha2/,XC153425.ogg,75.10201814058956,0,15.0,5.0,44100,bird,1.0
479,./kaggletest/wbrcha2/,XC153425.ogg,75.10201814058956,0,20.0,5.0,44100,bird,1.0
480,./kaggletest/wbrcha2/,XC153425.ogg,75.10201814058956,0,25.0,5.0,44100,bird,1.0
481,./kaggletest/wbrcha2/,XC153425.ogg,75.10201814058956,0,30.0,5.0,44100,bird,1.0
482,./kaggletest/wbrcha2/,XC153425.ogg,75.10201814058956,0,35.0,5.0,44100,bird,1.0
483,./kaggletest/wbrcha2/,XC153425.ogg,75.10201814058956,0,40.0,5.0,44100,bird,1.0
484,./kaggletest/wbrcha2/,XC153425.ogg,75.10201814058956,0,50.0,5.0,44100,bird,1.0
485,./kaggletest/wbrcha2/,XC153425.ogg,75.10201814058956,0,55.0,5.0,44100,bird,1.0
486,./kaggletest/wbrcha2/,XC153425.ogg,75.10201814058956,0,60.0,5.0,44100,bird,1.0
487,./kaggletest/wbrcha2/,XC153425.ogg,75.10201814058956,0,65.0,5.0,44100,bird,1.0
488,./kaggletest/wbrcha2/,XC153425.ogg,75.10201814058956,0,70.0,5.0,44100,bird,1.0
489,./kaggletest/wbrcha2/,XC405655.ogg,135.44399092970522,0,0.0,5.0,44100,bird,1.0
490,./kaggletest/wbrcha2/,XC405655.ogg,135.44399092970522,0,5.0,5.0,44100,bird,1.0
491,./kaggletest/wbrcha2/,XC405655.ogg,135.44399092970522,0,10.0,5.0,44100,bird,1.0
492,./kaggletest/wbrcha2/,XC405655.ogg,135.44399092970522,0,20.0,5.0,44100,bird,1.0
493,./kaggletest/wbrcha2/,XC405655.ogg,135.44399092970522,0,25.0,5.0,44100,bird,1.0
494,./kaggletest/wbrcha2/,XC405655.ogg,135.44399092970522,0,40.0,5.0,44100,bird,1.0
495,./kaggletest/wbrcha2/,XC405655.ogg,135.44399092970522,0,45.0,5.0,44100,bird,1.0
496,./kaggletest/wbrcha2/,XC405655.ogg,135.44399092970522,0,50.0,5.0,44100,bird,1.0
497,./kaggletest/wbrcha2/,XC405655.ogg,135.44399092970522,0,55.0,5.0,44100,bird,1.0
498,./kaggletest/wbrcha2/,XC405655.ogg,135.44399092970522,0,60.0,5.0,44100,bird,1.0
499,./kaggletest/wbrcha2/,XC405655.ogg,135.44399092970522,0,70.0,5.0,44100,bird,1.0
500,./kaggletest/wbrcha2/,XC405655.ogg,135.44399092970522,0,75.0,5.0,44100,bird,1.0
501,./kaggletest/wbrcha2/,XC405655.ogg,135.44399092970522,0,80.0,5.0,44100,bird,1.0
502,./kaggletest/wbrcha2/,XC405655.ogg,135.44399092970522,0,90.0,5.0,44100,bird,1.0
503,./kaggletest/wbrcha2/,XC405655.ogg,135.44399092970522,0,95.0,5.0,44100,bird,1.0
504,./kaggletest/wbrcha2/,XC405655.ogg,135.44399092970522,0,100.0,5.0,44100,bird,1.0
505,./kaggletest/wbrcha2/,XC405655.ogg,135.44399092970522,0,105.0,5.0,44100,bird,1.0
506,./kaggletest/wbrcha2/,XC405655.ogg,135.44399092970522,0,120.0,5.0,44100,bird,1.0
507,./kaggletest/wbrcha2/,XC405655.ogg,135.44399092970522,0,125.0,5.0,44100,bird,1.0
508,./kaggletest/wbrcha2/,XC446340.ogg,160.05598639455783,0,0.0,5.0,44100,bird,1.0
509,./kaggletest/wbrcha2/,XC446340.ogg,160.05598639455783,0,5.0,5.0,44100,bird,1.0
510,./kaggletest/wbrcha2/,XC446340.ogg,160.05598639455783,0,10.0,5.0,44100,bird,1.0
511,./kaggletest/wbrcha2/,XC446340.ogg,160.05598639455783,0,15.0,5.0,44100,bird,1.0
512,./kaggletest/wbrcha2/,XC446340.ogg,160.05598639455783,0,20.0,5.0,44100,bird,1.0
513,./kaggletest/wbrcha2/,XC446340.ogg,160.05598639455783,0,25.0,5.0,44100,bird,1.0
514,./kaggletest/wbrcha2/,XC446340.ogg,160.05598639455783,0,30.0,5.0,44100,bird,1.0
515,./kaggletest/wbrcha2/,XC446340.ogg,160.05598639455783,0,35.0,5.0,44100,bird,1.0
516,./kaggletest/wbrcha2/,XC446340.ogg,160.05598639455783,0,40.0,5.0,44100,bird,1.0
517,./kaggletest/wbrcha2/,XC446340.ogg,160.05598639455783,0,45.0,5.0,44100,bird,1.0
518,./kaggletest/wbrcha2/,XC446340.ogg,160.05598639455783,0,50.0,5.0,44100,bird,1.0
519,./kaggletest/wbrcha2/,XC446340.ogg,160.05598639455783,0,55.0,5.0,44100,bird,1.0
520,./kaggletest/wbrcha2/,XC446340.ogg,160.05598639455783,0,60.0,5.0,44100,bird,1.0
521,./kaggletest/wbrcha2/,XC446340.ogg,160.05598639455783,0,65.0,5.0,44100,bird,1.0
522,./kaggletest/wbrcha2/,XC446340.ogg,160.05598639455783,0,70.0,5.0,44100,bird,1.0
523,./kaggletest/wbrcha2/,XC446340.ogg,160.05598639455783,0,75.0,5.0,44100,bird,1.0
524,./kaggletest/wbrcha2/,XC446340.ogg,160.05598639455783,0,80.0,5.0,44100,bird,1.0
525,./kaggletest/wbrcha2/,XC446340.ogg,160.05598639455783,0,85.0,5.0,44100,bird,1.0
526,./kaggletest/wbrcha2/,XC446340.ogg,160.05598639455783,0,90.0,5.0,44100,bird,1.0
527,./kaggletest/wbrcha2/,XC446340.ogg,160.05598639455783,0,95.0,5.0,44100,bird,1.0
528,./kaggletest/wbrcha2/,XC446340.ogg,160.05598639455783,0,100.0,5.0,44100,bird,1.0
529,./kaggletest/wbrcha2/,XC446340.ogg,160.05598639455783,0,105.0,5.0,44100,bird,1.0
530,./kaggletest/wbrcha2/,XC446340.ogg,160.05598639455783,0,110.0,5.0,44100,bird,1.0
531,./kaggletest/wbrcha2/,XC446340.ogg,160.05598639455783,0,115.0,5.0,44100,bird,1.0
532,./kaggletest/wbrcha2/,XC446340.ogg,160.05598639455783,0,120.0,5.0,44100,bird,1.0
533,./kaggletest/wbrcha2/,XC446340.ogg,160.05598639455783,0,125.0,5.0,44100,bird,1.0
534,./kaggletest/wbrcha2/,XC446340.ogg,160.05598639455783,0,130.0,5.0,44100,bird,1.0
535,./kaggletest/wbrcha2/,XC446340.ogg,160.05598639455783,0,135.0,5.0,44100,bird,1.0
536,./kaggletest/wbrcha2/,XC446340.ogg,160.05598639455783,0,140.0,5.0,44100,bird,1.0
537,./kaggletest/wbrcha2/,XC446340.ogg,160.05598639455783,0,145.0,5.0,44100,bird,1.0
538,./kaggletest/wbrcha2/,XC446340.ogg,160.05598639455783,0,150.0,5.0,44100,bird,1.0
539,./kaggletest/wbrcha2/,XC446340.ogg,160.05598639455783,0,155.0,5.0,44100,bird,1.0
540,./kaggletest/wbrcha2/,XC131303.ogg,52.00977324263039,0,0.0,5.0,44100,bird,1.0
541,./kaggletest/wbrcha2/,XC131303.ogg,52.00977324263039,0,5.0,5.0,44100,bird,1.0
542,./kaggletest/wbrcha2/,XC131303.ogg,52.00977324263039,0,10.0,5.0,44100,bird,1.0
543,./kaggletest/wbrcha2/,XC131303.ogg,52.00977324263039,0,15.0,5.0,44100,bird,1.0
544,./kaggletest/wbrcha2/,XC131303.ogg,52.00977324263039,0,20.0,5.0,44100,bird,1.0
545,./kaggletest/wbrcha2/,XC131303.ogg,52.00977324263039,0,25.0,5.0,44100,bird,1.0
546,./kaggletest/wbrcha2/,XC131303.ogg,52.00977324263039,0,30.0,5.0,44100,bird,1.0
547,./kaggletest/wbrcha2/,XC131303.ogg,52.00977324263039,0,35.0,5.0,44100,bird,1.0
548,./kaggletest/wbrcha2/,XC131303.ogg,52.00977324263039,0,40.0,5.0,44100,bird,1.0
549,./kaggletest/wbrcha2/,XC131303.ogg,52.00977324263039,0,45.0,5.0,44100,bird,1.0
550,./kaggletest/wbrcha2/,XC349214.ogg,60.86530612244898,0,0.0,5.0,44100,bird,1.0
551,./kaggletest/wbrcha2/,XC349214.ogg,60.86530612244898,0,5.0,5.0,44100,bird,1.0
552,./kaggletest/wbrcha2/,XC349214.ogg,60.86530612244898,0,15.0,5.0,44100,bird,1.0
553,./kaggletest/wbrcha2/,XC349214.ogg,60.86530612244898,0,20.0,5.0,44100,bird,1.0
554,./kaggletest/wbrcha2/,XC349214.ogg,60.86530612244898,0,25.0,5.0,44100,bird,1.0
555,./kaggletest/wbrcha2/,XC349214.ogg,60.86530612244898,0,30.0,5.0,44100,bird,1.0
556,./kaggletest/wbrcha2/,XC349214.ogg,60.86530612244898,0,35.0,5.0,44100,bird,1.0
557,./kaggletest/wbrcha2/,XC349214.ogg,60.86530612244898,0,40.0,5.0,44100,bird,1.0
558,./kaggletest/wbrcha2/,XC349214.ogg,60.86530612244898,0,45.0,5.0,44100,bird,1.0
559,./kaggletest/wbrcha2/,XC349214.ogg,60.86530612244898,0,50.0,5.0,44100,bird,1.0
560,./kaggletest/wbrcha2/,XC349214.ogg,60.86530612244898,0,55.0,5.0,44100,bird,1.0
561,./kaggletest/wbrcha2/,XC720733.ogg,16.195895691609977,0,0.0,5.0,44100,bird,1.0
562,./kaggletest/wbrcha2/,XC720733.ogg,16.195895691609977,0,5.0,5.0,44100,bird,1.0
563,./kaggletest/wbrcha2/,XC720733.ogg,16.195895691609977,0,10.0,5.0,44100,bird,1.0
564,./kaggletest/wbrcha2/,XC157045.ogg,53.495986394557825,0,0.0,5.0,44100,bird,1.0
565,./kaggletest/wbrcha2/,XC157045.ogg,53.495986394557825,0,5.0,5.0,44100,bird,1.0
566,./kaggletest/wbrcha2/,XC157045.ogg,53.495986394557825,0,10.0,5.0,44100,bird,1.0
567,./kaggletest/wbrcha2/,XC157045.ogg,53.495986394557825,0,15.0,5.0,44100,bird,1.0
568,./kaggletest/wbrcha2/,XC157045.ogg,53.495986394557825,0,20.0,5.0,44100,bird,1.0
569,./kaggletest/wbrcha2/,XC157045.ogg,53.495986394557825,0,25.0,5.0,44100,bird,1.0
570,./kaggletest/wbrcha2/,XC157045.ogg,53.495986394557825,0,40.0,5.0,44100,bird,1.0
571,./kaggletest/wbrcha2/,XC157045.ogg,53.495986394557825,0,45.0,5.0,44100,bird,1.0
572,./kaggletest/wbrcha2/,XC131302.ogg,69.66854875283447,0,0.0,5.0,44100,bird,1.0
573,./kaggletest/wbrcha2/,XC131302.ogg,69.66854875283447,0,5.0,5.0,44100,bird,1.0
574,./kaggletest/wbrcha2/,XC131302.ogg,69.66854875283447,0,10.0,5.0,44100,bird,1.0
575,./kaggletest/wbrcha2/,XC131302.ogg,69.66854875283447,0,15.0,5.0,44100,bird,1.0
576,./kaggletest/wbrcha2/,XC131302.ogg,69.66854875283447,0,20.0,5.0,44100,bird,1.0
577,./kaggletest/wbrcha2/,XC131302.ogg,69.66854875283447,0,25.0,5.0,44100,bird,1.0
578,./kaggletest/wbrcha2/,XC131302.ogg,69.66854875283447,0,30.0,5.0,44100,bird,1.0
579,./kaggletest/wbrcha2/,XC131302.ogg,69.66854875283447,0,35.0,5.0,44100,bird,1.0
580,./kaggletest/wbrcha2/,XC131302.ogg,69.66854875283447,0,40.0,5.0,44100,bird,1.0
581,./kaggletest/wbrcha2/,XC131302.ogg,69.66854875283447,0,45.0,5.0,44100,bird,1.0
582,./kaggletest/wbrcha2/,XC131302.ogg,69.66854875283447,0,50.0,5.0,44100,bird,1.0
583,./kaggletest/wbrcha2/,XC131302.ogg,69.66854875283447,0,55.0,5.0,44100,bird,1.0
584,./kaggletest/wbrcha2/,XC131302.ogg,69.66854875283447,0,60.0,5.0,44100,bird,1.0
585,./kaggletest/wbrcha2/,XC538476.ogg,14.94201814058957,0,0.0,5.0,44100,bird,1.0
586,./kaggletest/wbrcha2/,XC538476.ogg,14.94201814058957,0,5.0,5.0,44100,bird,1.0
587,./kaggletest/wbrcha2/,XC439032.ogg,63.08498866213152,0,0.0,5.0,44100,bird,1.0
588,./kaggletest/wbrcha2/,XC439032.ogg,63.08498866213152,0,5.0,5.0,44100,bird,1.0
589,./kaggletest/wbrcha2/,XC439032.ogg,63.08498866213152,0,10.0,5.0,44100,bird,1.0
590,./kaggletest/wbrcha2/,XC439032.ogg,63.08498866213152,0,15.0,5.0,44100,bird,1.0
591,./kaggletest/wbrcha2/,XC439032.ogg,63.08498866213152,0,20.0,5.0,44100,bird,1.0
592,./kaggletest/wbrcha2/,XC439032.ogg,63.08498866213152,0,25.0,5.0,44100,bird,1.0
593,./kaggletest/wbrcha2/,XC439032.ogg,63.08498866213152,0,30.0,5.0,44100,bird,1.0
594,./kaggletest/wbrcha2/,XC439032.ogg,63.08498866213152,0,35.0,5.0,44100,bird,1.0
595,./kaggletest/wbrcha2/,XC439032.ogg,63.08498866213152,0,40.0,5.0,44100,bird,1.0
596,./kaggletest/wbrcha2/,XC439032.ogg,63.08498866213152,0,45.0,5.0,44100,bird,1.0
597,./kaggletest/wbrcha2/,XC439032.ogg,63.08498866213152,0,50.0,5.0,44100,bird,1.0
598,./kaggletest/wbrcha2/,XC439032.ogg,63.08498866213152,0,55.0,5.0,44100,bird,1.0
599,./kaggletest/wbrcha2/,XC488564.ogg,42.26598639455782,0,0.0,5.0,44100,bird,1.0
600,./kaggletest/wbrcha2/,XC488564.ogg,42.26598639455782,0,15.0,5.0,44100,bird,1.0
601,./kaggletest/wbrcha2/,XC488564.ogg,42.26598639455782,0,30.0,5.0,44100,bird,1.0
602,./kaggletest/wbrcha2/,XC488564.ogg,42.26598639455782,0,35.0,5.0,44100,bird,1.0
603,./kaggletest/wbrcha2/,XC153430.ogg,83.85306122448979,0,0.0,5.0,44100,bird,1.0
604,./kaggletest/wbrcha2/,XC153430.ogg,83.85306122448979,0,5.0,5.0,44100,bird,1.0
605,./kaggletest/wbrcha2/,XC153430.ogg,83.85306122448979,0,10.0,5.0,44100,bird,1.0
606,./kaggletest/wbrcha2/,XC153430.ogg,83.85306122448979,0,15.0,5.0,44100,bird,1.0
607,./kaggletest/wbrcha2/,XC153430.ogg,83.85306122448979,0,20.0,5.0,44100,bird,1.0
608,./kaggletest/wbrcha2/,XC153430.ogg,83.85306122448979,0,25.0,5.0,44100,bird,1.0
609,./kaggletest/wbrcha2/,XC153430.ogg,83.85306122448979,0,30.0,5.0,44100,bird,1.0
610,./kaggletest/wbrcha2/,XC153430.ogg,83.85306122448979,0,35.0,5.0,44100,bird,1.0
611,./kaggletest/wbrcha2/,XC153430.ogg,83.85306122448979,0,40.0,5.0,44100,bird,1.0
612,./kaggletest/wbrcha2/,XC153430.ogg,83.85306122448979,0,45.0,5.0,44100,bird,1.0
613,./kaggletest/wbrcha2/,XC153430.ogg,83.85306122448979,0,50.0,5.0,44100,bird,1.0
614,./kaggletest/wbrcha2/,XC153430.ogg,83.85306122448979,0,55.0,5.0,44100,bird,1.0
615,./kaggletest/wbrcha2/,XC153430.ogg,83.85306122448979,0,60.0,5.0,44100,bird,1.0
616,./kaggletest/wbrcha2/,XC153430.ogg,83.85306122448979,0,65.0,5.0,44100,bird,1.0
617,./kaggletest/wbrcha2/,XC153430.ogg,83.85306122448979,0,70.0,5.0,44100,bird,1.0
618,./kaggletest/wbrcha2/,XC153430.ogg,83.85306122448979,0,75.0,5.0,44100,bird,1.0
619,./kaggletest/wbrcha2/,XC294896.ogg,23.64079365079365,0,0.0,5.0,44100,bird,1.0
620,./kaggletest/wbrcha2/,XC294896.ogg,23.64079365079365,0,5.0,5.0,44100,bird,1.0
621,./kaggletest/wbrcha2/,XC294896.ogg,23.64079365079365,0,10.0,5.0,44100,bird,1.0
622,./kaggletest/wbrcha2/,XC294896.ogg,23.64079365079365,0,15.0,5.0,44100,bird,1.0
623,./kaggletest/wbrcha2/,XC294870.ogg,25.2865306122449,0,0.0,5.0,44100,bird,1.0
624,./kaggletest/wbrcha2/,XC294870.ogg,25.2865306122449,0,5.0,5.0,44100,bird,1.0
625,./kaggletest/wbrcha2/,XC294870.ogg,25.2865306122449,0,10.0,5.0,44100,bird,1.0
626,./kaggletest/wbrcha2/,XC294870.ogg,25.2865306122449,0,15.0,5.0,44100,bird,1.0
627,./kaggletest/wbrcha2/,XC294870.ogg,25.2865306122449,0,20.0,5.0,44100,bird,1.0
628,./kaggletest/wbrcha2/,XC254665.ogg,32.33959183673469,0,0.0,5.0,44100,bird,1.0
629,./kaggletest/wbrcha2/,XC254665.ogg,32.33959183673469,0,5.0,5.0,44100,bird,1.0
630,./kaggletest/wbrcha2/,XC254665.ogg,32.33959183673469,0,10.0,5.0,44100,bird,1.0
631,./kaggletest/wbrcha2/,XC254665.ogg,32.33959183673469,0,15.0,5.0,44100,bird,1.0
632,./kaggletest/wbrcha2/,XC254665.ogg,32.33959183673469,0,20.0,5.0,44100,bird,1.0
633,./kaggletest/wbrcha2/,XC254665.ogg,32.33959183673469,0,25.0,5.0,44100,bird,1.0
634,./kaggletest/wbrcha2/,XC590497.ogg,41.903990929705216,0,0.0,5.0,44100,bird,1.0
635,./kaggletest/wbrcha2/,XC590497.ogg,41.903990929705216,0,5.0,5.0,44100,bird,1.0
636,./kaggletest/wbrcha2/,XC590497.ogg,41.903990929705216,0,10.0,5.0,44100,bird,1.0
637,./kaggletest/wbrcha2/,XC590497.ogg,41.903990929705216,0,15.0,5.0,44100,bird,1.0
638,./kaggletest/wbrcha2/,XC590497.ogg,41.903990929705216,0,20.0,5.0,44100,bird,1.0
639,./kaggletest/wbrcha2/,XC590497.ogg,41.903990929705216,0,25.0,5.0,44100,bird,1.0
640,./kaggletest/wbrcha2/,XC590497.ogg,41.903990929705216,0,30.0,5.0,44100,bird,1.0
641,./kaggletest/wbrcha2/,XC590497.ogg,41.903990929705216,0,35.0,5.0,44100,bird,1.0
642,./kaggletest/wbrcha2/,XC205760.ogg,26.671020408163265,0,0.0,5.0,44100,bird,1.0
643,./kaggletest/wbrcha2/,XC205760.ogg,26.671020408163265,0,5.0,5.0,44100,bird,1.0
644,./kaggletest/wbrcha2/,XC205760.ogg,26.671020408163265,0,10.0,5.0,44100,bird,1.0
645,./kaggletest/wbrcha2/,XC205760.ogg,26.671020408163265,0,15.0,5.0,44100,bird,1.0
646,./kaggletest/wbrcha2/,XC205760.ogg,26.671020408163265,0,20.0,5.0,44100,bird,1.0
647,./kaggletest/wbrcha2/,XC568073.ogg,34.79507936507937,0,0.0,5.0,44100,bird,1.0
648,./kaggletest/wbrcha2/,XC568073.ogg,34.79507936507937,0,5.0,5.0,44100,bird,1.0
649,./kaggletest/wbrcha2/,XC568073.ogg,34.79507936507937,0,10.0,5.0,44100,bird,1.0
650,./kaggletest/wbrcha2/,XC568073.ogg,34.79507936507937,0,15.0,5.0,44100,bird,1.0
651,./kaggletest/wbrcha2/,XC568073.ogg,34.79507936507937,0,20.0,5.0,44100,bird,1.0
652,./kaggletest/wbrcha2/,XC568073.ogg,34.79507936507937,0,25.0,5.0,44100,bird,1.0
653,./kaggletest/wbrcha2/,XC157100.ogg,10.971428571428572,0,0.0,5.0,44100,bird,1.0
654,./kaggletest/wbrcha2/,XC157100.ogg,10.971428571428572,0,5.0,5.0,44100,bird,1.0
655,./kaggletest/wbrcha2/,XC252771.ogg,27.0,0,0.0,5.0,44100,bird,1.0
656,./kaggletest/wbrcha2/,XC252771.ogg,27.0,0,5.0,5.0,44100,bird,1.0
657,./kaggletest/wbrcha2/,XC252771.ogg,27.0,0,10.0,5.0,44100,bird,1.0
658,./kaggletest/wbrcha2/,XC252771.ogg,27.0,0,15.0,5.0,44100,bird,1.0
659,./kaggletest/wbrcha2/,XC252771.ogg,27.0,0,20.0,5.0,44100,bird,1.0
660,./kaggletest/wbrcha2/,XC254666.ogg,28.107732426303855,0,0.0,5.0,44100,bird,1.0
661,./kaggletest/wbrcha2/,XC254666.ogg,28.107732426303855,0,5.0,5.0,44100,bird,1.0
662,./kaggletest/wbrcha2/,XC254666.ogg,28.107732426303855,0,10.0,5.0,44100,bird,1.0
663,./kaggletest/wbrcha2/,XC254666.ogg,28.107732426303855,0,15.0,5.0,44100,bird,1.0
664,./kaggletest/wbrcha2/,XC254666.ogg,28.107732426303855,0,20.0,5.0,44100,bird,1.0
665,./kaggletest/wbrcha2/,XC363960.ogg,175.36,0,0.0,5.0,44100,bird,1.0
666,./kaggletest/wbrcha2/,XC363960.ogg,175.36,0,5.0,5.0,44100,bird,1.0
667,./kaggletest/wbrcha2/,XC363960.ogg,175.36,0,10.0,5.0,44100,bird,1.0
668,./kaggletest/wbrcha2/,XC363960.ogg,175.36,0,15.0,5.0,44100,bird,1.0
669,./kaggletest/wbrcha2/,XC363960.ogg,175.36,0,20.0,5.0,44100,bird,1.0
670,./kaggletest/wbrcha2/,XC363960.ogg,175.36,0,25.0,5.0,44100,bird,1.0
671,./kaggletest/wbrcha2/,XC363960.ogg,175.36,0,30.0,5.0,44100,bird,1.0
672,./kaggletest/wbrcha2/,XC363960.ogg,175.36,0,35.0,5.0,44100,bird,1.0
673,./kaggletest/wbrcha2/,XC363960.ogg,175.36,0,40.0,5.0,44100,bird,1.0
674,./kaggletest/wbrcha2/,XC363960.ogg,175.36,0,45.0,5.0,44100,bird,1.0
675,./kaggletest/wbrcha2/,XC363960.ogg,175.36,0,50.0,5.0,44100,bird,1.0
676,./kaggletest/wbrcha2/,XC363960.ogg,175.36,0,55.0,5.0,44100,bird,1.0
677,./kaggletest/wbrcha2/,XC363960.ogg,175.36,0,60.0,5.0,44100,bird,1.0
678,./kaggletest/wbrcha2/,XC363960.ogg,175.36,0,65.0,5.0,44100,bird,1.0
679,./kaggletest/wbrcha2/,XC363960.ogg,175.36,0,70.0,5.0,44100,bird,1.0
680,./kaggletest/wbrcha2/,XC363960.ogg,175.36,0,75.0,5.0,44100,bird,1.0
681,./kaggletest/wbrcha2/,XC363960.ogg,175.36,0,80.0,5.0,44100,bird,1.0
682,./kaggletest/wbrcha2/,XC363960.ogg,175.36,0,85.0,5.0,44100,bird,1.0
683,./kaggletest/wbrcha2/,XC363960.ogg,175.36,0,90.0,5.0,44100,bird,1.0
684,./kaggletest/wbrcha2/,XC363960.ogg,175.36,0,95.0,5.0,44100,bird,1.0
685,./kaggletest/wbrcha2/,XC363960.ogg,175.36,0,100.0,5.0,44100,bird,1.0
686,./kaggletest/wbrcha2/,XC363960.ogg,175.36,0,105.0,5.0,44100,bird,1.0
687,./kaggletest/wbrcha2/,XC363960.ogg,175.36,0,110.0,5.0,44100,bird,1.0
688,./kaggletest/wbrcha2/,XC363960.ogg,175.36,0,115.0,5.0,44100,bird,1.0
689,./kaggletest/wbrcha2/,XC363960.ogg,175.36,0,120.0,5.0,44100,bird,1.0
690,./kaggletest/wbrcha2/,XC363960.ogg,175.36,0,125.0,5.0,44100,bird,1.0
691,./kaggletest/wbrcha2/,XC363960.ogg,175.36,0,130.0,5.0,44100,bird,1.0
692,./kaggletest/wbrcha2/,XC363960.ogg,175.36,0,135.0,5.0,44100,bird,1.0
693,./kaggletest/wbrcha2/,XC363960.ogg,175.36,0,140.0,5.0,44100,bird,1.0
694,./kaggletest/wbrcha2/,XC363960.ogg,175.36,0,145.0,5.0,44100,bird,1.0
695,./kaggletest/wbrcha2/,XC363960.ogg,175.36,0,150.0,5.0,44100,bird,1.0
696,./kaggletest/wbrcha2/,XC363960.ogg,175.36,0,155.0,5.0,44100,bird,1.0
697,./kaggletest/wbrcha2/,XC363960.ogg,175.36,0,160.0,5.0,44100,bird,1.0
698,./kaggletest/wbrcha2/,XC363960.ogg,175.36,0,165.0,5.0,44100,bird,1.0
699,./kaggletest/wbrcha2/,XC363960.ogg,175.36,0,170.0,5.0,44100,bird,1.0
700,./kaggletest/wbrcha2/,XC365336.ogg,23.64079365079365,0,0.0,5.0,44100,bird,1.0
701,./kaggletest/wbrcha2/,XC365336.ogg,23.64079365079365,0,5.0,5.0,44100,bird,1.0
702,./kaggletest/wbrcha2/,XC365336.ogg,23.64079365079365,0,10.0,5.0,44100,bird,1.0
703,./kaggletest/wbrcha2/,XC365336.ogg,23.64079365079365,0,15.0,5.0,44100,bird,1.0
704,./kaggletest/wbrcha2/,XC309428.ogg,37.381201814058954,0,0.0,5.0,44100,bird,1.0
705,./kaggletest/wbrcha2/,XC309428.ogg,37.381201814058954,0,5.0,5.0,44100,bird,1.0
706,./kaggletest/wbrcha2/,XC309428.ogg,37.381201814058954,0,10.0,5.0,44100,bird,1.0
707,./kaggletest/wbrcha2/,XC309428.ogg,37.381201814058954,0,15.0,5.0,44100,bird,1.0
708,./kaggletest/wbrcha2/,XC309428.ogg,37.381201814058954,0,20.0,5.0,44100,bird,1.0
709,./kaggletest/wbrcha2/,XC309428.ogg,37.381201814058954,0,25.0,5.0,44100,bird,1.0
710,./kaggletest/wbrcha2/,XC309428.ogg,37.381201814058954,0,30.0,5.0,44100,bird,1.0
711,./kaggletest/wbrcha2/,XC363961.ogg,88.99918367346939,0,0.0,5.0,44100,bird,1.0
712,./kaggletest/wbrcha2/,XC363961.ogg,88.99918367346939,0,5.0,5.0,44100,bird,1.0
713,./kaggletest/wbrcha2/,XC363961.ogg,88.99918367346939,0,15.0,5.0,44100,bird,1.0
714,./kaggletest/wbrcha2/,XC363961.ogg,88.99918367346939,0,20.0,5.0,44100,bird,1.0
715,./kaggletest/wbrcha2/,XC363961.ogg,88.99918367346939,0,25.0,5.0,44100,bird,1.0
716,./kaggletest/wbrcha2/,XC363961.ogg,88.99918367346939,0,30.0,5.0,44100,bird,1.0
717,./kaggletest/wbrcha2/,XC363961.ogg,88.99918367346939,0,40.0,5.0,44100,bird,1.0
718,./kaggletest/wbrcha2/,XC363961.ogg,88.99918367346939,0,45.0,5.0,44100,bird,1.0
719,./kaggletest/wbrcha2/,XC363961.ogg,88.99918367346939,0,50.0,5.0,44100,bird,1.0
720,./kaggletest/wbrcha2/,XC363961.ogg,88.99918367346939,0,55.0,5.0,44100,bird,1.0
721,./kaggletest/wbrcha2/,XC363961.ogg,88.99918367346939,0,60.0,5.0,44100,bird,1.0
722,./kaggletest/wbrcha2/,XC363961.ogg,88.99918367346939,0,65.0,5.0,44100,bird,1.0
723,./kaggletest/wbrcha2/,XC363961.ogg,88.99918367346939,0,70.0,5.0,44100,bird,1.0
724,./kaggletest/wbrcha2/,XC363961.ogg,88.99918367346939,0,75.0,5.0,44100,bird,1.0
725,./kaggletest/wbrcha2/,XC363961.ogg,88.99918367346939,0,80.0,5.0,44100,bird,1.0
726,./kaggletest/wbrcha2/,XC355747.ogg,44.06854875283447,0,0.0,5.0,44100,bird,1.0
727,./kaggletest/wbrcha2/,XC355747.ogg,44.06854875283447,0,5.0,5.0,44100,bird,1.0
728,./kaggletest/wbrcha2/,XC355747.ogg,44.06854875283447,0,10.0,5.0,44100,bird,1.0
729,./kaggletest/wbrcha2/,XC355747.ogg,44.06854875283447,0,15.0,5.0,44100,bird,1.0
730,./kaggletest/wbrcha2/,XC355747.ogg,44.06854875283447,0,20.0,5.0,44100,bird,1.0
731,./kaggletest/wbrcha2/,XC355747.ogg,44.06854875283447,0,25.0,5.0,44100,bird,1.0
732,./kaggletest/wbrcha2/,XC355747.ogg,44.06854875283447,0,30.0,5.0,44100,bird,1.0
733,./kaggletest/wbrcha2/,XC355747.ogg,44.06854875283447,0,35.0,5.0,44100,bird,1.0
734,./kaggletest/wbrcha2/,XC207005.ogg,47.51673469387755,0,0.0,5.0,44100,bird,1.0
735,./kaggletest/wbrcha2/,XC207005.ogg,47.51673469387755,0,5.0,5.0,44100,bird,1.0
736,./kaggletest/wbrcha2/,XC207005.ogg,47.51673469387755,0,10.0,5.0,44100,bird,1.0
737,./kaggletest/wbrcha2/,XC207005.ogg,47.51673469387755,0,15.0,5.0,44100,bird,1.0
738,./kaggletest/wbrcha2/,XC207005.ogg,47.51673469387755,0,20.0,5.0,44100,bird,1.0
739,./kaggletest/wbrcha2/,XC207005.ogg,47.51673469387755,0,30.0,5.0,44100,bird,1.0
740,./kaggletest/wbrcha2/,XC207005.ogg,47.51673469387755,0,35.0,5.0,44100,bird,1.0
741,./kaggletest/wbrcha2/,XC218086.ogg,97.59344671201814,0,0.0,5.0,44100,bird,1.0
742,./kaggletest/wbrcha2/,XC218086.ogg,97.59344671201814,0,5.0,5.0,44100,bird,1.0
743,./kaggletest/wbrcha2/,XC218086.ogg,97.59344671201814,0,10.0,5.0,44100,bird,1.0
744,./kaggletest/wbrcha2/,XC218086.ogg,97.59344671201814,0,15.0,5.0,44100,bird,1.0
745,./kaggletest/wbrcha2/,XC218086.ogg,97.59344671201814,0,20.0,5.0,44100,bird,1.0
746,./kaggletest/wbrcha2/,XC218086.ogg,97.59344671201814,0,25.0,5.0,44100,bird,1.0
747,./kaggletest/wbrcha2/,XC218086.ogg,97.59344671201814,0,30.0,5.0,44100,bird,1.0
748,./kaggletest/wbrcha2/,XC218086.ogg,97.59344671201814,0,35.0,5.0,44100,bird,1.0
749,./kaggletest/wbrcha2/,XC218086.ogg,97.59344671201814,0,40.0,5.0,44100,bird,1.0
750,./kaggletest/wbrcha2/,XC218086.ogg,97.59344671201814,0,45.0,5.0,44100,bird,1.0
751,./kaggletest/wbrcha2/,XC218086.ogg,97.59344671201814,0,50.0,5.0,44100,bird,1.0
752,./kaggletest/wbrcha2/,XC218086.ogg,97.59344671201814,0,55.0,5.0,44100,bird,1.0
753,./kaggletest/wbrcha2/,XC218086.ogg,97.59344671201814,0,60.0,5.0,44100,bird,1.0
754,./kaggletest/wbrcha2/,XC218086.ogg,97.59344671201814,0,65.0,5.0,44100,bird,1.0
755,./kaggletest/wbrcha2/,XC218086.ogg,97.59344671201814,0,70.0,5.0,44100,bird,1.0
756,./kaggletest/wbrcha2/,XC218086.ogg,97.59344671201814,0,75.0,5.0,44100,bird,1.0
757,./kaggletest/wbrcha2/,XC218086.ogg,97.59344671201814,0,80.0,5.0,44100,bird,1.0
758,./kaggletest/wbrcha2/,XC218086.ogg,97.59344671201814,0,85.0,5.0,44100,bird,1.0
759,./kaggletest/wbrcha2/,XC218086.ogg,97.59344671201814,0,90.0,5.0,44100,bird,1.0
760,./kaggletest/wbrcha2/,XC608249.ogg,52.16598639455783,0,0.0,5.0,44100,bird,1.0
761,./kaggletest/wbrcha2/,XC608249.ogg,52.16598639455783,0,5.0,5.0,44100,bird,1.0
762,./kaggletest/wbrcha2/,XC608249.ogg,52.16598639455783,0,10.0,5.0,44100,bird,1.0
763,./kaggletest/wbrcha2/,XC608249.ogg,52.16598639455783,0,15.0,5.0,44100,bird,1.0
764,./kaggletest/wbrcha2/,XC608249.ogg,52.16598639455783,0,20.0,5.0,44100,bird,1.0
765,./kaggletest/wbrcha2/,XC608249.ogg,52.16598639455783,0,25.0,5.0,44100,bird,1.0
766,./kaggletest/wbrcha2/,XC608249.ogg,52.16598639455783,0,30.0,5.0,44100,bird,1.0
767,./kaggletest/wbrcha2/,XC608249.ogg,52.16598639455783,0,35.0,5.0,44100,bird,1.0
768,./kaggletest/wbrcha2/,XC608249.ogg,52.16598639455783,0,40.0,5.0,44100,bird,1.0
769,./kaggletest/wbrcha2/,XC608249.ogg,52.16598639455783,0,45.0,5.0,44100,bird,1.0
770,./kaggletest/wbrcha2/,XC388735.ogg,69.51183673469387,0,0.0,5.0,44100,bird,1.0
771,./kaggletest/wbrcha2/,XC388735.ogg,69.51183673469387,0,5.0,5.0,44100,bird,1.0
772,./kaggletest/wbrcha2/,XC388735.ogg,69.51183673469387,0,10.0,5.0,44100,bird,1.0
773,./kaggletest/wbrcha2/,XC388735.ogg,69.51183673469387,0,15.0,5.0,44100,bird,1.0
774,./kaggletest/wbrcha2/,XC388735.ogg,69.51183673469387,0,20.0,5.0,44100,bird,1.0
775,./kaggletest/wbrcha2/,XC388735.ogg,69.51183673469387,0,25.0,5.0,44100,bird,1.0
776,./kaggletest/wbrcha2/,XC388735.ogg,69.51183673469387,0,30.0,5.0,44100,bird,1.0
777,./kaggletest/wbrcha2/,XC388735.ogg,69.51183673469387,0,35.0,5.0,44100,bird,1.0
778,./kaggletest/wbrcha2/,XC388735.ogg,69.51183673469387,0,40.0,5.0,44100,bird,1.0
779,./kaggletest/wbrcha2/,XC388735.ogg,69.51183673469387,0,45.0,5.0,44100,bird,1.0
780,./kaggletest/wbrcha2/,XC388735.ogg,69.51183673469387,0,50.0,5.0,44100,bird,1.0
781,./kaggletest/wbrcha2/,XC388735.ogg,69.51183673469387,0,60.0,5.0,44100,bird,1.0
782,./kaggletest/wbrcha2/,XC252763.ogg,7.053061224489796,0,0.0,5.0,44100,bird,1.0
783,./kaggletest/wbrcha2/,XC218085.ogg,6.635079365079365,0,0.0,5.0,44100,bird,1.0
784,./kaggletest/wbrcha2/,XC147048.ogg,21.106916099773244,0,0.0,5.0,44100,bird,1.0
785,./kaggletest/wbrcha2/,XC147048.ogg,21.106916099773244,0,5.0,5.0,44100,bird,1.0
786,./kaggletest/wbrcha2/,XC147048.ogg,21.106916099773244,0,10.0,5.0,44100,bird,1.0
787,./kaggletest/wbrcha2/,XC147048.ogg,21.106916099773244,0,15.0,5.0,44100,bird,1.0
788,./kaggletest/wbrcha2/,XC207007.ogg,35.2130612244898,0,0.0,5.0,44100,bird,1.0
789,./kaggletest/wbrcha2/,XC207007.ogg,35.2130612244898,0,5.0,5.0,44100,bird,1.0
790,./kaggletest/wbrcha2/,XC207007.ogg,35.2130612244898,0,10.0,5.0,44100,bird,1.0
791,./kaggletest/wbrcha2/,XC207007.ogg,35.2130612244898,0,15.0,5.0,44100,bird,1.0
792,./kaggletest/wbrcha2/,XC207007.ogg,35.2130612244898,0,20.0,5.0,44100,bird,1.0
793,./kaggletest/wbrcha2/,XC207007.ogg,35.2130612244898,0,25.0,5.0,44100,bird,1.0
794,./kaggletest/wbrcha2/,XC207007.ogg,35.2130612244898,0,30.0,5.0,44100,bird,1.0
795,./kaggletest/wbrcha2/,XC746618.ogg,37.8,0,0.0,5.0,44100,bird,1.0
796,./kaggletest/wbrcha2/,XC746618.ogg,37.8,0,5.0,5.0,44100,bird,1.0
797,./kaggletest/wbrcha2/,XC746618.ogg,37.8,0,10.0,5.0,44100,bird,1.0
798,./kaggletest/wbrcha2/,XC746618.ogg,37.8,0,15.0,5.0,44100,bird,1.0
799,./kaggletest/wbrcha2/,XC746618.ogg,37.8,0,20.0,5.0,44100,bird,1.0
800,./kaggletest/wbrcha2/,XC746618.ogg,37.8,0,25.0,5.0,44100,bird,1.0
801,./kaggletest/wbrcha2/,XC746618.ogg,37.8,0,30.0,5.0,44100,bird,1.0
802,./kaggletest/wbrcha2/,XC372212.ogg,37.067732426303856,0,0.0,5.0,44100,bird,1.0
803,./kaggletest/wbrcha2/,XC372212.ogg,37.067732426303856,0,5.0,5.0,44100,bird,1.0
804,./kaggletest/wbrcha2/,XC372212.ogg,37.067732426303856,0,10.0,5.0,44100,bird,1.0
805,./kaggletest/wbrcha2/,XC372212.ogg,37.067732426303856,0,15.0,5.0,44100,bird,1.0
806,./kaggletest/wbrcha2/,XC372212.ogg,37.067732426303856,0,20.0,5.0,44100,bird,1.0
807,./kaggletest/wbrcha2/,XC372212.ogg,37.067732426303856,0,30.0,5.0,44100,bird,1.0
808,./kaggletest/wbrcha2/,XC267150.ogg,23.431836734693878,0,0.0,5.0,44100,bird,1.0
809,./kaggletest/wbrcha2/,XC267150.ogg,23.431836734693878,0,5.0,5.0,44100,bird,1.0
810,./kaggletest/wbrcha2/,XC267150.ogg,23.431836734693878,0,10.0,5.0,44100,bird,1.0
811,./kaggletest/wbrcha2/,XC267150.ogg,23.431836734693878,0,15.0,5.0,44100,bird,1.0
812,./kaggletest/wbrcha2/,XC505565.ogg,33.54120181405896,0,0.0,5.0,44100,bird,1.0
813,./kaggletest/wbrcha2/,XC505565.ogg,33.54120181405896,0,5.0,5.0,44100,bird,1.0
814,./kaggletest/wbrcha2/,XC505565.ogg,33.54120181405896,0,10.0,5.0,44100,bird,1.0
815,./kaggletest/wbrcha2/,XC505565.ogg,33.54120181405896,0,15.0,5.0,44100,bird,1.0
816,./kaggletest/wbrcha2/,XC505565.ogg,33.54120181405896,0,25.0,5.0,44100,bird,1.0
817,./kaggletest/wbrcha2/,XC131635.ogg,63.0595918367347,0,0.0,5.0,44100,bird,1.0
818,./kaggletest/wbrcha2/,XC131635.ogg,63.0595918367347,0,5.0,5.0,44100,bird,1.0
819,./kaggletest/wbrcha2/,XC131635.ogg,63.0595918367347,0,10.0,5.0,44100,bird,1.0
820,./kaggletest/wbrcha2/,XC131635.ogg,63.0595918367347,0,15.0,5.0,44100,bird,1.0
821,./kaggletest/wbrcha2/,XC131635.ogg,63.0595918367347,0,20.0,5.0,44100,bird,1.0
822,./kaggletest/wbrcha2/,XC131635.ogg,63.0595918367347,0,25.0,5.0,44100,bird,1.0
823,./kaggletest/wbrcha2/,XC131635.ogg,63.0595918367347,0,30.0,5.0,44100,bird,1.0
824,./kaggletest/wbrcha2/,XC131635.ogg,63.0595918367347,0,35.0,5.0,44100,bird,1.0
825,./kaggletest/wbrcha2/,XC131635.ogg,63.0595918367347,0,40.0,5.0,44100,bird,1.0
826,./kaggletest/wbrcha2/,XC131635.ogg,63.0595918367347,0,45.0,5.0,44100,bird,1.0
827,./kaggletest/wbrcha2/,XC131635.ogg,63.0595918367347,0,50.0,5.0,44100,bird,1.0
828,./kaggletest/wbrcha2/,XC131635.ogg,63.0595918367347,0,55.0,5.0,44100,bird,1.0
829,./kaggletest/wbrcha2/,XC342703.ogg,12.643242630385487,0,0.0,5.0,44100,bird,1.0
830,./kaggletest/wbrcha2/,XC342703.ogg,12.643242630385487,0,5.0,5.0,44100,bird,1.0
831,./kaggletest/wbrcha2/,XC252062.ogg,58.07020408163265,0,0.0,5.0,44100,bird,1.0
832,./kaggletest/wbrcha2/,XC252062.ogg,58.07020408163265,0,5.0,5.0,44100,bird,1.0
833,./kaggletest/wbrcha2/,XC252062.ogg,58.07020408163265,0,10.0,5.0,44100,bird,1.0
834,./kaggletest/wbrcha2/,XC252062.ogg,58.07020408163265,0,15.0,5.0,44100,bird,1.0
835,./kaggletest/wbrcha2/,XC252062.ogg,58.07020408163265,0,20.0,5.0,44100,bird,1.0
836,./kaggletest/wbrcha2/,XC252062.ogg,58.07020408163265,0,25.0,5.0,44100,bird,1.0
837,./kaggletest/wbrcha2/,XC252062.ogg,58.07020408163265,0,30.0,5.0,44100,bird,1.0
838,./kaggletest/wbrcha2/,XC252062.ogg,58.07020408163265,0,35.0,5.0,44100,bird,1.0
839,./kaggletest/wbrcha2/,XC252062.ogg,58.07020408163265,0,40.0,5.0,44100,bird,1.0
840,./kaggletest/wbrcha2/,XC252062.ogg,58.07020408163265,0,45.0,5.0,44100,bird,1.0
841,./kaggletest/wbrcha2/,XC252062.ogg,58.07020408163265,0,50.0,5.0,44100,bird,1.0
842,./kaggletest/wbrcha2/,XC524754.ogg,28.890997732426303,0,0.0,5.0,44100,bird,1.0
843,./kaggletest/wbrcha2/,XC524754.ogg,28.890997732426303,0,5.0,5.0,44100,bird,1.0
844,./kaggletest/wbrcha2/,XC524754.ogg,28.890997732426303,0,15.0,5.0,44100,bird,1.0
845,./kaggletest/wbrcha2/,XC524754.ogg,28.890997732426303,0,20.0,5.0,44100,bird,1.0
846,./kaggletest/wbrcha2/,XC613381.ogg,101.72079365079365,0,0.0,5.0,44100,bird,1.0
847,./kaggletest/wbrcha2/,XC613381.ogg,101.72079365079365,0,5.0,5.0,44100,bird,1.0
848,./kaggletest/wbrcha2/,XC613381.ogg,101.72079365079365,0,10.0,5.0,44100,bird,1.0
849,./kaggletest/wbrcha2/,XC613381.ogg,101.72079365079365,0,15.0,5.0,44100,bird,1.0
850,./kaggletest/wbrcha2/,XC613381.ogg,101.72079365079365,0,20.0,5.0,44100,bird,1.0
851,./kaggletest/wbrcha2/,XC613381.ogg,101.72079365079365,0,25.0,5.0,44100,bird,1.0
852,./kaggletest/wbrcha2/,XC613381.ogg,101.72079365079365,0,30.0,5.0,44100,bird,1.0
853,./kaggletest/wbrcha2/,XC613381.ogg,101.72079365079365,0,35.0,5.0,44100,bird,1.0
854,./kaggletest/wbrcha2/,XC613381.ogg,101.72079365079365,0,40.0,5.0,44100,bird,1.0
855,./kaggletest/wbrcha2/,XC613381.ogg,101.72079365079365,0,45.0,5.0,44100,bird,1.0
856,./kaggletest/wbrcha2/,XC613381.ogg,101.72079365079365,0,50.0,5.0,44100,bird,1.0
857,./kaggletest/wbrcha2/,XC613381.ogg,101.72079365079365,0,55.0,5.0,44100,bird,1.0
858,./kaggletest/wbrcha2/,XC613381.ogg,101.72079365079365,0,60.0,5.0,44100,bird,1.0
859,./kaggletest/wbrcha2/,XC613381.ogg,101.72079365079365,0,65.0,5.0,44100,bird,1.0
860,./kaggletest/wbrcha2/,XC613381.ogg,101.72079365079365,0,70.0,5.0,44100,bird,1.0
861,./kaggletest/wbrcha2/,XC613381.ogg,101.72079365079365,0,75.0,5.0,44100,bird,1.0
862,./kaggletest/wbrcha2/,XC613381.ogg,101.72079365079365,0,80.0,5.0,44100,bird,1.0
863,./kaggletest/wbrcha2/,XC613381.ogg,101.72079365079365,0,85.0,5.0,44100,bird,1.0
864,./kaggletest/wbrcha2/,XC613381.ogg,101.72079365079365,0,90.0,5.0,44100,bird,1.0
865,./kaggletest/wbrcha2/,XC613381.ogg,101.72079365079365,0,95.0,5.0,44100,bird,1.0
866,./kaggletest/wbrcha2/,XC584723.ogg,51.623990929705215,0,0.0,5.0,44100,bird,1.0
867,./kaggletest/wbrcha2/,XC584723.ogg,51.623990929705215,0,5.0,5.0,44100,bird,1.0
868,./kaggletest/wbrcha2/,XC584723.ogg,51.623990929705215,0,10.0,5.0,44100,bird,1.0
869,./kaggletest/wbrcha2/,XC584723.ogg,51.623990929705215,0,15.0,5.0,44100,bird,1.0
870,./kaggletest/wbrcha2/,XC584723.ogg,51.623990929705215,0,20.0,5.0,44100,bird,1.0
871,./kaggletest/wbrcha2/,XC584723.ogg,51.623990929705215,0,25.0,5.0,44100,bird,1.0
872,./kaggletest/wbrcha2/,XC584723.ogg,51.623990929705215,0,30.0,5.0,44100,bird,1.0
873,./kaggletest/wbrcha2/,XC584723.ogg,51.623990929705215,0,35.0,5.0,44100,bird,1.0
874,./kaggletest/wbrcha2/,XC584723.ogg,51.623990929705215,0,40.0,5.0,44100,bird,1.0
875,./kaggletest/wbrcha2/,XC584723.ogg,51.623990929705215,0,45.0,5.0,44100,bird,1.0
876,./kaggletest/wbrcha2/,XC616560.ogg,38.4,0,0.0,5.0,44100,bird,1.0
877,./kaggletest/wbrcha2/,XC616560.ogg,38.4,0,5.0,5.0,44100,bird,1.0
878,./kaggletest/wbrcha2/,XC616560.ogg,38.4,0,10.0,5.0,44100,bird,1.0
879,./kaggletest/wbrcha2/,XC616560.ogg,38.4,0,15.0,5.0,44100,bird,1.0
880,./kaggletest/wbrcha2/,XC616560.ogg,38.4,0,20.0,5.0,44100,bird,1.0
881,./kaggletest/wbrcha2/,XC616560.ogg,38.4,0,25.0,5.0,44100,bird,1.0
882,./kaggletest/wbrcha2/,XC616560.ogg,38.4,0,30.0,5.0,44100,bird,1.0
883,./kaggletest/wbrcha2/,XC522668.ogg,18.963990929705215,0,0.0,5.0,44100,bird,1.0
884,./kaggletest/wbrcha2/,XC522668.ogg,18.963990929705215,0,5.0,5.0,44100,bird,1.0
885,./kaggletest/wbrcha2/,XC522668.ogg,18.963990929705215,0,10.0,5.0,44100,bird,1.0
886,./kaggletest/wbrcha2/,XC613380.ogg,26.33142857142857,0,0.0,5.0,44100,bird,1.0
887,./kaggletest/wbrcha2/,XC613380.ogg,26.33142857142857,0,5.0,5.0,44100,bird,1.0
888,./kaggletest/wbrcha2/,XC613380.ogg,26.33142857142857,0,10.0,5.0,44100,bird,1.0
889,./kaggletest/wbrcha2/,XC613380.ogg,26.33142857142857,0,15.0,5.0,44100,bird,1.0
890,./kaggletest/wbrcha2/,XC613380.ogg,26.33142857142857,0,20.0,5.0,44100,bird,1.0
891,./kaggletest/wbrcha2/,XC517604.ogg,220.8719954648526,0,0.0,5.0,44100,bird,1.0
892,./kaggletest/wbrcha2/,XC517604.ogg,220.8719954648526,0,5.0,5.0,44100,bird,1.0
893,./kaggletest/wbrcha2/,XC517604.ogg,220.8719954648526,0,10.0,5.0,44100,bird,1.0
894,./kaggletest/wbrcha2/,XC517604.ogg,220.8719954648526,0,15.0,5.0,44100,bird,1.0
895,./kaggletest/wbrcha2/,XC517604.ogg,220.8719954648526,0,20.0,5.0,44100,bird,1.0
896,./kaggletest/wbrcha2/,XC517604.ogg,220.8719954648526,0,25.0,5.0,44100,bird,1.0
897,./kaggletest/wbrcha2/,XC517604.ogg,220.8719954648526,0,30.0,5.0,44100,bird,1.0
898,./kaggletest/wbrcha2/,XC517604.ogg,220.8719954648526,0,35.0,5.0,44100,bird,1.0
899,./kaggletest/wbrcha2/,XC517604.ogg,220.8719954648526,0,40.0,5.0,44100,bird,1.0
900,./kaggletest/wbrcha2/,XC517604.ogg,220.8719954648526,0,45.0,5.0,44100,bird,1.0
901,./kaggletest/wbrcha2/,XC517604.ogg,220.8719954648526,0,50.0,5.0,44100,bird,1.0
902,./kaggletest/wbrcha2/,XC517604.ogg,220.8719954648526,0,55.0,5.0,44100,bird,1.0
903,./kaggletest/wbrcha2/,XC517604.ogg,220.8719954648526,0,60.0,5.0,44100,bird,1.0
904,./kaggletest/wbrcha2/,XC517604.ogg,220.8719954648526,0,65.0,5.0,44100,bird,1.0
905,./kaggletest/wbrcha2/,XC517604.ogg,220.8719954648526,0,70.0,5.0,44100,bird,1.0
906,./kaggletest/wbrcha2/,XC517604.ogg,220.8719954648526,0,75.0,5.0,44100,bird,1.0
907,./kaggletest/wbrcha2/,XC517604.ogg,220.8719954648526,0,80.0,5.0,44100,bird,1.0
908,./kaggletest/wbrcha2/,XC517604.ogg,220.8719954648526,0,85.0,5.0,44100,bird,1.0
909,./kaggletest/wbrcha2/,XC517604.ogg,220.8719954648526,0,90.0,5.0,44100,bird,1.0
910,./kaggletest/wbrcha2/,XC517604.ogg,220.8719954648526,0,95.0,5.0,44100,bird,1.0
911,./kaggletest/wbrcha2/,XC517604.ogg,220.8719954648526,0,100.0,5.0,44100,bird,1.0
912,./kaggletest/wbrcha2/,XC517604.ogg,220.8719954648526,0,105.0,5.0,44100,bird,1.0
913,./kaggletest/wbrcha2/,XC517604.ogg,220.8719954648526,0,110.0,5.0,44100,bird,1.0
914,./kaggletest/wbrcha2/,XC517604.ogg,220.8719954648526,0,115.0,5.0,44100,bird,1.0
915,./kaggletest/wbrcha2/,XC517604.ogg,220.8719954648526,0,120.0,5.0,44100,bird,1.0
916,./kaggletest/wbrcha2/,XC517604.ogg,220.8719954648526,0,125.0,5.0,44100,bird,1.0
917,./kaggletest/wbrcha2/,XC517604.ogg,220.8719954648526,0,130.0,5.0,44100,bird,1.0
918,./kaggletest/wbrcha2/,XC517604.ogg,220.8719954648526,0,135.0,5.0,44100,bird,1.0
919,./kaggletest/wbrcha2/,XC517604.ogg,220.8719954648526,0,140.0,5.0,44100,bird,1.0
920,./kaggletest/wbrcha2/,XC517604.ogg,220.8719954648526,0,145.0,5.0,44100,bird,1.0
921,./kaggletest/wbrcha2/,XC517604.ogg,220.8719954648526,0,150.0,5.0,44100,bird,1.0
922,./kaggletest/wbrcha2/,XC517604.ogg,220.8719954648526,0,155.0,5.0,44100,bird,1.0
923,./kaggletest/wbrcha2/,XC517604.ogg,220.8719954648526,0,160.0,5.0,44100,bird,1.0
924,./kaggletest/wbrcha2/,XC517604.ogg,220.8719954648526,0,165.0,5.0,44100,bird,1.0
925,./kaggletest/wbrcha2/,XC517604.ogg,220.8719954648526,0,170.0,5.0,44100,bird,1.0
926,./kaggletest/wbrcha2/,XC517604.ogg,220.8719954648526,0,175.0,5.0,44100,bird,1.0
927,./kaggletest/wbrcha2/,XC517604.ogg,220.8719954648526,0,180.0,5.0,44100,bird,1.0
928,./kaggletest/wbrcha2/,XC517604.ogg,220.8719954648526,0,185.0,5.0,44100,bird,1.0
929,./kaggletest/wbrcha2/,XC517604.ogg,220.8719954648526,0,190.0,5.0,44100,bird,1.0
930,./kaggletest/wbrcha2/,XC517604.ogg,220.8719954648526,0,195.0,5.0,44100,bird,1.0
931,./kaggletest/wbrcha2/,XC517604.ogg,220.8719954648526,0,200.0,5.0,44100,bird,1.0
932,./kaggletest/wbrcha2/,XC517604.ogg,220.8719954648526,0,205.0,5.0,44100,bird,1.0
933,./kaggletest/wbrcha2/,XC517604.ogg,220.8719954648526,0,210.0,5.0,44100,bird,1.0
934,./kaggletest/wbrcha2/,XC517604.ogg,220.8719954648526,0,215.0,5.0,44100,bird,1.0
935,./kaggletest/wbrcha2/,XC252922.ogg,39.88895691609977,0,0.0,5.0,44100,bird,1.0
936,./kaggletest/wbrcha2/,XC252922.ogg,39.88895691609977,0,5.0,5.0,44100,bird,1.0
937,./kaggletest/wbrcha2/,XC252922.ogg,39.88895691609977,0,10.0,5.0,44100,bird,1.0
938,./kaggletest/wbrcha2/,XC252922.ogg,39.88895691609977,0,15.0,5.0,44100,bird,1.0
939,./kaggletest/wbrcha2/,XC252922.ogg,39.88895691609977,0,20.0,5.0,44100,bird,1.0
940,./kaggletest/wbrcha2/,XC252922.ogg,39.88895691609977,0,25.0,5.0,44100,bird,1.0
941,./kaggletest/wbrcha2/,XC252922.ogg,39.88895691609977,0,30.0,5.0,44100,bird,1.0
942,./kaggletest/wbrcha2/,XC731938.ogg,12.743990929705216,0,0.0,5.0,44100,bird,1.0
943,./kaggletest/wbrcha2/,XC731938.ogg,12.743990929705216,0,5.0,5.0,44100,bird,1.0
944,./kaggletest/wbrcha2/,XC459157.ogg,96.1819954648526,0,0.0,5.0,44100,bird,1.0
945,./kaggletest/wbrcha2/,XC459157.ogg,96.1819954648526,0,5.0,5.0,44100,bird,1.0
946,./kaggletest/wbrcha2/,XC459157.ogg,96.1819954648526,0,15.0,5.0,44100,bird,1.0
947,./kaggletest/wbrcha2/,XC459157.ogg,96.1819954648526,0,20.0,5.0,44100,bird,1.0
948,./kaggletest/wbrcha2/,XC459157.ogg,96.1819954648526,0,25.0,5.0,44100,bird,1.0
949,./kaggletest/wbrcha2/,XC459157.ogg,96.1819954648526,0,30.0,5.0,44100,bird,1.0
950,./kaggletest/wbrcha2/,XC459157.ogg,96.1819954648526,0,35.0,5.0,44100,bird,1.0
951,./kaggletest/wbrcha2/,XC459157.ogg,96.1819954648526,0,40.0,5.0,44100,bird,1.0
952,./kaggletest/wbrcha2/,XC459157.ogg,96.1819954648526,0,45.0,5.0,44100,bird,1.0
953,./kaggletest/wbrcha2/,XC459157.ogg,96.1819954648526,0,50.0,5.0,44100,bird,1.0
954,./kaggletest/wbrcha2/,XC459157.ogg,96.1819954648526,0,55.0,5.0,44100,bird,1.0
955,./kaggletest/wbrcha2/,XC459157.ogg,96.1819954648526,0,60.0,5.0,44100,bird,1.0
956,./kaggletest/wbrcha2/,XC459157.ogg,96.1819954648526,0,65.0,5.0,44100,bird,1.0
957,./kaggletest/wbrcha2/,XC459157.ogg,96.1819954648526,0,70.0,5.0,44100,bird,1.0
958,./kaggletest/wbrcha2/,XC459157.ogg,96.1819954648526,0,75.0,5.0,44100,bird,1.0
959,./kaggletest/wbrcha2/,XC459157.ogg,96.1819954648526,0,80.0,5.0,44100,bird,1.0
960,./kaggletest/wbrcha2/,XC459157.ogg,96.1819954648526,0,90.0,5.0,44100,bird,1.0
961,./kaggletest/wbrcha2/,XC281997.ogg,48.77061224489796,0,0.0,5.0,44100,bird,1.0
962,./kaggletest/wbrcha2/,XC281997.ogg,48.77061224489796,0,5.0,5.0,44100,bird,1.0
963,./kaggletest/wbrcha2/,XC281997.ogg,48.77061224489796,0,10.0,5.0,44100,bird,1.0
964,./kaggletest/wbrcha2/,XC281997.ogg,48.77061224489796,0,15.0,5.0,44100,bird,1.0
965,./kaggletest/wbrcha2/,XC281997.ogg,48.77061224489796,0,20.0,5.0,44100,bird,1.0
966,./kaggletest/wbrcha2/,XC281997.ogg,48.77061224489796,0,25.0,5.0,44100,bird,1.0
967,./kaggletest/wbrcha2/,XC281997.ogg,48.77061224489796,0,30.0,5.0,44100,bird,1.0
968,./kaggletest/wbrcha2/,XC281997.ogg,48.77061224489796,0,35.0,5.0,44100,bird,1.0
969,./kaggletest/wbrcha2/,XC281997.ogg,48.77061224489796,0,40.0,5.0,44100,bird,1.0
970,./kaggletest/wbrcha2/,XC461437.ogg,76.56399092970521,0,0.0,5.0,44100,bird,1.0
971,./kaggletest/wbrcha2/,XC461437.ogg,76.56399092970521,0,5.0,5.0,44100,bird,1.0
972,./kaggletest/wbrcha2/,XC461437.ogg,76.56399092970521,0,15.0,5.0,44100,bird,1.0
973,./kaggletest/wbrcha2/,XC461437.ogg,76.56399092970521,0,20.0,5.0,44100,bird,1.0
974,./kaggletest/wbrcha2/,XC461437.ogg,76.56399092970521,0,25.0,5.0,44100,bird,1.0
975,./kaggletest/wbrcha2/,XC461437.ogg,76.56399092970521,0,30.0,5.0,44100,bird,1.0
976,./kaggletest/wbrcha2/,XC461437.ogg,76.56399092970521,0,35.0,5.0,44100,bird,1.0
977,./kaggletest/wbrcha2/,XC461437.ogg,76.56399092970521,0,40.0,5.0,44100,bird,1.0
978,./kaggletest/wbrcha2/,XC461437.ogg,76.56399092970521,0,45.0,5.0,44100,bird,1.0
979,./kaggletest/wbrcha2/,XC461437.ogg,76.56399092970521,0,50.0,5.0,44100,bird,1.0
980,./kaggletest/wbrcha2/,XC461437.ogg,76.56399092970521,0,55.0,5.0,44100,bird,1.0
981,./kaggletest/wbrcha2/,XC461437.ogg,76.56399092970521,0,60.0,5.0,44100,bird,1.0
982,./kaggletest/wbrcha2/,XC461437.ogg,76.56399092970521,0,65.0,5.0,44100,bird,1.0
983,./kaggletest/wbrcha2/,XC461437.ogg,76.56399092970521,0,70.0,5.0,44100,bird,1.0
984,./kaggletest/wbrcha2/,XC452604.ogg,41.4,0,0.0,5.0,44100,bird,1.0
985,./kaggletest/wbrcha2/,XC452604.ogg,41.4,0,5.0,5.0,44100,bird,1.0
986,./kaggletest/wbrcha2/,XC452604.ogg,41.4,0,10.0,5.0,44100,bird,1.0
987,./kaggletest/wbrcha2/,XC452604.ogg,41.4,0,15.0,5.0,44100,bird,1.0
988,./kaggletest/wbrcha2/,XC452604.ogg,41.4,0,20.0,5.0,44100,bird,1.0
989,./kaggletest/wbrcha2/,XC452604.ogg,41.4,0,25.0,5.0,44100,bird,1.0
990,./kaggletest/wbrcha2/,XC452604.ogg,41.4,0,30.0,5.0,44100,bird,1.0
991,./kaggletest/wbrcha2/,XC452604.ogg,41.4,0,35.0,5.0,44100,bird,1.0
992,./kaggletest/wbrcha2/,XC613384.ogg,26.33142857142857,0,0.0,5.0,44100,bird,1.0
993,./kaggletest/wbrcha2/,XC613384.ogg,26.33142857142857,0,5.0,5.0,44100,bird,1.0
994,./kaggletest/wbrcha2/,XC613384.ogg,26.33142857142857,0,10.0,5.0,44100,bird,1.0
995,./kaggletest/wbrcha2/,XC613384.ogg,26.33142857142857,0,15.0,5.0,44100,bird,1.0
996,./kaggletest/wbrcha2/,XC613384.ogg,26.33142857142857,0,20.0,5.0,44100,bird,1.0
997,./kaggletest/wbrcha2/,XC189022.ogg,74.68408163265306,0,0.0,5.0,44100,bird,1.0
998,./kaggletest/wbrcha2/,XC189022.ogg,74.68408163265306,0,5.0,5.0,44100,bird,1.0
999,./kaggletest/wbrcha2/,XC189022.ogg,74.68408163265306,0,10.0,5.0,44100,bird,1.0
1000,./kaggletest/wbrcha2/,XC189022.ogg,74.68408163265306,0,15.0,5.0,44100,bird,1.0
1001,./kaggletest/wbrcha2/,XC189022.ogg,74.68408163265306,0,20.0,5.0,44100,bird,1.0
1002,./kaggletest/wbrcha2/,XC189022.ogg,74.68408163265306,0,25.0,5.0,44100,bird,1.0
1003,./kaggletest/wbrcha2/,XC189022.ogg,74.68408163265306,0,35.0,5.0,44100,bird,1.0
1004,./kaggletest/wbrcha2/,XC189022.ogg,74.68408163265306,0,45.0,5.0,44100,bird,1.0
1005,./kaggletest/wbrcha2/,XC189022.ogg,74.68408163265306,0,50.0,5.0,44100,bird,1.0
1006,./kaggletest/wbrcha2/,XC189022.ogg,74.68408163265306,0,60.0,5.0,44100,bird,1.0
1007,./kaggletest/wbrcha2/,XC189022.ogg,74.68408163265306,0,65.0,5.0,44100,bird,1.0
1008,./kaggletest/wbrcha2/,XC428383.ogg,12.093990929705216,0,0.0,5.0,44100,bird,1.0
1009,./kaggletest/wbrcha2/,XC428383.ogg,12.093990929705216,0,5.0,5.0,44100,bird,1.0
1010,./kaggletest/wbrcha2/,XC502783.ogg,12.016303854875284,0,0.0,5.0,44100,bird,1.0
1011,./kaggletest/wbrcha2/,XC502783.ogg,12.016303854875284,0,5.0,5.0,44100,bird,1.0
1012,./kaggletest/wbrcha2/,XC298419.ogg,14.576303854875283,0,0.0,5.0,44100,bird,1.0
1013,./kaggletest/wbrcha2/,XC298419.ogg,14.576303854875283,0,5.0,5.0,44100,bird,1.0
1014,./kaggletest/wbrcha2/,XC18226.ogg,7.940997732426304,0,0.0,5.0,44100,bird,1.0
1015,./kaggletest/wbrcha2/,XC253032.ogg,47.49061224489796,0,0.0,5.0,44100,bird,1.0
1016,./kaggletest/wbrcha2/,XC253032.ogg,47.49061224489796,0,5.0,5.0,44100,bird,1.0
1017,./kaggletest/wbrcha2/,XC253032.ogg,47.49061224489796,0,10.0,5.0,44100,bird,1.0
1018,./kaggletest/wbrcha2/,XC253032.ogg,47.49061224489796,0,15.0,5.0,44100,bird,1.0
1019,./kaggletest/wbrcha2/,XC253032.ogg,47.49061224489796,0,20.0,5.0,44100,bird,1.0
1020,./kaggletest/wbrcha2/,XC253032.ogg,47.49061224489796,0,25.0,5.0,44100,bird,1.0
1021,./kaggletest/wbrcha2/,XC253032.ogg,47.49061224489796,0,30.0,5.0,44100,bird,1.0
1022,./kaggletest/wbrcha2/,XC253032.ogg,47.49061224489796,0,35.0,5.0,44100,bird,1.0
1023,./kaggletest/wbrcha2/,XC253032.ogg,47.49061224489796,0,40.0,5.0,44100,bird,1.0
1024,./kaggletest/wbrcha2/,XC227360.ogg,93.75344671201815,0,0.0,5.0,44100,bird,1.0
1025,./kaggletest/wbrcha2/,XC227360.ogg,93.75344671201815,0,15.0,5.0,44100,bird,1.0
1026,./kaggletest/wbrcha2/,XC227360.ogg,93.75344671201815,0,20.0,5.0,44100,bird,1.0
1027,./kaggletest/wbrcha2/,XC227360.ogg,93.75344671201815,0,30.0,5.0,44100,bird,1.0
1028,./kaggletest/wbrcha2/,XC227360.ogg,93.75344671201815,0,35.0,5.0,44100,bird,1.0
1029,./kaggletest/wbrcha2/,XC227360.ogg,93.75344671201815,0,45.0,5.0,44100,bird,1.0
1030,./kaggletest/wbrcha2/,XC227360.ogg,93.75344671201815,0,50.0,5.0,44100,bird,1.0
1031,./kaggletest/wbrcha2/,XC227360.ogg,93.75344671201815,0,55.0,5.0,44100,bird,1.0
1032,./kaggletest/wbrcha2/,XC227360.ogg,93.75344671201815,0,60.0,5.0,44100,bird,1.0
1033,./kaggletest/wbrcha2/,XC227360.ogg,93.75344671201815,0,65.0,5.0,44100,bird,1.0
1034,./kaggletest/wbrcha2/,XC227360.ogg,93.75344671201815,0,70.0,5.0,44100,bird,1.0
1035,./kaggletest/wbrcha2/,XC227360.ogg,93.75344671201815,0,75.0,5.0,44100,bird,1.0
1036,./kaggletest/wbrcha2/,XC227360.ogg,93.75344671201815,0,80.0,5.0,44100,bird,1.0
1037,./kaggletest/wbrcha2/,XC227360.ogg,93.75344671201815,0,85.0,5.0,44100,bird,1.0
1038,./kaggletest/wbrcha2/,XC282079.ogg,97.75020408163266,0,0.0,5.0,44100,bird,1.0
1039,./kaggletest/wbrcha2/,XC282079.ogg,97.75020408163266,0,5.0,5.0,44100,bird,1.0
1040,./kaggletest/wbrcha2/,XC282079.ogg,97.75020408163266,0,10.0,5.0,44100,bird,1.0
1041,./kaggletest/wbrcha2/,XC282079.ogg,97.75020408163266,0,15.0,5.0,44100,bird,1.0
1042,./kaggletest/wbrcha2/,XC282079.ogg,97.75020408163266,0,20.0,5.0,44100,bird,1.0
1043,./kaggletest/wbrcha2/,XC282079.ogg,97.75020408163266,0,25.0,5.0,44100,bird,1.0
1044,./kaggletest/wbrcha2/,XC282079.ogg,97.75020408163266,0,30.0,5.0,44100,bird,1.0
1045,./kaggletest/wbrcha2/,XC282079.ogg,97.75020408163266,0,35.0,5.0,44100,bird,1.0
1046,./kaggletest/wbrcha2/,XC282079.ogg,97.75020408163266,0,40.0,5.0,44100,bird,1.0
1047,./kaggletest/wbrcha2/,XC282079.ogg,97.75020408163266,0,45.0,5.0,44100,bird,1.0
1048,./kaggletest/wbrcha2/,XC282079.ogg,97.75020408163266,0,50.0,5.0,44100,bird,1.0
1049,./kaggletest/wbrcha2/,XC282079.ogg,97.75020408163266,0,55.0,5.0,44100,bird,1.0
1050,./kaggletest/wbrcha2/,XC282079.ogg,97.75020408163266,0,60.0,5.0,44100,bird,1.0
1051,./kaggletest/wbrcha2/,XC282079.ogg,97.75020408163266,0,65.0,5.0,44100,bird,1.0
1052,./kaggletest/wbrcha2/,XC282079.ogg,97.75020408163266,0,70.0,5.0,44100,bird,1.0
1053,./kaggletest/wbrcha2/,XC282079.ogg,97.75020408163266,0,75.0,5.0,44100,bird,1.0
1054,./kaggletest/wbrcha2/,XC282079.ogg,97.75020408163266,0,80.0,5.0,44100,bird,1.0
1055,./kaggletest/wbrcha2/,XC282079.ogg,97.75020408163266,0,85.0,5.0,44100,bird,1.0
1056,./kaggletest/wbrcha2/,XC282079.ogg,97.75020408163266,0,90.0,5.0,44100,bird,1.0
1057,./kaggletest/wbrcha2/,XC317506.ogg,15.464489795918368,0,0.0,5.0,44100,bird,1.0
1058,./kaggletest/wbrcha2/,XC317506.ogg,15.464489795918368,0,5.0,5.0,44100,bird,1.0
1059,./kaggletest/wbrcha2/,XC317506.ogg,15.464489795918368,0,10.0,5.0,44100,bird,1.0
1060,./kaggletest/wbrcha2/,XC227376.ogg,45.479183673469386,0,0.0,5.0,44100,bird,1.0
1061,./kaggletest/wbrcha2/,XC227376.ogg,45.479183673469386,0,5.0,5.0,44100,bird,1.0
1062,./kaggletest/wbrcha2/,XC227376.ogg,45.479183673469386,0,15.0,5.0,44100,bird,1.0
1063,./kaggletest/wbrcha2/,XC227376.ogg,45.479183673469386,0,20.0,5.0,44100,bird,1.0
1064,./kaggletest/wbrcha2/,XC227376.ogg,45.479183673469386,0,25.0,5.0,44100,bird,1.0
1065,./kaggletest/wbrcha2/,XC227376.ogg,45.479183673469386,0,35.0,5.0,44100,bird,1.0
1066,./kaggletest/wbrcha2/,XC227376.ogg,45.479183673469386,0,40.0,5.0,44100,bird,1.0
1067,./kaggletest/wbrcha2/,XC18224.ogg,10.971428571428572,0,0.0,5.0,44100,bird,1.0
1068,./kaggletest/wbrcha2/,XC18224.ogg,10.971428571428572,0,5.0,5.0,44100,bird,1.0
1069,./kaggletest/wbrcha2/,XC601230.ogg,85.92,0,0.0,5.0,44100,bird,1.0
1070,./kaggletest/wbrcha2/,XC601230.ogg,85.92,0,5.0,5.0,44100,bird,1.0
1071,./kaggletest/wbrcha2/,XC601230.ogg,85.92,0,10.0,5.0,44100,bird,1.0
1072,./kaggletest/wbrcha2/,XC601230.ogg,85.92,0,15.0,5.0,44100,bird,1.0
1073,./kaggletest/wbrcha2/,XC601230.ogg,85.92,0,20.0,5.0,44100,bird,1.0
1074,./kaggletest/wbrcha2/,XC601230.ogg,85.92,0,25.0,5.0,44100,bird,1.0
1075,./kaggletest/wbrcha2/,XC601230.ogg,85.92,0,30.0,5.0,44100,bird,1.0
1076,./kaggletest/wbrcha2/,XC601230.ogg,85.92,0,35.0,5.0,44100,bird,1.0
1077,./kaggletest/wbrcha2/,XC601230.ogg,85.92,0,40.0,5.0,44100,bird,1.0
1078,./kaggletest/wbrcha2/,XC601230.ogg,85.92,0,45.0,5.0,44100,bird,1.0
1079,./kaggletest/wbrcha2/,XC601230.ogg,85.92,0,50.0,5.0,44100,bird,1.0
1080,./kaggletest/wbrcha2/,XC601230.ogg,85.92,0,55.0,5.0,44100,bird,1.0
1081,./kaggletest/wbrcha2/,XC601230.ogg,85.92,0,60.0,5.0,44100,bird,1.0
1082,./kaggletest/wbrcha2/,XC601230.ogg,85.92,0,65.0,5.0,44100,bird,1.0
1083,./kaggletest/wbrcha2/,XC601230.ogg,85.92,0,70.0,5.0,44100,bird,1.0
1084,./kaggletest/wbrcha2/,XC601230.ogg,85.92,0,75.0,5.0,44100,bird,1.0
1085,./kaggletest/wbrcha2/,XC601230.ogg,85.92,0,80.0,5.0,44100,bird,1.0
1086,./kaggletest/wbrcha2/,XC18225.ogg,59.66299319727891,0,0.0,5.0,44100,bird,1.0
1087,./kaggletest/wbrcha2/,XC18225.ogg,59.66299319727891,0,5.0,5.0,44100,bird,1.0
1088,./kaggletest/wbrcha2/,XC18225.ogg,59.66299319727891,0,10.0,5.0,44100,bird,1.0
1089,./kaggletest/wbrcha2/,XC18225.ogg,59.66299319727891,0,15.0,5.0,44100,bird,1.0
1090,./kaggletest/wbrcha2/,XC18225.ogg,59.66299319727891,0,20.0,5.0,44100,bird,1.0
1091,./kaggletest/wbrcha2/,XC18225.ogg,59.66299319727891,0,25.0,5.0,44100,bird,1.0
1092,./kaggletest/wbrcha2/,XC18225.ogg,59.66299319727891,0,30.0,5.0,44100,bird,1.0
1093,./kaggletest/wbrcha2/,XC18225.ogg,59.66299319727891,0,35.0,5.0,44100,bird,1.0
1094,./kaggletest/wbrcha2/,XC18225.ogg,59.66299319727891,0,40.0,5.0,44100,bird,1.0
1095,./kaggletest/wbrcha2/,XC18225.ogg,59.66299319727891,0,45.0,5.0,44100,bird,1.0
1096,./kaggletest/wbrcha2/,XC18225.ogg,59.66299319727891,0,50.0,5.0,44100,bird,1.0
1097,./kaggletest/wbrcha2/,XC452606.ogg,7.655986394557823,0,0.0,5.0,44100,bird,1.0
1098,./kaggletest/wbrcha2/,XC518690.ogg,20.374988662131518,0,0.0,5.0,44100,bird,1.0
1099,./kaggletest/wbrcha2/,XC518690.ogg,20.374988662131518,0,5.0,5.0,44100,bird,1.0
1100,./kaggletest/wbrcha2/,XC518690.ogg,20.374988662131518,0,10.0,5.0,44100,bird,1.0
1101,./kaggletest/wbrcha2/,XC518690.ogg,20.374988662131518,0,15.0,5.0,44100,bird,1.0
1102,./kaggletest/wbrcha2/,XC196510.ogg,90.74936507936508,0,0.0,5.0,44100,bird,1.0
1103,./kaggletest/wbrcha2/,XC196510.ogg,90.74936507936508,0,5.0,5.0,44100,bird,1.0
1104,./kaggletest/wbrcha2/,XC196510.ogg,90.74936507936508,0,10.0,5.0,44100,bird,1.0
1105,./kaggletest/wbrcha2/,XC196510.ogg,90.74936507936508,0,15.0,5.0,44100,bird,1.0
1106,./kaggletest/wbrcha2/,XC196510.ogg,90.74936507936508,0,20.0,5.0,44100,bird,1.0
1107,./kaggletest/wbrcha2/,XC196510.ogg,90.74936507936508,0,25.0,5.0,44100,bird,1.0
1108,./kaggletest/wbrcha2/,XC196510.ogg,90.74936507936508,0,30.0,5.0,44100,bird,1.0
1109,./kaggletest/wbrcha2/,XC196510.ogg,90.74936507936508,0,35.0,5.0,44100,bird,1.0
1110,./kaggletest/wbrcha2/,XC196510.ogg,90.74936507936508,0,40.0,5.0,44100,bird,1.0
1111,./kaggletest/wbrcha2/,XC196510.ogg,90.74936507936508,0,45.0,5.0,44100,bird,1.0
1112,./kaggletest/wbrcha2/,XC196510.ogg,90.74936507936508,0,50.0,5.0,44100,bird,1.0
1113,./kaggletest/wbrcha2/,XC196510.ogg,90.74936507936508,0,55.0,5.0,44100,bird,1.0
1114,./kaggletest/wbrcha2/,XC196510.ogg,90.74936507936508,0,60.0,5.0,44100,bird,1.0
1115,./kaggletest/wbrcha2/,XC196510.ogg,90.74936507936508,0,65.0,5.0,44100,bird,1.0
1116,./kaggletest/wbrcha2/,XC196510.ogg,90.74936507936508,0,70.0,5.0,44100,bird,1.0
1117,./kaggletest/wbrcha2/,XC196510.ogg,90.74936507936508,0,75.0,5.0,44100,bird,1.0
1118,./kaggletest/wbrcha2/,XC196510.ogg,90.74936507936508,0,80.0,5.0,44100,bird,1.0
1119,./kaggletest/wbrcha2/,XC196510.ogg,90.74936507936508,0,85.0,5.0,44100,bird,1.0
1120,./kaggletest/wbrcha2/,XC650863.ogg,13.348548752834468,0,0.0,5.0,44100,bird,1.0
1121,./kaggletest/wbrcha2/,XC650863.ogg,13.348548752834468,0,5.0,5.0,44100,bird,1.0
1122,./kaggletest/wbrcha2/,XC394803.ogg,21.628979591836735,0,0.0,5.0,44100,bird,1.0
1123,./kaggletest/wbrcha2/,XC394803.ogg,21.628979591836735,0,5.0,5.0,44100,bird,1.0
1124,./kaggletest/wbrcha2/,XC394803.ogg,21.628979591836735,0,10.0,5.0,44100,bird,1.0
1125,./kaggletest/wbrcha2/,XC394803.ogg,21.628979591836735,0,15.0,5.0,44100,bird,1.0
1126,./kaggletest/wbrcha2/,XC203202.ogg,57.6,0,0.0,5.0,44100,bird,1.0
1127,./kaggletest/wbrcha2/,XC203202.ogg,57.6,0,5.0,5.0,44100,bird,1.0
1128,./kaggletest/wbrcha2/,XC203202.ogg,57.6,0,10.0,5.0,44100,bird,1.0
1129,./kaggletest/wbrcha2/,XC203202.ogg,57.6,0,15.0,5.0,44100,bird,1.0
1130,./kaggletest/wbrcha2/,XC203202.ogg,57.6,0,20.0,5.0,44100,bird,1.0
1131,./kaggletest/wbrcha2/,XC203202.ogg,57.6,0,25.0,5.0,44100,bird,1.0
1132,./kaggletest/wbrcha2/,XC203202.ogg,57.6,0,30.0,5.0,44100,bird,1.0
1133,./kaggletest/wbrcha2/,XC203202.ogg,57.6,0,35.0,5.0,44100,bird,1.0
1134,./kaggletest/wbrcha2/,XC203202.ogg,57.6,0,40.0,5.0,44100,bird,1.0
1135,./kaggletest/wbrcha2/,XC203202.ogg,57.6,0,45.0,5.0,44100,bird,1.0
1136,./kaggletest/wbrcha2/,XC203202.ogg,57.6,0,50.0,5.0,44100,bird,1.0
