,FOLDER,IN FILE,CLIP LENGTH,CHANNEL,OFFSET,DURATION,SAMPLE RATE,MANUAL ID,CONFIDENCE
0,./kaggletest/wbswea1/,XC507540.ogg,7.575487528344671,0,0.0,5.0,44100,bird,1.0
1,./kaggletest/wbswea1/,XC364646.ogg,37.12,0,0.0,5.0,44100,bird,1.0
2,./kaggletest/wbswea1/,XC364646.ogg,37.12,0,5.0,5.0,44100,bird,1.0
3,./kaggletest/wbswea1/,XC364646.ogg,37.12,0,10.0,5.0,44100,bird,1.0
4,./kaggletest/wbswea1/,XC364646.ogg,37.12,0,15.0,5.0,44100,bird,1.0
5,./kaggletest/wbswea1/,XC364646.ogg,37.12,0,20.0,5.0,44100,bird,1.0
6,./kaggletest/wbswea1/,XC364646.ogg,37.12,0,30.0,5.0,44100,bird,1.0
7,./kaggletest/wbswea1/,XC714587.ogg,27.40798185941043,0,0.0,5.0,44100,bird,1.0
8,./kaggletest/wbswea1/,XC714587.ogg,27.40798185941043,0,5.0,5.0,44100,bird,1.0
9,./kaggletest/wbswea1/,XC714587.ogg,27.40798185941043,0,10.0,5.0,44100,bird,1.0
10,./kaggletest/wbswea1/,XC714587.ogg,27.40798185941043,0,15.0,5.0,44100,bird,1.0
11,./kaggletest/wbswea1/,XC714587.ogg,27.40798185941043,0,20.0,5.0,44100,bird,1.0
12,./kaggletest/wbswea1/,XC665430.ogg,11.52,0,0.0,5.0,44100,bird,1.0
13,./kaggletest/wbswea1/,XC665430.ogg,11.52,0,5.0,5.0,44100,bird,1.0
14,./kaggletest/wbswea1/,XC523608.ogg,78.36698412698412,0,0.0,5.0,44100,bird,1.0
15,./kaggletest/wbswea1/,XC523608.ogg,78.36698412698412,0,5.0,5.0,44100,bird,1.0
16,./kaggletest/wbswea1/,XC523608.ogg,78.36698412698412,0,10.0,5.0,44100,bird,1.0
17,./kaggletest/wbswea1/,XC523608.ogg,78.36698412698412,0,15.0,5.0,44100,bird,1.0
18,./kaggletest/wbswea1/,XC523608.ogg,78.36698412698412,0,20.0,5.0,44100,bird,1.0
19,./kaggletest/wbswea1/,XC523608.ogg,78.36698412698412,0,25.0,5.0,44100,bird,1.0
20,./kaggletest/wbswea1/,XC523608.ogg,78.36698412698412,0,70.0,5.0,44100,bird,1.0
21,./kaggletest/wbswea1/,XC605716.ogg,18.43199546485261,0,0.0,5.0,44100,bird,1.0
22,./kaggletest/wbswea1/,XC605716.ogg,18.43199546485261,0,5.0,5.0,44100,bird,1.0
23,./kaggletest/wbswea1/,XC605716.ogg,18.43199546485261,0,10.0,5.0,44100,bird,1.0
24,./kaggletest/wbswea1/,XC493482.ogg,6.503990929705216,0,0.0,5.0,44100,bird,1.0
25,./kaggletest/wbswea1/,XC126353.ogg,34.011428571428574,0,0.0,5.0,44100,bird,1.0
26,./kaggletest/wbswea1/,XC126353.ogg,34.011428571428574,0,5.0,5.0,44100,bird,1.0
27,./kaggletest/wbswea1/,XC126353.ogg,34.011428571428574,0,10.0,5.0,44100,bird,1.0
28,./kaggletest/wbswea1/,XC126353.ogg,34.011428571428574,0,15.0,5.0,44100,bird,1.0
29,./kaggletest/wbswea1/,XC126353.ogg,34.011428571428574,0,20.0,5.0,44100,bird,1.0
30,./kaggletest/wbswea1/,XC126353.ogg,34.011428571428574,0,25.0,5.0,44100,bird,1.0
31,./kaggletest/wbswea1/,XC337027.ogg,39.915079365079364,0,0.0,5.0,44100,bird,1.0
32,./kaggletest/wbswea1/,XC337027.ogg,39.915079365079364,0,5.0,5.0,44100,bird,1.0
33,./kaggletest/wbswea1/,XC337027.ogg,39.915079365079364,0,10.0,5.0,44100,bird,1.0
34,./kaggletest/wbswea1/,XC337027.ogg,39.915079365079364,0,15.0,5.0,44100,bird,1.0
35,./kaggletest/wbswea1/,XC337027.ogg,39.915079365079364,0,20.0,5.0,44100,bird,1.0
36,./kaggletest/wbswea1/,XC337027.ogg,39.915079365079364,0,25.0,5.0,44100,bird,1.0
37,./kaggletest/wbswea1/,XC337027.ogg,39.915079365079364,0,30.0,5.0,44100,bird,1.0
38,./kaggletest/wbswea1/,XC670831.ogg,97.20160997732427,0,0.0,5.0,44100,bird,1.0
39,./kaggletest/wbswea1/,XC670831.ogg,97.20160997732427,0,5.0,5.0,44100,bird,1.0
40,./kaggletest/wbswea1/,XC670831.ogg,97.20160997732427,0,10.0,5.0,44100,bird,1.0
41,./kaggletest/wbswea1/,XC670831.ogg,97.20160997732427,0,15.0,5.0,44100,bird,1.0
42,./kaggletest/wbswea1/,XC670831.ogg,97.20160997732427,0,20.0,5.0,44100,bird,1.0
43,./kaggletest/wbswea1/,XC670831.ogg,97.20160997732427,0,35.0,5.0,44100,bird,1.0
44,./kaggletest/wbswea1/,XC670831.ogg,97.20160997732427,0,45.0,5.0,44100,bird,1.0
45,./kaggletest/wbswea1/,XC670831.ogg,97.20160997732427,0,60.0,5.0,44100,bird,1.0
46,./kaggletest/wbswea1/,XC670831.ogg,97.20160997732427,0,70.0,5.0,44100,bird,1.0
47,./kaggletest/wbswea1/,XC670831.ogg,97.20160997732427,0,75.0,5.0,44100,bird,1.0
48,./kaggletest/wbswea1/,XC670831.ogg,97.20160997732427,0,85.0,5.0,44100,bird,1.0
49,./kaggletest/wbswea1/,XC412943.ogg,107.99,0,0.0,5.0,44100,bird,1.0
50,./kaggletest/wbswea1/,XC412943.ogg,107.99,0,5.0,5.0,44100,bird,1.0
51,./kaggletest/wbswea1/,XC412943.ogg,107.99,0,10.0,5.0,44100,bird,1.0
52,./kaggletest/wbswea1/,XC412943.ogg,107.99,0,15.0,5.0,44100,bird,1.0
53,./kaggletest/wbswea1/,XC412943.ogg,107.99,0,20.0,5.0,44100,bird,1.0
54,./kaggletest/wbswea1/,XC412943.ogg,107.99,0,25.0,5.0,44100,bird,1.0
55,./kaggletest/wbswea1/,XC412943.ogg,107.99,0,30.0,5.0,44100,bird,1.0
56,./kaggletest/wbswea1/,XC412943.ogg,107.99,0,35.0,5.0,44100,bird,1.0
57,./kaggletest/wbswea1/,XC412943.ogg,107.99,0,40.0,5.0,44100,bird,1.0
58,./kaggletest/wbswea1/,XC412943.ogg,107.99,0,45.0,5.0,44100,bird,1.0
59,./kaggletest/wbswea1/,XC412943.ogg,107.99,0,50.0,5.0,44100,bird,1.0
60,./kaggletest/wbswea1/,XC412943.ogg,107.99,0,55.0,5.0,44100,bird,1.0
61,./kaggletest/wbswea1/,XC412943.ogg,107.99,0,60.0,5.0,44100,bird,1.0
62,./kaggletest/wbswea1/,XC412943.ogg,107.99,0,65.0,5.0,44100,bird,1.0
63,./kaggletest/wbswea1/,XC412943.ogg,107.99,0,70.0,5.0,44100,bird,1.0
64,./kaggletest/wbswea1/,XC412943.ogg,107.99,0,75.0,5.0,44100,bird,1.0
65,./kaggletest/wbswea1/,XC412943.ogg,107.99,0,80.0,5.0,44100,bird,1.0
66,./kaggletest/wbswea1/,XC412943.ogg,107.99,0,85.0,5.0,44100,bird,1.0
67,./kaggletest/wbswea1/,XC412943.ogg,107.99,0,90.0,5.0,44100,bird,1.0
68,./kaggletest/wbswea1/,XC412943.ogg,107.99,0,95.0,5.0,44100,bird,1.0
69,./kaggletest/wbswea1/,XC412943.ogg,107.99,0,100.0,5.0,44100,bird,1.0
70,./kaggletest/wbswea1/,XC670830.ogg,164.75426303854874,0,0.0,5.0,44100,bird,1.0
71,./kaggletest/wbswea1/,XC670830.ogg,164.75426303854874,0,5.0,5.0,44100,bird,1.0
72,./kaggletest/wbswea1/,XC670830.ogg,164.75426303854874,0,10.0,5.0,44100,bird,1.0
73,./kaggletest/wbswea1/,XC670830.ogg,164.75426303854874,0,15.0,5.0,44100,bird,1.0
74,./kaggletest/wbswea1/,XC670830.ogg,164.75426303854874,0,20.0,5.0,44100,bird,1.0
75,./kaggletest/wbswea1/,XC670830.ogg,164.75426303854874,0,25.0,5.0,44100,bird,1.0
76,./kaggletest/wbswea1/,XC670830.ogg,164.75426303854874,0,30.0,5.0,44100,bird,1.0
77,./kaggletest/wbswea1/,XC670830.ogg,164.75426303854874,0,35.0,5.0,44100,bird,1.0
78,./kaggletest/wbswea1/,XC670830.ogg,164.75426303854874,0,40.0,5.0,44100,bird,1.0
79,./kaggletest/wbswea1/,XC670830.ogg,164.75426303854874,0,50.0,5.0,44100,bird,1.0
80,./kaggletest/wbswea1/,XC670830.ogg,164.75426303854874,0,55.0,5.0,44100,bird,1.0
81,./kaggletest/wbswea1/,XC670830.ogg,164.75426303854874,0,60.0,5.0,44100,bird,1.0
82,./kaggletest/wbswea1/,XC670830.ogg,164.75426303854874,0,65.0,5.0,44100,bird,1.0
83,./kaggletest/wbswea1/,XC670830.ogg,164.75426303854874,0,70.0,5.0,44100,bird,1.0
84,./kaggletest/wbswea1/,XC670830.ogg,164.75426303854874,0,75.0,5.0,44100,bird,1.0
85,./kaggletest/wbswea1/,XC670830.ogg,164.75426303854874,0,80.0,5.0,44100,bird,1.0
86,./kaggletest/wbswea1/,XC670830.ogg,164.75426303854874,0,85.0,5.0,44100,bird,1.0
87,./kaggletest/wbswea1/,XC670830.ogg,164.75426303854874,0,100.0,5.0,44100,bird,1.0
88,./kaggletest/wbswea1/,XC670830.ogg,164.75426303854874,0,105.0,5.0,44100,bird,1.0
89,./kaggletest/wbswea1/,XC670830.ogg,164.75426303854874,0,110.0,5.0,44100,bird,1.0
90,./kaggletest/wbswea1/,XC670830.ogg,164.75426303854874,0,125.0,5.0,44100,bird,1.0
91,./kaggletest/wbswea1/,XC670830.ogg,164.75426303854874,0,130.0,5.0,44100,bird,1.0
92,./kaggletest/wbswea1/,XC670830.ogg,164.75426303854874,0,135.0,5.0,44100,bird,1.0
93,./kaggletest/wbswea1/,XC670830.ogg,164.75426303854874,0,140.0,5.0,44100,bird,1.0
94,./kaggletest/wbswea1/,XC670830.ogg,164.75426303854874,0,145.0,5.0,44100,bird,1.0
95,./kaggletest/wbswea1/,XC670830.ogg,164.75426303854874,0,150.0,5.0,44100,bird,1.0
96,./kaggletest/wbswea1/,XC670830.ogg,164.75426303854874,0,155.0,5.0,44100,bird,1.0
97,./kaggletest/wbswea1/,XC401730.ogg,86.04,0,0.0,5.0,44100,bird,1.0
98,./kaggletest/wbswea1/,XC401730.ogg,86.04,0,5.0,5.0,44100,bird,1.0
99,./kaggletest/wbswea1/,XC401730.ogg,86.04,0,10.0,5.0,44100,bird,1.0
100,./kaggletest/wbswea1/,XC401730.ogg,86.04,0,25.0,5.0,44100,bird,1.0
101,./kaggletest/wbswea1/,XC401730.ogg,86.04,0,35.0,5.0,44100,bird,1.0
102,./kaggletest/wbswea1/,XC401730.ogg,86.04,0,40.0,5.0,44100,bird,1.0
103,./kaggletest/wbswea1/,XC401730.ogg,86.04,0,45.0,5.0,44100,bird,1.0
104,./kaggletest/wbswea1/,XC401730.ogg,86.04,0,50.0,5.0,44100,bird,1.0
105,./kaggletest/wbswea1/,XC401730.ogg,86.04,0,55.0,5.0,44100,bird,1.0
106,./kaggletest/wbswea1/,XC401730.ogg,86.04,0,60.0,5.0,44100,bird,1.0
107,./kaggletest/wbswea1/,XC401730.ogg,86.04,0,65.0,5.0,44100,bird,1.0
108,./kaggletest/wbswea1/,XC401730.ogg,86.04,0,70.0,5.0,44100,bird,1.0
109,./kaggletest/wbswea1/,XC401730.ogg,86.04,0,75.0,5.0,44100,bird,1.0
110,./kaggletest/wbswea1/,XC127462.ogg,16.848956916099773,0,0.0,5.0,44100,bird,1.0
111,./kaggletest/wbswea1/,XC127462.ogg,16.848956916099773,0,5.0,5.0,44100,bird,1.0
112,./kaggletest/wbswea1/,XC127462.ogg,16.848956916099773,0,10.0,5.0,44100,bird,1.0
113,./kaggletest/wbswea1/,XC367175.ogg,68.07498866213152,0,0.0,5.0,44100,bird,1.0
114,./kaggletest/wbswea1/,XC367175.ogg,68.07498866213152,0,5.0,5.0,44100,bird,1.0
115,./kaggletest/wbswea1/,XC367175.ogg,68.07498866213152,0,15.0,5.0,44100,bird,1.0
116,./kaggletest/wbswea1/,XC367175.ogg,68.07498866213152,0,25.0,5.0,44100,bird,1.0
117,./kaggletest/wbswea1/,XC367175.ogg,68.07498866213152,0,35.0,5.0,44100,bird,1.0
118,./kaggletest/wbswea1/,XC367175.ogg,68.07498866213152,0,40.0,5.0,44100,bird,1.0
119,./kaggletest/wbswea1/,XC367175.ogg,68.07498866213152,0,45.0,5.0,44100,bird,1.0
120,./kaggletest/wbswea1/,XC367175.ogg,68.07498866213152,0,50.0,5.0,44100,bird,1.0
121,./kaggletest/wbswea1/,XC367175.ogg,68.07498866213152,0,55.0,5.0,44100,bird,1.0
122,./kaggletest/wbswea1/,XC367175.ogg,68.07498866213152,0,60.0,5.0,44100,bird,1.0
123,./kaggletest/wbswea1/,XC509390.ogg,18.15498866213152,0,0.0,5.0,44100,bird,1.0
124,./kaggletest/wbswea1/,XC509390.ogg,18.15498866213152,0,5.0,5.0,44100,bird,1.0
125,./kaggletest/wbswea1/,XC509390.ogg,18.15498866213152,0,10.0,5.0,44100,bird,1.0
126,./kaggletest/wbswea1/,XC581906.ogg,17.20798185941043,0,0.0,5.0,44100,bird,1.0
127,./kaggletest/wbswea1/,XC581906.ogg,17.20798185941043,0,5.0,5.0,44100,bird,1.0
128,./kaggletest/wbswea1/,XC581906.ogg,17.20798185941043,0,10.0,5.0,44100,bird,1.0
129,./kaggletest/wbswea1/,XC507236.ogg,26.487981859410432,0,0.0,5.0,44100,bird,1.0
130,./kaggletest/wbswea1/,XC507236.ogg,26.487981859410432,0,5.0,5.0,44100,bird,1.0
131,./kaggletest/wbswea1/,XC507236.ogg,26.487981859410432,0,10.0,5.0,44100,bird,1.0
132,./kaggletest/wbswea1/,XC507236.ogg,26.487981859410432,0,15.0,5.0,44100,bird,1.0
133,./kaggletest/wbswea1/,XC507236.ogg,26.487981859410432,0,20.0,5.0,44100,bird,1.0
134,./kaggletest/wbswea1/,XC127463.ogg,53.02854875283447,0,0.0,5.0,44100,bird,1.0
135,./kaggletest/wbswea1/,XC127463.ogg,53.02854875283447,0,5.0,5.0,44100,bird,1.0
136,./kaggletest/wbswea1/,XC127463.ogg,53.02854875283447,0,10.0,5.0,44100,bird,1.0
137,./kaggletest/wbswea1/,XC127463.ogg,53.02854875283447,0,15.0,5.0,44100,bird,1.0
138,./kaggletest/wbswea1/,XC127463.ogg,53.02854875283447,0,20.0,5.0,44100,bird,1.0
139,./kaggletest/wbswea1/,XC127463.ogg,53.02854875283447,0,25.0,5.0,44100,bird,1.0
140,./kaggletest/wbswea1/,XC127463.ogg,53.02854875283447,0,30.0,5.0,44100,bird,1.0
141,./kaggletest/wbswea1/,XC127463.ogg,53.02854875283447,0,35.0,5.0,44100,bird,1.0
142,./kaggletest/wbswea1/,XC127463.ogg,53.02854875283447,0,40.0,5.0,44100,bird,1.0
143,./kaggletest/wbswea1/,XC127463.ogg,53.02854875283447,0,45.0,5.0,44100,bird,1.0
144,./kaggletest/wbswea1/,XC673756.ogg,48.04798185941043,0,0.0,5.0,44100,bird,1.0
145,./kaggletest/wbswea1/,XC673756.ogg,48.04798185941043,0,5.0,5.0,44100,bird,1.0
146,./kaggletest/wbswea1/,XC673756.ogg,48.04798185941043,0,10.0,5.0,44100,bird,1.0
147,./kaggletest/wbswea1/,XC673756.ogg,48.04798185941043,0,15.0,5.0,44100,bird,1.0
148,./kaggletest/wbswea1/,XC673756.ogg,48.04798185941043,0,20.0,5.0,44100,bird,1.0
149,./kaggletest/wbswea1/,XC673756.ogg,48.04798185941043,0,25.0,5.0,44100,bird,1.0
150,./kaggletest/wbswea1/,XC673756.ogg,48.04798185941043,0,30.0,5.0,44100,bird,1.0
151,./kaggletest/wbswea1/,XC673756.ogg,48.04798185941043,0,35.0,5.0,44100,bird,1.0
152,./kaggletest/wbswea1/,XC673756.ogg,48.04798185941043,0,40.0,5.0,44100,bird,1.0
153,./kaggletest/wbswea1/,XC438664.ogg,29.935986394557823,0,0.0,5.0,44100,bird,1.0
154,./kaggletest/wbswea1/,XC438664.ogg,29.935986394557823,0,5.0,5.0,44100,bird,1.0
155,./kaggletest/wbswea1/,XC438664.ogg,29.935986394557823,0,10.0,5.0,44100,bird,1.0
156,./kaggletest/wbswea1/,XC438664.ogg,29.935986394557823,0,15.0,5.0,44100,bird,1.0
157,./kaggletest/wbswea1/,XC438664.ogg,29.935986394557823,0,20.0,5.0,44100,bird,1.0
158,./kaggletest/wbswea1/,XC28612.ogg,55.40571428571429,0,0.0,5.0,44100,bird,1.0
159,./kaggletest/wbswea1/,XC28612.ogg,55.40571428571429,0,5.0,5.0,44100,bird,1.0
160,./kaggletest/wbswea1/,XC28612.ogg,55.40571428571429,0,10.0,5.0,44100,bird,1.0
161,./kaggletest/wbswea1/,XC28612.ogg,55.40571428571429,0,15.0,5.0,44100,bird,1.0
162,./kaggletest/wbswea1/,XC28612.ogg,55.40571428571429,0,20.0,5.0,44100,bird,1.0
163,./kaggletest/wbswea1/,XC28612.ogg,55.40571428571429,0,25.0,5.0,44100,bird,1.0
164,./kaggletest/wbswea1/,XC28612.ogg,55.40571428571429,0,30.0,5.0,44100,bird,1.0
165,./kaggletest/wbswea1/,XC28612.ogg,55.40571428571429,0,35.0,5.0,44100,bird,1.0
166,./kaggletest/wbswea1/,XC28612.ogg,55.40571428571429,0,40.0,5.0,44100,bird,1.0
167,./kaggletest/wbswea1/,XC28612.ogg,55.40571428571429,0,45.0,5.0,44100,bird,1.0
168,./kaggletest/wbswea1/,XC28612.ogg,55.40571428571429,0,50.0,5.0,44100,bird,1.0
169,./kaggletest/wbswea1/,XC444976.ogg,62.066916099773245,0,0.0,5.0,44100,bird,1.0
170,./kaggletest/wbswea1/,XC444976.ogg,62.066916099773245,0,5.0,5.0,44100,bird,1.0
171,./kaggletest/wbswea1/,XC444976.ogg,62.066916099773245,0,10.0,5.0,44100,bird,1.0
172,./kaggletest/wbswea1/,XC444976.ogg,62.066916099773245,0,20.0,5.0,44100,bird,1.0
173,./kaggletest/wbswea1/,XC444976.ogg,62.066916099773245,0,25.0,5.0,44100,bird,1.0
174,./kaggletest/wbswea1/,XC444976.ogg,62.066916099773245,0,30.0,5.0,44100,bird,1.0
175,./kaggletest/wbswea1/,XC444976.ogg,62.066916099773245,0,35.0,5.0,44100,bird,1.0
176,./kaggletest/wbswea1/,XC444976.ogg,62.066916099773245,0,40.0,5.0,44100,bird,1.0
177,./kaggletest/wbswea1/,XC444976.ogg,62.066916099773245,0,45.0,5.0,44100,bird,1.0
178,./kaggletest/wbswea1/,XC444976.ogg,62.066916099773245,0,50.0,5.0,44100,bird,1.0
179,./kaggletest/wbswea1/,XC444976.ogg,62.066916099773245,0,55.0,5.0,44100,bird,1.0
180,./kaggletest/wbswea1/,XC389418.ogg,94.98120181405896,0,0.0,5.0,44100,bird,1.0
181,./kaggletest/wbswea1/,XC389418.ogg,94.98120181405896,0,5.0,5.0,44100,bird,1.0
182,./kaggletest/wbswea1/,XC389418.ogg,94.98120181405896,0,10.0,5.0,44100,bird,1.0
183,./kaggletest/wbswea1/,XC389418.ogg,94.98120181405896,0,20.0,5.0,44100,bird,1.0
184,./kaggletest/wbswea1/,XC389418.ogg,94.98120181405896,0,25.0,5.0,44100,bird,1.0
185,./kaggletest/wbswea1/,XC389418.ogg,94.98120181405896,0,30.0,5.0,44100,bird,1.0
186,./kaggletest/wbswea1/,XC389418.ogg,94.98120181405896,0,35.0,5.0,44100,bird,1.0
187,./kaggletest/wbswea1/,XC389418.ogg,94.98120181405896,0,40.0,5.0,44100,bird,1.0
188,./kaggletest/wbswea1/,XC389418.ogg,94.98120181405896,0,45.0,5.0,44100,bird,1.0
189,./kaggletest/wbswea1/,XC389418.ogg,94.98120181405896,0,50.0,5.0,44100,bird,1.0
190,./kaggletest/wbswea1/,XC389418.ogg,94.98120181405896,0,55.0,5.0,44100,bird,1.0
191,./kaggletest/wbswea1/,XC389418.ogg,94.98120181405896,0,60.0,5.0,44100,bird,1.0
192,./kaggletest/wbswea1/,XC389418.ogg,94.98120181405896,0,65.0,5.0,44100,bird,1.0
193,./kaggletest/wbswea1/,XC389418.ogg,94.98120181405896,0,70.0,5.0,44100,bird,1.0
194,./kaggletest/wbswea1/,XC389418.ogg,94.98120181405896,0,75.0,5.0,44100,bird,1.0
195,./kaggletest/wbswea1/,XC389418.ogg,94.98120181405896,0,80.0,5.0,44100,bird,1.0
196,./kaggletest/wbswea1/,XC389418.ogg,94.98120181405896,0,85.0,5.0,44100,bird,1.0
197,./kaggletest/wbswea1/,XC460949.ogg,28.89142857142857,0,0.0,5.0,44100,bird,1.0
198,./kaggletest/wbswea1/,XC460949.ogg,28.89142857142857,0,5.0,5.0,44100,bird,1.0
199,./kaggletest/wbswea1/,XC460949.ogg,28.89142857142857,0,10.0,5.0,44100,bird,1.0
200,./kaggletest/wbswea1/,XC460949.ogg,28.89142857142857,0,15.0,5.0,44100,bird,1.0
201,./kaggletest/wbswea1/,XC460949.ogg,28.89142857142857,0,20.0,5.0,44100,bird,1.0
202,./kaggletest/wbswea1/,XC190508.ogg,14.445714285714285,0,0.0,5.0,44100,bird,1.0
203,./kaggletest/wbswea1/,XC190508.ogg,14.445714285714285,0,5.0,5.0,44100,bird,1.0
204,./kaggletest/wbswea1/,XC749027.ogg,18.75589569160998,0,0.0,5.0,44100,bird,1.0
205,./kaggletest/wbswea1/,XC749027.ogg,18.75589569160998,0,5.0,5.0,44100,bird,1.0
206,./kaggletest/wbswea1/,XC749027.ogg,18.75589569160998,0,10.0,5.0,44100,bird,1.0
207,./kaggletest/wbswea1/,XC496238.ogg,31.13795918367347,0,0.0,5.0,44100,bird,1.0
208,./kaggletest/wbswea1/,XC496238.ogg,31.13795918367347,0,5.0,5.0,44100,bird,1.0
209,./kaggletest/wbswea1/,XC496238.ogg,31.13795918367347,0,10.0,5.0,44100,bird,1.0
210,./kaggletest/wbswea1/,XC496238.ogg,31.13795918367347,0,15.0,5.0,44100,bird,1.0
211,./kaggletest/wbswea1/,XC496238.ogg,31.13795918367347,0,20.0,5.0,44100,bird,1.0
212,./kaggletest/wbswea1/,XC496238.ogg,31.13795918367347,0,25.0,5.0,44100,bird,1.0
213,./kaggletest/wbswea1/,XC645221.ogg,35.47399092970522,0,0.0,5.0,44100,bird,1.0
214,./kaggletest/wbswea1/,XC645221.ogg,35.47399092970522,0,5.0,5.0,44100,bird,1.0
215,./kaggletest/wbswea1/,XC645221.ogg,35.47399092970522,0,10.0,5.0,44100,bird,1.0
216,./kaggletest/wbswea1/,XC645221.ogg,35.47399092970522,0,15.0,5.0,44100,bird,1.0
217,./kaggletest/wbswea1/,XC645221.ogg,35.47399092970522,0,20.0,5.0,44100,bird,1.0
218,./kaggletest/wbswea1/,XC645221.ogg,35.47399092970522,0,25.0,5.0,44100,bird,1.0
219,./kaggletest/wbswea1/,XC645221.ogg,35.47399092970522,0,30.0,5.0,44100,bird,1.0
220,./kaggletest/wbswea1/,XC203652.ogg,53.21142857142857,0,0.0,5.0,44100,bird,1.0
221,./kaggletest/wbswea1/,XC203652.ogg,53.21142857142857,0,5.0,5.0,44100,bird,1.0
222,./kaggletest/wbswea1/,XC203652.ogg,53.21142857142857,0,10.0,5.0,44100,bird,1.0
223,./kaggletest/wbswea1/,XC203652.ogg,53.21142857142857,0,20.0,5.0,44100,bird,1.0
224,./kaggletest/wbswea1/,XC203652.ogg,53.21142857142857,0,25.0,5.0,44100,bird,1.0
225,./kaggletest/wbswea1/,XC203652.ogg,53.21142857142857,0,30.0,5.0,44100,bird,1.0
226,./kaggletest/wbswea1/,XC203652.ogg,53.21142857142857,0,35.0,5.0,44100,bird,1.0
227,./kaggletest/wbswea1/,XC203652.ogg,53.21142857142857,0,40.0,5.0,44100,bird,1.0
228,./kaggletest/wbswea1/,XC203652.ogg,53.21142857142857,0,45.0,5.0,44100,bird,1.0
229,./kaggletest/wbswea1/,XC459505.ogg,7.523242630385488,0,0.0,5.0,44100,bird,1.0
230,./kaggletest/wbswea1/,XC593218.ogg,30.143990929705215,0,0.0,5.0,44100,bird,1.0
231,./kaggletest/wbswea1/,XC593218.ogg,30.143990929705215,0,5.0,5.0,44100,bird,1.0
232,./kaggletest/wbswea1/,XC593218.ogg,30.143990929705215,0,15.0,5.0,44100,bird,1.0
233,./kaggletest/wbswea1/,XC593218.ogg,30.143990929705215,0,20.0,5.0,44100,bird,1.0
234,./kaggletest/wbswea1/,XC593218.ogg,30.143990929705215,0,25.0,5.0,44100,bird,1.0
235,./kaggletest/wbswea1/,XC382172.ogg,23.693061224489796,0,0.0,5.0,44100,bird,1.0
236,./kaggletest/wbswea1/,XC382172.ogg,23.693061224489796,0,5.0,5.0,44100,bird,1.0
237,./kaggletest/wbswea1/,XC294705.ogg,20.819591836734695,0,0.0,5.0,44100,bird,1.0
238,./kaggletest/wbswea1/,XC294705.ogg,20.819591836734695,0,5.0,5.0,44100,bird,1.0
239,./kaggletest/wbswea1/,XC294705.ogg,20.819591836734695,0,10.0,5.0,44100,bird,1.0
240,./kaggletest/wbswea1/,XC294705.ogg,20.819591836734695,0,15.0,5.0,44100,bird,1.0
241,./kaggletest/wbswea1/,XC444810.ogg,30.328140589569163,0,0.0,5.0,44100,bird,1.0
242,./kaggletest/wbswea1/,XC444810.ogg,30.328140589569163,0,5.0,5.0,44100,bird,1.0
243,./kaggletest/wbswea1/,XC444810.ogg,30.328140589569163,0,10.0,5.0,44100,bird,1.0
244,./kaggletest/wbswea1/,XC444810.ogg,30.328140589569163,0,15.0,5.0,44100,bird,1.0
245,./kaggletest/wbswea1/,XC444810.ogg,30.328140589569163,0,20.0,5.0,44100,bird,1.0
246,./kaggletest/wbswea1/,XC444810.ogg,30.328140589569163,0,25.0,5.0,44100,bird,1.0
247,./kaggletest/wbswea1/,XC526065.ogg,25.68,0,0.0,5.0,44100,bird,1.0
248,./kaggletest/wbswea1/,XC513745.ogg,47.93399092970522,0,0.0,5.0,44100,bird,1.0
249,./kaggletest/wbswea1/,XC513745.ogg,47.93399092970522,0,5.0,5.0,44100,bird,1.0
250,./kaggletest/wbswea1/,XC513745.ogg,47.93399092970522,0,10.0,5.0,44100,bird,1.0
251,./kaggletest/wbswea1/,XC513745.ogg,47.93399092970522,0,15.0,5.0,44100,bird,1.0
252,./kaggletest/wbswea1/,XC513745.ogg,47.93399092970522,0,20.0,5.0,44100,bird,1.0
253,./kaggletest/wbswea1/,XC513745.ogg,47.93399092970522,0,25.0,5.0,44100,bird,1.0
254,./kaggletest/wbswea1/,XC513745.ogg,47.93399092970522,0,30.0,5.0,44100,bird,1.0
255,./kaggletest/wbswea1/,XC513745.ogg,47.93399092970522,0,35.0,5.0,44100,bird,1.0
256,./kaggletest/wbswea1/,XC513745.ogg,47.93399092970522,0,40.0,5.0,44100,bird,1.0
257,./kaggletest/wbswea1/,XC526067.ogg,10.44,0,0.0,5.0,44100,bird,1.0
258,./kaggletest/wbswea1/,XC526067.ogg,10.44,0,5.0,5.0,44100,bird,1.0
259,./kaggletest/wbswea1/,XC465016.ogg,26.20079365079365,0,0.0,5.0,44100,bird,1.0
260,./kaggletest/wbswea1/,XC465016.ogg,26.20079365079365,0,5.0,5.0,44100,bird,1.0
261,./kaggletest/wbswea1/,XC465016.ogg,26.20079365079365,0,10.0,5.0,44100,bird,1.0
262,./kaggletest/wbswea1/,XC465016.ogg,26.20079365079365,0,15.0,5.0,44100,bird,1.0
263,./kaggletest/wbswea1/,XC465016.ogg,26.20079365079365,0,20.0,5.0,44100,bird,1.0
264,./kaggletest/wbswea1/,XC374427.ogg,11.015986394557823,0,0.0,5.0,44100,bird,1.0
265,./kaggletest/wbswea1/,XC374427.ogg,11.015986394557823,0,5.0,5.0,44100,bird,1.0
266,./kaggletest/wbswea1/,XC454590.ogg,24.398367346938777,0,0.0,5.0,44100,bird,1.0
267,./kaggletest/wbswea1/,XC454590.ogg,24.398367346938777,0,5.0,5.0,44100,bird,1.0
268,./kaggletest/wbswea1/,XC454590.ogg,24.398367346938777,0,10.0,5.0,44100,bird,1.0
269,./kaggletest/wbswea1/,XC454590.ogg,24.398367346938777,0,15.0,5.0,44100,bird,1.0
270,./kaggletest/wbswea1/,XC563709.ogg,39.44489795918367,0,0.0,5.0,44100,bird,1.0
271,./kaggletest/wbswea1/,XC563709.ogg,39.44489795918367,0,20.0,5.0,44100,bird,1.0
272,./kaggletest/wbswea1/,XC563709.ogg,39.44489795918367,0,30.0,5.0,44100,bird,1.0
273,./kaggletest/wbswea1/,XC601530.ogg,43.08,0,0.0,5.0,44100,bird,1.0
274,./kaggletest/wbswea1/,XC601530.ogg,43.08,0,5.0,5.0,44100,bird,1.0
275,./kaggletest/wbswea1/,XC601530.ogg,43.08,0,10.0,5.0,44100,bird,1.0
276,./kaggletest/wbswea1/,XC601530.ogg,43.08,0,15.0,5.0,44100,bird,1.0
277,./kaggletest/wbswea1/,XC601530.ogg,43.08,0,20.0,5.0,44100,bird,1.0
278,./kaggletest/wbswea1/,XC601530.ogg,43.08,0,25.0,5.0,44100,bird,1.0
279,./kaggletest/wbswea1/,XC601530.ogg,43.08,0,30.0,5.0,44100,bird,1.0
280,./kaggletest/wbswea1/,XC601530.ogg,43.08,0,35.0,5.0,44100,bird,1.0
281,./kaggletest/wbswea1/,XC593217.ogg,22.031995464852606,0,0.0,5.0,44100,bird,1.0
282,./kaggletest/wbswea1/,XC593217.ogg,22.031995464852606,0,5.0,5.0,44100,bird,1.0
283,./kaggletest/wbswea1/,XC593217.ogg,22.031995464852606,0,10.0,5.0,44100,bird,1.0
284,./kaggletest/wbswea1/,XC593217.ogg,22.031995464852606,0,15.0,5.0,44100,bird,1.0
285,./kaggletest/wbswea1/,XC601531.ogg,66.88798185941043,0,0.0,5.0,44100,bird,1.0
286,./kaggletest/wbswea1/,XC601531.ogg,66.88798185941043,0,5.0,5.0,44100,bird,1.0
287,./kaggletest/wbswea1/,XC601531.ogg,66.88798185941043,0,10.0,5.0,44100,bird,1.0
288,./kaggletest/wbswea1/,XC601531.ogg,66.88798185941043,0,15.0,5.0,44100,bird,1.0
289,./kaggletest/wbswea1/,XC601531.ogg,66.88798185941043,0,20.0,5.0,44100,bird,1.0
290,./kaggletest/wbswea1/,XC601531.ogg,66.88798185941043,0,25.0,5.0,44100,bird,1.0
291,./kaggletest/wbswea1/,XC601531.ogg,66.88798185941043,0,30.0,5.0,44100,bird,1.0
292,./kaggletest/wbswea1/,XC601531.ogg,66.88798185941043,0,35.0,5.0,44100,bird,1.0
293,./kaggletest/wbswea1/,XC601531.ogg,66.88798185941043,0,40.0,5.0,44100,bird,1.0
294,./kaggletest/wbswea1/,XC601531.ogg,66.88798185941043,0,45.0,5.0,44100,bird,1.0
295,./kaggletest/wbswea1/,XC601531.ogg,66.88798185941043,0,50.0,5.0,44100,bird,1.0
296,./kaggletest/wbswea1/,XC601531.ogg,66.88798185941043,0,55.0,5.0,44100,bird,1.0
297,./kaggletest/wbswea1/,XC601531.ogg,66.88798185941043,0,60.0,5.0,44100,bird,1.0
298,./kaggletest/wbswea1/,XC655941.ogg,43.9109977324263,0,0.0,5.0,44100,bird,1.0
299,./kaggletest/wbswea1/,XC655941.ogg,43.9109977324263,0,5.0,5.0,44100,bird,1.0
300,./kaggletest/wbswea1/,XC655941.ogg,43.9109977324263,0,10.0,5.0,44100,bird,1.0
301,./kaggletest/wbswea1/,XC655941.ogg,43.9109977324263,0,15.0,5.0,44100,bird,1.0
302,./kaggletest/wbswea1/,XC655941.ogg,43.9109977324263,0,20.0,5.0,44100,bird,1.0
303,./kaggletest/wbswea1/,XC655941.ogg,43.9109977324263,0,25.0,5.0,44100,bird,1.0
304,./kaggletest/wbswea1/,XC655941.ogg,43.9109977324263,0,30.0,5.0,44100,bird,1.0
305,./kaggletest/wbswea1/,XC655941.ogg,43.9109977324263,0,35.0,5.0,44100,bird,1.0
306,./kaggletest/wbswea1/,XC608105.ogg,74.32798185941043,0,0.0,5.0,44100,bird,1.0
307,./kaggletest/wbswea1/,XC608105.ogg,74.32798185941043,0,5.0,5.0,44100,bird,1.0
308,./kaggletest/wbswea1/,XC608105.ogg,74.32798185941043,0,10.0,5.0,44100,bird,1.0
309,./kaggletest/wbswea1/,XC608105.ogg,74.32798185941043,0,15.0,5.0,44100,bird,1.0
310,./kaggletest/wbswea1/,XC608105.ogg,74.32798185941043,0,20.0,5.0,44100,bird,1.0
311,./kaggletest/wbswea1/,XC608105.ogg,74.32798185941043,0,25.0,5.0,44100,bird,1.0
312,./kaggletest/wbswea1/,XC608105.ogg,74.32798185941043,0,30.0,5.0,44100,bird,1.0
313,./kaggletest/wbswea1/,XC608105.ogg,74.32798185941043,0,35.0,5.0,44100,bird,1.0
314,./kaggletest/wbswea1/,XC608105.ogg,74.32798185941043,0,40.0,5.0,44100,bird,1.0
315,./kaggletest/wbswea1/,XC608105.ogg,74.32798185941043,0,45.0,5.0,44100,bird,1.0
316,./kaggletest/wbswea1/,XC608105.ogg,74.32798185941043,0,50.0,5.0,44100,bird,1.0
317,./kaggletest/wbswea1/,XC608105.ogg,74.32798185941043,0,55.0,5.0,44100,bird,1.0
318,./kaggletest/wbswea1/,XC608105.ogg,74.32798185941043,0,60.0,5.0,44100,bird,1.0
319,./kaggletest/wbswea1/,XC608105.ogg,74.32798185941043,0,65.0,5.0,44100,bird,1.0
320,./kaggletest/wbswea1/,XC420169.ogg,51.19199546485261,0,0.0,5.0,44100,bird,1.0
321,./kaggletest/wbswea1/,XC420169.ogg,51.19199546485261,0,5.0,5.0,44100,bird,1.0
322,./kaggletest/wbswea1/,XC420169.ogg,51.19199546485261,0,15.0,5.0,44100,bird,1.0
323,./kaggletest/wbswea1/,XC420169.ogg,51.19199546485261,0,20.0,5.0,44100,bird,1.0
324,./kaggletest/wbswea1/,XC420169.ogg,51.19199546485261,0,25.0,5.0,44100,bird,1.0
325,./kaggletest/wbswea1/,XC420169.ogg,51.19199546485261,0,30.0,5.0,44100,bird,1.0
326,./kaggletest/wbswea1/,XC420169.ogg,51.19199546485261,0,40.0,5.0,44100,bird,1.0
327,./kaggletest/wbswea1/,XC420169.ogg,51.19199546485261,0,45.0,5.0,44100,bird,1.0
328,./kaggletest/wbswea1/,XC601532.ogg,38.88,0,0.0,5.0,44100,bird,1.0
329,./kaggletest/wbswea1/,XC601532.ogg,38.88,0,5.0,5.0,44100,bird,1.0
330,./kaggletest/wbswea1/,XC601532.ogg,38.88,0,10.0,5.0,44100,bird,1.0
331,./kaggletest/wbswea1/,XC601532.ogg,38.88,0,15.0,5.0,44100,bird,1.0
332,./kaggletest/wbswea1/,XC601532.ogg,38.88,0,20.0,5.0,44100,bird,1.0
333,./kaggletest/wbswea1/,XC601532.ogg,38.88,0,25.0,5.0,44100,bird,1.0
334,./kaggletest/wbswea1/,XC601532.ogg,38.88,0,30.0,5.0,44100,bird,1.0
335,./kaggletest/wbswea1/,XC179163.ogg,54.543673469387755,0,0.0,5.0,44100,bird,1.0
336,./kaggletest/wbswea1/,XC179163.ogg,54.543673469387755,0,5.0,5.0,44100,bird,1.0
337,./kaggletest/wbswea1/,XC179163.ogg,54.543673469387755,0,10.0,5.0,44100,bird,1.0
338,./kaggletest/wbswea1/,XC179163.ogg,54.543673469387755,0,15.0,5.0,44100,bird,1.0
339,./kaggletest/wbswea1/,XC179163.ogg,54.543673469387755,0,20.0,5.0,44100,bird,1.0
340,./kaggletest/wbswea1/,XC179163.ogg,54.543673469387755,0,25.0,5.0,44100,bird,1.0
341,./kaggletest/wbswea1/,XC179163.ogg,54.543673469387755,0,30.0,5.0,44100,bird,1.0
342,./kaggletest/wbswea1/,XC179163.ogg,54.543673469387755,0,35.0,5.0,44100,bird,1.0
343,./kaggletest/wbswea1/,XC179163.ogg,54.543673469387755,0,40.0,5.0,44100,bird,1.0
344,./kaggletest/wbswea1/,XC179163.ogg,54.543673469387755,0,45.0,5.0,44100,bird,1.0
345,./kaggletest/wbswea1/,XC608106.ogg,41.135986394557825,0,0.0,5.0,44100,bird,1.0
346,./kaggletest/wbswea1/,XC608106.ogg,41.135986394557825,0,5.0,5.0,44100,bird,1.0
347,./kaggletest/wbswea1/,XC608106.ogg,41.135986394557825,0,10.0,5.0,44100,bird,1.0
348,./kaggletest/wbswea1/,XC608106.ogg,41.135986394557825,0,15.0,5.0,44100,bird,1.0
349,./kaggletest/wbswea1/,XC608106.ogg,41.135986394557825,0,20.0,5.0,44100,bird,1.0
350,./kaggletest/wbswea1/,XC608106.ogg,41.135986394557825,0,25.0,5.0,44100,bird,1.0
351,./kaggletest/wbswea1/,XC608106.ogg,41.135986394557825,0,30.0,5.0,44100,bird,1.0
352,./kaggletest/wbswea1/,XC608106.ogg,41.135986394557825,0,35.0,5.0,44100,bird,1.0
353,./kaggletest/wbswea1/,XC334223.ogg,48.64,0,0.0,5.0,44100,bird,1.0
354,./kaggletest/wbswea1/,XC334223.ogg,48.64,0,5.0,5.0,44100,bird,1.0
355,./kaggletest/wbswea1/,XC334223.ogg,48.64,0,10.0,5.0,44100,bird,1.0
356,./kaggletest/wbswea1/,XC334223.ogg,48.64,0,15.0,5.0,44100,bird,1.0
357,./kaggletest/wbswea1/,XC334223.ogg,48.64,0,20.0,5.0,44100,bird,1.0
358,./kaggletest/wbswea1/,XC334223.ogg,48.64,0,25.0,5.0,44100,bird,1.0
359,./kaggletest/wbswea1/,XC334223.ogg,48.64,0,30.0,5.0,44100,bird,1.0
360,./kaggletest/wbswea1/,XC334223.ogg,48.64,0,35.0,5.0,44100,bird,1.0
361,./kaggletest/wbswea1/,XC396443.ogg,42.16160997732426,0,0.0,5.0,44100,bird,1.0
362,./kaggletest/wbswea1/,XC396443.ogg,42.16160997732426,0,5.0,5.0,44100,bird,1.0
363,./kaggletest/wbswea1/,XC396443.ogg,42.16160997732426,0,10.0,5.0,44100,bird,1.0
364,./kaggletest/wbswea1/,XC396443.ogg,42.16160997732426,0,15.0,5.0,44100,bird,1.0
365,./kaggletest/wbswea1/,XC396443.ogg,42.16160997732426,0,20.0,5.0,44100,bird,1.0
366,./kaggletest/wbswea1/,XC396443.ogg,42.16160997732426,0,25.0,5.0,44100,bird,1.0
367,./kaggletest/wbswea1/,XC396443.ogg,42.16160997732426,0,30.0,5.0,44100,bird,1.0
368,./kaggletest/wbswea1/,XC396443.ogg,42.16160997732426,0,35.0,5.0,44100,bird,1.0
369,./kaggletest/wbswea1/,XC530975.ogg,33.17498866213152,0,0.0,5.0,44100,bird,1.0
370,./kaggletest/wbswea1/,XC530975.ogg,33.17498866213152,0,5.0,5.0,44100,bird,1.0
371,./kaggletest/wbswea1/,XC530975.ogg,33.17498866213152,0,10.0,5.0,44100,bird,1.0
372,./kaggletest/wbswea1/,XC530975.ogg,33.17498866213152,0,15.0,5.0,44100,bird,1.0
373,./kaggletest/wbswea1/,XC530975.ogg,33.17498866213152,0,20.0,5.0,44100,bird,1.0
374,./kaggletest/wbswea1/,XC530975.ogg,33.17498866213152,0,25.0,5.0,44100,bird,1.0
375,./kaggletest/wbswea1/,XC667101.ogg,40.67199546485261,0,0.0,5.0,44100,bird,1.0
376,./kaggletest/wbswea1/,XC667101.ogg,40.67199546485261,0,5.0,5.0,44100,bird,1.0
377,./kaggletest/wbswea1/,XC667101.ogg,40.67199546485261,0,10.0,5.0,44100,bird,1.0
378,./kaggletest/wbswea1/,XC667101.ogg,40.67199546485261,0,15.0,5.0,44100,bird,1.0
379,./kaggletest/wbswea1/,XC667101.ogg,40.67199546485261,0,20.0,5.0,44100,bird,1.0
380,./kaggletest/wbswea1/,XC667101.ogg,40.67199546485261,0,25.0,5.0,44100,bird,1.0
381,./kaggletest/wbswea1/,XC667101.ogg,40.67199546485261,0,30.0,5.0,44100,bird,1.0
382,./kaggletest/wbswea1/,XC667101.ogg,40.67199546485261,0,35.0,5.0,44100,bird,1.0
383,./kaggletest/wbswea1/,XC396327.ogg,8.829365079365079,0,0.0,5.0,44100,bird,1.0
384,./kaggletest/wbswea1/,XC252826.ogg,21.40798185941043,0,0.0,5.0,44100,bird,1.0
385,./kaggletest/wbswea1/,XC252826.ogg,21.40798185941043,0,5.0,5.0,44100,bird,1.0
386,./kaggletest/wbswea1/,XC252826.ogg,21.40798185941043,0,10.0,5.0,44100,bird,1.0
387,./kaggletest/wbswea1/,XC252826.ogg,21.40798185941043,0,15.0,5.0,44100,bird,1.0
388,./kaggletest/wbswea1/,XC56562.ogg,10.10936507936508,0,0.0,5.0,44100,bird,1.0
389,./kaggletest/wbswea1/,XC56562.ogg,10.10936507936508,0,5.0,5.0,44100,bird,1.0
390,./kaggletest/wbswea1/,XC129084.ogg,49.2930612244898,0,0.0,5.0,44100,bird,1.0
391,./kaggletest/wbswea1/,XC129084.ogg,49.2930612244898,0,5.0,5.0,44100,bird,1.0
392,./kaggletest/wbswea1/,XC129084.ogg,49.2930612244898,0,10.0,5.0,44100,bird,1.0
393,./kaggletest/wbswea1/,XC129084.ogg,49.2930612244898,0,15.0,5.0,44100,bird,1.0
394,./kaggletest/wbswea1/,XC129084.ogg,49.2930612244898,0,20.0,5.0,44100,bird,1.0
395,./kaggletest/wbswea1/,XC129084.ogg,49.2930612244898,0,25.0,5.0,44100,bird,1.0
396,./kaggletest/wbswea1/,XC129084.ogg,49.2930612244898,0,30.0,5.0,44100,bird,1.0
397,./kaggletest/wbswea1/,XC129084.ogg,49.2930612244898,0,35.0,5.0,44100,bird,1.0
398,./kaggletest/wbswea1/,XC129084.ogg,49.2930612244898,0,40.0,5.0,44100,bird,1.0
399,./kaggletest/wbswea1/,XC420243.ogg,7.2,0,0.0,5.0,44100,bird,1.0
400,./kaggletest/wbswea1/,XC699736.ogg,6.870204081632653,0,0.0,5.0,44100,bird,1.0
401,./kaggletest/wbswea1/,XC129085.ogg,16.979591836734695,0,0.0,5.0,44100,bird,1.0
402,./kaggletest/wbswea1/,XC129085.ogg,16.979591836734695,0,5.0,5.0,44100,bird,1.0
403,./kaggletest/wbswea1/,XC129085.ogg,16.979591836734695,0,10.0,5.0,44100,bird,1.0
404,./kaggletest/wbswea1/,XC56561.ogg,29.466122448979593,0,0.0,5.0,44100,bird,1.0
405,./kaggletest/wbswea1/,XC56561.ogg,29.466122448979593,0,5.0,5.0,44100,bird,1.0
406,./kaggletest/wbswea1/,XC56561.ogg,29.466122448979593,0,10.0,5.0,44100,bird,1.0
407,./kaggletest/wbswea1/,XC56561.ogg,29.466122448979593,0,15.0,5.0,44100,bird,1.0
408,./kaggletest/wbswea1/,XC56561.ogg,29.466122448979593,0,20.0,5.0,44100,bird,1.0
409,./kaggletest/wbswea1/,XC470715.ogg,21.864489795918367,0,0.0,5.0,44100,bird,1.0
410,./kaggletest/wbswea1/,XC470715.ogg,21.864489795918367,0,5.0,5.0,44100,bird,1.0
411,./kaggletest/wbswea1/,XC470715.ogg,21.864489795918367,0,10.0,5.0,44100,bird,1.0
412,./kaggletest/wbswea1/,XC470715.ogg,21.864489795918367,0,15.0,5.0,44100,bird,1.0
413,./kaggletest/wbswea1/,XC603757.ogg,14.255986394557823,0,0.0,5.0,44100,bird,1.0
414,./kaggletest/wbswea1/,XC603757.ogg,14.255986394557823,0,5.0,5.0,44100,bird,1.0
415,./kaggletest/wbswea1/,XC467725.ogg,62.69299319727891,0,0.0,5.0,44100,bird,1.0
416,./kaggletest/wbswea1/,XC467725.ogg,62.69299319727891,0,5.0,5.0,44100,bird,1.0
417,./kaggletest/wbswea1/,XC467725.ogg,62.69299319727891,0,10.0,5.0,44100,bird,1.0
418,./kaggletest/wbswea1/,XC467725.ogg,62.69299319727891,0,15.0,5.0,44100,bird,1.0
419,./kaggletest/wbswea1/,XC467725.ogg,62.69299319727891,0,20.0,5.0,44100,bird,1.0
420,./kaggletest/wbswea1/,XC467725.ogg,62.69299319727891,0,25.0,5.0,44100,bird,1.0
421,./kaggletest/wbswea1/,XC467725.ogg,62.69299319727891,0,35.0,5.0,44100,bird,1.0
422,./kaggletest/wbswea1/,XC467725.ogg,62.69299319727891,0,40.0,5.0,44100,bird,1.0
423,./kaggletest/wbswea1/,XC467725.ogg,62.69299319727891,0,45.0,5.0,44100,bird,1.0
424,./kaggletest/wbswea1/,XC467725.ogg,62.69299319727891,0,50.0,5.0,44100,bird,1.0
425,./kaggletest/wbswea1/,XC467725.ogg,62.69299319727891,0,55.0,5.0,44100,bird,1.0
426,./kaggletest/wbswea1/,XC473962.ogg,27.897981859410432,0,0.0,5.0,44100,bird,1.0
427,./kaggletest/wbswea1/,XC473962.ogg,27.897981859410432,0,5.0,5.0,44100,bird,1.0
428,./kaggletest/wbswea1/,XC473962.ogg,27.897981859410432,0,10.0,5.0,44100,bird,1.0
429,./kaggletest/wbswea1/,XC473962.ogg,27.897981859410432,0,15.0,5.0,44100,bird,1.0
430,./kaggletest/wbswea1/,XC473962.ogg,27.897981859410432,0,20.0,5.0,44100,bird,1.0
431,./kaggletest/wbswea1/,XC267779.ogg,85.1519954648526,0,0.0,5.0,44100,bird,1.0
432,./kaggletest/wbswea1/,XC267779.ogg,85.1519954648526,0,5.0,5.0,44100,bird,1.0
433,./kaggletest/wbswea1/,XC267779.ogg,85.1519954648526,0,10.0,5.0,44100,bird,1.0
434,./kaggletest/wbswea1/,XC267779.ogg,85.1519954648526,0,15.0,5.0,44100,bird,1.0
435,./kaggletest/wbswea1/,XC267779.ogg,85.1519954648526,0,25.0,5.0,44100,bird,1.0
436,./kaggletest/wbswea1/,XC267779.ogg,85.1519954648526,0,30.0,5.0,44100,bird,1.0
437,./kaggletest/wbswea1/,XC267779.ogg,85.1519954648526,0,35.0,5.0,44100,bird,1.0
438,./kaggletest/wbswea1/,XC267779.ogg,85.1519954648526,0,40.0,5.0,44100,bird,1.0
439,./kaggletest/wbswea1/,XC267779.ogg,85.1519954648526,0,45.0,5.0,44100,bird,1.0
440,./kaggletest/wbswea1/,XC267779.ogg,85.1519954648526,0,50.0,5.0,44100,bird,1.0
441,./kaggletest/wbswea1/,XC267779.ogg,85.1519954648526,0,55.0,5.0,44100,bird,1.0
442,./kaggletest/wbswea1/,XC267779.ogg,85.1519954648526,0,60.0,5.0,44100,bird,1.0
443,./kaggletest/wbswea1/,XC267779.ogg,85.1519954648526,0,65.0,5.0,44100,bird,1.0
444,./kaggletest/wbswea1/,XC267779.ogg,85.1519954648526,0,70.0,5.0,44100,bird,1.0
445,./kaggletest/wbswea1/,XC267779.ogg,85.1519954648526,0,75.0,5.0,44100,bird,1.0
446,./kaggletest/wbswea1/,XC267779.ogg,85.1519954648526,0,80.0,5.0,44100,bird,1.0
447,./kaggletest/wbswea1/,XC386632.ogg,55.275079365079364,0,0.0,5.0,44100,bird,1.0
448,./kaggletest/wbswea1/,XC386632.ogg,55.275079365079364,0,5.0,5.0,44100,bird,1.0
449,./kaggletest/wbswea1/,XC386632.ogg,55.275079365079364,0,10.0,5.0,44100,bird,1.0
450,./kaggletest/wbswea1/,XC386632.ogg,55.275079365079364,0,15.0,5.0,44100,bird,1.0
451,./kaggletest/wbswea1/,XC386632.ogg,55.275079365079364,0,20.0,5.0,44100,bird,1.0
452,./kaggletest/wbswea1/,XC386632.ogg,55.275079365079364,0,25.0,5.0,44100,bird,1.0
453,./kaggletest/wbswea1/,XC386632.ogg,55.275079365079364,0,30.0,5.0,44100,bird,1.0
454,./kaggletest/wbswea1/,XC386632.ogg,55.275079365079364,0,35.0,5.0,44100,bird,1.0
455,./kaggletest/wbswea1/,XC386632.ogg,55.275079365079364,0,40.0,5.0,44100,bird,1.0
456,./kaggletest/wbswea1/,XC386632.ogg,55.275079365079364,0,45.0,5.0,44100,bird,1.0
457,./kaggletest/wbswea1/,XC386632.ogg,55.275079365079364,0,50.0,5.0,44100,bird,1.0
458,./kaggletest/wbswea1/,XC420244.ogg,6.695986394557823,0,0.0,5.0,44100,bird,1.0
459,./kaggletest/wbswea1/,XC267778.ogg,76.03199546485261,0,0.0,5.0,44100,bird,1.0
460,./kaggletest/wbswea1/,XC267778.ogg,76.03199546485261,0,5.0,5.0,44100,bird,1.0
461,./kaggletest/wbswea1/,XC267778.ogg,76.03199546485261,0,10.0,5.0,44100,bird,1.0
462,./kaggletest/wbswea1/,XC267778.ogg,76.03199546485261,0,15.0,5.0,44100,bird,1.0
463,./kaggletest/wbswea1/,XC267778.ogg,76.03199546485261,0,25.0,5.0,44100,bird,1.0
464,./kaggletest/wbswea1/,XC267778.ogg,76.03199546485261,0,30.0,5.0,44100,bird,1.0
465,./kaggletest/wbswea1/,XC267778.ogg,76.03199546485261,0,35.0,5.0,44100,bird,1.0
466,./kaggletest/wbswea1/,XC267778.ogg,76.03199546485261,0,40.0,5.0,44100,bird,1.0
467,./kaggletest/wbswea1/,XC267778.ogg,76.03199546485261,0,45.0,5.0,44100,bird,1.0
468,./kaggletest/wbswea1/,XC267778.ogg,76.03199546485261,0,50.0,5.0,44100,bird,1.0
469,./kaggletest/wbswea1/,XC267778.ogg,76.03199546485261,0,55.0,5.0,44100,bird,1.0
470,./kaggletest/wbswea1/,XC267778.ogg,76.03199546485261,0,60.0,5.0,44100,bird,1.0
471,./kaggletest/wbswea1/,XC267778.ogg,76.03199546485261,0,65.0,5.0,44100,bird,1.0
472,./kaggletest/wbswea1/,XC267778.ogg,76.03199546485261,0,70.0,5.0,44100,bird,1.0
473,./kaggletest/wbswea1/,XC746796.ogg,49.535986394557824,0,0.0,5.0,44100,bird,1.0
474,./kaggletest/wbswea1/,XC746796.ogg,49.535986394557824,0,5.0,5.0,44100,bird,1.0
475,./kaggletest/wbswea1/,XC746796.ogg,49.535986394557824,0,10.0,5.0,44100,bird,1.0
476,./kaggletest/wbswea1/,XC746796.ogg,49.535986394557824,0,15.0,5.0,44100,bird,1.0
477,./kaggletest/wbswea1/,XC746796.ogg,49.535986394557824,0,20.0,5.0,44100,bird,1.0
478,./kaggletest/wbswea1/,XC746796.ogg,49.535986394557824,0,25.0,5.0,44100,bird,1.0
479,./kaggletest/wbswea1/,XC746796.ogg,49.535986394557824,0,30.0,5.0,44100,bird,1.0
480,./kaggletest/wbswea1/,XC746796.ogg,49.535986394557824,0,35.0,5.0,44100,bird,1.0
481,./kaggletest/wbswea1/,XC746796.ogg,49.535986394557824,0,40.0,5.0,44100,bird,1.0
482,./kaggletest/wbswea1/,XC194306.ogg,38.7395918367347,0,0.0,5.0,44100,bird,1.0
483,./kaggletest/wbswea1/,XC194306.ogg,38.7395918367347,0,10.0,5.0,44100,bird,1.0
484,./kaggletest/wbswea1/,XC194306.ogg,38.7395918367347,0,15.0,5.0,44100,bird,1.0
485,./kaggletest/wbswea1/,XC194306.ogg,38.7395918367347,0,20.0,5.0,44100,bird,1.0
486,./kaggletest/wbswea1/,XC194306.ogg,38.7395918367347,0,25.0,5.0,44100,bird,1.0
487,./kaggletest/wbswea1/,XC194306.ogg,38.7395918367347,0,30.0,5.0,44100,bird,1.0
488,./kaggletest/wbswea1/,XC605081.ogg,34.775986394557826,0,0.0,5.0,44100,bird,1.0
489,./kaggletest/wbswea1/,XC605081.ogg,34.775986394557826,0,5.0,5.0,44100,bird,1.0
490,./kaggletest/wbswea1/,XC605081.ogg,34.775986394557826,0,10.0,5.0,44100,bird,1.0
491,./kaggletest/wbswea1/,XC605081.ogg,34.775986394557826,0,15.0,5.0,44100,bird,1.0
492,./kaggletest/wbswea1/,XC605081.ogg,34.775986394557826,0,20.0,5.0,44100,bird,1.0
493,./kaggletest/wbswea1/,XC605081.ogg,34.775986394557826,0,25.0,5.0,44100,bird,1.0
494,./kaggletest/wbswea1/,XC195743.ogg,48.84895691609977,0,0.0,5.0,44100,bird,1.0
495,./kaggletest/wbswea1/,XC195743.ogg,48.84895691609977,0,10.0,5.0,44100,bird,1.0
496,./kaggletest/wbswea1/,XC195743.ogg,48.84895691609977,0,15.0,5.0,44100,bird,1.0
497,./kaggletest/wbswea1/,XC195743.ogg,48.84895691609977,0,20.0,5.0,44100,bird,1.0
498,./kaggletest/wbswea1/,XC195743.ogg,48.84895691609977,0,25.0,5.0,44100,bird,1.0
499,./kaggletest/wbswea1/,XC195743.ogg,48.84895691609977,0,30.0,5.0,44100,bird,1.0
500,./kaggletest/wbswea1/,XC195743.ogg,48.84895691609977,0,35.0,5.0,44100,bird,1.0
501,./kaggletest/wbswea1/,XC195743.ogg,48.84895691609977,0,40.0,5.0,44100,bird,1.0
502,./kaggletest/wbswea1/,XC512183.ogg,17.52798185941043,0,0.0,5.0,44100,bird,1.0
503,./kaggletest/wbswea1/,XC512183.ogg,17.52798185941043,0,5.0,5.0,44100,bird,1.0
504,./kaggletest/wbswea1/,XC512183.ogg,17.52798185941043,0,10.0,5.0,44100,bird,1.0
