,FOLDER,IN FILE,CLIP LENGTH,CHANNEL,OFFSET,DURATION,SAMPLE RATE,MANUAL ID,CONFIDENCE
0,./kaggletest/wfbeat1/,XC665433.ogg,17.553990929705215,0,0.0,5.0,44100,bird,1.0
1,./kaggletest/wfbeat1/,XC665433.ogg,17.553990929705215,0,5.0,5.0,44100,bird,1.0
2,./kaggletest/wfbeat1/,XC665433.ogg,17.553990929705215,0,10.0,5.0,44100,bird,1.0
3,./kaggletest/wfbeat1/,XC651032.ogg,35.00399092970522,0,0.0,5.0,44100,bird,1.0
4,./kaggletest/wfbeat1/,XC651032.ogg,35.00399092970522,0,5.0,5.0,44100,bird,1.0
5,./kaggletest/wfbeat1/,XC651032.ogg,35.00399092970522,0,10.0,5.0,44100,bird,1.0
6,./kaggletest/wfbeat1/,XC651032.ogg,35.00399092970522,0,15.0,5.0,44100,bird,1.0
7,./kaggletest/wfbeat1/,XC651032.ogg,35.00399092970522,0,20.0,5.0,44100,bird,1.0
8,./kaggletest/wfbeat1/,XC651032.ogg,35.00399092970522,0,25.0,5.0,44100,bird,1.0
9,./kaggletest/wfbeat1/,XC651032.ogg,35.00399092970522,0,30.0,5.0,44100,bird,1.0
10,./kaggletest/wfbeat1/,XC515804.ogg,42.215986394557824,0,0.0,5.0,44100,bird,1.0
11,./kaggletest/wfbeat1/,XC515804.ogg,42.215986394557824,0,5.0,5.0,44100,bird,1.0
12,./kaggletest/wfbeat1/,XC515804.ogg,42.215986394557824,0,10.0,5.0,44100,bird,1.0
13,./kaggletest/wfbeat1/,XC515804.ogg,42.215986394557824,0,15.0,5.0,44100,bird,1.0
14,./kaggletest/wfbeat1/,XC515804.ogg,42.215986394557824,0,20.0,5.0,44100,bird,1.0
15,./kaggletest/wfbeat1/,XC515804.ogg,42.215986394557824,0,25.0,5.0,44100,bird,1.0
16,./kaggletest/wfbeat1/,XC515804.ogg,42.215986394557824,0,30.0,5.0,44100,bird,1.0
17,./kaggletest/wfbeat1/,XC515804.ogg,42.215986394557824,0,35.0,5.0,44100,bird,1.0
18,./kaggletest/wfbeat1/,XC479909.ogg,11.363242630385487,0,0.0,5.0,44100,bird,1.0
19,./kaggletest/wfbeat1/,XC479909.ogg,11.363242630385487,0,5.0,5.0,44100,bird,1.0
20,./kaggletest/wfbeat1/,XC127464.ogg,39.20977324263038,0,5.0,5.0,44100,bird,1.0
21,./kaggletest/wfbeat1/,XC127464.ogg,39.20977324263038,0,10.0,5.0,44100,bird,1.0
22,./kaggletest/wfbeat1/,XC127464.ogg,39.20977324263038,0,15.0,5.0,44100,bird,1.0
23,./kaggletest/wfbeat1/,XC127464.ogg,39.20977324263038,0,20.0,5.0,44100,bird,1.0
24,./kaggletest/wfbeat1/,XC127464.ogg,39.20977324263038,0,30.0,5.0,44100,bird,1.0
25,./kaggletest/wfbeat1/,XC633448.ogg,26.38299319727891,0,0.0,5.0,44100,bird,1.0
26,./kaggletest/wfbeat1/,XC633448.ogg,26.38299319727891,0,5.0,5.0,44100,bird,1.0
27,./kaggletest/wfbeat1/,XC633448.ogg,26.38299319727891,0,10.0,5.0,44100,bird,1.0
28,./kaggletest/wfbeat1/,XC633448.ogg,26.38299319727891,0,15.0,5.0,44100,bird,1.0
29,./kaggletest/wfbeat1/,XC633448.ogg,26.38299319727891,0,20.0,5.0,44100,bird,1.0
30,./kaggletest/wfbeat1/,XC396202.ogg,33.455986394557826,0,0.0,5.0,44100,bird,1.0
31,./kaggletest/wfbeat1/,XC396202.ogg,33.455986394557826,0,5.0,5.0,44100,bird,1.0
32,./kaggletest/wfbeat1/,XC396202.ogg,33.455986394557826,0,10.0,5.0,44100,bird,1.0
33,./kaggletest/wfbeat1/,XC396202.ogg,33.455986394557826,0,15.0,5.0,44100,bird,1.0
34,./kaggletest/wfbeat1/,XC396202.ogg,33.455986394557826,0,20.0,5.0,44100,bird,1.0
35,./kaggletest/wfbeat1/,XC396202.ogg,33.455986394557826,0,25.0,5.0,44100,bird,1.0
36,./kaggletest/wfbeat1/,XC509351.ogg,7.941201814058957,0,0.0,5.0,44100,bird,1.0
37,./kaggletest/wfbeat1/,XC602903.ogg,25.363990929705217,0,0.0,5.0,44100,bird,1.0
38,./kaggletest/wfbeat1/,XC602903.ogg,25.363990929705217,0,5.0,5.0,44100,bird,1.0
39,./kaggletest/wfbeat1/,XC602903.ogg,25.363990929705217,0,10.0,5.0,44100,bird,1.0
40,./kaggletest/wfbeat1/,XC602903.ogg,25.363990929705217,0,15.0,5.0,44100,bird,1.0
41,./kaggletest/wfbeat1/,XC602903.ogg,25.363990929705217,0,20.0,5.0,44100,bird,1.0
42,./kaggletest/wfbeat1/,XC552091.ogg,14.687981859410431,0,0.0,5.0,44100,bird,1.0
43,./kaggletest/wfbeat1/,XC552091.ogg,14.687981859410431,0,5.0,5.0,44100,bird,1.0
44,./kaggletest/wfbeat1/,XC480935.ogg,24.267732426303855,0,0.0,5.0,44100,bird,1.0
45,./kaggletest/wfbeat1/,XC480935.ogg,24.267732426303855,0,5.0,5.0,44100,bird,1.0
46,./kaggletest/wfbeat1/,XC480935.ogg,24.267732426303855,0,10.0,5.0,44100,bird,1.0
47,./kaggletest/wfbeat1/,XC480935.ogg,24.267732426303855,0,15.0,5.0,44100,bird,1.0
48,./kaggletest/wfbeat1/,XC597247.ogg,10.60498866213152,0,0.0,5.0,44100,bird,1.0
49,./kaggletest/wfbeat1/,XC597247.ogg,10.60498866213152,0,5.0,5.0,44100,bird,1.0
50,./kaggletest/wfbeat1/,XC630334.ogg,27.950997732426305,0,0.0,5.0,44100,bird,1.0
51,./kaggletest/wfbeat1/,XC630334.ogg,27.950997732426305,0,5.0,5.0,44100,bird,1.0
52,./kaggletest/wfbeat1/,XC630334.ogg,27.950997732426305,0,10.0,5.0,44100,bird,1.0
53,./kaggletest/wfbeat1/,XC630334.ogg,27.950997732426305,0,15.0,5.0,44100,bird,1.0
54,./kaggletest/wfbeat1/,XC630334.ogg,27.950997732426305,0,20.0,5.0,44100,bird,1.0
55,./kaggletest/wfbeat1/,XC600778.ogg,34.36798185941043,0,0.0,5.0,44100,bird,1.0
56,./kaggletest/wfbeat1/,XC600778.ogg,34.36798185941043,0,5.0,5.0,44100,bird,1.0
57,./kaggletest/wfbeat1/,XC600778.ogg,34.36798185941043,0,10.0,5.0,44100,bird,1.0
58,./kaggletest/wfbeat1/,XC600778.ogg,34.36798185941043,0,15.0,5.0,44100,bird,1.0
59,./kaggletest/wfbeat1/,XC600778.ogg,34.36798185941043,0,20.0,5.0,44100,bird,1.0
60,./kaggletest/wfbeat1/,XC600778.ogg,34.36798185941043,0,25.0,5.0,44100,bird,1.0
61,./kaggletest/wfbeat1/,XC540642.ogg,5.25,0,0.0,5.0,44100,bird,1.0
62,./kaggletest/wfbeat1/,XC515874.ogg,15.40798185941043,0,0.0,5.0,44100,bird,1.0
63,./kaggletest/wfbeat1/,XC515874.ogg,15.40798185941043,0,5.0,5.0,44100,bird,1.0
64,./kaggletest/wfbeat1/,XC515874.ogg,15.40798185941043,0,10.0,5.0,44100,bird,1.0
65,./kaggletest/wfbeat1/,XC607238.ogg,10.866916099773242,0,0.0,5.0,44100,bird,1.0
66,./kaggletest/wfbeat1/,XC607238.ogg,10.866916099773242,0,5.0,5.0,44100,bird,1.0
67,./kaggletest/wfbeat1/,XC607575.ogg,22.895986394557823,0,0.0,5.0,44100,bird,1.0
68,./kaggletest/wfbeat1/,XC607575.ogg,22.895986394557823,0,5.0,5.0,44100,bird,1.0
69,./kaggletest/wfbeat1/,XC607575.ogg,22.895986394557823,0,10.0,5.0,44100,bird,1.0
70,./kaggletest/wfbeat1/,XC607575.ogg,22.895986394557823,0,15.0,5.0,44100,bird,1.0
71,./kaggletest/wfbeat1/,XC638169.ogg,16.45698412698413,0,0.0,5.0,44100,bird,1.0
72,./kaggletest/wfbeat1/,XC638169.ogg,16.45698412698413,0,5.0,5.0,44100,bird,1.0
73,./kaggletest/wfbeat1/,XC607237.ogg,21.78612244897959,0,0.0,5.0,44100,bird,1.0
74,./kaggletest/wfbeat1/,XC607237.ogg,21.78612244897959,0,5.0,5.0,44100,bird,1.0
75,./kaggletest/wfbeat1/,XC607237.ogg,21.78612244897959,0,10.0,5.0,44100,bird,1.0
76,./kaggletest/wfbeat1/,XC607237.ogg,21.78612244897959,0,15.0,5.0,44100,bird,1.0
77,./kaggletest/wfbeat1/,XC707800.ogg,11.780997732426304,0,0.0,5.0,44100,bird,1.0
78,./kaggletest/wfbeat1/,XC707800.ogg,11.780997732426304,0,5.0,5.0,44100,bird,1.0
79,./kaggletest/wfbeat1/,XC586182.ogg,14.706916099773242,0,0.0,5.0,44100,bird,1.0
80,./kaggletest/wfbeat1/,XC515881.wav,5.0,0,0.0,5.0,44100,bird,1.0
81,./kaggletest/wfbeat1/,XC434322.ogg,7.861995464852607,0,0.0,5.0,44100,bird,1.0
82,./kaggletest/wfbeat1/,XC377492.ogg,9.623990929705215,0,0.0,5.0,44100,bird,1.0
83,./kaggletest/wfbeat1/,XC416394.ogg,12.981995464852607,0,0.0,5.0,44100,bird,1.0
84,./kaggletest/wfbeat1/,XC416394.ogg,12.981995464852607,0,5.0,5.0,44100,bird,1.0
85,./kaggletest/wfbeat1/,XC515882.ogg,10.583990929705216,0,0.0,5.0,44100,bird,1.0
86,./kaggletest/wfbeat1/,XC515882.ogg,10.583990929705216,0,5.0,5.0,44100,bird,1.0
87,./kaggletest/wfbeat1/,XC607219.ogg,19.943990929705215,0,0.0,5.0,44100,bird,1.0
88,./kaggletest/wfbeat1/,XC607219.ogg,19.943990929705215,0,10.0,5.0,44100,bird,1.0
89,./kaggletest/wfbeat1/,XC515878.wav,5.0,0,0.0,5.0,44100,bird,1.0
90,./kaggletest/wfbeat1/,XC381063.ogg,30.249773242630386,0,0.0,5.0,44100,bird,1.0
91,./kaggletest/wfbeat1/,XC381063.ogg,30.249773242630386,0,5.0,5.0,44100,bird,1.0
92,./kaggletest/wfbeat1/,XC381063.ogg,30.249773242630386,0,10.0,5.0,44100,bird,1.0
93,./kaggletest/wfbeat1/,XC381063.ogg,30.249773242630386,0,15.0,5.0,44100,bird,1.0
94,./kaggletest/wfbeat1/,XC381063.ogg,30.249773242630386,0,20.0,5.0,44100,bird,1.0
95,./kaggletest/wfbeat1/,XC381063.ogg,30.249773242630386,0,25.0,5.0,44100,bird,1.0
96,./kaggletest/wfbeat1/,XC600777.ogg,26.903990929705216,0,0.0,5.0,44100,bird,1.0
97,./kaggletest/wfbeat1/,XC600777.ogg,26.903990929705216,0,5.0,5.0,44100,bird,1.0
98,./kaggletest/wfbeat1/,XC600777.ogg,26.903990929705216,0,10.0,5.0,44100,bird,1.0
99,./kaggletest/wfbeat1/,XC600777.ogg,26.903990929705216,0,15.0,5.0,44100,bird,1.0
100,./kaggletest/wfbeat1/,XC600777.ogg,26.903990929705216,0,20.0,5.0,44100,bird,1.0
101,./kaggletest/wfbeat1/,XC377495.ogg,8.543990929705215,0,0.0,5.0,44100,bird,1.0
102,./kaggletest/wfbeat1/,XC421997.ogg,110.96798185941043,0,0.0,5.0,44100,bird,1.0
103,./kaggletest/wfbeat1/,XC421997.ogg,110.96798185941043,0,5.0,5.0,44100,bird,1.0
104,./kaggletest/wfbeat1/,XC421997.ogg,110.96798185941043,0,10.0,5.0,44100,bird,1.0
105,./kaggletest/wfbeat1/,XC421997.ogg,110.96798185941043,0,15.0,5.0,44100,bird,1.0
106,./kaggletest/wfbeat1/,XC421997.ogg,110.96798185941043,0,20.0,5.0,44100,bird,1.0
107,./kaggletest/wfbeat1/,XC421997.ogg,110.96798185941043,0,25.0,5.0,44100,bird,1.0
108,./kaggletest/wfbeat1/,XC421997.ogg,110.96798185941043,0,30.0,5.0,44100,bird,1.0
109,./kaggletest/wfbeat1/,XC421997.ogg,110.96798185941043,0,35.0,5.0,44100,bird,1.0
110,./kaggletest/wfbeat1/,XC421997.ogg,110.96798185941043,0,40.0,5.0,44100,bird,1.0
111,./kaggletest/wfbeat1/,XC421997.ogg,110.96798185941043,0,45.0,5.0,44100,bird,1.0
112,./kaggletest/wfbeat1/,XC421997.ogg,110.96798185941043,0,55.0,5.0,44100,bird,1.0
113,./kaggletest/wfbeat1/,XC421997.ogg,110.96798185941043,0,60.0,5.0,44100,bird,1.0
114,./kaggletest/wfbeat1/,XC421997.ogg,110.96798185941043,0,70.0,5.0,44100,bird,1.0
115,./kaggletest/wfbeat1/,XC421997.ogg,110.96798185941043,0,80.0,5.0,44100,bird,1.0
116,./kaggletest/wfbeat1/,XC421997.ogg,110.96798185941043,0,85.0,5.0,44100,bird,1.0
117,./kaggletest/wfbeat1/,XC421997.ogg,110.96798185941043,0,90.0,5.0,44100,bird,1.0
118,./kaggletest/wfbeat1/,XC421997.ogg,110.96798185941043,0,105.0,5.0,44100,bird,1.0
119,./kaggletest/wfbeat1/,XC584720.ogg,22.055986394557824,0,0.0,5.0,44100,bird,1.0
120,./kaggletest/wfbeat1/,XC584720.ogg,22.055986394557824,0,5.0,5.0,44100,bird,1.0
121,./kaggletest/wfbeat1/,XC584720.ogg,22.055986394557824,0,10.0,5.0,44100,bird,1.0
122,./kaggletest/wfbeat1/,XC584720.ogg,22.055986394557824,0,15.0,5.0,44100,bird,1.0
123,./kaggletest/wfbeat1/,XC462098.ogg,34.61224489795919,0,0.0,5.0,44100,bird,1.0
124,./kaggletest/wfbeat1/,XC462098.ogg,34.61224489795919,0,10.0,5.0,44100,bird,1.0
125,./kaggletest/wfbeat1/,XC462098.ogg,34.61224489795919,0,15.0,5.0,44100,bird,1.0
126,./kaggletest/wfbeat1/,XC462098.ogg,34.61224489795919,0,20.0,5.0,44100,bird,1.0
127,./kaggletest/wfbeat1/,XC462098.ogg,34.61224489795919,0,25.0,5.0,44100,bird,1.0
128,./kaggletest/wfbeat1/,XC665570.ogg,40.828979591836735,0,0.0,5.0,44100,bird,1.0
129,./kaggletest/wfbeat1/,XC665570.ogg,40.828979591836735,0,5.0,5.0,44100,bird,1.0
130,./kaggletest/wfbeat1/,XC665570.ogg,40.828979591836735,0,10.0,5.0,44100,bird,1.0
131,./kaggletest/wfbeat1/,XC665570.ogg,40.828979591836735,0,15.0,5.0,44100,bird,1.0
132,./kaggletest/wfbeat1/,XC665570.ogg,40.828979591836735,0,20.0,5.0,44100,bird,1.0
133,./kaggletest/wfbeat1/,XC665570.ogg,40.828979591836735,0,25.0,5.0,44100,bird,1.0
134,./kaggletest/wfbeat1/,XC665570.ogg,40.828979591836735,0,30.0,5.0,44100,bird,1.0
135,./kaggletest/wfbeat1/,XC665570.ogg,40.828979591836735,0,35.0,5.0,44100,bird,1.0
136,./kaggletest/wfbeat1/,XC517402.wav,5.0,0,0.0,5.0,44100,bird,1.0
137,./kaggletest/wfbeat1/,XC584722.wav,5.0,0,0.0,5.0,44100,bird,1.0
138,./kaggletest/wfbeat1/,XC189552.ogg,12.564897959183673,0,0.0,5.0,44100,bird,1.0
139,./kaggletest/wfbeat1/,XC189552.ogg,12.564897959183673,0,5.0,5.0,44100,bird,1.0
140,./kaggletest/wfbeat1/,XC645868.ogg,35.78698412698413,0,0.0,5.0,44100,bird,1.0
141,./kaggletest/wfbeat1/,XC645868.ogg,35.78698412698413,0,5.0,5.0,44100,bird,1.0
142,./kaggletest/wfbeat1/,XC645868.ogg,35.78698412698413,0,10.0,5.0,44100,bird,1.0
143,./kaggletest/wfbeat1/,XC645868.ogg,35.78698412698413,0,15.0,5.0,44100,bird,1.0
144,./kaggletest/wfbeat1/,XC645868.ogg,35.78698412698413,0,20.0,5.0,44100,bird,1.0
145,./kaggletest/wfbeat1/,XC645868.ogg,35.78698412698413,0,25.0,5.0,44100,bird,1.0
146,./kaggletest/wfbeat1/,XC645868.ogg,35.78698412698413,0,30.0,5.0,44100,bird,1.0
147,./kaggletest/wfbeat1/,XC665574.ogg,33.22698412698413,0,0.0,5.0,44100,bird,1.0
148,./kaggletest/wfbeat1/,XC665574.ogg,33.22698412698413,0,5.0,5.0,44100,bird,1.0
149,./kaggletest/wfbeat1/,XC665574.ogg,33.22698412698413,0,10.0,5.0,44100,bird,1.0
150,./kaggletest/wfbeat1/,XC665574.ogg,33.22698412698413,0,15.0,5.0,44100,bird,1.0
151,./kaggletest/wfbeat1/,XC665574.ogg,33.22698412698413,0,20.0,5.0,44100,bird,1.0
152,./kaggletest/wfbeat1/,XC665574.ogg,33.22698412698413,0,25.0,5.0,44100,bird,1.0
153,./kaggletest/wfbeat1/,XC650519.ogg,6.767981859410431,0,0.0,5.0,44100,bird,1.0
154,./kaggletest/wfbeat1/,XC601540.ogg,7.262018140589569,0,0.0,5.0,44100,bird,1.0
155,./kaggletest/wfbeat1/,XC584719.ogg,19.39199546485261,0,0.0,5.0,44100,bird,1.0
156,./kaggletest/wfbeat1/,XC584719.ogg,19.39199546485261,0,5.0,5.0,44100,bird,1.0
157,./kaggletest/wfbeat1/,XC584719.ogg,19.39199546485261,0,10.0,5.0,44100,bird,1.0
158,./kaggletest/wfbeat1/,XC489200.ogg,15.04798185941043,0,0.0,5.0,44100,bird,1.0
159,./kaggletest/wfbeat1/,XC489200.ogg,15.04798185941043,0,5.0,5.0,44100,bird,1.0
160,./kaggletest/wfbeat1/,XC489200.ogg,15.04798185941043,0,10.0,5.0,44100,bird,1.0
161,./kaggletest/wfbeat1/,XC517400.ogg,5.04,0,0.0,5.0,44100,bird,1.0
