,FOLDER,IN FILE,CLIP LENGTH,CHANNEL,OFFSET,DURATION,SAMPLE RATE,MANUAL ID,CONFIDENCE
0,./kaggletest/whbwhe3/,XC616999.ogg,24.48,0,0.0,5.0,44100,bird,1.0
1,./kaggletest/whbwhe3/,XC616999.ogg,24.48,0,5.0,5.0,44100,bird,1.0
2,./kaggletest/whbwhe3/,XC616999.ogg,24.48,0,10.0,5.0,44100,bird,1.0
3,./kaggletest/whbwhe3/,XC616999.ogg,24.48,0,15.0,5.0,44100,bird,1.0
4,./kaggletest/whbwhe3/,XC756410.ogg,25.2865306122449,0,0.0,5.0,44100,bird,1.0
5,./kaggletest/whbwhe3/,XC756410.ogg,25.2865306122449,0,5.0,5.0,44100,bird,1.0
6,./kaggletest/whbwhe3/,XC756410.ogg,25.2865306122449,0,10.0,5.0,44100,bird,1.0
7,./kaggletest/whbwhe3/,XC756410.ogg,25.2865306122449,0,15.0,5.0,44100,bird,1.0
8,./kaggletest/whbwhe3/,XC756410.ogg,25.2865306122449,0,20.0,5.0,44100,bird,1.0
9,./kaggletest/whbwhe3/,XC697675.ogg,20.495986394557825,0,0.0,5.0,44100,bird,1.0
10,./kaggletest/whbwhe3/,XC697675.ogg,20.495986394557825,0,5.0,5.0,44100,bird,1.0
11,./kaggletest/whbwhe3/,XC697675.ogg,20.495986394557825,0,10.0,5.0,44100,bird,1.0
12,./kaggletest/whbwhe3/,XC697675.ogg,20.495986394557825,0,15.0,5.0,44100,bird,1.0
13,./kaggletest/whbwhe3/,XC694801.ogg,5.16,0,0.0,5.0,44100,bird,1.0
14,./kaggletest/whbwhe3/,XC605076.ogg,28.991995464852607,0,0.0,5.0,44100,bird,1.0
15,./kaggletest/whbwhe3/,XC605076.ogg,28.991995464852607,0,5.0,5.0,44100,bird,1.0
16,./kaggletest/whbwhe3/,XC605076.ogg,28.991995464852607,0,10.0,5.0,44100,bird,1.0
17,./kaggletest/whbwhe3/,XC605076.ogg,28.991995464852607,0,15.0,5.0,44100,bird,1.0
18,./kaggletest/whbwhe3/,XC605076.ogg,28.991995464852607,0,20.0,5.0,44100,bird,1.0
19,./kaggletest/whbwhe3/,XC600814.ogg,30.455986394557822,0,0.0,5.0,44100,bird,1.0
20,./kaggletest/whbwhe3/,XC600814.ogg,30.455986394557822,0,5.0,5.0,44100,bird,1.0
21,./kaggletest/whbwhe3/,XC600814.ogg,30.455986394557822,0,10.0,5.0,44100,bird,1.0
22,./kaggletest/whbwhe3/,XC600814.ogg,30.455986394557822,0,15.0,5.0,44100,bird,1.0
23,./kaggletest/whbwhe3/,XC600814.ogg,30.455986394557822,0,20.0,5.0,44100,bird,1.0
24,./kaggletest/whbwhe3/,XC600814.ogg,30.455986394557822,0,25.0,5.0,44100,bird,1.0
25,./kaggletest/whbwhe3/,XC291337.ogg,14.027732426303855,0,0.0,5.0,44100,bird,1.0
26,./kaggletest/whbwhe3/,XC291337.ogg,14.027732426303855,0,5.0,5.0,44100,bird,1.0
27,./kaggletest/whbwhe3/,XC607573.ogg,26.951995464852608,0,5.0,5.0,44100,bird,1.0
28,./kaggletest/whbwhe3/,XC607573.ogg,26.951995464852608,0,10.0,5.0,44100,bird,1.0
29,./kaggletest/whbwhe3/,XC607573.ogg,26.951995464852608,0,15.0,5.0,44100,bird,1.0
30,./kaggletest/whbwhe3/,XC607573.ogg,26.951995464852608,0,20.0,5.0,44100,bird,1.0
31,./kaggletest/whbwhe3/,XC602621.ogg,35.95199546485261,0,0.0,5.0,44100,bird,1.0
32,./kaggletest/whbwhe3/,XC602621.ogg,35.95199546485261,0,5.0,5.0,44100,bird,1.0
33,./kaggletest/whbwhe3/,XC602621.ogg,35.95199546485261,0,10.0,5.0,44100,bird,1.0
34,./kaggletest/whbwhe3/,XC602621.ogg,35.95199546485261,0,15.0,5.0,44100,bird,1.0
35,./kaggletest/whbwhe3/,XC602621.ogg,35.95199546485261,0,20.0,5.0,44100,bird,1.0
36,./kaggletest/whbwhe3/,XC602621.ogg,35.95199546485261,0,25.0,5.0,44100,bird,1.0
37,./kaggletest/whbwhe3/,XC602621.ogg,35.95199546485261,0,30.0,5.0,44100,bird,1.0
38,./kaggletest/whbwhe3/,XC606269.ogg,20.818979591836733,0,0.0,5.0,44100,bird,1.0
39,./kaggletest/whbwhe3/,XC606269.ogg,20.818979591836733,0,5.0,5.0,44100,bird,1.0
40,./kaggletest/whbwhe3/,XC606269.ogg,20.818979591836733,0,10.0,5.0,44100,bird,1.0
41,./kaggletest/whbwhe3/,XC606269.ogg,20.818979591836733,0,15.0,5.0,44100,bird,1.0
42,./kaggletest/whbwhe3/,XC602620.ogg,45.36,0,0.0,5.0,44100,bird,1.0
43,./kaggletest/whbwhe3/,XC602620.ogg,45.36,0,5.0,5.0,44100,bird,1.0
44,./kaggletest/whbwhe3/,XC602620.ogg,45.36,0,10.0,5.0,44100,bird,1.0
45,./kaggletest/whbwhe3/,XC602620.ogg,45.36,0,15.0,5.0,44100,bird,1.0
46,./kaggletest/whbwhe3/,XC602620.ogg,45.36,0,20.0,5.0,44100,bird,1.0
47,./kaggletest/whbwhe3/,XC602620.ogg,45.36,0,25.0,5.0,44100,bird,1.0
48,./kaggletest/whbwhe3/,XC602620.ogg,45.36,0,30.0,5.0,44100,bird,1.0
49,./kaggletest/whbwhe3/,XC602620.ogg,45.36,0,35.0,5.0,44100,bird,1.0
50,./kaggletest/whbwhe3/,XC602620.ogg,45.36,0,40.0,5.0,44100,bird,1.0
51,./kaggletest/whbwhe3/,XC593142.ogg,16.56,0,0.0,5.0,44100,bird,1.0
52,./kaggletest/whbwhe3/,XC593142.ogg,16.56,0,5.0,5.0,44100,bird,1.0
53,./kaggletest/whbwhe3/,XC593142.ogg,16.56,0,10.0,5.0,44100,bird,1.0
54,./kaggletest/whbwhe3/,XC593231.ogg,41.32798185941043,0,0.0,5.0,44100,bird,1.0
55,./kaggletest/whbwhe3/,XC593231.ogg,41.32798185941043,0,5.0,5.0,44100,bird,1.0
56,./kaggletest/whbwhe3/,XC593231.ogg,41.32798185941043,0,10.0,5.0,44100,bird,1.0
57,./kaggletest/whbwhe3/,XC593231.ogg,41.32798185941043,0,15.0,5.0,44100,bird,1.0
58,./kaggletest/whbwhe3/,XC593231.ogg,41.32798185941043,0,20.0,5.0,44100,bird,1.0
59,./kaggletest/whbwhe3/,XC593231.ogg,41.32798185941043,0,25.0,5.0,44100,bird,1.0
60,./kaggletest/whbwhe3/,XC593231.ogg,41.32798185941043,0,30.0,5.0,44100,bird,1.0
61,./kaggletest/whbwhe3/,XC593231.ogg,41.32798185941043,0,35.0,5.0,44100,bird,1.0
62,./kaggletest/whbwhe3/,XC600813.ogg,81.26399092970522,0,5.0,5.0,44100,bird,1.0
63,./kaggletest/whbwhe3/,XC600813.ogg,81.26399092970522,0,10.0,5.0,44100,bird,1.0
64,./kaggletest/whbwhe3/,XC600813.ogg,81.26399092970522,0,15.0,5.0,44100,bird,1.0
65,./kaggletest/whbwhe3/,XC600813.ogg,81.26399092970522,0,30.0,5.0,44100,bird,1.0
66,./kaggletest/whbwhe3/,XC600813.ogg,81.26399092970522,0,35.0,5.0,44100,bird,1.0
67,./kaggletest/whbwhe3/,XC600813.ogg,81.26399092970522,0,45.0,5.0,44100,bird,1.0
68,./kaggletest/whbwhe3/,XC600813.ogg,81.26399092970522,0,55.0,5.0,44100,bird,1.0
69,./kaggletest/whbwhe3/,XC600813.ogg,81.26399092970522,0,70.0,5.0,44100,bird,1.0
70,./kaggletest/whbwhe3/,XC593151.ogg,22.00798185941043,0,0.0,5.0,44100,bird,1.0
71,./kaggletest/whbwhe3/,XC593151.ogg,22.00798185941043,0,5.0,5.0,44100,bird,1.0
72,./kaggletest/whbwhe3/,XC593151.ogg,22.00798185941043,0,10.0,5.0,44100,bird,1.0
73,./kaggletest/whbwhe3/,XC593151.ogg,22.00798185941043,0,15.0,5.0,44100,bird,1.0
74,./kaggletest/whbwhe3/,XC394317.ogg,16.943990929705215,0,0.0,5.0,44100,bird,1.0
75,./kaggletest/whbwhe3/,XC394317.ogg,16.943990929705215,0,5.0,5.0,44100,bird,1.0
76,./kaggletest/whbwhe3/,XC394317.ogg,16.943990929705215,0,10.0,5.0,44100,bird,1.0
77,./kaggletest/whbwhe3/,XC593232.ogg,66.64798185941044,0,20.0,5.0,44100,bird,1.0
78,./kaggletest/whbwhe3/,XC593232.ogg,66.64798185941044,0,40.0,5.0,44100,bird,1.0
79,./kaggletest/whbwhe3/,XC593232.ogg,66.64798185941044,0,45.0,5.0,44100,bird,1.0
80,./kaggletest/whbwhe3/,XC593232.ogg,66.64798185941044,0,55.0,5.0,44100,bird,1.0
81,./kaggletest/whbwhe3/,XC593232.ogg,66.64798185941044,0,60.0,5.0,44100,bird,1.0
82,./kaggletest/whbwhe3/,XC394316.ogg,22.223990929705217,0,0.0,5.0,44100,bird,1.0
83,./kaggletest/whbwhe3/,XC394316.ogg,22.223990929705217,0,5.0,5.0,44100,bird,1.0
84,./kaggletest/whbwhe3/,XC394316.ogg,22.223990929705217,0,10.0,5.0,44100,bird,1.0
85,./kaggletest/whbwhe3/,XC394316.ogg,22.223990929705217,0,15.0,5.0,44100,bird,1.0
86,./kaggletest/whbwhe3/,XC593150.ogg,31.055986394557824,0,0.0,5.0,44100,bird,1.0
87,./kaggletest/whbwhe3/,XC593150.ogg,31.055986394557824,0,5.0,5.0,44100,bird,1.0
88,./kaggletest/whbwhe3/,XC593150.ogg,31.055986394557824,0,10.0,5.0,44100,bird,1.0
89,./kaggletest/whbwhe3/,XC593150.ogg,31.055986394557824,0,15.0,5.0,44100,bird,1.0
90,./kaggletest/whbwhe3/,XC593150.ogg,31.055986394557824,0,20.0,5.0,44100,bird,1.0
91,./kaggletest/whbwhe3/,XC593150.ogg,31.055986394557824,0,25.0,5.0,44100,bird,1.0
92,./kaggletest/whbwhe3/,XC601844.ogg,47.93467120181406,0,0.0,5.0,44100,bird,1.0
93,./kaggletest/whbwhe3/,XC601844.ogg,47.93467120181406,0,5.0,5.0,44100,bird,1.0
94,./kaggletest/whbwhe3/,XC601844.ogg,47.93467120181406,0,10.0,5.0,44100,bird,1.0
95,./kaggletest/whbwhe3/,XC601844.ogg,47.93467120181406,0,15.0,5.0,44100,bird,1.0
96,./kaggletest/whbwhe3/,XC601844.ogg,47.93467120181406,0,20.0,5.0,44100,bird,1.0
97,./kaggletest/whbwhe3/,XC601844.ogg,47.93467120181406,0,25.0,5.0,44100,bird,1.0
98,./kaggletest/whbwhe3/,XC601844.ogg,47.93467120181406,0,30.0,5.0,44100,bird,1.0
99,./kaggletest/whbwhe3/,XC601844.ogg,47.93467120181406,0,35.0,5.0,44100,bird,1.0
100,./kaggletest/whbwhe3/,XC601844.ogg,47.93467120181406,0,40.0,5.0,44100,bird,1.0
101,./kaggletest/whbwhe3/,XC599473.ogg,206.62854875283446,0,0.0,5.0,44100,bird,1.0
102,./kaggletest/whbwhe3/,XC599473.ogg,206.62854875283446,0,5.0,5.0,44100,bird,1.0
103,./kaggletest/whbwhe3/,XC599473.ogg,206.62854875283446,0,10.0,5.0,44100,bird,1.0
104,./kaggletest/whbwhe3/,XC599473.ogg,206.62854875283446,0,15.0,5.0,44100,bird,1.0
105,./kaggletest/whbwhe3/,XC599473.ogg,206.62854875283446,0,20.0,5.0,44100,bird,1.0
106,./kaggletest/whbwhe3/,XC599473.ogg,206.62854875283446,0,25.0,5.0,44100,bird,1.0
107,./kaggletest/whbwhe3/,XC599473.ogg,206.62854875283446,0,30.0,5.0,44100,bird,1.0
108,./kaggletest/whbwhe3/,XC599473.ogg,206.62854875283446,0,35.0,5.0,44100,bird,1.0
109,./kaggletest/whbwhe3/,XC599473.ogg,206.62854875283446,0,40.0,5.0,44100,bird,1.0
110,./kaggletest/whbwhe3/,XC599473.ogg,206.62854875283446,0,45.0,5.0,44100,bird,1.0
111,./kaggletest/whbwhe3/,XC599473.ogg,206.62854875283446,0,50.0,5.0,44100,bird,1.0
112,./kaggletest/whbwhe3/,XC599473.ogg,206.62854875283446,0,55.0,5.0,44100,bird,1.0
113,./kaggletest/whbwhe3/,XC599473.ogg,206.62854875283446,0,60.0,5.0,44100,bird,1.0
114,./kaggletest/whbwhe3/,XC599473.ogg,206.62854875283446,0,65.0,5.0,44100,bird,1.0
115,./kaggletest/whbwhe3/,XC599473.ogg,206.62854875283446,0,70.0,5.0,44100,bird,1.0
116,./kaggletest/whbwhe3/,XC599473.ogg,206.62854875283446,0,75.0,5.0,44100,bird,1.0
117,./kaggletest/whbwhe3/,XC599473.ogg,206.62854875283446,0,80.0,5.0,44100,bird,1.0
118,./kaggletest/whbwhe3/,XC599473.ogg,206.62854875283446,0,85.0,5.0,44100,bird,1.0
119,./kaggletest/whbwhe3/,XC599473.ogg,206.62854875283446,0,90.0,5.0,44100,bird,1.0
120,./kaggletest/whbwhe3/,XC599473.ogg,206.62854875283446,0,95.0,5.0,44100,bird,1.0
121,./kaggletest/whbwhe3/,XC599473.ogg,206.62854875283446,0,100.0,5.0,44100,bird,1.0
122,./kaggletest/whbwhe3/,XC599473.ogg,206.62854875283446,0,105.0,5.0,44100,bird,1.0
123,./kaggletest/whbwhe3/,XC599473.ogg,206.62854875283446,0,110.0,5.0,44100,bird,1.0
124,./kaggletest/whbwhe3/,XC599473.ogg,206.62854875283446,0,115.0,5.0,44100,bird,1.0
125,./kaggletest/whbwhe3/,XC599473.ogg,206.62854875283446,0,120.0,5.0,44100,bird,1.0
126,./kaggletest/whbwhe3/,XC599473.ogg,206.62854875283446,0,125.0,5.0,44100,bird,1.0
127,./kaggletest/whbwhe3/,XC599473.ogg,206.62854875283446,0,130.0,5.0,44100,bird,1.0
128,./kaggletest/whbwhe3/,XC599473.ogg,206.62854875283446,0,135.0,5.0,44100,bird,1.0
129,./kaggletest/whbwhe3/,XC599473.ogg,206.62854875283446,0,140.0,5.0,44100,bird,1.0
130,./kaggletest/whbwhe3/,XC599473.ogg,206.62854875283446,0,145.0,5.0,44100,bird,1.0
131,./kaggletest/whbwhe3/,XC599473.ogg,206.62854875283446,0,150.0,5.0,44100,bird,1.0
132,./kaggletest/whbwhe3/,XC599473.ogg,206.62854875283446,0,155.0,5.0,44100,bird,1.0
133,./kaggletest/whbwhe3/,XC599473.ogg,206.62854875283446,0,160.0,5.0,44100,bird,1.0
134,./kaggletest/whbwhe3/,XC599473.ogg,206.62854875283446,0,165.0,5.0,44100,bird,1.0
135,./kaggletest/whbwhe3/,XC599473.ogg,206.62854875283446,0,170.0,5.0,44100,bird,1.0
136,./kaggletest/whbwhe3/,XC599473.ogg,206.62854875283446,0,175.0,5.0,44100,bird,1.0
137,./kaggletest/whbwhe3/,XC599473.ogg,206.62854875283446,0,180.0,5.0,44100,bird,1.0
138,./kaggletest/whbwhe3/,XC599473.ogg,206.62854875283446,0,185.0,5.0,44100,bird,1.0
139,./kaggletest/whbwhe3/,XC599473.ogg,206.62854875283446,0,190.0,5.0,44100,bird,1.0
140,./kaggletest/whbwhe3/,XC599473.ogg,206.62854875283446,0,195.0,5.0,44100,bird,1.0
141,./kaggletest/whbwhe3/,XC599473.ogg,206.62854875283446,0,200.0,5.0,44100,bird,1.0
142,./kaggletest/whbwhe3/,XC601136.ogg,20.323242630385487,0,0.0,5.0,44100,bird,1.0
143,./kaggletest/whbwhe3/,XC601136.ogg,20.323242630385487,0,5.0,5.0,44100,bird,1.0
144,./kaggletest/whbwhe3/,XC601136.ogg,20.323242630385487,0,10.0,5.0,44100,bird,1.0
145,./kaggletest/whbwhe3/,XC601136.ogg,20.323242630385487,0,15.0,5.0,44100,bird,1.0
146,./kaggletest/whbwhe3/,XC607232.ogg,27.335986394557825,0,0.0,5.0,44100,bird,1.0
147,./kaggletest/whbwhe3/,XC607232.ogg,27.335986394557825,0,5.0,5.0,44100,bird,1.0
148,./kaggletest/whbwhe3/,XC607232.ogg,27.335986394557825,0,10.0,5.0,44100,bird,1.0
149,./kaggletest/whbwhe3/,XC607232.ogg,27.335986394557825,0,15.0,5.0,44100,bird,1.0
150,./kaggletest/whbwhe3/,XC607232.ogg,27.335986394557825,0,20.0,5.0,44100,bird,1.0
151,./kaggletest/whbwhe3/,XC606272.ogg,34.611995464852605,0,0.0,5.0,44100,bird,1.0
152,./kaggletest/whbwhe3/,XC606272.ogg,34.611995464852605,0,5.0,5.0,44100,bird,1.0
153,./kaggletest/whbwhe3/,XC606272.ogg,34.611995464852605,0,10.0,5.0,44100,bird,1.0
154,./kaggletest/whbwhe3/,XC606272.ogg,34.611995464852605,0,15.0,5.0,44100,bird,1.0
155,./kaggletest/whbwhe3/,XC606272.ogg,34.611995464852605,0,20.0,5.0,44100,bird,1.0
156,./kaggletest/whbwhe3/,XC606272.ogg,34.611995464852605,0,25.0,5.0,44100,bird,1.0
157,./kaggletest/whbwhe3/,XC608276.ogg,13.244081632653062,0,0.0,5.0,44100,bird,1.0
158,./kaggletest/whbwhe3/,XC608276.ogg,13.244081632653062,0,5.0,5.0,44100,bird,1.0
159,./kaggletest/whbwhe3/,XC129133.ogg,12.643242630385487,0,0.0,5.0,44100,bird,1.0
160,./kaggletest/whbwhe3/,XC129133.ogg,12.643242630385487,0,5.0,5.0,44100,bird,1.0
161,./kaggletest/whbwhe3/,XC681391.ogg,20.140385487528345,0,0.0,5.0,44100,bird,1.0
162,./kaggletest/whbwhe3/,XC681391.ogg,20.140385487528345,0,5.0,5.0,44100,bird,1.0
163,./kaggletest/whbwhe3/,XC681391.ogg,20.140385487528345,0,15.0,5.0,44100,bird,1.0
164,./kaggletest/whbwhe3/,XC610071.ogg,6.008140589569161,0,0.0,5.0,44100,bird,1.0
165,./kaggletest/whbwhe3/,XC605078.ogg,30.36,0,0.0,5.0,44100,bird,1.0
166,./kaggletest/whbwhe3/,XC605078.ogg,30.36,0,5.0,5.0,44100,bird,1.0
167,./kaggletest/whbwhe3/,XC605078.ogg,30.36,0,10.0,5.0,44100,bird,1.0
168,./kaggletest/whbwhe3/,XC605078.ogg,30.36,0,15.0,5.0,44100,bird,1.0
169,./kaggletest/whbwhe3/,XC605078.ogg,30.36,0,20.0,5.0,44100,bird,1.0
170,./kaggletest/whbwhe3/,XC605078.ogg,30.36,0,25.0,5.0,44100,bird,1.0
171,./kaggletest/whbwhe3/,XC610313.ogg,34.36798185941043,0,0.0,5.0,44100,bird,1.0
172,./kaggletest/whbwhe3/,XC610313.ogg,34.36798185941043,0,5.0,5.0,44100,bird,1.0
173,./kaggletest/whbwhe3/,XC610313.ogg,34.36798185941043,0,10.0,5.0,44100,bird,1.0
174,./kaggletest/whbwhe3/,XC610313.ogg,34.36798185941043,0,15.0,5.0,44100,bird,1.0
175,./kaggletest/whbwhe3/,XC610313.ogg,34.36798185941043,0,20.0,5.0,44100,bird,1.0
176,./kaggletest/whbwhe3/,XC610313.ogg,34.36798185941043,0,25.0,5.0,44100,bird,1.0
177,./kaggletest/whbwhe3/,XC617865.ogg,27.375986394557824,0,0.0,5.0,44100,bird,1.0
178,./kaggletest/whbwhe3/,XC617865.ogg,27.375986394557824,0,5.0,5.0,44100,bird,1.0
179,./kaggletest/whbwhe3/,XC617865.ogg,27.375986394557824,0,10.0,5.0,44100,bird,1.0
180,./kaggletest/whbwhe3/,XC617865.ogg,27.375986394557824,0,15.0,5.0,44100,bird,1.0
181,./kaggletest/whbwhe3/,XC617865.ogg,27.375986394557824,0,20.0,5.0,44100,bird,1.0
182,./kaggletest/whbwhe3/,XC610314.ogg,5.111995464852607,0,0.0,5.0,44100,bird,1.0
