,FOLDER,IN FILE,CLIP LENGTH,CHANNEL,OFFSET,DURATION,SAMPLE RATE,MANUAL ID,CONFIDENCE
0,./kaggletest/wheslf1/,XC430671.ogg,31.528979591836734,0,0.0,5.0,44100,bird,1.0
1,./kaggletest/wheslf1/,XC430671.ogg,31.528979591836734,0,5.0,5.0,44100,bird,1.0
2,./kaggletest/wheslf1/,XC430671.ogg,31.528979591836734,0,10.0,5.0,44100,bird,1.0
3,./kaggletest/wheslf1/,XC430671.ogg,31.528979591836734,0,15.0,5.0,44100,bird,1.0
4,./kaggletest/wheslf1/,XC430671.ogg,31.528979591836734,0,20.0,5.0,44100,bird,1.0
5,./kaggletest/wheslf1/,XC430671.ogg,31.528979591836734,0,25.0,5.0,44100,bird,1.0
6,./kaggletest/wheslf1/,XC368858.ogg,36.80598639455782,0,0.0,5.0,44100,bird,1.0
7,./kaggletest/wheslf1/,XC368858.ogg,36.80598639455782,0,5.0,5.0,44100,bird,1.0
8,./kaggletest/wheslf1/,XC368858.ogg,36.80598639455782,0,10.0,5.0,44100,bird,1.0
9,./kaggletest/wheslf1/,XC368858.ogg,36.80598639455782,0,15.0,5.0,44100,bird,1.0
10,./kaggletest/wheslf1/,XC368858.ogg,36.80598639455782,0,20.0,5.0,44100,bird,1.0
11,./kaggletest/wheslf1/,XC368858.ogg,36.80598639455782,0,25.0,5.0,44100,bird,1.0
12,./kaggletest/wheslf1/,XC368858.ogg,36.80598639455782,0,30.0,5.0,44100,bird,1.0
13,./kaggletest/wheslf1/,XC154210.ogg,28.76079365079365,0,0.0,5.0,44100,bird,1.0
14,./kaggletest/wheslf1/,XC154210.ogg,28.76079365079365,0,5.0,5.0,44100,bird,1.0
15,./kaggletest/wheslf1/,XC154210.ogg,28.76079365079365,0,10.0,5.0,44100,bird,1.0
16,./kaggletest/wheslf1/,XC154210.ogg,28.76079365079365,0,15.0,5.0,44100,bird,1.0
17,./kaggletest/wheslf1/,XC154210.ogg,28.76079365079365,0,20.0,5.0,44100,bird,1.0
18,./kaggletest/wheslf1/,XC203653.ogg,6.060385487528345,0,0.0,5.0,44100,bird,1.0
19,./kaggletest/wheslf1/,XC235916.ogg,59.97714285714286,0,0.0,5.0,44100,bird,1.0
20,./kaggletest/wheslf1/,XC235916.ogg,59.97714285714286,0,5.0,5.0,44100,bird,1.0
21,./kaggletest/wheslf1/,XC235916.ogg,59.97714285714286,0,10.0,5.0,44100,bird,1.0
22,./kaggletest/wheslf1/,XC235916.ogg,59.97714285714286,0,15.0,5.0,44100,bird,1.0
23,./kaggletest/wheslf1/,XC235916.ogg,59.97714285714286,0,20.0,5.0,44100,bird,1.0
24,./kaggletest/wheslf1/,XC235916.ogg,59.97714285714286,0,25.0,5.0,44100,bird,1.0
25,./kaggletest/wheslf1/,XC235916.ogg,59.97714285714286,0,35.0,5.0,44100,bird,1.0
26,./kaggletest/wheslf1/,XC235916.ogg,59.97714285714286,0,40.0,5.0,44100,bird,1.0
27,./kaggletest/wheslf1/,XC235916.ogg,59.97714285714286,0,45.0,5.0,44100,bird,1.0
28,./kaggletest/wheslf1/,XC235916.ogg,59.97714285714286,0,50.0,5.0,44100,bird,1.0
29,./kaggletest/wheslf1/,XC590656.ogg,14.053854875283447,0,0.0,5.0,44100,bird,1.0
30,./kaggletest/wheslf1/,XC590656.ogg,14.053854875283447,0,5.0,5.0,44100,bird,1.0
31,./kaggletest/wheslf1/,XC292839.ogg,12.721609977324263,0,0.0,5.0,44100,bird,1.0
32,./kaggletest/wheslf1/,XC292839.ogg,12.721609977324263,0,5.0,5.0,44100,bird,1.0
33,./kaggletest/wheslf1/,XC363959.ogg,24.842426303854875,0,0.0,5.0,44100,bird,1.0
34,./kaggletest/wheslf1/,XC363959.ogg,24.842426303854875,0,5.0,5.0,44100,bird,1.0
35,./kaggletest/wheslf1/,XC363959.ogg,24.842426303854875,0,10.0,5.0,44100,bird,1.0
36,./kaggletest/wheslf1/,XC363959.ogg,24.842426303854875,0,15.0,5.0,44100,bird,1.0
37,./kaggletest/wheslf1/,XC367243.ogg,38.37299319727891,0,5.0,5.0,44100,bird,1.0
38,./kaggletest/wheslf1/,XC367243.ogg,38.37299319727891,0,10.0,5.0,44100,bird,1.0
39,./kaggletest/wheslf1/,XC367243.ogg,38.37299319727891,0,15.0,5.0,44100,bird,1.0
40,./kaggletest/wheslf1/,XC367243.ogg,38.37299319727891,0,20.0,5.0,44100,bird,1.0
41,./kaggletest/wheslf1/,XC367243.ogg,38.37299319727891,0,25.0,5.0,44100,bird,1.0
42,./kaggletest/wheslf1/,XC367243.ogg,38.37299319727891,0,30.0,5.0,44100,bird,1.0
43,./kaggletest/wheslf1/,XC363958.ogg,10.579591836734695,0,0.0,5.0,44100,bird,1.0
44,./kaggletest/wheslf1/,XC363958.ogg,10.579591836734695,0,5.0,5.0,44100,bird,1.0
45,./kaggletest/wheslf1/,XC661996.ogg,36.07507936507937,0,0.0,5.0,44100,bird,1.0
46,./kaggletest/wheslf1/,XC661996.ogg,36.07507936507937,0,5.0,5.0,44100,bird,1.0
47,./kaggletest/wheslf1/,XC661996.ogg,36.07507936507937,0,10.0,5.0,44100,bird,1.0
48,./kaggletest/wheslf1/,XC661996.ogg,36.07507936507937,0,15.0,5.0,44100,bird,1.0
49,./kaggletest/wheslf1/,XC661996.ogg,36.07507936507937,0,20.0,5.0,44100,bird,1.0
50,./kaggletest/wheslf1/,XC661996.ogg,36.07507936507937,0,25.0,5.0,44100,bird,1.0
51,./kaggletest/wheslf1/,XC661996.ogg,36.07507936507937,0,30.0,5.0,44100,bird,1.0
52,./kaggletest/wheslf1/,XC352934.ogg,11.423990929705216,0,0.0,5.0,44100,bird,1.0
53,./kaggletest/wheslf1/,XC352934.ogg,11.423990929705216,0,5.0,5.0,44100,bird,1.0
54,./kaggletest/wheslf1/,XC587612.ogg,34.36798185941043,0,0.0,5.0,44100,bird,1.0
55,./kaggletest/wheslf1/,XC587612.ogg,34.36798185941043,0,5.0,5.0,44100,bird,1.0
56,./kaggletest/wheslf1/,XC587612.ogg,34.36798185941043,0,10.0,5.0,44100,bird,1.0
57,./kaggletest/wheslf1/,XC587612.ogg,34.36798185941043,0,15.0,5.0,44100,bird,1.0
58,./kaggletest/wheslf1/,XC587612.ogg,34.36798185941043,0,20.0,5.0,44100,bird,1.0
59,./kaggletest/wheslf1/,XC587612.ogg,34.36798185941043,0,25.0,5.0,44100,bird,1.0
60,./kaggletest/wheslf1/,XC746034.ogg,43.22399092970522,0,0.0,5.0,44100,bird,1.0
61,./kaggletest/wheslf1/,XC746034.ogg,43.22399092970522,0,5.0,5.0,44100,bird,1.0
62,./kaggletest/wheslf1/,XC746034.ogg,43.22399092970522,0,10.0,5.0,44100,bird,1.0
63,./kaggletest/wheslf1/,XC746034.ogg,43.22399092970522,0,15.0,5.0,44100,bird,1.0
64,./kaggletest/wheslf1/,XC746034.ogg,43.22399092970522,0,20.0,5.0,44100,bird,1.0
65,./kaggletest/wheslf1/,XC746034.ogg,43.22399092970522,0,25.0,5.0,44100,bird,1.0
66,./kaggletest/wheslf1/,XC746034.ogg,43.22399092970522,0,30.0,5.0,44100,bird,1.0
67,./kaggletest/wheslf1/,XC746034.ogg,43.22399092970522,0,35.0,5.0,44100,bird,1.0
68,./kaggletest/wheslf1/,XC294342.ogg,58.95836734693878,0,0.0,5.0,44100,bird,1.0
69,./kaggletest/wheslf1/,XC294342.ogg,58.95836734693878,0,5.0,5.0,44100,bird,1.0
70,./kaggletest/wheslf1/,XC294342.ogg,58.95836734693878,0,10.0,5.0,44100,bird,1.0
71,./kaggletest/wheslf1/,XC294342.ogg,58.95836734693878,0,15.0,5.0,44100,bird,1.0
72,./kaggletest/wheslf1/,XC294342.ogg,58.95836734693878,0,20.0,5.0,44100,bird,1.0
73,./kaggletest/wheslf1/,XC294342.ogg,58.95836734693878,0,25.0,5.0,44100,bird,1.0
74,./kaggletest/wheslf1/,XC294342.ogg,58.95836734693878,0,30.0,5.0,44100,bird,1.0
75,./kaggletest/wheslf1/,XC294342.ogg,58.95836734693878,0,35.0,5.0,44100,bird,1.0
76,./kaggletest/wheslf1/,XC294342.ogg,58.95836734693878,0,40.0,5.0,44100,bird,1.0
77,./kaggletest/wheslf1/,XC294342.ogg,58.95836734693878,0,45.0,5.0,44100,bird,1.0
78,./kaggletest/wheslf1/,XC294342.ogg,58.95836734693878,0,50.0,5.0,44100,bird,1.0
79,./kaggletest/wheslf1/,XC260161.ogg,30.04079365079365,0,0.0,5.0,44100,bird,1.0
80,./kaggletest/wheslf1/,XC260161.ogg,30.04079365079365,0,5.0,5.0,44100,bird,1.0
81,./kaggletest/wheslf1/,XC260161.ogg,30.04079365079365,0,10.0,5.0,44100,bird,1.0
82,./kaggletest/wheslf1/,XC260161.ogg,30.04079365079365,0,15.0,5.0,44100,bird,1.0
83,./kaggletest/wheslf1/,XC260161.ogg,30.04079365079365,0,20.0,5.0,44100,bird,1.0
84,./kaggletest/wheslf1/,XC260161.ogg,30.04079365079365,0,25.0,5.0,44100,bird,1.0
