,FOLDER,IN FILE,CLIP LENGTH,CHANNEL,OFFSET,DURATION,SAMPLE RATE,MANUAL ID,CONFIDENCE
0,./kaggletest/witswa1/,XC295234.wav,5.0,0,0.0,5.0,44100,bird,1.0
1,./kaggletest/witswa1/,XC295236.ogg,17.110204081632652,0,5.0,5.0,44100,bird,1.0
2,./kaggletest/witswa1/,XC295236.ogg,17.110204081632652,0,10.0,5.0,44100,bird,1.0
3,./kaggletest/witswa1/,XC337855.ogg,85.96895691609977,0,0.0,5.0,44100,bird,1.0
4,./kaggletest/witswa1/,XC337855.ogg,85.96895691609977,0,5.0,5.0,44100,bird,1.0
5,./kaggletest/witswa1/,XC337855.ogg,85.96895691609977,0,10.0,5.0,44100,bird,1.0
6,./kaggletest/witswa1/,XC337855.ogg,85.96895691609977,0,20.0,5.0,44100,bird,1.0
7,./kaggletest/witswa1/,XC337855.ogg,85.96895691609977,0,25.0,5.0,44100,bird,1.0
8,./kaggletest/witswa1/,XC337855.ogg,85.96895691609977,0,40.0,5.0,44100,bird,1.0
9,./kaggletest/witswa1/,XC337855.ogg,85.96895691609977,0,45.0,5.0,44100,bird,1.0
10,./kaggletest/witswa1/,XC337855.ogg,85.96895691609977,0,55.0,5.0,44100,bird,1.0
11,./kaggletest/witswa1/,XC337855.ogg,85.96895691609977,0,60.0,5.0,44100,bird,1.0
12,./kaggletest/witswa1/,XC337855.ogg,85.96895691609977,0,65.0,5.0,44100,bird,1.0
13,./kaggletest/witswa1/,XC337855.ogg,85.96895691609977,0,70.0,5.0,44100,bird,1.0
14,./kaggletest/witswa1/,XC337855.ogg,85.96895691609977,0,75.0,5.0,44100,bird,1.0
15,./kaggletest/witswa1/,XC337855.ogg,85.96895691609977,0,80.0,5.0,44100,bird,1.0
