,FOLDER,IN FILE,CLIP LENGTH,CHANNEL,OFFSET,DURATION,SAMPLE RATE,MANUAL ID,CONFIDENCE
0,./kaggletest/wtbeat1/,XC746348.ogg,8.4,0,0.0,5.0,44100,bird,1.0
1,./kaggletest/wtbeat1/,XC234930.ogg,121.6,0,35.0,5.0,44100,bird,1.0
2,./kaggletest/wtbeat1/,XC234930.ogg,121.6,0,45.0,5.0,44100,bird,1.0
3,./kaggletest/wtbeat1/,XC234930.ogg,121.6,0,50.0,5.0,44100,bird,1.0
4,./kaggletest/wtbeat1/,XC234930.ogg,121.6,0,55.0,5.0,44100,bird,1.0
5,./kaggletest/wtbeat1/,XC234930.ogg,121.6,0,60.0,5.0,44100,bird,1.0
6,./kaggletest/wtbeat1/,XC234930.ogg,121.6,0,70.0,5.0,44100,bird,1.0
7,./kaggletest/wtbeat1/,XC437643.ogg,29.256984126984126,0,0.0,5.0,44100,bird,1.0
8,./kaggletest/wtbeat1/,XC437643.ogg,29.256984126984126,0,5.0,5.0,44100,bird,1.0
9,./kaggletest/wtbeat1/,XC437643.ogg,29.256984126984126,0,10.0,5.0,44100,bird,1.0
10,./kaggletest/wtbeat1/,XC437643.ogg,29.256984126984126,0,15.0,5.0,44100,bird,1.0
11,./kaggletest/wtbeat1/,XC296006.ogg,6.478367346938776,0,0.0,5.0,44100,bird,1.0
12,./kaggletest/wtbeat1/,XC401381.ogg,65.88079365079365,0,0.0,5.0,44100,bird,1.0
13,./kaggletest/wtbeat1/,XC401381.ogg,65.88079365079365,0,5.0,5.0,44100,bird,1.0
14,./kaggletest/wtbeat1/,XC401381.ogg,65.88079365079365,0,10.0,5.0,44100,bird,1.0
15,./kaggletest/wtbeat1/,XC401381.ogg,65.88079365079365,0,15.0,5.0,44100,bird,1.0
16,./kaggletest/wtbeat1/,XC401381.ogg,65.88079365079365,0,20.0,5.0,44100,bird,1.0
17,./kaggletest/wtbeat1/,XC401381.ogg,65.88079365079365,0,25.0,5.0,44100,bird,1.0
18,./kaggletest/wtbeat1/,XC401381.ogg,65.88079365079365,0,30.0,5.0,44100,bird,1.0
19,./kaggletest/wtbeat1/,XC401381.ogg,65.88079365079365,0,35.0,5.0,44100,bird,1.0
20,./kaggletest/wtbeat1/,XC401381.ogg,65.88079365079365,0,40.0,5.0,44100,bird,1.0
21,./kaggletest/wtbeat1/,XC401381.ogg,65.88079365079365,0,45.0,5.0,44100,bird,1.0
22,./kaggletest/wtbeat1/,XC401381.ogg,65.88079365079365,0,50.0,5.0,44100,bird,1.0
23,./kaggletest/wtbeat1/,XC401381.ogg,65.88079365079365,0,55.0,5.0,44100,bird,1.0
24,./kaggletest/wtbeat1/,XC401381.ogg,65.88079365079365,0,60.0,5.0,44100,bird,1.0
25,./kaggletest/wtbeat1/,XC402107.ogg,21.15918367346939,0,0.0,5.0,44100,bird,1.0
26,./kaggletest/wtbeat1/,XC402107.ogg,21.15918367346939,0,5.0,5.0,44100,bird,1.0
27,./kaggletest/wtbeat1/,XC402107.ogg,21.15918367346939,0,10.0,5.0,44100,bird,1.0
28,./kaggletest/wtbeat1/,XC402107.ogg,21.15918367346939,0,15.0,5.0,44100,bird,1.0
29,./kaggletest/wtbeat1/,XC699812.ogg,37.224489795918366,0,0.0,5.0,44100,bird,1.0
30,./kaggletest/wtbeat1/,XC699812.ogg,37.224489795918366,0,5.0,5.0,44100,bird,1.0
31,./kaggletest/wtbeat1/,XC699812.ogg,37.224489795918366,0,10.0,5.0,44100,bird,1.0
32,./kaggletest/wtbeat1/,XC699812.ogg,37.224489795918366,0,15.0,5.0,44100,bird,1.0
33,./kaggletest/wtbeat1/,XC699812.ogg,37.224489795918366,0,20.0,5.0,44100,bird,1.0
34,./kaggletest/wtbeat1/,XC699812.ogg,37.224489795918366,0,25.0,5.0,44100,bird,1.0
35,./kaggletest/wtbeat1/,XC699812.ogg,37.224489795918366,0,30.0,5.0,44100,bird,1.0
36,./kaggletest/wtbeat1/,XC413982.ogg,20.950204081632652,0,0.0,5.0,44100,bird,1.0
37,./kaggletest/wtbeat1/,XC413982.ogg,20.950204081632652,0,5.0,5.0,44100,bird,1.0
38,./kaggletest/wtbeat1/,XC413982.ogg,20.950204081632652,0,15.0,5.0,44100,bird,1.0
39,./kaggletest/wtbeat1/,XC438331.ogg,23.063990929705216,0,0.0,5.0,44100,bird,1.0
40,./kaggletest/wtbeat1/,XC438331.ogg,23.063990929705216,0,5.0,5.0,44100,bird,1.0
41,./kaggletest/wtbeat1/,XC438331.ogg,23.063990929705216,0,10.0,5.0,44100,bird,1.0
42,./kaggletest/wtbeat1/,XC438331.ogg,23.063990929705216,0,15.0,5.0,44100,bird,1.0
43,./kaggletest/wtbeat1/,XC648153.ogg,85.17598639455782,0,0.0,5.0,44100,bird,1.0
44,./kaggletest/wtbeat1/,XC648153.ogg,85.17598639455782,0,5.0,5.0,44100,bird,1.0
45,./kaggletest/wtbeat1/,XC648153.ogg,85.17598639455782,0,10.0,5.0,44100,bird,1.0
46,./kaggletest/wtbeat1/,XC648153.ogg,85.17598639455782,0,15.0,5.0,44100,bird,1.0
47,./kaggletest/wtbeat1/,XC648153.ogg,85.17598639455782,0,20.0,5.0,44100,bird,1.0
48,./kaggletest/wtbeat1/,XC648153.ogg,85.17598639455782,0,25.0,5.0,44100,bird,1.0
49,./kaggletest/wtbeat1/,XC648153.ogg,85.17598639455782,0,30.0,5.0,44100,bird,1.0
50,./kaggletest/wtbeat1/,XC648153.ogg,85.17598639455782,0,35.0,5.0,44100,bird,1.0
51,./kaggletest/wtbeat1/,XC648153.ogg,85.17598639455782,0,40.0,5.0,44100,bird,1.0
52,./kaggletest/wtbeat1/,XC648153.ogg,85.17598639455782,0,45.0,5.0,44100,bird,1.0
53,./kaggletest/wtbeat1/,XC648153.ogg,85.17598639455782,0,50.0,5.0,44100,bird,1.0
54,./kaggletest/wtbeat1/,XC648153.ogg,85.17598639455782,0,55.0,5.0,44100,bird,1.0
55,./kaggletest/wtbeat1/,XC648153.ogg,85.17598639455782,0,60.0,5.0,44100,bird,1.0
56,./kaggletest/wtbeat1/,XC648153.ogg,85.17598639455782,0,65.0,5.0,44100,bird,1.0
57,./kaggletest/wtbeat1/,XC648153.ogg,85.17598639455782,0,70.0,5.0,44100,bird,1.0
58,./kaggletest/wtbeat1/,XC648153.ogg,85.17598639455782,0,75.0,5.0,44100,bird,1.0
59,./kaggletest/wtbeat1/,XC648153.ogg,85.17598639455782,0,80.0,5.0,44100,bird,1.0
60,./kaggletest/wtbeat1/,XC746340.ogg,20.255986394557823,0,0.0,5.0,44100,bird,1.0
61,./kaggletest/wtbeat1/,XC746340.ogg,20.255986394557823,0,5.0,5.0,44100,bird,1.0
62,./kaggletest/wtbeat1/,XC746340.ogg,20.255986394557823,0,10.0,5.0,44100,bird,1.0
63,./kaggletest/wtbeat1/,XC746340.ogg,20.255986394557823,0,15.0,5.0,44100,bird,1.0
64,./kaggletest/wtbeat1/,XC746341.ogg,5.88,0,0.0,5.0,44100,bird,1.0
65,./kaggletest/wtbeat1/,XC405029.ogg,116.55836734693878,0,5.0,5.0,44100,bird,1.0
66,./kaggletest/wtbeat1/,XC405029.ogg,116.55836734693878,0,10.0,5.0,44100,bird,1.0
67,./kaggletest/wtbeat1/,XC405029.ogg,116.55836734693878,0,15.0,5.0,44100,bird,1.0
68,./kaggletest/wtbeat1/,XC405029.ogg,116.55836734693878,0,25.0,5.0,44100,bird,1.0
69,./kaggletest/wtbeat1/,XC405029.ogg,116.55836734693878,0,30.0,5.0,44100,bird,1.0
70,./kaggletest/wtbeat1/,XC405029.ogg,116.55836734693878,0,35.0,5.0,44100,bird,1.0
71,./kaggletest/wtbeat1/,XC405029.ogg,116.55836734693878,0,45.0,5.0,44100,bird,1.0
72,./kaggletest/wtbeat1/,XC405029.ogg,116.55836734693878,0,50.0,5.0,44100,bird,1.0
73,./kaggletest/wtbeat1/,XC405029.ogg,116.55836734693878,0,60.0,5.0,44100,bird,1.0
74,./kaggletest/wtbeat1/,XC405029.ogg,116.55836734693878,0,65.0,5.0,44100,bird,1.0
75,./kaggletest/wtbeat1/,XC405029.ogg,116.55836734693878,0,70.0,5.0,44100,bird,1.0
76,./kaggletest/wtbeat1/,XC405029.ogg,116.55836734693878,0,90.0,5.0,44100,bird,1.0
77,./kaggletest/wtbeat1/,XC405029.ogg,116.55836734693878,0,105.0,5.0,44100,bird,1.0
78,./kaggletest/wtbeat1/,XC204568.ogg,22.88324263038549,0,0.0,5.0,44100,bird,1.0
79,./kaggletest/wtbeat1/,XC204568.ogg,22.88324263038549,0,5.0,5.0,44100,bird,1.0
80,./kaggletest/wtbeat1/,XC204568.ogg,22.88324263038549,0,10.0,5.0,44100,bird,1.0
81,./kaggletest/wtbeat1/,XC204568.ogg,22.88324263038549,0,15.0,5.0,44100,bird,1.0
82,./kaggletest/wtbeat1/,XC532292.ogg,55.22399092970522,0,0.0,5.0,44100,bird,1.0
83,./kaggletest/wtbeat1/,XC532292.ogg,55.22399092970522,0,5.0,5.0,44100,bird,1.0
84,./kaggletest/wtbeat1/,XC532292.ogg,55.22399092970522,0,10.0,5.0,44100,bird,1.0
85,./kaggletest/wtbeat1/,XC532292.ogg,55.22399092970522,0,15.0,5.0,44100,bird,1.0
86,./kaggletest/wtbeat1/,XC532292.ogg,55.22399092970522,0,20.0,5.0,44100,bird,1.0
87,./kaggletest/wtbeat1/,XC532292.ogg,55.22399092970522,0,25.0,5.0,44100,bird,1.0
88,./kaggletest/wtbeat1/,XC532292.ogg,55.22399092970522,0,30.0,5.0,44100,bird,1.0
89,./kaggletest/wtbeat1/,XC532292.ogg,55.22399092970522,0,35.0,5.0,44100,bird,1.0
90,./kaggletest/wtbeat1/,XC532292.ogg,55.22399092970522,0,40.0,5.0,44100,bird,1.0
91,./kaggletest/wtbeat1/,XC532292.ogg,55.22399092970522,0,45.0,5.0,44100,bird,1.0
92,./kaggletest/wtbeat1/,XC532292.ogg,55.22399092970522,0,50.0,5.0,44100,bird,1.0
93,./kaggletest/wtbeat1/,XC746346.ogg,5.015986394557823,0,0.0,5.0,44100,bird,1.0
94,./kaggletest/wtbeat1/,XC401895.ogg,41.717551020408166,0,0.0,5.0,44100,bird,1.0
95,./kaggletest/wtbeat1/,XC401895.ogg,41.717551020408166,0,5.0,5.0,44100,bird,1.0
96,./kaggletest/wtbeat1/,XC401895.ogg,41.717551020408166,0,10.0,5.0,44100,bird,1.0
97,./kaggletest/wtbeat1/,XC401895.ogg,41.717551020408166,0,15.0,5.0,44100,bird,1.0
98,./kaggletest/wtbeat1/,XC401895.ogg,41.717551020408166,0,20.0,5.0,44100,bird,1.0
99,./kaggletest/wtbeat1/,XC401895.ogg,41.717551020408166,0,25.0,5.0,44100,bird,1.0
100,./kaggletest/wtbeat1/,XC401895.ogg,41.717551020408166,0,30.0,5.0,44100,bird,1.0
101,./kaggletest/wtbeat1/,XC401895.ogg,41.717551020408166,0,35.0,5.0,44100,bird,1.0
102,./kaggletest/wtbeat1/,XC234929.ogg,50.62530612244898,0,0.0,5.0,44100,bird,1.0
103,./kaggletest/wtbeat1/,XC234929.ogg,50.62530612244898,0,25.0,5.0,44100,bird,1.0
104,./kaggletest/wtbeat1/,XC234929.ogg,50.62530612244898,0,35.0,5.0,44100,bird,1.0
105,./kaggletest/wtbeat1/,XC234929.ogg,50.62530612244898,0,45.0,5.0,44100,bird,1.0
106,./kaggletest/wtbeat1/,XC746350.ogg,7.871995464852608,0,0.0,5.0,44100,bird,1.0
107,./kaggletest/wtbeat1/,XC746344.ogg,7.751995464852608,0,0.0,5.0,44100,bird,1.0
108,./kaggletest/wtbeat1/,XC234928.ogg,50.62530612244898,0,0.0,5.0,44100,bird,1.0
109,./kaggletest/wtbeat1/,XC234928.ogg,50.62530612244898,0,10.0,5.0,44100,bird,1.0
110,./kaggletest/wtbeat1/,XC234928.ogg,50.62530612244898,0,25.0,5.0,44100,bird,1.0
111,./kaggletest/wtbeat1/,XC234928.ogg,50.62530612244898,0,35.0,5.0,44100,bird,1.0
