,FOLDER,IN FILE,CLIP LENGTH,CHANNEL,OFFSET,DURATION,SAMPLE RATE,MANUAL ID,CONFIDENCE
0,./kaggletest/yebapa1/,XC268492.ogg,12.983990929705216,0,0.0,5.0,44100,bird,1.0
1,./kaggletest/yebapa1/,XC268492.ogg,12.983990929705216,0,5.0,5.0,44100,bird,1.0
2,./kaggletest/yebapa1/,XC516115.ogg,35.32798185941043,0,0.0,5.0,44100,bird,1.0
3,./kaggletest/yebapa1/,XC516115.ogg,35.32798185941043,0,5.0,5.0,44100,bird,1.0
4,./kaggletest/yebapa1/,XC516115.ogg,35.32798185941043,0,10.0,5.0,44100,bird,1.0
5,./kaggletest/yebapa1/,XC516115.ogg,35.32798185941043,0,15.0,5.0,44100,bird,1.0
6,./kaggletest/yebapa1/,XC516115.ogg,35.32798185941043,0,20.0,5.0,44100,bird,1.0
7,./kaggletest/yebapa1/,XC516115.ogg,35.32798185941043,0,25.0,5.0,44100,bird,1.0
8,./kaggletest/yebapa1/,XC516115.ogg,35.32798185941043,0,30.0,5.0,44100,bird,1.0
9,./kaggletest/yebapa1/,XC118442.ogg,12.721609977324263,0,0.0,5.0,44100,bird,1.0
10,./kaggletest/yebapa1/,XC118442.ogg,12.721609977324263,0,5.0,5.0,44100,bird,1.0
11,./kaggletest/yebapa1/,XC206029.ogg,5.3028344671201815,0,0.0,5.0,44100,bird,1.0
12,./kaggletest/yebapa1/,XC289718.ogg,14.106122448979592,0,0.0,5.0,44100,bird,1.0
13,./kaggletest/yebapa1/,XC289718.ogg,14.106122448979592,0,5.0,5.0,44100,bird,1.0
14,./kaggletest/yebapa1/,XC48393.ogg,30.824489795918367,0,0.0,5.0,44100,bird,1.0
15,./kaggletest/yebapa1/,XC48393.ogg,30.824489795918367,0,5.0,5.0,44100,bird,1.0
16,./kaggletest/yebapa1/,XC48393.ogg,30.824489795918367,0,10.0,5.0,44100,bird,1.0
17,./kaggletest/yebapa1/,XC48393.ogg,30.824489795918367,0,15.0,5.0,44100,bird,1.0
18,./kaggletest/yebapa1/,XC48393.ogg,30.824489795918367,0,20.0,5.0,44100,bird,1.0
19,./kaggletest/yebapa1/,XC48393.ogg,30.824489795918367,0,25.0,5.0,44100,bird,1.0
20,./kaggletest/yebapa1/,XC332548.ogg,50.64,0,0.0,5.0,44100,bird,1.0
21,./kaggletest/yebapa1/,XC332548.ogg,50.64,0,5.0,5.0,44100,bird,1.0
22,./kaggletest/yebapa1/,XC332548.ogg,50.64,0,10.0,5.0,44100,bird,1.0
23,./kaggletest/yebapa1/,XC332548.ogg,50.64,0,15.0,5.0,44100,bird,1.0
24,./kaggletest/yebapa1/,XC332548.ogg,50.64,0,20.0,5.0,44100,bird,1.0
25,./kaggletest/yebapa1/,XC332548.ogg,50.64,0,25.0,5.0,44100,bird,1.0
26,./kaggletest/yebapa1/,XC332548.ogg,50.64,0,30.0,5.0,44100,bird,1.0
27,./kaggletest/yebapa1/,XC332548.ogg,50.64,0,35.0,5.0,44100,bird,1.0
28,./kaggletest/yebapa1/,XC332548.ogg,50.64,0,40.0,5.0,44100,bird,1.0
29,./kaggletest/yebapa1/,XC332548.ogg,50.64,0,45.0,5.0,44100,bird,1.0
30,./kaggletest/yebapa1/,XC268493.ogg,11.16,0,0.0,5.0,44100,bird,1.0
31,./kaggletest/yebapa1/,XC268493.ogg,11.16,0,5.0,5.0,44100,bird,1.0
32,./kaggletest/yebapa1/,XC601808.ogg,19.56,0,5.0,5.0,44100,bird,1.0
33,./kaggletest/yebapa1/,XC601808.ogg,19.56,0,10.0,5.0,44100,bird,1.0
34,./kaggletest/yebapa1/,XC268491.ogg,18.43199546485261,0,0.0,5.0,44100,bird,1.0
35,./kaggletest/yebapa1/,XC268491.ogg,18.43199546485261,0,5.0,5.0,44100,bird,1.0
36,./kaggletest/yebapa1/,XC268491.ogg,18.43199546485261,0,10.0,5.0,44100,bird,1.0
37,./kaggletest/yebapa1/,XC350293.ogg,21.968956916099774,0,0.0,5.0,44100,bird,1.0
38,./kaggletest/yebapa1/,XC350293.ogg,21.968956916099774,0,5.0,5.0,44100,bird,1.0
39,./kaggletest/yebapa1/,XC350293.ogg,21.968956916099774,0,10.0,5.0,44100,bird,1.0
40,./kaggletest/yebapa1/,XC350293.ogg,21.968956916099774,0,15.0,5.0,44100,bird,1.0
41,./kaggletest/yebapa1/,XC265980.ogg,8.751020408163265,0,0.0,5.0,44100,bird,1.0
42,./kaggletest/yebapa1/,XC634044.ogg,10.847981859410432,0,0.0,5.0,44100,bird,1.0
43,./kaggletest/yebapa1/,XC634044.ogg,10.847981859410432,0,5.0,5.0,44100,bird,1.0
44,./kaggletest/yebapa1/,XC694972.ogg,26.4,0,0.0,5.0,44100,bird,1.0
45,./kaggletest/yebapa1/,XC694972.ogg,26.4,0,5.0,5.0,44100,bird,1.0
46,./kaggletest/yebapa1/,XC694972.ogg,26.4,0,10.0,5.0,44100,bird,1.0
47,./kaggletest/yebapa1/,XC694972.ogg,26.4,0,15.0,5.0,44100,bird,1.0
48,./kaggletest/yebapa1/,XC694972.ogg,26.4,0,20.0,5.0,44100,bird,1.0
49,./kaggletest/yebapa1/,XC623306.ogg,38.45199546485261,0,0.0,5.0,44100,bird,1.0
50,./kaggletest/yebapa1/,XC623306.ogg,38.45199546485261,0,5.0,5.0,44100,bird,1.0
51,./kaggletest/yebapa1/,XC623306.ogg,38.45199546485261,0,10.0,5.0,44100,bird,1.0
52,./kaggletest/yebapa1/,XC623306.ogg,38.45199546485261,0,15.0,5.0,44100,bird,1.0
53,./kaggletest/yebapa1/,XC623306.ogg,38.45199546485261,0,20.0,5.0,44100,bird,1.0
54,./kaggletest/yebapa1/,XC623306.ogg,38.45199546485261,0,25.0,5.0,44100,bird,1.0
55,./kaggletest/yebapa1/,XC623306.ogg,38.45199546485261,0,30.0,5.0,44100,bird,1.0
56,./kaggletest/yebapa1/,XC363884.ogg,17.345306122448978,0,0.0,5.0,44100,bird,1.0
57,./kaggletest/yebapa1/,XC363884.ogg,17.345306122448978,0,5.0,5.0,44100,bird,1.0
58,./kaggletest/yebapa1/,XC363884.ogg,17.345306122448978,0,10.0,5.0,44100,bird,1.0
59,./kaggletest/yebapa1/,XC633713.ogg,27.72,0,0.0,5.0,44100,bird,1.0
60,./kaggletest/yebapa1/,XC633713.ogg,27.72,0,5.0,5.0,44100,bird,1.0
61,./kaggletest/yebapa1/,XC633713.ogg,27.72,0,10.0,5.0,44100,bird,1.0
62,./kaggletest/yebapa1/,XC633713.ogg,27.72,0,15.0,5.0,44100,bird,1.0
63,./kaggletest/yebapa1/,XC633713.ogg,27.72,0,20.0,5.0,44100,bird,1.0
64,./kaggletest/yebapa1/,XC252640.ogg,21.263990929705216,0,0.0,5.0,44100,bird,1.0
65,./kaggletest/yebapa1/,XC252640.ogg,21.263990929705216,0,5.0,5.0,44100,bird,1.0
66,./kaggletest/yebapa1/,XC252640.ogg,21.263990929705216,0,10.0,5.0,44100,bird,1.0
67,./kaggletest/yebapa1/,XC252640.ogg,21.263990929705216,0,15.0,5.0,44100,bird,1.0
68,./kaggletest/yebapa1/,XC623299.ogg,30.875986394557824,0,0.0,5.0,44100,bird,1.0
69,./kaggletest/yebapa1/,XC623299.ogg,30.875986394557824,0,5.0,5.0,44100,bird,1.0
70,./kaggletest/yebapa1/,XC623299.ogg,30.875986394557824,0,10.0,5.0,44100,bird,1.0
71,./kaggletest/yebapa1/,XC623299.ogg,30.875986394557824,0,15.0,5.0,44100,bird,1.0
72,./kaggletest/yebapa1/,XC623299.ogg,30.875986394557824,0,20.0,5.0,44100,bird,1.0
73,./kaggletest/yebapa1/,XC623299.ogg,30.875986394557824,0,25.0,5.0,44100,bird,1.0
74,./kaggletest/yebapa1/,XC699738.ogg,33.515079365079366,0,0.0,5.0,44100,bird,1.0
75,./kaggletest/yebapa1/,XC699738.ogg,33.515079365079366,0,5.0,5.0,44100,bird,1.0
76,./kaggletest/yebapa1/,XC699738.ogg,33.515079365079366,0,10.0,5.0,44100,bird,1.0
77,./kaggletest/yebapa1/,XC699738.ogg,33.515079365079366,0,15.0,5.0,44100,bird,1.0
78,./kaggletest/yebapa1/,XC699738.ogg,33.515079365079366,0,20.0,5.0,44100,bird,1.0
79,./kaggletest/yebapa1/,XC699738.ogg,33.515079365079366,0,25.0,5.0,44100,bird,1.0
80,./kaggletest/yebapa1/,XC633712.ogg,27.07199546485261,0,0.0,5.0,44100,bird,1.0
81,./kaggletest/yebapa1/,XC633712.ogg,27.07199546485261,0,5.0,5.0,44100,bird,1.0
82,./kaggletest/yebapa1/,XC633712.ogg,27.07199546485261,0,10.0,5.0,44100,bird,1.0
83,./kaggletest/yebapa1/,XC633712.ogg,27.07199546485261,0,15.0,5.0,44100,bird,1.0
84,./kaggletest/yebapa1/,XC633712.ogg,27.07199546485261,0,20.0,5.0,44100,bird,1.0
85,./kaggletest/yebapa1/,XC292288.ogg,14.132244897959184,0,0.0,5.0,44100,bird,1.0
86,./kaggletest/yebapa1/,XC292288.ogg,14.132244897959184,0,5.0,5.0,44100,bird,1.0
87,./kaggletest/yebapa1/,XC440195.ogg,13.271995464852608,0,0.0,5.0,44100,bird,1.0
88,./kaggletest/yebapa1/,XC440195.ogg,13.271995464852608,0,5.0,5.0,44100,bird,1.0
89,./kaggletest/yebapa1/,XC756765.ogg,41.29959183673469,0,0.0,5.0,44100,bird,1.0
90,./kaggletest/yebapa1/,XC756765.ogg,41.29959183673469,0,5.0,5.0,44100,bird,1.0
91,./kaggletest/yebapa1/,XC756765.ogg,41.29959183673469,0,10.0,5.0,44100,bird,1.0
92,./kaggletest/yebapa1/,XC756765.ogg,41.29959183673469,0,20.0,5.0,44100,bird,1.0
93,./kaggletest/yebapa1/,XC756765.ogg,41.29959183673469,0,25.0,5.0,44100,bird,1.0
94,./kaggletest/yebapa1/,XC756765.ogg,41.29959183673469,0,30.0,5.0,44100,bird,1.0
95,./kaggletest/yebapa1/,XC756765.ogg,41.29959183673469,0,35.0,5.0,44100,bird,1.0
96,./kaggletest/yebapa1/,XC438212.ogg,11.546122448979592,0,0.0,5.0,44100,bird,1.0
97,./kaggletest/yebapa1/,XC438212.ogg,11.546122448979592,0,5.0,5.0,44100,bird,1.0
98,./kaggletest/yebapa1/,XC662991.ogg,47.541995464852604,0,0.0,5.0,44100,bird,1.0
99,./kaggletest/yebapa1/,XC662991.ogg,47.541995464852604,0,5.0,5.0,44100,bird,1.0
100,./kaggletest/yebapa1/,XC662991.ogg,47.541995464852604,0,10.0,5.0,44100,bird,1.0
101,./kaggletest/yebapa1/,XC662991.ogg,47.541995464852604,0,15.0,5.0,44100,bird,1.0
102,./kaggletest/yebapa1/,XC662991.ogg,47.541995464852604,0,20.0,5.0,44100,bird,1.0
103,./kaggletest/yebapa1/,XC662991.ogg,47.541995464852604,0,25.0,5.0,44100,bird,1.0
104,./kaggletest/yebapa1/,XC662991.ogg,47.541995464852604,0,30.0,5.0,44100,bird,1.0
105,./kaggletest/yebapa1/,XC662991.ogg,47.541995464852604,0,35.0,5.0,44100,bird,1.0
106,./kaggletest/yebapa1/,XC662991.ogg,47.541995464852604,0,40.0,5.0,44100,bird,1.0
107,./kaggletest/yebapa1/,XC382890.ogg,20.831995464852607,0,0.0,5.0,44100,bird,1.0
108,./kaggletest/yebapa1/,XC382890.ogg,20.831995464852607,0,5.0,5.0,44100,bird,1.0
109,./kaggletest/yebapa1/,XC382890.ogg,20.831995464852607,0,10.0,5.0,44100,bird,1.0
110,./kaggletest/yebapa1/,XC382890.ogg,20.831995464852607,0,15.0,5.0,44100,bird,1.0
111,./kaggletest/yebapa1/,XC620988.ogg,8.51498866213152,0,0.0,5.0,44100,bird,1.0
112,./kaggletest/yebapa1/,XC634043.ogg,25.103990929705216,0,0.0,5.0,44100,bird,1.0
113,./kaggletest/yebapa1/,XC634043.ogg,25.103990929705216,0,5.0,5.0,44100,bird,1.0
114,./kaggletest/yebapa1/,XC634043.ogg,25.103990929705216,0,10.0,5.0,44100,bird,1.0
115,./kaggletest/yebapa1/,XC634043.ogg,25.103990929705216,0,15.0,5.0,44100,bird,1.0
116,./kaggletest/yebapa1/,XC634043.ogg,25.103990929705216,0,20.0,5.0,44100,bird,1.0
117,./kaggletest/yebapa1/,XC703822.ogg,26.17467120181406,0,0.0,5.0,44100,bird,1.0
118,./kaggletest/yebapa1/,XC703822.ogg,26.17467120181406,0,5.0,5.0,44100,bird,1.0
119,./kaggletest/yebapa1/,XC703822.ogg,26.17467120181406,0,10.0,5.0,44100,bird,1.0
120,./kaggletest/yebapa1/,XC703822.ogg,26.17467120181406,0,15.0,5.0,44100,bird,1.0
121,./kaggletest/yebapa1/,XC703822.ogg,26.17467120181406,0,20.0,5.0,44100,bird,1.0
122,./kaggletest/yebapa1/,XC464801.ogg,45.19183673469388,0,0.0,5.0,44100,bird,1.0
123,./kaggletest/yebapa1/,XC464801.ogg,45.19183673469388,0,5.0,5.0,44100,bird,1.0
124,./kaggletest/yebapa1/,XC464801.ogg,45.19183673469388,0,10.0,5.0,44100,bird,1.0
125,./kaggletest/yebapa1/,XC464801.ogg,45.19183673469388,0,15.0,5.0,44100,bird,1.0
126,./kaggletest/yebapa1/,XC464801.ogg,45.19183673469388,0,20.0,5.0,44100,bird,1.0
127,./kaggletest/yebapa1/,XC464801.ogg,45.19183673469388,0,25.0,5.0,44100,bird,1.0
128,./kaggletest/yebapa1/,XC464801.ogg,45.19183673469388,0,30.0,5.0,44100,bird,1.0
129,./kaggletest/yebapa1/,XC464801.ogg,45.19183673469388,0,35.0,5.0,44100,bird,1.0
130,./kaggletest/yebapa1/,XC464801.ogg,45.19183673469388,0,40.0,5.0,44100,bird,1.0
131,./kaggletest/yebapa1/,XC634145.ogg,44.56798185941043,0,0.0,5.0,44100,bird,1.0
132,./kaggletest/yebapa1/,XC634145.ogg,44.56798185941043,0,5.0,5.0,44100,bird,1.0
133,./kaggletest/yebapa1/,XC634145.ogg,44.56798185941043,0,10.0,5.0,44100,bird,1.0
134,./kaggletest/yebapa1/,XC634145.ogg,44.56798185941043,0,15.0,5.0,44100,bird,1.0
135,./kaggletest/yebapa1/,XC634145.ogg,44.56798185941043,0,20.0,5.0,44100,bird,1.0
136,./kaggletest/yebapa1/,XC634145.ogg,44.56798185941043,0,25.0,5.0,44100,bird,1.0
137,./kaggletest/yebapa1/,XC634145.ogg,44.56798185941043,0,30.0,5.0,44100,bird,1.0
138,./kaggletest/yebapa1/,XC634145.ogg,44.56798185941043,0,35.0,5.0,44100,bird,1.0
139,./kaggletest/yebapa1/,XC120196.ogg,8.672653061224489,0,0.0,5.0,44100,bird,1.0
140,./kaggletest/yebapa1/,XC324017.ogg,33.69795918367347,0,0.0,5.0,44100,bird,1.0
141,./kaggletest/yebapa1/,XC324017.ogg,33.69795918367347,0,5.0,5.0,44100,bird,1.0
142,./kaggletest/yebapa1/,XC324017.ogg,33.69795918367347,0,10.0,5.0,44100,bird,1.0
143,./kaggletest/yebapa1/,XC324017.ogg,33.69795918367347,0,15.0,5.0,44100,bird,1.0
144,./kaggletest/yebapa1/,XC324017.ogg,33.69795918367347,0,20.0,5.0,44100,bird,1.0
145,./kaggletest/yebapa1/,XC324017.ogg,33.69795918367347,0,25.0,5.0,44100,bird,1.0
146,./kaggletest/yebapa1/,XC34011.ogg,58.38367346938775,0,0.0,5.0,44100,bird,1.0
147,./kaggletest/yebapa1/,XC34011.ogg,58.38367346938775,0,5.0,5.0,44100,bird,1.0
148,./kaggletest/yebapa1/,XC34011.ogg,58.38367346938775,0,10.0,5.0,44100,bird,1.0
149,./kaggletest/yebapa1/,XC34011.ogg,58.38367346938775,0,15.0,5.0,44100,bird,1.0
150,./kaggletest/yebapa1/,XC34011.ogg,58.38367346938775,0,20.0,5.0,44100,bird,1.0
151,./kaggletest/yebapa1/,XC34011.ogg,58.38367346938775,0,25.0,5.0,44100,bird,1.0
152,./kaggletest/yebapa1/,XC34011.ogg,58.38367346938775,0,30.0,5.0,44100,bird,1.0
153,./kaggletest/yebapa1/,XC34011.ogg,58.38367346938775,0,35.0,5.0,44100,bird,1.0
154,./kaggletest/yebapa1/,XC34011.ogg,58.38367346938775,0,40.0,5.0,44100,bird,1.0
155,./kaggletest/yebapa1/,XC34011.ogg,58.38367346938775,0,45.0,5.0,44100,bird,1.0
156,./kaggletest/yebapa1/,XC34011.ogg,58.38367346938775,0,50.0,5.0,44100,bird,1.0
157,./kaggletest/yebapa1/,XC655196.ogg,22.93548752834467,0,0.0,5.0,44100,bird,1.0
158,./kaggletest/yebapa1/,XC655196.ogg,22.93548752834467,0,5.0,5.0,44100,bird,1.0
159,./kaggletest/yebapa1/,XC655196.ogg,22.93548752834467,0,10.0,5.0,44100,bird,1.0
160,./kaggletest/yebapa1/,XC655196.ogg,22.93548752834467,0,15.0,5.0,44100,bird,1.0
161,./kaggletest/yebapa1/,XC428714.ogg,19.06936507936508,0,0.0,5.0,44100,bird,1.0
162,./kaggletest/yebapa1/,XC428714.ogg,19.06936507936508,0,5.0,5.0,44100,bird,1.0
163,./kaggletest/yebapa1/,XC428714.ogg,19.06936507936508,0,10.0,5.0,44100,bird,1.0
164,./kaggletest/yebapa1/,XC583193.ogg,29.471995464852608,0,0.0,5.0,44100,bird,1.0
165,./kaggletest/yebapa1/,XC583193.ogg,29.471995464852608,0,5.0,5.0,44100,bird,1.0
166,./kaggletest/yebapa1/,XC583193.ogg,29.471995464852608,0,10.0,5.0,44100,bird,1.0
167,./kaggletest/yebapa1/,XC583193.ogg,29.471995464852608,0,15.0,5.0,44100,bird,1.0
168,./kaggletest/yebapa1/,XC583193.ogg,29.471995464852608,0,20.0,5.0,44100,bird,1.0
169,./kaggletest/yebapa1/,XC207962.ogg,11.023673469387756,0,0.0,5.0,44100,bird,1.0
170,./kaggletest/yebapa1/,XC207962.ogg,11.023673469387756,0,5.0,5.0,44100,bird,1.0
171,./kaggletest/yebapa1/,XC655037.ogg,26.253061224489795,0,0.0,5.0,44100,bird,1.0
172,./kaggletest/yebapa1/,XC655037.ogg,26.253061224489795,0,5.0,5.0,44100,bird,1.0
173,./kaggletest/yebapa1/,XC655037.ogg,26.253061224489795,0,10.0,5.0,44100,bird,1.0
174,./kaggletest/yebapa1/,XC655037.ogg,26.253061224489795,0,15.0,5.0,44100,bird,1.0
175,./kaggletest/yebapa1/,XC655037.ogg,26.253061224489795,0,20.0,5.0,44100,bird,1.0
176,./kaggletest/yebapa1/,XC344252.ogg,6.556734693877551,0,0.0,5.0,44100,bird,1.0
177,./kaggletest/yebapa1/,XC728195.ogg,24.60732426303855,0,0.0,5.0,44100,bird,1.0
178,./kaggletest/yebapa1/,XC728195.ogg,24.60732426303855,0,5.0,5.0,44100,bird,1.0
179,./kaggletest/yebapa1/,XC728195.ogg,24.60732426303855,0,10.0,5.0,44100,bird,1.0
180,./kaggletest/yebapa1/,XC728195.ogg,24.60732426303855,0,15.0,5.0,44100,bird,1.0
181,./kaggletest/yebapa1/,XC655195.ogg,30.902834467120183,0,0.0,5.0,44100,bird,1.0
182,./kaggletest/yebapa1/,XC655195.ogg,30.902834467120183,0,5.0,5.0,44100,bird,1.0
183,./kaggletest/yebapa1/,XC655195.ogg,30.902834467120183,0,10.0,5.0,44100,bird,1.0
184,./kaggletest/yebapa1/,XC655195.ogg,30.902834467120183,0,15.0,5.0,44100,bird,1.0
185,./kaggletest/yebapa1/,XC655195.ogg,30.902834467120183,0,20.0,5.0,44100,bird,1.0
186,./kaggletest/yebapa1/,XC655195.ogg,30.902834467120183,0,25.0,5.0,44100,bird,1.0
187,./kaggletest/yebapa1/,XC638379.ogg,64.0,0,0.0,5.0,44100,bird,1.0
188,./kaggletest/yebapa1/,XC638379.ogg,64.0,0,5.0,5.0,44100,bird,1.0
189,./kaggletest/yebapa1/,XC638379.ogg,64.0,0,10.0,5.0,44100,bird,1.0
190,./kaggletest/yebapa1/,XC638379.ogg,64.0,0,15.0,5.0,44100,bird,1.0
191,./kaggletest/yebapa1/,XC638379.ogg,64.0,0,20.0,5.0,44100,bird,1.0
192,./kaggletest/yebapa1/,XC638379.ogg,64.0,0,25.0,5.0,44100,bird,1.0
193,./kaggletest/yebapa1/,XC638379.ogg,64.0,0,30.0,5.0,44100,bird,1.0
194,./kaggletest/yebapa1/,XC638379.ogg,64.0,0,35.0,5.0,44100,bird,1.0
195,./kaggletest/yebapa1/,XC638379.ogg,64.0,0,40.0,5.0,44100,bird,1.0
196,./kaggletest/yebapa1/,XC638379.ogg,64.0,0,45.0,5.0,44100,bird,1.0
197,./kaggletest/yebapa1/,XC638379.ogg,64.0,0,50.0,5.0,44100,bird,1.0
198,./kaggletest/yebapa1/,XC638379.ogg,64.0,0,55.0,5.0,44100,bird,1.0
199,./kaggletest/yebapa1/,XC383863.ogg,45.94897959183673,0,0.0,5.0,44100,bird,1.0
200,./kaggletest/yebapa1/,XC383863.ogg,45.94897959183673,0,5.0,5.0,44100,bird,1.0
201,./kaggletest/yebapa1/,XC383863.ogg,45.94897959183673,0,10.0,5.0,44100,bird,1.0
202,./kaggletest/yebapa1/,XC383863.ogg,45.94897959183673,0,15.0,5.0,44100,bird,1.0
203,./kaggletest/yebapa1/,XC383863.ogg,45.94897959183673,0,20.0,5.0,44100,bird,1.0
204,./kaggletest/yebapa1/,XC383863.ogg,45.94897959183673,0,25.0,5.0,44100,bird,1.0
205,./kaggletest/yebapa1/,XC383863.ogg,45.94897959183673,0,30.0,5.0,44100,bird,1.0
206,./kaggletest/yebapa1/,XC383863.ogg,45.94897959183673,0,35.0,5.0,44100,bird,1.0
207,./kaggletest/yebapa1/,XC383863.ogg,45.94897959183673,0,40.0,5.0,44100,bird,1.0
208,./kaggletest/yebapa1/,XC405134.ogg,27.48,0,0.0,5.0,44100,bird,1.0
209,./kaggletest/yebapa1/,XC405134.ogg,27.48,0,5.0,5.0,44100,bird,1.0
210,./kaggletest/yebapa1/,XC405134.ogg,27.48,0,10.0,5.0,44100,bird,1.0
211,./kaggletest/yebapa1/,XC405134.ogg,27.48,0,15.0,5.0,44100,bird,1.0
212,./kaggletest/yebapa1/,XC405134.ogg,27.48,0,20.0,5.0,44100,bird,1.0
213,./kaggletest/yebapa1/,XC750364.ogg,13.844897959183674,0,0.0,5.0,44100,bird,1.0
214,./kaggletest/yebapa1/,XC750364.ogg,13.844897959183674,0,5.0,5.0,44100,bird,1.0
215,./kaggletest/yebapa1/,XC583194.ogg,38.37598639455782,0,0.0,5.0,44100,bird,1.0
216,./kaggletest/yebapa1/,XC583194.ogg,38.37598639455782,0,5.0,5.0,44100,bird,1.0
217,./kaggletest/yebapa1/,XC583194.ogg,38.37598639455782,0,10.0,5.0,44100,bird,1.0
218,./kaggletest/yebapa1/,XC583194.ogg,38.37598639455782,0,15.0,5.0,44100,bird,1.0
219,./kaggletest/yebapa1/,XC583194.ogg,38.37598639455782,0,25.0,5.0,44100,bird,1.0
220,./kaggletest/yebapa1/,XC583194.ogg,38.37598639455782,0,30.0,5.0,44100,bird,1.0
221,./kaggletest/yebapa1/,XC633823.ogg,77.08798185941043,0,0.0,5.0,44100,bird,1.0
222,./kaggletest/yebapa1/,XC633823.ogg,77.08798185941043,0,5.0,5.0,44100,bird,1.0
223,./kaggletest/yebapa1/,XC633823.ogg,77.08798185941043,0,10.0,5.0,44100,bird,1.0
224,./kaggletest/yebapa1/,XC633823.ogg,77.08798185941043,0,15.0,5.0,44100,bird,1.0
225,./kaggletest/yebapa1/,XC633823.ogg,77.08798185941043,0,20.0,5.0,44100,bird,1.0
226,./kaggletest/yebapa1/,XC633823.ogg,77.08798185941043,0,25.0,5.0,44100,bird,1.0
227,./kaggletest/yebapa1/,XC633823.ogg,77.08798185941043,0,30.0,5.0,44100,bird,1.0
228,./kaggletest/yebapa1/,XC633823.ogg,77.08798185941043,0,35.0,5.0,44100,bird,1.0
229,./kaggletest/yebapa1/,XC633823.ogg,77.08798185941043,0,40.0,5.0,44100,bird,1.0
230,./kaggletest/yebapa1/,XC633823.ogg,77.08798185941043,0,45.0,5.0,44100,bird,1.0
231,./kaggletest/yebapa1/,XC633823.ogg,77.08798185941043,0,50.0,5.0,44100,bird,1.0
232,./kaggletest/yebapa1/,XC633823.ogg,77.08798185941043,0,55.0,5.0,44100,bird,1.0
233,./kaggletest/yebapa1/,XC633823.ogg,77.08798185941043,0,60.0,5.0,44100,bird,1.0
234,./kaggletest/yebapa1/,XC633823.ogg,77.08798185941043,0,65.0,5.0,44100,bird,1.0
235,./kaggletest/yebapa1/,XC633823.ogg,77.08798185941043,0,70.0,5.0,44100,bird,1.0
236,./kaggletest/yebapa1/,XC425035.ogg,48.77,0,0.0,5.0,44100,bird,1.0
237,./kaggletest/yebapa1/,XC425035.ogg,48.77,0,5.0,5.0,44100,bird,1.0
238,./kaggletest/yebapa1/,XC425035.ogg,48.77,0,10.0,5.0,44100,bird,1.0
239,./kaggletest/yebapa1/,XC425035.ogg,48.77,0,15.0,5.0,44100,bird,1.0
240,./kaggletest/yebapa1/,XC425035.ogg,48.77,0,20.0,5.0,44100,bird,1.0
241,./kaggletest/yebapa1/,XC425035.ogg,48.77,0,25.0,5.0,44100,bird,1.0
242,./kaggletest/yebapa1/,XC425035.ogg,48.77,0,30.0,5.0,44100,bird,1.0
243,./kaggletest/yebapa1/,XC425035.ogg,48.77,0,35.0,5.0,44100,bird,1.0
244,./kaggletest/yebapa1/,XC425035.ogg,48.77,0,40.0,5.0,44100,bird,1.0
245,./kaggletest/yebapa1/,XC612379.ogg,16.64,0,0.0,5.0,44100,bird,1.0
246,./kaggletest/yebapa1/,XC612379.ogg,16.64,0,5.0,5.0,44100,bird,1.0
247,./kaggletest/yebapa1/,XC612379.ogg,16.64,0,10.0,5.0,44100,bird,1.0
248,./kaggletest/yebapa1/,XC422175.ogg,12.671995464852607,0,0.0,5.0,44100,bird,1.0
249,./kaggletest/yebapa1/,XC422175.ogg,12.671995464852607,0,5.0,5.0,44100,bird,1.0
250,./kaggletest/yebapa1/,XC398895.ogg,185.44299319727892,0,0.0,5.0,44100,bird,1.0
251,./kaggletest/yebapa1/,XC398895.ogg,185.44299319727892,0,5.0,5.0,44100,bird,1.0
252,./kaggletest/yebapa1/,XC398895.ogg,185.44299319727892,0,10.0,5.0,44100,bird,1.0
253,./kaggletest/yebapa1/,XC398895.ogg,185.44299319727892,0,15.0,5.0,44100,bird,1.0
254,./kaggletest/yebapa1/,XC398895.ogg,185.44299319727892,0,20.0,5.0,44100,bird,1.0
255,./kaggletest/yebapa1/,XC398895.ogg,185.44299319727892,0,25.0,5.0,44100,bird,1.0
256,./kaggletest/yebapa1/,XC398895.ogg,185.44299319727892,0,30.0,5.0,44100,bird,1.0
257,./kaggletest/yebapa1/,XC398895.ogg,185.44299319727892,0,35.0,5.0,44100,bird,1.0
258,./kaggletest/yebapa1/,XC398895.ogg,185.44299319727892,0,40.0,5.0,44100,bird,1.0
259,./kaggletest/yebapa1/,XC398895.ogg,185.44299319727892,0,45.0,5.0,44100,bird,1.0
260,./kaggletest/yebapa1/,XC398895.ogg,185.44299319727892,0,50.0,5.0,44100,bird,1.0
261,./kaggletest/yebapa1/,XC398895.ogg,185.44299319727892,0,55.0,5.0,44100,bird,1.0
262,./kaggletest/yebapa1/,XC398895.ogg,185.44299319727892,0,60.0,5.0,44100,bird,1.0
263,./kaggletest/yebapa1/,XC398895.ogg,185.44299319727892,0,65.0,5.0,44100,bird,1.0
264,./kaggletest/yebapa1/,XC398895.ogg,185.44299319727892,0,70.0,5.0,44100,bird,1.0
265,./kaggletest/yebapa1/,XC398895.ogg,185.44299319727892,0,75.0,5.0,44100,bird,1.0
266,./kaggletest/yebapa1/,XC398895.ogg,185.44299319727892,0,80.0,5.0,44100,bird,1.0
267,./kaggletest/yebapa1/,XC398895.ogg,185.44299319727892,0,85.0,5.0,44100,bird,1.0
268,./kaggletest/yebapa1/,XC398895.ogg,185.44299319727892,0,95.0,5.0,44100,bird,1.0
269,./kaggletest/yebapa1/,XC398895.ogg,185.44299319727892,0,100.0,5.0,44100,bird,1.0
270,./kaggletest/yebapa1/,XC398895.ogg,185.44299319727892,0,105.0,5.0,44100,bird,1.0
271,./kaggletest/yebapa1/,XC398895.ogg,185.44299319727892,0,110.0,5.0,44100,bird,1.0
272,./kaggletest/yebapa1/,XC398895.ogg,185.44299319727892,0,115.0,5.0,44100,bird,1.0
273,./kaggletest/yebapa1/,XC398895.ogg,185.44299319727892,0,120.0,5.0,44100,bird,1.0
274,./kaggletest/yebapa1/,XC398895.ogg,185.44299319727892,0,125.0,5.0,44100,bird,1.0
275,./kaggletest/yebapa1/,XC398895.ogg,185.44299319727892,0,130.0,5.0,44100,bird,1.0
276,./kaggletest/yebapa1/,XC398895.ogg,185.44299319727892,0,135.0,5.0,44100,bird,1.0
277,./kaggletest/yebapa1/,XC398895.ogg,185.44299319727892,0,140.0,5.0,44100,bird,1.0
278,./kaggletest/yebapa1/,XC398895.ogg,185.44299319727892,0,145.0,5.0,44100,bird,1.0
279,./kaggletest/yebapa1/,XC398895.ogg,185.44299319727892,0,150.0,5.0,44100,bird,1.0
280,./kaggletest/yebapa1/,XC398895.ogg,185.44299319727892,0,155.0,5.0,44100,bird,1.0
281,./kaggletest/yebapa1/,XC398895.ogg,185.44299319727892,0,160.0,5.0,44100,bird,1.0
282,./kaggletest/yebapa1/,XC398895.ogg,185.44299319727892,0,165.0,5.0,44100,bird,1.0
283,./kaggletest/yebapa1/,XC398895.ogg,185.44299319727892,0,170.0,5.0,44100,bird,1.0
284,./kaggletest/yebapa1/,XC398895.ogg,185.44299319727892,0,175.0,5.0,44100,bird,1.0
285,./kaggletest/yebapa1/,XC398895.ogg,185.44299319727892,0,180.0,5.0,44100,bird,1.0
286,./kaggletest/yebapa1/,XC194540.ogg,8.385306122448979,0,0.0,5.0,44100,bird,1.0
287,./kaggletest/yebapa1/,XC633822.ogg,24.647981859410432,0,0.0,5.0,44100,bird,1.0
288,./kaggletest/yebapa1/,XC633822.ogg,24.647981859410432,0,5.0,5.0,44100,bird,1.0
289,./kaggletest/yebapa1/,XC633822.ogg,24.647981859410432,0,10.0,5.0,44100,bird,1.0
290,./kaggletest/yebapa1/,XC633822.ogg,24.647981859410432,0,15.0,5.0,44100,bird,1.0
291,./kaggletest/yebapa1/,XC213872.ogg,9.142834467120181,0,0.0,5.0,44100,bird,1.0
292,./kaggletest/yebapa1/,XC127951.ogg,47.64732426303855,0,0.0,5.0,44100,bird,1.0
293,./kaggletest/yebapa1/,XC127951.ogg,47.64732426303855,0,5.0,5.0,44100,bird,1.0
294,./kaggletest/yebapa1/,XC127951.ogg,47.64732426303855,0,10.0,5.0,44100,bird,1.0
295,./kaggletest/yebapa1/,XC127951.ogg,47.64732426303855,0,15.0,5.0,44100,bird,1.0
296,./kaggletest/yebapa1/,XC127951.ogg,47.64732426303855,0,20.0,5.0,44100,bird,1.0
297,./kaggletest/yebapa1/,XC127951.ogg,47.64732426303855,0,25.0,5.0,44100,bird,1.0
298,./kaggletest/yebapa1/,XC127951.ogg,47.64732426303855,0,30.0,5.0,44100,bird,1.0
299,./kaggletest/yebapa1/,XC127951.ogg,47.64732426303855,0,35.0,5.0,44100,bird,1.0
300,./kaggletest/yebapa1/,XC127951.ogg,47.64732426303855,0,40.0,5.0,44100,bird,1.0
301,./kaggletest/yebapa1/,XC606263.ogg,14.96798185941043,0,0.0,5.0,44100,bird,1.0
302,./kaggletest/yebapa1/,XC606263.ogg,14.96798185941043,0,5.0,5.0,44100,bird,1.0
303,./kaggletest/yebapa1/,XC622672.ogg,12.225306122448979,0,0.0,5.0,44100,bird,1.0
304,./kaggletest/yebapa1/,XC622672.ogg,12.225306122448979,0,5.0,5.0,44100,bird,1.0
305,./kaggletest/yebapa1/,XC346114.ogg,18.07199546485261,0,0.0,5.0,44100,bird,1.0
306,./kaggletest/yebapa1/,XC346114.ogg,18.07199546485261,0,5.0,5.0,44100,bird,1.0
307,./kaggletest/yebapa1/,XC346114.ogg,18.07199546485261,0,10.0,5.0,44100,bird,1.0
308,./kaggletest/yebapa1/,XC332496.ogg,35.00408163265306,0,0.0,5.0,44100,bird,1.0
309,./kaggletest/yebapa1/,XC332496.ogg,35.00408163265306,0,10.0,5.0,44100,bird,1.0
310,./kaggletest/yebapa1/,XC332496.ogg,35.00408163265306,0,15.0,5.0,44100,bird,1.0
311,./kaggletest/yebapa1/,XC332496.ogg,35.00408163265306,0,20.0,5.0,44100,bird,1.0
312,./kaggletest/yebapa1/,XC332496.ogg,35.00408163265306,0,25.0,5.0,44100,bird,1.0
313,./kaggletest/yebapa1/,XC332496.ogg,35.00408163265306,0,30.0,5.0,44100,bird,1.0
314,./kaggletest/yebapa1/,XC217010.ogg,13.322426303854876,0,0.0,5.0,44100,bird,1.0
315,./kaggletest/yebapa1/,XC217010.ogg,13.322426303854876,0,5.0,5.0,44100,bird,1.0
316,./kaggletest/yebapa1/,XC721231.ogg,21.603242630385488,0,0.0,5.0,44100,bird,1.0
317,./kaggletest/yebapa1/,XC721231.ogg,21.603242630385488,0,5.0,5.0,44100,bird,1.0
318,./kaggletest/yebapa1/,XC721231.ogg,21.603242630385488,0,10.0,5.0,44100,bird,1.0
319,./kaggletest/yebapa1/,XC721231.ogg,21.603242630385488,0,15.0,5.0,44100,bird,1.0
320,./kaggletest/yebapa1/,XC701863.ogg,22.804897959183673,0,0.0,5.0,44100,bird,1.0
321,./kaggletest/yebapa1/,XC701863.ogg,22.804897959183673,0,5.0,5.0,44100,bird,1.0
322,./kaggletest/yebapa1/,XC701863.ogg,22.804897959183673,0,10.0,5.0,44100,bird,1.0
323,./kaggletest/yebapa1/,XC701863.ogg,22.804897959183673,0,15.0,5.0,44100,bird,1.0
324,./kaggletest/yebapa1/,XC289562.ogg,24.89467120181406,0,0.0,5.0,44100,bird,1.0
325,./kaggletest/yebapa1/,XC289562.ogg,24.89467120181406,0,5.0,5.0,44100,bird,1.0
326,./kaggletest/yebapa1/,XC289562.ogg,24.89467120181406,0,10.0,5.0,44100,bird,1.0
327,./kaggletest/yebapa1/,XC289562.ogg,24.89467120181406,0,15.0,5.0,44100,bird,1.0
328,./kaggletest/yebapa1/,XC324024.ogg,16.953446712018142,0,0.0,5.0,44100,bird,1.0
329,./kaggletest/yebapa1/,XC324024.ogg,16.953446712018142,0,5.0,5.0,44100,bird,1.0
330,./kaggletest/yebapa1/,XC324024.ogg,16.953446712018142,0,10.0,5.0,44100,bird,1.0
331,./kaggletest/yebapa1/,XC701912.ogg,46.68079365079365,0,0.0,5.0,44100,bird,1.0
332,./kaggletest/yebapa1/,XC701912.ogg,46.68079365079365,0,5.0,5.0,44100,bird,1.0
333,./kaggletest/yebapa1/,XC701912.ogg,46.68079365079365,0,10.0,5.0,44100,bird,1.0
334,./kaggletest/yebapa1/,XC701912.ogg,46.68079365079365,0,15.0,5.0,44100,bird,1.0
335,./kaggletest/yebapa1/,XC701912.ogg,46.68079365079365,0,20.0,5.0,44100,bird,1.0
336,./kaggletest/yebapa1/,XC701912.ogg,46.68079365079365,0,25.0,5.0,44100,bird,1.0
337,./kaggletest/yebapa1/,XC701912.ogg,46.68079365079365,0,30.0,5.0,44100,bird,1.0
338,./kaggletest/yebapa1/,XC701912.ogg,46.68079365079365,0,35.0,5.0,44100,bird,1.0
339,./kaggletest/yebapa1/,XC701912.ogg,46.68079365079365,0,40.0,5.0,44100,bird,1.0
340,./kaggletest/yebapa1/,XC195535.ogg,45.34854875283447,0,5.0,5.0,44100,bird,1.0
341,./kaggletest/yebapa1/,XC662443.ogg,51.82598639455782,0,0.0,5.0,44100,bird,1.0
342,./kaggletest/yebapa1/,XC662443.ogg,51.82598639455782,0,5.0,5.0,44100,bird,1.0
343,./kaggletest/yebapa1/,XC662443.ogg,51.82598639455782,0,10.0,5.0,44100,bird,1.0
344,./kaggletest/yebapa1/,XC662443.ogg,51.82598639455782,0,15.0,5.0,44100,bird,1.0
345,./kaggletest/yebapa1/,XC662443.ogg,51.82598639455782,0,20.0,5.0,44100,bird,1.0
346,./kaggletest/yebapa1/,XC662443.ogg,51.82598639455782,0,25.0,5.0,44100,bird,1.0
347,./kaggletest/yebapa1/,XC662443.ogg,51.82598639455782,0,30.0,5.0,44100,bird,1.0
348,./kaggletest/yebapa1/,XC662443.ogg,51.82598639455782,0,35.0,5.0,44100,bird,1.0
349,./kaggletest/yebapa1/,XC662443.ogg,51.82598639455782,0,40.0,5.0,44100,bird,1.0
350,./kaggletest/yebapa1/,XC662443.ogg,51.82598639455782,0,45.0,5.0,44100,bird,1.0
351,./kaggletest/yebapa1/,XC581945.ogg,12.04798185941043,0,0.0,5.0,44100,bird,1.0
352,./kaggletest/yebapa1/,XC581945.ogg,12.04798185941043,0,5.0,5.0,44100,bird,1.0
353,./kaggletest/yebapa1/,XC453036.ogg,15.933990929705216,0,0.0,5.0,44100,bird,1.0
354,./kaggletest/yebapa1/,XC453036.ogg,15.933990929705216,0,5.0,5.0,44100,bird,1.0
355,./kaggletest/yebapa1/,XC453036.ogg,15.933990929705216,0,10.0,5.0,44100,bird,1.0
356,./kaggletest/yebapa1/,XC598347.ogg,7.601609977324263,0,0.0,5.0,44100,bird,1.0
357,./kaggletest/yebapa1/,XC632115.ogg,24.96,0,0.0,5.0,44100,bird,1.0
358,./kaggletest/yebapa1/,XC632115.ogg,24.96,0,5.0,5.0,44100,bird,1.0
359,./kaggletest/yebapa1/,XC632115.ogg,24.96,0,10.0,5.0,44100,bird,1.0
360,./kaggletest/yebapa1/,XC632115.ogg,24.96,0,15.0,5.0,44100,bird,1.0
361,./kaggletest/yebapa1/,XC326208.ogg,19.48732426303855,0,0.0,5.0,44100,bird,1.0
362,./kaggletest/yebapa1/,XC326208.ogg,19.48732426303855,0,5.0,5.0,44100,bird,1.0
363,./kaggletest/yebapa1/,XC326208.ogg,19.48732426303855,0,10.0,5.0,44100,bird,1.0
364,./kaggletest/yebapa1/,XC527896.ogg,12.767981859410432,0,0.0,5.0,44100,bird,1.0
365,./kaggletest/yebapa1/,XC527896.ogg,12.767981859410432,0,5.0,5.0,44100,bird,1.0
366,./kaggletest/yebapa1/,XC194539.ogg,27.689773242630384,0,0.0,5.0,44100,bird,1.0
367,./kaggletest/yebapa1/,XC194539.ogg,27.689773242630384,0,5.0,5.0,44100,bird,1.0
368,./kaggletest/yebapa1/,XC194539.ogg,27.689773242630384,0,10.0,5.0,44100,bird,1.0
369,./kaggletest/yebapa1/,XC194539.ogg,27.689773242630384,0,20.0,5.0,44100,bird,1.0
370,./kaggletest/yebapa1/,XC549785.ogg,40.727981859410434,0,0.0,5.0,44100,bird,1.0
371,./kaggletest/yebapa1/,XC549785.ogg,40.727981859410434,0,5.0,5.0,44100,bird,1.0
372,./kaggletest/yebapa1/,XC549785.ogg,40.727981859410434,0,10.0,5.0,44100,bird,1.0
373,./kaggletest/yebapa1/,XC549785.ogg,40.727981859410434,0,15.0,5.0,44100,bird,1.0
374,./kaggletest/yebapa1/,XC549785.ogg,40.727981859410434,0,20.0,5.0,44100,bird,1.0
375,./kaggletest/yebapa1/,XC549785.ogg,40.727981859410434,0,25.0,5.0,44100,bird,1.0
376,./kaggletest/yebapa1/,XC549785.ogg,40.727981859410434,0,30.0,5.0,44100,bird,1.0
377,./kaggletest/yebapa1/,XC549785.ogg,40.727981859410434,0,35.0,5.0,44100,bird,1.0
378,./kaggletest/yebapa1/,XC475337.ogg,26.487981859410432,0,0.0,5.0,44100,bird,1.0
379,./kaggletest/yebapa1/,XC475337.ogg,26.487981859410432,0,5.0,5.0,44100,bird,1.0
380,./kaggletest/yebapa1/,XC475337.ogg,26.487981859410432,0,10.0,5.0,44100,bird,1.0
381,./kaggletest/yebapa1/,XC475337.ogg,26.487981859410432,0,15.0,5.0,44100,bird,1.0
382,./kaggletest/yebapa1/,XC475337.ogg,26.487981859410432,0,20.0,5.0,44100,bird,1.0
383,./kaggletest/yebapa1/,XC373723.ogg,22.334671201814057,0,0.0,5.0,44100,bird,1.0
384,./kaggletest/yebapa1/,XC373723.ogg,22.334671201814057,0,5.0,5.0,44100,bird,1.0
385,./kaggletest/yebapa1/,XC373723.ogg,22.334671201814057,0,10.0,5.0,44100,bird,1.0
386,./kaggletest/yebapa1/,XC373723.ogg,22.334671201814057,0,15.0,5.0,44100,bird,1.0
387,./kaggletest/yebapa1/,XC476614.ogg,21.602993197278913,0,0.0,5.0,44100,bird,1.0
388,./kaggletest/yebapa1/,XC476614.ogg,21.602993197278913,0,5.0,5.0,44100,bird,1.0
389,./kaggletest/yebapa1/,XC476614.ogg,21.602993197278913,0,10.0,5.0,44100,bird,1.0
390,./kaggletest/yebapa1/,XC476614.ogg,21.602993197278913,0,15.0,5.0,44100,bird,1.0
391,./kaggletest/yebapa1/,XC701753.ogg,77.71426303854875,0,0.0,5.0,44100,bird,1.0
392,./kaggletest/yebapa1/,XC701753.ogg,77.71426303854875,0,5.0,5.0,44100,bird,1.0
393,./kaggletest/yebapa1/,XC701753.ogg,77.71426303854875,0,10.0,5.0,44100,bird,1.0
394,./kaggletest/yebapa1/,XC701753.ogg,77.71426303854875,0,15.0,5.0,44100,bird,1.0
395,./kaggletest/yebapa1/,XC701753.ogg,77.71426303854875,0,20.0,5.0,44100,bird,1.0
396,./kaggletest/yebapa1/,XC701753.ogg,77.71426303854875,0,25.0,5.0,44100,bird,1.0
397,./kaggletest/yebapa1/,XC701753.ogg,77.71426303854875,0,30.0,5.0,44100,bird,1.0
398,./kaggletest/yebapa1/,XC701753.ogg,77.71426303854875,0,35.0,5.0,44100,bird,1.0
399,./kaggletest/yebapa1/,XC701753.ogg,77.71426303854875,0,40.0,5.0,44100,bird,1.0
400,./kaggletest/yebapa1/,XC701753.ogg,77.71426303854875,0,45.0,5.0,44100,bird,1.0
401,./kaggletest/yebapa1/,XC701753.ogg,77.71426303854875,0,50.0,5.0,44100,bird,1.0
402,./kaggletest/yebapa1/,XC701753.ogg,77.71426303854875,0,55.0,5.0,44100,bird,1.0
403,./kaggletest/yebapa1/,XC701753.ogg,77.71426303854875,0,60.0,5.0,44100,bird,1.0
404,./kaggletest/yebapa1/,XC701753.ogg,77.71426303854875,0,65.0,5.0,44100,bird,1.0
405,./kaggletest/yebapa1/,XC701753.ogg,77.71426303854875,0,70.0,5.0,44100,bird,1.0
406,./kaggletest/yebapa1/,XC332185.ogg,43.12814058956916,0,0.0,5.0,44100,bird,1.0
407,./kaggletest/yebapa1/,XC332185.ogg,43.12814058956916,0,5.0,5.0,44100,bird,1.0
408,./kaggletest/yebapa1/,XC332185.ogg,43.12814058956916,0,10.0,5.0,44100,bird,1.0
409,./kaggletest/yebapa1/,XC332185.ogg,43.12814058956916,0,15.0,5.0,44100,bird,1.0
410,./kaggletest/yebapa1/,XC332185.ogg,43.12814058956916,0,20.0,5.0,44100,bird,1.0
411,./kaggletest/yebapa1/,XC332185.ogg,43.12814058956916,0,25.0,5.0,44100,bird,1.0
412,./kaggletest/yebapa1/,XC332185.ogg,43.12814058956916,0,30.0,5.0,44100,bird,1.0
413,./kaggletest/yebapa1/,XC332185.ogg,43.12814058956916,0,35.0,5.0,44100,bird,1.0
414,./kaggletest/yebapa1/,XC128011.ogg,42.76242630385487,0,0.0,5.0,44100,bird,1.0
415,./kaggletest/yebapa1/,XC128011.ogg,42.76242630385487,0,5.0,5.0,44100,bird,1.0
416,./kaggletest/yebapa1/,XC128011.ogg,42.76242630385487,0,10.0,5.0,44100,bird,1.0
417,./kaggletest/yebapa1/,XC128011.ogg,42.76242630385487,0,15.0,5.0,44100,bird,1.0
418,./kaggletest/yebapa1/,XC128011.ogg,42.76242630385487,0,20.0,5.0,44100,bird,1.0
419,./kaggletest/yebapa1/,XC128011.ogg,42.76242630385487,0,25.0,5.0,44100,bird,1.0
420,./kaggletest/yebapa1/,XC128011.ogg,42.76242630385487,0,30.0,5.0,44100,bird,1.0
421,./kaggletest/yebapa1/,XC128011.ogg,42.76242630385487,0,35.0,5.0,44100,bird,1.0
422,./kaggletest/yebapa1/,XC356567.ogg,7.862834467120181,0,0.0,5.0,44100,bird,1.0
423,./kaggletest/yebapa1/,XC332546.ogg,50.111995464852605,0,0.0,5.0,44100,bird,1.0
424,./kaggletest/yebapa1/,XC332546.ogg,50.111995464852605,0,5.0,5.0,44100,bird,1.0
425,./kaggletest/yebapa1/,XC332546.ogg,50.111995464852605,0,10.0,5.0,44100,bird,1.0
426,./kaggletest/yebapa1/,XC332546.ogg,50.111995464852605,0,15.0,5.0,44100,bird,1.0
427,./kaggletest/yebapa1/,XC332546.ogg,50.111995464852605,0,20.0,5.0,44100,bird,1.0
428,./kaggletest/yebapa1/,XC332546.ogg,50.111995464852605,0,25.0,5.0,44100,bird,1.0
429,./kaggletest/yebapa1/,XC332546.ogg,50.111995464852605,0,30.0,5.0,44100,bird,1.0
430,./kaggletest/yebapa1/,XC332546.ogg,50.111995464852605,0,35.0,5.0,44100,bird,1.0
431,./kaggletest/yebapa1/,XC332546.ogg,50.111995464852605,0,40.0,5.0,44100,bird,1.0
432,./kaggletest/yebapa1/,XC332546.ogg,50.111995464852605,0,45.0,5.0,44100,bird,1.0
433,./kaggletest/yebapa1/,XC332547.ogg,27.623990929705215,0,0.0,5.0,44100,bird,1.0
434,./kaggletest/yebapa1/,XC332547.ogg,27.623990929705215,0,5.0,5.0,44100,bird,1.0
435,./kaggletest/yebapa1/,XC332547.ogg,27.623990929705215,0,10.0,5.0,44100,bird,1.0
436,./kaggletest/yebapa1/,XC332547.ogg,27.623990929705215,0,15.0,5.0,44100,bird,1.0
437,./kaggletest/yebapa1/,XC332547.ogg,27.623990929705215,0,20.0,5.0,44100,bird,1.0
438,./kaggletest/yebapa1/,XC667028.ogg,11.493854875283446,0,0.0,5.0,44100,bird,1.0
439,./kaggletest/yebapa1/,XC667028.ogg,11.493854875283446,0,5.0,5.0,44100,bird,1.0
440,./kaggletest/yebapa1/,XC373731.ogg,11.154263038548752,0,0.0,5.0,44100,bird,1.0
441,./kaggletest/yebapa1/,XC373731.ogg,11.154263038548752,0,5.0,5.0,44100,bird,1.0
442,./kaggletest/yebapa1/,XC620177.ogg,27.863990929705217,0,0.0,5.0,44100,bird,1.0
443,./kaggletest/yebapa1/,XC620177.ogg,27.863990929705217,0,5.0,5.0,44100,bird,1.0
444,./kaggletest/yebapa1/,XC620177.ogg,27.863990929705217,0,10.0,5.0,44100,bird,1.0
445,./kaggletest/yebapa1/,XC620177.ogg,27.863990929705217,0,15.0,5.0,44100,bird,1.0
446,./kaggletest/yebapa1/,XC620177.ogg,27.863990929705217,0,20.0,5.0,44100,bird,1.0
447,./kaggletest/yebapa1/,XC655503.ogg,18.494671201814057,0,0.0,5.0,44100,bird,1.0
448,./kaggletest/yebapa1/,XC655503.ogg,18.494671201814057,0,5.0,5.0,44100,bird,1.0
449,./kaggletest/yebapa1/,XC655503.ogg,18.494671201814057,0,10.0,5.0,44100,bird,1.0
450,./kaggletest/yebapa1/,XC444139.ogg,29.413854875283448,0,0.0,5.0,44100,bird,1.0
451,./kaggletest/yebapa1/,XC444139.ogg,29.413854875283448,0,10.0,5.0,44100,bird,1.0
452,./kaggletest/yebapa1/,XC444139.ogg,29.413854875283448,0,15.0,5.0,44100,bird,1.0
453,./kaggletest/yebapa1/,XC444139.ogg,29.413854875283448,0,20.0,5.0,44100,bird,1.0
454,./kaggletest/yebapa1/,XC172873.ogg,49.34530612244898,0,0.0,5.0,44100,bird,1.0
455,./kaggletest/yebapa1/,XC172873.ogg,49.34530612244898,0,5.0,5.0,44100,bird,1.0
456,./kaggletest/yebapa1/,XC172873.ogg,49.34530612244898,0,10.0,5.0,44100,bird,1.0
457,./kaggletest/yebapa1/,XC172873.ogg,49.34530612244898,0,15.0,5.0,44100,bird,1.0
458,./kaggletest/yebapa1/,XC172873.ogg,49.34530612244898,0,20.0,5.0,44100,bird,1.0
459,./kaggletest/yebapa1/,XC172873.ogg,49.34530612244898,0,25.0,5.0,44100,bird,1.0
460,./kaggletest/yebapa1/,XC172873.ogg,49.34530612244898,0,30.0,5.0,44100,bird,1.0
461,./kaggletest/yebapa1/,XC172873.ogg,49.34530612244898,0,35.0,5.0,44100,bird,1.0
462,./kaggletest/yebapa1/,XC172873.ogg,49.34530612244898,0,40.0,5.0,44100,bird,1.0
463,./kaggletest/yebapa1/,XC660786.ogg,17.23199546485261,0,0.0,5.0,44100,bird,1.0
464,./kaggletest/yebapa1/,XC660786.ogg,17.23199546485261,0,5.0,5.0,44100,bird,1.0
465,./kaggletest/yebapa1/,XC660786.ogg,17.23199546485261,0,10.0,5.0,44100,bird,1.0
466,./kaggletest/yebapa1/,XC660787.ogg,17.20798185941043,0,0.0,5.0,44100,bird,1.0
467,./kaggletest/yebapa1/,XC660787.ogg,17.20798185941043,0,5.0,5.0,44100,bird,1.0
468,./kaggletest/yebapa1/,XC660787.ogg,17.20798185941043,0,10.0,5.0,44100,bird,1.0
469,./kaggletest/yebapa1/,XC172872.ogg,20.19265306122449,0,0.0,5.0,44100,bird,1.0
470,./kaggletest/yebapa1/,XC172872.ogg,20.19265306122449,0,5.0,5.0,44100,bird,1.0
471,./kaggletest/yebapa1/,XC172872.ogg,20.19265306122449,0,10.0,5.0,44100,bird,1.0
472,./kaggletest/yebapa1/,XC172872.ogg,20.19265306122449,0,15.0,5.0,44100,bird,1.0
473,./kaggletest/yebapa1/,XC240878.ogg,9.900385487528345,0,0.0,5.0,44100,bird,1.0
474,./kaggletest/yebapa1/,XC292282.ogg,7.39265306122449,0,0.0,5.0,44100,bird,1.0
475,./kaggletest/yebapa1/,XC601806.ogg,12.6,0,0.0,5.0,44100,bird,1.0
