,FOLDER,IN FILE,CLIP LENGTH,CHANNEL,OFFSET,DURATION,SAMPLE RATE,MANUAL ID,CONFIDENCE
0,./kaggletest/yebere1/,XC570441.ogg,13.922993197278911,0,0.0,5.0,44100,bird,1.0
1,./kaggletest/yebere1/,XC570441.ogg,13.922993197278911,0,5.0,5.0,44100,bird,1.0
2,./kaggletest/yebere1/,XC685659.ogg,28.55183673469388,0,0.0,5.0,44100,bird,1.0
3,./kaggletest/yebere1/,XC685659.ogg,28.55183673469388,0,5.0,5.0,44100,bird,1.0
4,./kaggletest/yebere1/,XC685659.ogg,28.55183673469388,0,15.0,5.0,44100,bird,1.0
5,./kaggletest/yebere1/,XC616541.ogg,23.58798185941043,0,0.0,5.0,44100,bird,1.0
6,./kaggletest/yebere1/,XC616541.ogg,23.58798185941043,0,5.0,5.0,44100,bird,1.0
7,./kaggletest/yebere1/,XC616541.ogg,23.58798185941043,0,10.0,5.0,44100,bird,1.0
8,./kaggletest/yebere1/,XC616541.ogg,23.58798185941043,0,15.0,5.0,44100,bird,1.0
9,./kaggletest/yebere1/,XC635004.ogg,50.54598639455782,0,0.0,5.0,44100,bird,1.0
10,./kaggletest/yebere1/,XC635004.ogg,50.54598639455782,0,5.0,5.0,44100,bird,1.0
11,./kaggletest/yebere1/,XC635004.ogg,50.54598639455782,0,10.0,5.0,44100,bird,1.0
12,./kaggletest/yebere1/,XC635004.ogg,50.54598639455782,0,15.0,5.0,44100,bird,1.0
13,./kaggletest/yebere1/,XC635004.ogg,50.54598639455782,0,20.0,5.0,44100,bird,1.0
14,./kaggletest/yebere1/,XC635004.ogg,50.54598639455782,0,25.0,5.0,44100,bird,1.0
15,./kaggletest/yebere1/,XC635004.ogg,50.54598639455782,0,30.0,5.0,44100,bird,1.0
16,./kaggletest/yebere1/,XC635004.ogg,50.54598639455782,0,35.0,5.0,44100,bird,1.0
17,./kaggletest/yebere1/,XC635004.ogg,50.54598639455782,0,40.0,5.0,44100,bird,1.0
18,./kaggletest/yebere1/,XC635004.ogg,50.54598639455782,0,45.0,5.0,44100,bird,1.0
19,./kaggletest/yebere1/,XC685661.ogg,30.92895691609977,0,0.0,5.0,44100,bird,1.0
20,./kaggletest/yebere1/,XC685661.ogg,30.92895691609977,0,5.0,5.0,44100,bird,1.0
21,./kaggletest/yebere1/,XC685661.ogg,30.92895691609977,0,10.0,5.0,44100,bird,1.0
22,./kaggletest/yebere1/,XC685661.ogg,30.92895691609977,0,15.0,5.0,44100,bird,1.0
23,./kaggletest/yebere1/,XC685661.ogg,30.92895691609977,0,20.0,5.0,44100,bird,1.0
24,./kaggletest/yebere1/,XC685661.ogg,30.92895691609977,0,25.0,5.0,44100,bird,1.0
25,./kaggletest/yebere1/,XC505998.ogg,44.61698412698413,0,0.0,5.0,44100,bird,1.0
26,./kaggletest/yebere1/,XC505998.ogg,44.61698412698413,0,5.0,5.0,44100,bird,1.0
27,./kaggletest/yebere1/,XC505998.ogg,44.61698412698413,0,10.0,5.0,44100,bird,1.0
28,./kaggletest/yebere1/,XC505998.ogg,44.61698412698413,0,15.0,5.0,44100,bird,1.0
29,./kaggletest/yebere1/,XC505998.ogg,44.61698412698413,0,20.0,5.0,44100,bird,1.0
30,./kaggletest/yebere1/,XC505998.ogg,44.61698412698413,0,25.0,5.0,44100,bird,1.0
31,./kaggletest/yebere1/,XC505998.ogg,44.61698412698413,0,30.0,5.0,44100,bird,1.0
32,./kaggletest/yebere1/,XC505998.ogg,44.61698412698413,0,35.0,5.0,44100,bird,1.0
33,./kaggletest/yebere1/,XC604521.ogg,25.390997732426303,0,0.0,5.0,44100,bird,1.0
34,./kaggletest/yebere1/,XC604521.ogg,25.390997732426303,0,5.0,5.0,44100,bird,1.0
35,./kaggletest/yebere1/,XC604521.ogg,25.390997732426303,0,10.0,5.0,44100,bird,1.0
36,./kaggletest/yebere1/,XC604521.ogg,25.390997732426303,0,15.0,5.0,44100,bird,1.0
37,./kaggletest/yebere1/,XC604521.ogg,25.390997732426303,0,20.0,5.0,44100,bird,1.0
38,./kaggletest/yebere1/,XC717006.ogg,18.05,0,0.0,5.0,44100,bird,1.0
39,./kaggletest/yebere1/,XC717006.ogg,18.05,0,5.0,5.0,44100,bird,1.0
40,./kaggletest/yebere1/,XC717006.ogg,18.05,0,10.0,5.0,44100,bird,1.0
41,./kaggletest/yebere1/,XC726754.ogg,35.84,0,0.0,5.0,44100,bird,1.0
42,./kaggletest/yebere1/,XC726754.ogg,35.84,0,5.0,5.0,44100,bird,1.0
43,./kaggletest/yebere1/,XC726754.ogg,35.84,0,10.0,5.0,44100,bird,1.0
44,./kaggletest/yebere1/,XC726754.ogg,35.84,0,15.0,5.0,44100,bird,1.0
45,./kaggletest/yebere1/,XC726754.ogg,35.84,0,20.0,5.0,44100,bird,1.0
46,./kaggletest/yebere1/,XC726754.ogg,35.84,0,25.0,5.0,44100,bird,1.0
47,./kaggletest/yebere1/,XC726754.ogg,35.84,0,30.0,5.0,44100,bird,1.0
48,./kaggletest/yebere1/,XC569616.ogg,25.077551020408162,0,0.0,5.0,44100,bird,1.0
49,./kaggletest/yebere1/,XC569616.ogg,25.077551020408162,0,5.0,5.0,44100,bird,1.0
50,./kaggletest/yebere1/,XC569616.ogg,25.077551020408162,0,10.0,5.0,44100,bird,1.0
51,./kaggletest/yebere1/,XC569616.ogg,25.077551020408162,0,15.0,5.0,44100,bird,1.0
52,./kaggletest/yebere1/,XC591422.ogg,27.845986394557823,0,0.0,5.0,44100,bird,1.0
53,./kaggletest/yebere1/,XC591422.ogg,27.845986394557823,0,5.0,5.0,44100,bird,1.0
54,./kaggletest/yebere1/,XC591422.ogg,27.845986394557823,0,10.0,5.0,44100,bird,1.0
55,./kaggletest/yebere1/,XC591422.ogg,27.845986394557823,0,15.0,5.0,44100,bird,1.0
56,./kaggletest/yebere1/,XC591422.ogg,27.845986394557823,0,20.0,5.0,44100,bird,1.0
57,./kaggletest/yebere1/,XC636634.ogg,28.968979591836735,0,0.0,5.0,44100,bird,1.0
58,./kaggletest/yebere1/,XC636634.ogg,28.968979591836735,0,5.0,5.0,44100,bird,1.0
59,./kaggletest/yebere1/,XC636634.ogg,28.968979591836735,0,10.0,5.0,44100,bird,1.0
60,./kaggletest/yebere1/,XC636634.ogg,28.968979591836735,0,15.0,5.0,44100,bird,1.0
61,./kaggletest/yebere1/,XC636634.ogg,28.968979591836735,0,20.0,5.0,44100,bird,1.0
62,./kaggletest/yebere1/,XC625313.ogg,16.874988662131518,0,0.0,5.0,44100,bird,1.0
63,./kaggletest/yebere1/,XC625313.ogg,16.874988662131518,0,5.0,5.0,44100,bird,1.0
64,./kaggletest/yebere1/,XC625313.ogg,16.874988662131518,0,10.0,5.0,44100,bird,1.0
65,./kaggletest/yebere1/,XC640829.ogg,46.705986394557826,0,0.0,5.0,44100,bird,1.0
66,./kaggletest/yebere1/,XC640829.ogg,46.705986394557826,0,5.0,5.0,44100,bird,1.0
67,./kaggletest/yebere1/,XC640829.ogg,46.705986394557826,0,10.0,5.0,44100,bird,1.0
68,./kaggletest/yebere1/,XC640829.ogg,46.705986394557826,0,15.0,5.0,44100,bird,1.0
69,./kaggletest/yebere1/,XC640829.ogg,46.705986394557826,0,20.0,5.0,44100,bird,1.0
70,./kaggletest/yebere1/,XC640829.ogg,46.705986394557826,0,25.0,5.0,44100,bird,1.0
71,./kaggletest/yebere1/,XC640829.ogg,46.705986394557826,0,30.0,5.0,44100,bird,1.0
72,./kaggletest/yebere1/,XC640829.ogg,46.705986394557826,0,35.0,5.0,44100,bird,1.0
73,./kaggletest/yebere1/,XC640829.ogg,46.705986394557826,0,40.0,5.0,44100,bird,1.0
74,./kaggletest/yebere1/,XC297942.ogg,89.20814058956915,0,0.0,5.0,44100,bird,1.0
75,./kaggletest/yebere1/,XC297942.ogg,89.20814058956915,0,5.0,5.0,44100,bird,1.0
76,./kaggletest/yebere1/,XC297942.ogg,89.20814058956915,0,10.0,5.0,44100,bird,1.0
77,./kaggletest/yebere1/,XC297942.ogg,89.20814058956915,0,15.0,5.0,44100,bird,1.0
78,./kaggletest/yebere1/,XC297942.ogg,89.20814058956915,0,20.0,5.0,44100,bird,1.0
79,./kaggletest/yebere1/,XC297942.ogg,89.20814058956915,0,30.0,5.0,44100,bird,1.0
80,./kaggletest/yebere1/,XC297942.ogg,89.20814058956915,0,35.0,5.0,44100,bird,1.0
81,./kaggletest/yebere1/,XC297942.ogg,89.20814058956915,0,40.0,5.0,44100,bird,1.0
82,./kaggletest/yebere1/,XC297942.ogg,89.20814058956915,0,45.0,5.0,44100,bird,1.0
83,./kaggletest/yebere1/,XC297942.ogg,89.20814058956915,0,50.0,5.0,44100,bird,1.0
84,./kaggletest/yebere1/,XC297942.ogg,89.20814058956915,0,60.0,5.0,44100,bird,1.0
85,./kaggletest/yebere1/,XC297942.ogg,89.20814058956915,0,70.0,5.0,44100,bird,1.0
86,./kaggletest/yebere1/,XC297942.ogg,89.20814058956915,0,75.0,5.0,44100,bird,1.0
87,./kaggletest/yebere1/,XC297942.ogg,89.20814058956915,0,80.0,5.0,44100,bird,1.0
88,./kaggletest/yebere1/,XC498180.ogg,66.35099773242631,0,0.0,5.0,44100,bird,1.0
89,./kaggletest/yebere1/,XC498180.ogg,66.35099773242631,0,5.0,5.0,44100,bird,1.0
90,./kaggletest/yebere1/,XC498180.ogg,66.35099773242631,0,10.0,5.0,44100,bird,1.0
91,./kaggletest/yebere1/,XC498180.ogg,66.35099773242631,0,15.0,5.0,44100,bird,1.0
92,./kaggletest/yebere1/,XC498180.ogg,66.35099773242631,0,20.0,5.0,44100,bird,1.0
93,./kaggletest/yebere1/,XC498180.ogg,66.35099773242631,0,25.0,5.0,44100,bird,1.0
94,./kaggletest/yebere1/,XC498180.ogg,66.35099773242631,0,30.0,5.0,44100,bird,1.0
95,./kaggletest/yebere1/,XC498180.ogg,66.35099773242631,0,35.0,5.0,44100,bird,1.0
96,./kaggletest/yebere1/,XC498180.ogg,66.35099773242631,0,40.0,5.0,44100,bird,1.0
97,./kaggletest/yebere1/,XC498180.ogg,66.35099773242631,0,50.0,5.0,44100,bird,1.0
98,./kaggletest/yebere1/,XC498180.ogg,66.35099773242631,0,55.0,5.0,44100,bird,1.0
99,./kaggletest/yebere1/,XC498180.ogg,66.35099773242631,0,60.0,5.0,44100,bird,1.0
100,./kaggletest/yebere1/,XC609813.ogg,26.22598639455782,0,0.0,5.0,44100,bird,1.0
101,./kaggletest/yebere1/,XC609813.ogg,26.22598639455782,0,5.0,5.0,44100,bird,1.0
102,./kaggletest/yebere1/,XC609813.ogg,26.22598639455782,0,10.0,5.0,44100,bird,1.0
103,./kaggletest/yebere1/,XC609813.ogg,26.22598639455782,0,15.0,5.0,44100,bird,1.0
104,./kaggletest/yebere1/,XC609813.ogg,26.22598639455782,0,20.0,5.0,44100,bird,1.0
105,./kaggletest/yebere1/,XC210545.ogg,53.65548752834467,0,0.0,5.0,44100,bird,1.0
106,./kaggletest/yebere1/,XC210545.ogg,53.65548752834467,0,5.0,5.0,44100,bird,1.0
107,./kaggletest/yebere1/,XC210545.ogg,53.65548752834467,0,10.0,5.0,44100,bird,1.0
108,./kaggletest/yebere1/,XC210545.ogg,53.65548752834467,0,15.0,5.0,44100,bird,1.0
109,./kaggletest/yebere1/,XC210545.ogg,53.65548752834467,0,20.0,5.0,44100,bird,1.0
110,./kaggletest/yebere1/,XC210545.ogg,53.65548752834467,0,25.0,5.0,44100,bird,1.0
111,./kaggletest/yebere1/,XC210545.ogg,53.65548752834467,0,35.0,5.0,44100,bird,1.0
112,./kaggletest/yebere1/,XC210545.ogg,53.65548752834467,0,45.0,5.0,44100,bird,1.0
113,./kaggletest/yebere1/,XC452464.ogg,32.78367346938776,0,0.0,5.0,44100,bird,1.0
114,./kaggletest/yebere1/,XC452464.ogg,32.78367346938776,0,5.0,5.0,44100,bird,1.0
115,./kaggletest/yebere1/,XC452464.ogg,32.78367346938776,0,10.0,5.0,44100,bird,1.0
116,./kaggletest/yebere1/,XC452464.ogg,32.78367346938776,0,15.0,5.0,44100,bird,1.0
117,./kaggletest/yebere1/,XC452464.ogg,32.78367346938776,0,20.0,5.0,44100,bird,1.0
118,./kaggletest/yebere1/,XC452464.ogg,32.78367346938776,0,25.0,5.0,44100,bird,1.0
119,./kaggletest/yebere1/,XC694499.ogg,18.624988662131518,0,0.0,5.0,44100,bird,1.0
120,./kaggletest/yebere1/,XC694499.ogg,18.624988662131518,0,5.0,5.0,44100,bird,1.0
121,./kaggletest/yebere1/,XC694499.ogg,18.624988662131518,0,10.0,5.0,44100,bird,1.0
122,./kaggletest/yebere1/,XC194562.ogg,23.405714285714286,0,0.0,5.0,44100,bird,1.0
123,./kaggletest/yebere1/,XC194562.ogg,23.405714285714286,0,5.0,5.0,44100,bird,1.0
124,./kaggletest/yebere1/,XC194562.ogg,23.405714285714286,0,10.0,5.0,44100,bird,1.0
125,./kaggletest/yebere1/,XC194562.ogg,23.405714285714286,0,15.0,5.0,44100,bird,1.0
126,./kaggletest/yebere1/,XC637864.ogg,83.27798185941043,0,0.0,5.0,44100,bird,1.0
127,./kaggletest/yebere1/,XC637864.ogg,83.27798185941043,0,5.0,5.0,44100,bird,1.0
128,./kaggletest/yebere1/,XC637864.ogg,83.27798185941043,0,10.0,5.0,44100,bird,1.0
129,./kaggletest/yebere1/,XC637864.ogg,83.27798185941043,0,15.0,5.0,44100,bird,1.0
130,./kaggletest/yebere1/,XC637864.ogg,83.27798185941043,0,20.0,5.0,44100,bird,1.0
131,./kaggletest/yebere1/,XC637864.ogg,83.27798185941043,0,25.0,5.0,44100,bird,1.0
132,./kaggletest/yebere1/,XC637864.ogg,83.27798185941043,0,30.0,5.0,44100,bird,1.0
133,./kaggletest/yebere1/,XC637864.ogg,83.27798185941043,0,35.0,5.0,44100,bird,1.0
134,./kaggletest/yebere1/,XC637864.ogg,83.27798185941043,0,40.0,5.0,44100,bird,1.0
135,./kaggletest/yebere1/,XC637864.ogg,83.27798185941043,0,45.0,5.0,44100,bird,1.0
136,./kaggletest/yebere1/,XC637864.ogg,83.27798185941043,0,50.0,5.0,44100,bird,1.0
137,./kaggletest/yebere1/,XC637864.ogg,83.27798185941043,0,55.0,5.0,44100,bird,1.0
138,./kaggletest/yebere1/,XC637864.ogg,83.27798185941043,0,60.0,5.0,44100,bird,1.0
139,./kaggletest/yebere1/,XC637864.ogg,83.27798185941043,0,65.0,5.0,44100,bird,1.0
140,./kaggletest/yebere1/,XC637864.ogg,83.27798185941043,0,70.0,5.0,44100,bird,1.0
141,./kaggletest/yebere1/,XC637864.ogg,83.27798185941043,0,75.0,5.0,44100,bird,1.0
142,./kaggletest/yebere1/,XC617034.ogg,13.765986394557823,0,0.0,5.0,44100,bird,1.0
143,./kaggletest/yebere1/,XC617034.ogg,13.765986394557823,0,5.0,5.0,44100,bird,1.0
144,./kaggletest/yebere1/,XC609494.ogg,31.007324263038548,0,0.0,5.0,44100,bird,1.0
145,./kaggletest/yebere1/,XC609494.ogg,31.007324263038548,0,5.0,5.0,44100,bird,1.0
146,./kaggletest/yebere1/,XC609494.ogg,31.007324263038548,0,10.0,5.0,44100,bird,1.0
147,./kaggletest/yebere1/,XC609494.ogg,31.007324263038548,0,15.0,5.0,44100,bird,1.0
148,./kaggletest/yebere1/,XC609494.ogg,31.007324263038548,0,20.0,5.0,44100,bird,1.0
149,./kaggletest/yebere1/,XC609494.ogg,31.007324263038548,0,25.0,5.0,44100,bird,1.0
150,./kaggletest/yebere1/,XC527934.ogg,80.52,0,0.0,5.0,44100,bird,1.0
151,./kaggletest/yebere1/,XC527934.ogg,80.52,0,5.0,5.0,44100,bird,1.0
152,./kaggletest/yebere1/,XC527934.ogg,80.52,0,10.0,5.0,44100,bird,1.0
153,./kaggletest/yebere1/,XC527934.ogg,80.52,0,15.0,5.0,44100,bird,1.0
154,./kaggletest/yebere1/,XC527934.ogg,80.52,0,20.0,5.0,44100,bird,1.0
155,./kaggletest/yebere1/,XC527934.ogg,80.52,0,25.0,5.0,44100,bird,1.0
156,./kaggletest/yebere1/,XC527934.ogg,80.52,0,30.0,5.0,44100,bird,1.0
157,./kaggletest/yebere1/,XC527934.ogg,80.52,0,35.0,5.0,44100,bird,1.0
158,./kaggletest/yebere1/,XC527934.ogg,80.52,0,40.0,5.0,44100,bird,1.0
159,./kaggletest/yebere1/,XC527934.ogg,80.52,0,45.0,5.0,44100,bird,1.0
160,./kaggletest/yebere1/,XC527934.ogg,80.52,0,50.0,5.0,44100,bird,1.0
161,./kaggletest/yebere1/,XC527934.ogg,80.52,0,55.0,5.0,44100,bird,1.0
162,./kaggletest/yebere1/,XC527934.ogg,80.52,0,60.0,5.0,44100,bird,1.0
163,./kaggletest/yebere1/,XC527934.ogg,80.52,0,65.0,5.0,44100,bird,1.0
164,./kaggletest/yebere1/,XC527934.ogg,80.52,0,70.0,5.0,44100,bird,1.0
165,./kaggletest/yebere1/,XC527934.ogg,80.52,0,75.0,5.0,44100,bird,1.0
166,./kaggletest/yebere1/,XC448868.ogg,31.529773242630384,0,0.0,5.0,44100,bird,1.0
167,./kaggletest/yebere1/,XC448868.ogg,31.529773242630384,0,5.0,5.0,44100,bird,1.0
168,./kaggletest/yebere1/,XC448868.ogg,31.529773242630384,0,10.0,5.0,44100,bird,1.0
169,./kaggletest/yebere1/,XC448868.ogg,31.529773242630384,0,15.0,5.0,44100,bird,1.0
170,./kaggletest/yebere1/,XC448868.ogg,31.529773242630384,0,20.0,5.0,44100,bird,1.0
171,./kaggletest/yebere1/,XC448868.ogg,31.529773242630384,0,25.0,5.0,44100,bird,1.0
172,./kaggletest/yebere1/,XC501846.ogg,26.043990929705217,0,0.0,5.0,44100,bird,1.0
173,./kaggletest/yebere1/,XC501846.ogg,26.043990929705217,0,5.0,5.0,44100,bird,1.0
174,./kaggletest/yebere1/,XC501846.ogg,26.043990929705217,0,10.0,5.0,44100,bird,1.0
175,./kaggletest/yebere1/,XC501846.ogg,26.043990929705217,0,20.0,5.0,44100,bird,1.0
176,./kaggletest/yebere1/,XC609468.ogg,17.711995464852606,0,5.0,5.0,44100,bird,1.0
177,./kaggletest/yebere1/,XC287448.ogg,20.495986394557825,0,0.0,5.0,44100,bird,1.0
178,./kaggletest/yebere1/,XC287448.ogg,20.495986394557825,0,5.0,5.0,44100,bird,1.0
179,./kaggletest/yebere1/,XC287448.ogg,20.495986394557825,0,10.0,5.0,44100,bird,1.0
180,./kaggletest/yebere1/,XC287448.ogg,20.495986394557825,0,15.0,5.0,44100,bird,1.0
181,./kaggletest/yebere1/,XC477687.ogg,16.03918367346939,0,0.0,5.0,44100,bird,1.0
182,./kaggletest/yebere1/,XC477687.ogg,16.03918367346939,0,5.0,5.0,44100,bird,1.0
183,./kaggletest/yebere1/,XC477687.ogg,16.03918367346939,0,10.0,5.0,44100,bird,1.0
184,./kaggletest/yebere1/,XC390694.ogg,46.576303854875285,0,0.0,5.0,44100,bird,1.0
185,./kaggletest/yebere1/,XC390694.ogg,46.576303854875285,0,5.0,5.0,44100,bird,1.0
186,./kaggletest/yebere1/,XC390694.ogg,46.576303854875285,0,10.0,5.0,44100,bird,1.0
187,./kaggletest/yebere1/,XC390694.ogg,46.576303854875285,0,15.0,5.0,44100,bird,1.0
188,./kaggletest/yebere1/,XC390694.ogg,46.576303854875285,0,20.0,5.0,44100,bird,1.0
189,./kaggletest/yebere1/,XC390694.ogg,46.576303854875285,0,25.0,5.0,44100,bird,1.0
190,./kaggletest/yebere1/,XC390694.ogg,46.576303854875285,0,30.0,5.0,44100,bird,1.0
191,./kaggletest/yebere1/,XC390694.ogg,46.576303854875285,0,35.0,5.0,44100,bird,1.0
192,./kaggletest/yebere1/,XC390694.ogg,46.576303854875285,0,40.0,5.0,44100,bird,1.0
193,./kaggletest/yebere1/,XC527885.ogg,22.36798185941043,0,0.0,5.0,44100,bird,1.0
194,./kaggletest/yebere1/,XC527885.ogg,22.36798185941043,0,5.0,5.0,44100,bird,1.0
195,./kaggletest/yebere1/,XC527885.ogg,22.36798185941043,0,10.0,5.0,44100,bird,1.0
196,./kaggletest/yebere1/,XC527885.ogg,22.36798185941043,0,15.0,5.0,44100,bird,1.0
197,./kaggletest/yebere1/,XC454670.ogg,42.24,0,0.0,5.0,44100,bird,1.0
198,./kaggletest/yebere1/,XC454670.ogg,42.24,0,5.0,5.0,44100,bird,1.0
199,./kaggletest/yebere1/,XC454670.ogg,42.24,0,10.0,5.0,44100,bird,1.0
200,./kaggletest/yebere1/,XC454670.ogg,42.24,0,15.0,5.0,44100,bird,1.0
201,./kaggletest/yebere1/,XC454670.ogg,42.24,0,20.0,5.0,44100,bird,1.0
202,./kaggletest/yebere1/,XC454670.ogg,42.24,0,25.0,5.0,44100,bird,1.0
203,./kaggletest/yebere1/,XC454670.ogg,42.24,0,35.0,5.0,44100,bird,1.0
204,./kaggletest/yebere1/,XC527886.ogg,26.08798185941043,0,0.0,5.0,44100,bird,1.0
205,./kaggletest/yebere1/,XC527886.ogg,26.08798185941043,0,5.0,5.0,44100,bird,1.0
206,./kaggletest/yebere1/,XC527886.ogg,26.08798185941043,0,10.0,5.0,44100,bird,1.0
207,./kaggletest/yebere1/,XC527886.ogg,26.08798185941043,0,15.0,5.0,44100,bird,1.0
208,./kaggletest/yebere1/,XC527886.ogg,26.08798185941043,0,20.0,5.0,44100,bird,1.0
