,FOLDER,IN FILE,CLIP LENGTH,CHANNEL,OFFSET,DURATION,SAMPLE RATE,MANUAL ID,CONFIDENCE
0,./kaggletest/yebsto1/,XC337857.ogg,51.90530612244898,0,0.0,5.0,44100,bird,1.0
1,./kaggletest/yebsto1/,XC337857.ogg,51.90530612244898,0,5.0,5.0,44100,bird,1.0
2,./kaggletest/yebsto1/,XC337857.ogg,51.90530612244898,0,10.0,5.0,44100,bird,1.0
3,./kaggletest/yebsto1/,XC337857.ogg,51.90530612244898,0,15.0,5.0,44100,bird,1.0
4,./kaggletest/yebsto1/,XC337857.ogg,51.90530612244898,0,20.0,5.0,44100,bird,1.0
5,./kaggletest/yebsto1/,XC337857.ogg,51.90530612244898,0,25.0,5.0,44100,bird,1.0
6,./kaggletest/yebsto1/,XC337857.ogg,51.90530612244898,0,30.0,5.0,44100,bird,1.0
7,./kaggletest/yebsto1/,XC337857.ogg,51.90530612244898,0,35.0,5.0,44100,bird,1.0
8,./kaggletest/yebsto1/,XC337857.ogg,51.90530612244898,0,40.0,5.0,44100,bird,1.0
9,./kaggletest/yebsto1/,XC337857.ogg,51.90530612244898,0,45.0,5.0,44100,bird,1.0
