,FOLDER,IN FILE,CLIP LENGTH,CHANNEL,OFFSET,DURATION,SAMPLE RATE,MANUAL ID,CONFIDENCE
0,./kaggletest/yertin1/,XC356232.ogg,35.23918367346939,0,0.0,5.0,44100,bird,1.0
1,./kaggletest/yertin1/,XC356232.ogg,35.23918367346939,0,5.0,5.0,44100,bird,1.0
2,./kaggletest/yertin1/,XC356232.ogg,35.23918367346939,0,10.0,5.0,44100,bird,1.0
3,./kaggletest/yertin1/,XC356232.ogg,35.23918367346939,0,15.0,5.0,44100,bird,1.0
4,./kaggletest/yertin1/,XC356232.ogg,35.23918367346939,0,20.0,5.0,44100,bird,1.0
5,./kaggletest/yertin1/,XC356232.ogg,35.23918367346939,0,25.0,5.0,44100,bird,1.0
6,./kaggletest/yertin1/,XC356232.ogg,35.23918367346939,0,30.0,5.0,44100,bird,1.0
7,./kaggletest/yertin1/,XC633675.ogg,96.96,0,0.0,5.0,44100,bird,1.0
8,./kaggletest/yertin1/,XC633675.ogg,96.96,0,5.0,5.0,44100,bird,1.0
9,./kaggletest/yertin1/,XC633675.ogg,96.96,0,10.0,5.0,44100,bird,1.0
10,./kaggletest/yertin1/,XC633675.ogg,96.96,0,15.0,5.0,44100,bird,1.0
11,./kaggletest/yertin1/,XC633675.ogg,96.96,0,20.0,5.0,44100,bird,1.0
12,./kaggletest/yertin1/,XC633675.ogg,96.96,0,25.0,5.0,44100,bird,1.0
13,./kaggletest/yertin1/,XC633675.ogg,96.96,0,30.0,5.0,44100,bird,1.0
14,./kaggletest/yertin1/,XC633675.ogg,96.96,0,35.0,5.0,44100,bird,1.0
15,./kaggletest/yertin1/,XC633675.ogg,96.96,0,40.0,5.0,44100,bird,1.0
16,./kaggletest/yertin1/,XC633675.ogg,96.96,0,45.0,5.0,44100,bird,1.0
17,./kaggletest/yertin1/,XC633675.ogg,96.96,0,50.0,5.0,44100,bird,1.0
18,./kaggletest/yertin1/,XC633675.ogg,96.96,0,55.0,5.0,44100,bird,1.0
19,./kaggletest/yertin1/,XC633675.ogg,96.96,0,60.0,5.0,44100,bird,1.0
20,./kaggletest/yertin1/,XC633675.ogg,96.96,0,70.0,5.0,44100,bird,1.0
21,./kaggletest/yertin1/,XC633675.ogg,96.96,0,75.0,5.0,44100,bird,1.0
22,./kaggletest/yertin1/,XC633675.ogg,96.96,0,80.0,5.0,44100,bird,1.0
23,./kaggletest/yertin1/,XC633675.ogg,96.96,0,90.0,5.0,44100,bird,1.0
24,./kaggletest/yertin1/,XC419636.ogg,90.95836734693877,0,0.0,5.0,44100,bird,1.0
25,./kaggletest/yertin1/,XC419636.ogg,90.95836734693877,0,5.0,5.0,44100,bird,1.0
26,./kaggletest/yertin1/,XC419636.ogg,90.95836734693877,0,10.0,5.0,44100,bird,1.0
27,./kaggletest/yertin1/,XC419636.ogg,90.95836734693877,0,15.0,5.0,44100,bird,1.0
28,./kaggletest/yertin1/,XC419636.ogg,90.95836734693877,0,20.0,5.0,44100,bird,1.0
29,./kaggletest/yertin1/,XC419636.ogg,90.95836734693877,0,25.0,5.0,44100,bird,1.0
30,./kaggletest/yertin1/,XC419636.ogg,90.95836734693877,0,30.0,5.0,44100,bird,1.0
31,./kaggletest/yertin1/,XC419636.ogg,90.95836734693877,0,35.0,5.0,44100,bird,1.0
32,./kaggletest/yertin1/,XC419636.ogg,90.95836734693877,0,40.0,5.0,44100,bird,1.0
33,./kaggletest/yertin1/,XC419636.ogg,90.95836734693877,0,45.0,5.0,44100,bird,1.0
34,./kaggletest/yertin1/,XC419636.ogg,90.95836734693877,0,50.0,5.0,44100,bird,1.0
35,./kaggletest/yertin1/,XC419636.ogg,90.95836734693877,0,55.0,5.0,44100,bird,1.0
36,./kaggletest/yertin1/,XC419636.ogg,90.95836734693877,0,60.0,5.0,44100,bird,1.0
37,./kaggletest/yertin1/,XC419636.ogg,90.95836734693877,0,65.0,5.0,44100,bird,1.0
38,./kaggletest/yertin1/,XC419636.ogg,90.95836734693877,0,70.0,5.0,44100,bird,1.0
39,./kaggletest/yertin1/,XC419636.ogg,90.95836734693877,0,80.0,5.0,44100,bird,1.0
40,./kaggletest/yertin1/,XC419636.ogg,90.95836734693877,0,85.0,5.0,44100,bird,1.0
41,./kaggletest/yertin1/,XC304824.ogg,15.386122448979592,0,0.0,5.0,44100,bird,1.0
42,./kaggletest/yertin1/,XC304824.ogg,15.386122448979592,0,5.0,5.0,44100,bird,1.0
43,./kaggletest/yertin1/,XC304824.ogg,15.386122448979592,0,10.0,5.0,44100,bird,1.0
44,./kaggletest/yertin1/,XC485191.ogg,12.198979591836734,0,0.0,5.0,44100,bird,1.0
45,./kaggletest/yertin1/,XC485191.ogg,12.198979591836734,0,5.0,5.0,44100,bird,1.0
46,./kaggletest/yertin1/,XC487157.ogg,10.47498866213152,0,0.0,5.0,44100,bird,1.0
47,./kaggletest/yertin1/,XC487157.ogg,10.47498866213152,0,5.0,5.0,44100,bird,1.0
48,./kaggletest/yertin1/,XC408464.ogg,14.994263038548754,0,5.0,5.0,44100,bird,1.0
49,./kaggletest/yertin1/,XC633674.ogg,84.4319954648526,0,0.0,5.0,44100,bird,1.0
50,./kaggletest/yertin1/,XC633674.ogg,84.4319954648526,0,5.0,5.0,44100,bird,1.0
51,./kaggletest/yertin1/,XC633674.ogg,84.4319954648526,0,10.0,5.0,44100,bird,1.0
52,./kaggletest/yertin1/,XC633674.ogg,84.4319954648526,0,15.0,5.0,44100,bird,1.0
53,./kaggletest/yertin1/,XC633674.ogg,84.4319954648526,0,20.0,5.0,44100,bird,1.0
54,./kaggletest/yertin1/,XC633674.ogg,84.4319954648526,0,25.0,5.0,44100,bird,1.0
55,./kaggletest/yertin1/,XC633674.ogg,84.4319954648526,0,30.0,5.0,44100,bird,1.0
56,./kaggletest/yertin1/,XC633674.ogg,84.4319954648526,0,35.0,5.0,44100,bird,1.0
57,./kaggletest/yertin1/,XC633674.ogg,84.4319954648526,0,40.0,5.0,44100,bird,1.0
58,./kaggletest/yertin1/,XC633674.ogg,84.4319954648526,0,50.0,5.0,44100,bird,1.0
59,./kaggletest/yertin1/,XC633674.ogg,84.4319954648526,0,55.0,5.0,44100,bird,1.0
60,./kaggletest/yertin1/,XC633674.ogg,84.4319954648526,0,60.0,5.0,44100,bird,1.0
61,./kaggletest/yertin1/,XC633674.ogg,84.4319954648526,0,65.0,5.0,44100,bird,1.0
62,./kaggletest/yertin1/,XC633674.ogg,84.4319954648526,0,70.0,5.0,44100,bird,1.0
63,./kaggletest/yertin1/,XC633674.ogg,84.4319954648526,0,75.0,5.0,44100,bird,1.0
64,./kaggletest/yertin1/,XC633892.ogg,37.8,0,0.0,5.0,44100,bird,1.0
65,./kaggletest/yertin1/,XC633892.ogg,37.8,0,5.0,5.0,44100,bird,1.0
66,./kaggletest/yertin1/,XC633892.ogg,37.8,0,10.0,5.0,44100,bird,1.0
67,./kaggletest/yertin1/,XC633892.ogg,37.8,0,15.0,5.0,44100,bird,1.0
68,./kaggletest/yertin1/,XC633892.ogg,37.8,0,20.0,5.0,44100,bird,1.0
69,./kaggletest/yertin1/,XC633892.ogg,37.8,0,25.0,5.0,44100,bird,1.0
70,./kaggletest/yertin1/,XC633892.ogg,37.8,0,30.0,5.0,44100,bird,1.0
71,./kaggletest/yertin1/,XC753425.ogg,20.271020408163267,0,0.0,5.0,44100,bird,1.0
72,./kaggletest/yertin1/,XC753425.ogg,20.271020408163267,0,5.0,5.0,44100,bird,1.0
73,./kaggletest/yertin1/,XC753425.ogg,20.271020408163267,0,10.0,5.0,44100,bird,1.0
74,./kaggletest/yertin1/,XC753425.ogg,20.271020408163267,0,15.0,5.0,44100,bird,1.0
75,./kaggletest/yertin1/,XC567857.ogg,36.91102040816327,0,0.0,5.0,44100,bird,1.0
76,./kaggletest/yertin1/,XC567857.ogg,36.91102040816327,0,5.0,5.0,44100,bird,1.0
77,./kaggletest/yertin1/,XC567857.ogg,36.91102040816327,0,10.0,5.0,44100,bird,1.0
78,./kaggletest/yertin1/,XC567857.ogg,36.91102040816327,0,15.0,5.0,44100,bird,1.0
79,./kaggletest/yertin1/,XC567857.ogg,36.91102040816327,0,20.0,5.0,44100,bird,1.0
80,./kaggletest/yertin1/,XC567857.ogg,36.91102040816327,0,25.0,5.0,44100,bird,1.0
81,./kaggletest/yertin1/,XC567857.ogg,36.91102040816327,0,30.0,5.0,44100,bird,1.0
82,./kaggletest/yertin1/,XC479670.ogg,9.791995464852608,0,0.0,5.0,44100,bird,1.0
83,./kaggletest/yertin1/,XC633850.ogg,49.70399092970521,0,0.0,5.0,44100,bird,1.0
84,./kaggletest/yertin1/,XC633850.ogg,49.70399092970521,0,5.0,5.0,44100,bird,1.0
85,./kaggletest/yertin1/,XC633850.ogg,49.70399092970521,0,10.0,5.0,44100,bird,1.0
86,./kaggletest/yertin1/,XC633850.ogg,49.70399092970521,0,20.0,5.0,44100,bird,1.0
87,./kaggletest/yertin1/,XC633850.ogg,49.70399092970521,0,25.0,5.0,44100,bird,1.0
88,./kaggletest/yertin1/,XC633850.ogg,49.70399092970521,0,30.0,5.0,44100,bird,1.0
89,./kaggletest/yertin1/,XC633850.ogg,49.70399092970521,0,40.0,5.0,44100,bird,1.0
90,./kaggletest/yertin1/,XC442036.ogg,14.941995464852608,0,0.0,5.0,44100,bird,1.0
91,./kaggletest/yertin1/,XC442036.ogg,14.941995464852608,0,5.0,5.0,44100,bird,1.0
92,./kaggletest/yertin1/,XC633677.ogg,55.60798185941043,0,0.0,5.0,44100,bird,1.0
93,./kaggletest/yertin1/,XC633677.ogg,55.60798185941043,0,5.0,5.0,44100,bird,1.0
94,./kaggletest/yertin1/,XC633677.ogg,55.60798185941043,0,10.0,5.0,44100,bird,1.0
95,./kaggletest/yertin1/,XC633677.ogg,55.60798185941043,0,15.0,5.0,44100,bird,1.0
96,./kaggletest/yertin1/,XC633677.ogg,55.60798185941043,0,20.0,5.0,44100,bird,1.0
97,./kaggletest/yertin1/,XC633677.ogg,55.60798185941043,0,25.0,5.0,44100,bird,1.0
98,./kaggletest/yertin1/,XC633677.ogg,55.60798185941043,0,30.0,5.0,44100,bird,1.0
99,./kaggletest/yertin1/,XC633677.ogg,55.60798185941043,0,35.0,5.0,44100,bird,1.0
100,./kaggletest/yertin1/,XC633677.ogg,55.60798185941043,0,40.0,5.0,44100,bird,1.0
101,./kaggletest/yertin1/,XC633677.ogg,55.60798185941043,0,45.0,5.0,44100,bird,1.0
102,./kaggletest/yertin1/,XC633677.ogg,55.60798185941043,0,50.0,5.0,44100,bird,1.0
103,./kaggletest/yertin1/,XC356230.ogg,7.157551020408163,0,0.0,5.0,44100,bird,1.0
104,./kaggletest/yertin1/,XC343629.ogg,22.96160997732426,0,0.0,5.0,44100,bird,1.0
105,./kaggletest/yertin1/,XC343629.ogg,22.96160997732426,0,5.0,5.0,44100,bird,1.0
106,./kaggletest/yertin1/,XC343629.ogg,22.96160997732426,0,10.0,5.0,44100,bird,1.0
107,./kaggletest/yertin1/,XC343629.ogg,22.96160997732426,0,15.0,5.0,44100,bird,1.0
108,./kaggletest/yertin1/,XC234857.ogg,52.1665306122449,0,0.0,5.0,44100,bird,1.0
109,./kaggletest/yertin1/,XC234857.ogg,52.1665306122449,0,5.0,5.0,44100,bird,1.0
110,./kaggletest/yertin1/,XC234857.ogg,52.1665306122449,0,10.0,5.0,44100,bird,1.0
111,./kaggletest/yertin1/,XC234857.ogg,52.1665306122449,0,15.0,5.0,44100,bird,1.0
112,./kaggletest/yertin1/,XC234857.ogg,52.1665306122449,0,20.0,5.0,44100,bird,1.0
113,./kaggletest/yertin1/,XC234857.ogg,52.1665306122449,0,25.0,5.0,44100,bird,1.0
114,./kaggletest/yertin1/,XC234857.ogg,52.1665306122449,0,30.0,5.0,44100,bird,1.0
115,./kaggletest/yertin1/,XC234857.ogg,52.1665306122449,0,35.0,5.0,44100,bird,1.0
116,./kaggletest/yertin1/,XC234857.ogg,52.1665306122449,0,40.0,5.0,44100,bird,1.0
117,./kaggletest/yertin1/,XC234857.ogg,52.1665306122449,0,45.0,5.0,44100,bird,1.0
118,./kaggletest/yertin1/,XC634068.ogg,12.623990929705215,0,0.0,5.0,44100,bird,1.0
119,./kaggletest/yertin1/,XC634068.ogg,12.623990929705215,0,5.0,5.0,44100,bird,1.0
120,./kaggletest/yertin1/,XC241832.ogg,29.231020408163264,0,0.0,5.0,44100,bird,1.0
121,./kaggletest/yertin1/,XC241832.ogg,29.231020408163264,0,5.0,5.0,44100,bird,1.0
122,./kaggletest/yertin1/,XC241832.ogg,29.231020408163264,0,10.0,5.0,44100,bird,1.0
123,./kaggletest/yertin1/,XC241832.ogg,29.231020408163264,0,15.0,5.0,44100,bird,1.0
124,./kaggletest/yertin1/,XC241832.ogg,29.231020408163264,0,20.0,5.0,44100,bird,1.0
125,./kaggletest/yertin1/,XC633706.ogg,7.367981859410431,0,0.0,5.0,44100,bird,1.0
126,./kaggletest/yertin1/,XC608223.ogg,15.751836734693878,0,0.0,5.0,44100,bird,1.0
127,./kaggletest/yertin1/,XC608223.ogg,15.751836734693878,0,5.0,5.0,44100,bird,1.0
128,./kaggletest/yertin1/,XC608223.ogg,15.751836734693878,0,10.0,5.0,44100,bird,1.0
129,./kaggletest/yertin1/,XC492366.ogg,8.255986394557823,0,0.0,5.0,44100,bird,1.0
130,./kaggletest/yertin1/,XC633841.ogg,12.743990929705216,0,0.0,5.0,44100,bird,1.0
131,./kaggletest/yertin1/,XC633841.ogg,12.743990929705216,0,5.0,5.0,44100,bird,1.0
132,./kaggletest/yertin1/,XC620815.ogg,19.61698412698413,0,0.0,5.0,44100,bird,1.0
133,./kaggletest/yertin1/,XC620815.ogg,19.61698412698413,0,5.0,5.0,44100,bird,1.0
134,./kaggletest/yertin1/,XC620815.ogg,19.61698412698413,0,10.0,5.0,44100,bird,1.0
135,./kaggletest/yertin1/,XC633670.ogg,27.48,0,0.0,5.0,44100,bird,1.0
136,./kaggletest/yertin1/,XC633670.ogg,27.48,0,5.0,5.0,44100,bird,1.0
137,./kaggletest/yertin1/,XC633670.ogg,27.48,0,10.0,5.0,44100,bird,1.0
138,./kaggletest/yertin1/,XC633670.ogg,27.48,0,15.0,5.0,44100,bird,1.0
139,./kaggletest/yertin1/,XC633670.ogg,27.48,0,20.0,5.0,44100,bird,1.0
140,./kaggletest/yertin1/,XC634123.ogg,143.37598639455783,0,5.0,5.0,44100,bird,1.0
141,./kaggletest/yertin1/,XC634123.ogg,143.37598639455783,0,15.0,5.0,44100,bird,1.0
142,./kaggletest/yertin1/,XC634123.ogg,143.37598639455783,0,20.0,5.0,44100,bird,1.0
143,./kaggletest/yertin1/,XC634123.ogg,143.37598639455783,0,25.0,5.0,44100,bird,1.0
144,./kaggletest/yertin1/,XC634123.ogg,143.37598639455783,0,30.0,5.0,44100,bird,1.0
145,./kaggletest/yertin1/,XC634123.ogg,143.37598639455783,0,50.0,5.0,44100,bird,1.0
146,./kaggletest/yertin1/,XC634123.ogg,143.37598639455783,0,60.0,5.0,44100,bird,1.0
147,./kaggletest/yertin1/,XC634123.ogg,143.37598639455783,0,65.0,5.0,44100,bird,1.0
148,./kaggletest/yertin1/,XC634123.ogg,143.37598639455783,0,85.0,5.0,44100,bird,1.0
149,./kaggletest/yertin1/,XC634123.ogg,143.37598639455783,0,95.0,5.0,44100,bird,1.0
150,./kaggletest/yertin1/,XC634123.ogg,143.37598639455783,0,100.0,5.0,44100,bird,1.0
151,./kaggletest/yertin1/,XC634123.ogg,143.37598639455783,0,105.0,5.0,44100,bird,1.0
152,./kaggletest/yertin1/,XC634123.ogg,143.37598639455783,0,110.0,5.0,44100,bird,1.0
153,./kaggletest/yertin1/,XC634123.ogg,143.37598639455783,0,115.0,5.0,44100,bird,1.0
154,./kaggletest/yertin1/,XC608590.ogg,8.436984126984127,0,0.0,5.0,44100,bird,1.0
155,./kaggletest/yertin1/,XC633842.ogg,16.583990929705216,0,0.0,5.0,44100,bird,1.0
156,./kaggletest/yertin1/,XC633842.ogg,16.583990929705216,0,5.0,5.0,44100,bird,1.0
157,./kaggletest/yertin1/,XC633842.ogg,16.583990929705216,0,10.0,5.0,44100,bird,1.0
158,./kaggletest/yertin1/,XC633671.ogg,268.9919954648526,0,0.0,5.0,44100,bird,1.0
159,./kaggletest/yertin1/,XC633671.ogg,268.9919954648526,0,5.0,5.0,44100,bird,1.0
160,./kaggletest/yertin1/,XC633671.ogg,268.9919954648526,0,10.0,5.0,44100,bird,1.0
161,./kaggletest/yertin1/,XC633671.ogg,268.9919954648526,0,15.0,5.0,44100,bird,1.0
162,./kaggletest/yertin1/,XC633671.ogg,268.9919954648526,0,20.0,5.0,44100,bird,1.0
163,./kaggletest/yertin1/,XC633671.ogg,268.9919954648526,0,25.0,5.0,44100,bird,1.0
164,./kaggletest/yertin1/,XC633671.ogg,268.9919954648526,0,30.0,5.0,44100,bird,1.0
165,./kaggletest/yertin1/,XC633671.ogg,268.9919954648526,0,35.0,5.0,44100,bird,1.0
166,./kaggletest/yertin1/,XC633671.ogg,268.9919954648526,0,40.0,5.0,44100,bird,1.0
167,./kaggletest/yertin1/,XC633671.ogg,268.9919954648526,0,45.0,5.0,44100,bird,1.0
168,./kaggletest/yertin1/,XC633671.ogg,268.9919954648526,0,50.0,5.0,44100,bird,1.0
169,./kaggletest/yertin1/,XC633671.ogg,268.9919954648526,0,55.0,5.0,44100,bird,1.0
170,./kaggletest/yertin1/,XC633671.ogg,268.9919954648526,0,60.0,5.0,44100,bird,1.0
171,./kaggletest/yertin1/,XC633671.ogg,268.9919954648526,0,65.0,5.0,44100,bird,1.0
172,./kaggletest/yertin1/,XC633671.ogg,268.9919954648526,0,70.0,5.0,44100,bird,1.0
173,./kaggletest/yertin1/,XC633671.ogg,268.9919954648526,0,75.0,5.0,44100,bird,1.0
174,./kaggletest/yertin1/,XC633671.ogg,268.9919954648526,0,80.0,5.0,44100,bird,1.0
175,./kaggletest/yertin1/,XC633671.ogg,268.9919954648526,0,85.0,5.0,44100,bird,1.0
176,./kaggletest/yertin1/,XC633671.ogg,268.9919954648526,0,90.0,5.0,44100,bird,1.0
177,./kaggletest/yertin1/,XC633671.ogg,268.9919954648526,0,95.0,5.0,44100,bird,1.0
178,./kaggletest/yertin1/,XC633671.ogg,268.9919954648526,0,100.0,5.0,44100,bird,1.0
179,./kaggletest/yertin1/,XC633671.ogg,268.9919954648526,0,105.0,5.0,44100,bird,1.0
180,./kaggletest/yertin1/,XC633671.ogg,268.9919954648526,0,110.0,5.0,44100,bird,1.0
181,./kaggletest/yertin1/,XC633671.ogg,268.9919954648526,0,115.0,5.0,44100,bird,1.0
182,./kaggletest/yertin1/,XC633671.ogg,268.9919954648526,0,120.0,5.0,44100,bird,1.0
183,./kaggletest/yertin1/,XC633671.ogg,268.9919954648526,0,125.0,5.0,44100,bird,1.0
184,./kaggletest/yertin1/,XC633671.ogg,268.9919954648526,0,130.0,5.0,44100,bird,1.0
185,./kaggletest/yertin1/,XC633671.ogg,268.9919954648526,0,135.0,5.0,44100,bird,1.0
186,./kaggletest/yertin1/,XC633671.ogg,268.9919954648526,0,140.0,5.0,44100,bird,1.0
187,./kaggletest/yertin1/,XC633671.ogg,268.9919954648526,0,145.0,5.0,44100,bird,1.0
188,./kaggletest/yertin1/,XC633671.ogg,268.9919954648526,0,150.0,5.0,44100,bird,1.0
189,./kaggletest/yertin1/,XC633671.ogg,268.9919954648526,0,155.0,5.0,44100,bird,1.0
190,./kaggletest/yertin1/,XC633671.ogg,268.9919954648526,0,160.0,5.0,44100,bird,1.0
191,./kaggletest/yertin1/,XC633671.ogg,268.9919954648526,0,165.0,5.0,44100,bird,1.0
192,./kaggletest/yertin1/,XC633671.ogg,268.9919954648526,0,170.0,5.0,44100,bird,1.0
193,./kaggletest/yertin1/,XC633671.ogg,268.9919954648526,0,175.0,5.0,44100,bird,1.0
194,./kaggletest/yertin1/,XC633671.ogg,268.9919954648526,0,180.0,5.0,44100,bird,1.0
195,./kaggletest/yertin1/,XC633671.ogg,268.9919954648526,0,185.0,5.0,44100,bird,1.0
196,./kaggletest/yertin1/,XC633671.ogg,268.9919954648526,0,190.0,5.0,44100,bird,1.0
197,./kaggletest/yertin1/,XC633671.ogg,268.9919954648526,0,195.0,5.0,44100,bird,1.0
198,./kaggletest/yertin1/,XC633671.ogg,268.9919954648526,0,200.0,5.0,44100,bird,1.0
199,./kaggletest/yertin1/,XC633671.ogg,268.9919954648526,0,205.0,5.0,44100,bird,1.0
200,./kaggletest/yertin1/,XC633671.ogg,268.9919954648526,0,210.0,5.0,44100,bird,1.0
201,./kaggletest/yertin1/,XC633671.ogg,268.9919954648526,0,215.0,5.0,44100,bird,1.0
202,./kaggletest/yertin1/,XC633671.ogg,268.9919954648526,0,220.0,5.0,44100,bird,1.0
203,./kaggletest/yertin1/,XC633671.ogg,268.9919954648526,0,225.0,5.0,44100,bird,1.0
204,./kaggletest/yertin1/,XC633671.ogg,268.9919954648526,0,230.0,5.0,44100,bird,1.0
205,./kaggletest/yertin1/,XC633671.ogg,268.9919954648526,0,235.0,5.0,44100,bird,1.0
206,./kaggletest/yertin1/,XC633671.ogg,268.9919954648526,0,240.0,5.0,44100,bird,1.0
207,./kaggletest/yertin1/,XC633671.ogg,268.9919954648526,0,245.0,5.0,44100,bird,1.0
208,./kaggletest/yertin1/,XC633671.ogg,268.9919954648526,0,250.0,5.0,44100,bird,1.0
209,./kaggletest/yertin1/,XC633671.ogg,268.9919954648526,0,255.0,5.0,44100,bird,1.0
210,./kaggletest/yertin1/,XC633671.ogg,268.9919954648526,0,260.0,5.0,44100,bird,1.0
211,./kaggletest/yertin1/,XC675469.ogg,8.063990929705215,0,0.0,5.0,44100,bird,1.0
212,./kaggletest/yertin1/,XC242634.ogg,23.61467120181406,0,0.0,5.0,44100,bird,1.0
213,./kaggletest/yertin1/,XC242634.ogg,23.61467120181406,0,5.0,5.0,44100,bird,1.0
214,./kaggletest/yertin1/,XC242634.ogg,23.61467120181406,0,10.0,5.0,44100,bird,1.0
215,./kaggletest/yertin1/,XC242634.ogg,23.61467120181406,0,15.0,5.0,44100,bird,1.0
216,./kaggletest/yertin1/,XC530239.ogg,15.24,0,0.0,5.0,44100,bird,1.0
217,./kaggletest/yertin1/,XC530239.ogg,15.24,0,5.0,5.0,44100,bird,1.0
218,./kaggletest/yertin1/,XC530239.ogg,15.24,0,10.0,5.0,44100,bird,1.0
219,./kaggletest/yertin1/,XC263610.ogg,39.28798185941043,0,0.0,5.0,44100,bird,1.0
220,./kaggletest/yertin1/,XC263610.ogg,39.28798185941043,0,5.0,5.0,44100,bird,1.0
221,./kaggletest/yertin1/,XC263610.ogg,39.28798185941043,0,10.0,5.0,44100,bird,1.0
222,./kaggletest/yertin1/,XC263610.ogg,39.28798185941043,0,15.0,5.0,44100,bird,1.0
223,./kaggletest/yertin1/,XC263610.ogg,39.28798185941043,0,25.0,5.0,44100,bird,1.0
224,./kaggletest/yertin1/,XC263610.ogg,39.28798185941043,0,30.0,5.0,44100,bird,1.0
225,./kaggletest/yertin1/,XC633818.ogg,9.335986394557823,0,0.0,5.0,44100,bird,1.0
226,./kaggletest/yertin1/,XC634144.ogg,60.455986394557826,0,0.0,5.0,44100,bird,1.0
227,./kaggletest/yertin1/,XC634144.ogg,60.455986394557826,0,5.0,5.0,44100,bird,1.0
228,./kaggletest/yertin1/,XC634144.ogg,60.455986394557826,0,15.0,5.0,44100,bird,1.0
229,./kaggletest/yertin1/,XC634144.ogg,60.455986394557826,0,20.0,5.0,44100,bird,1.0
230,./kaggletest/yertin1/,XC634144.ogg,60.455986394557826,0,25.0,5.0,44100,bird,1.0
231,./kaggletest/yertin1/,XC634144.ogg,60.455986394557826,0,30.0,5.0,44100,bird,1.0
232,./kaggletest/yertin1/,XC634144.ogg,60.455986394557826,0,35.0,5.0,44100,bird,1.0
233,./kaggletest/yertin1/,XC634144.ogg,60.455986394557826,0,40.0,5.0,44100,bird,1.0
234,./kaggletest/yertin1/,XC634144.ogg,60.455986394557826,0,45.0,5.0,44100,bird,1.0
235,./kaggletest/yertin1/,XC634144.ogg,60.455986394557826,0,50.0,5.0,44100,bird,1.0
236,./kaggletest/yertin1/,XC634144.ogg,60.455986394557826,0,55.0,5.0,44100,bird,1.0
237,./kaggletest/yertin1/,XC634152.ogg,18.167981859410432,0,0.0,5.0,44100,bird,1.0
238,./kaggletest/yertin1/,XC634152.ogg,18.167981859410432,0,5.0,5.0,44100,bird,1.0
239,./kaggletest/yertin1/,XC634152.ogg,18.167981859410432,0,10.0,5.0,44100,bird,1.0
240,./kaggletest/yertin1/,XC634191.ogg,19.08,0,0.0,5.0,44100,bird,1.0
241,./kaggletest/yertin1/,XC634191.ogg,19.08,0,5.0,5.0,44100,bird,1.0
242,./kaggletest/yertin1/,XC634191.ogg,19.08,0,10.0,5.0,44100,bird,1.0
243,./kaggletest/yertin1/,XC235871.ogg,13.740385487528345,0,0.0,5.0,44100,bird,1.0
244,./kaggletest/yertin1/,XC235871.ogg,13.740385487528345,0,5.0,5.0,44100,bird,1.0
245,./kaggletest/yertin1/,XC633774.ogg,8.04,0,0.0,5.0,44100,bird,1.0
246,./kaggletest/yertin1/,XC285553.ogg,19.017142857142858,0,0.0,5.0,44100,bird,1.0
247,./kaggletest/yertin1/,XC285553.ogg,19.017142857142858,0,5.0,5.0,44100,bird,1.0
248,./kaggletest/yertin1/,XC285553.ogg,19.017142857142858,0,10.0,5.0,44100,bird,1.0
249,./kaggletest/yertin1/,XC241071.ogg,141.32242630385488,0,0.0,5.0,44100,bird,1.0
250,./kaggletest/yertin1/,XC241071.ogg,141.32242630385488,0,5.0,5.0,44100,bird,1.0
251,./kaggletest/yertin1/,XC241071.ogg,141.32242630385488,0,10.0,5.0,44100,bird,1.0
252,./kaggletest/yertin1/,XC241071.ogg,141.32242630385488,0,15.0,5.0,44100,bird,1.0
253,./kaggletest/yertin1/,XC241071.ogg,141.32242630385488,0,20.0,5.0,44100,bird,1.0
254,./kaggletest/yertin1/,XC241071.ogg,141.32242630385488,0,25.0,5.0,44100,bird,1.0
255,./kaggletest/yertin1/,XC241071.ogg,141.32242630385488,0,30.0,5.0,44100,bird,1.0
256,./kaggletest/yertin1/,XC241071.ogg,141.32242630385488,0,35.0,5.0,44100,bird,1.0
257,./kaggletest/yertin1/,XC241071.ogg,141.32242630385488,0,40.0,5.0,44100,bird,1.0
258,./kaggletest/yertin1/,XC241071.ogg,141.32242630385488,0,45.0,5.0,44100,bird,1.0
259,./kaggletest/yertin1/,XC241071.ogg,141.32242630385488,0,50.0,5.0,44100,bird,1.0
260,./kaggletest/yertin1/,XC241071.ogg,141.32242630385488,0,55.0,5.0,44100,bird,1.0
261,./kaggletest/yertin1/,XC241071.ogg,141.32242630385488,0,60.0,5.0,44100,bird,1.0
262,./kaggletest/yertin1/,XC241071.ogg,141.32242630385488,0,65.0,5.0,44100,bird,1.0
263,./kaggletest/yertin1/,XC241071.ogg,141.32242630385488,0,70.0,5.0,44100,bird,1.0
264,./kaggletest/yertin1/,XC241071.ogg,141.32242630385488,0,75.0,5.0,44100,bird,1.0
265,./kaggletest/yertin1/,XC241071.ogg,141.32242630385488,0,80.0,5.0,44100,bird,1.0
266,./kaggletest/yertin1/,XC241071.ogg,141.32242630385488,0,85.0,5.0,44100,bird,1.0
267,./kaggletest/yertin1/,XC241071.ogg,141.32242630385488,0,90.0,5.0,44100,bird,1.0
268,./kaggletest/yertin1/,XC241071.ogg,141.32242630385488,0,95.0,5.0,44100,bird,1.0
269,./kaggletest/yertin1/,XC241071.ogg,141.32242630385488,0,100.0,5.0,44100,bird,1.0
270,./kaggletest/yertin1/,XC241071.ogg,141.32242630385488,0,105.0,5.0,44100,bird,1.0
271,./kaggletest/yertin1/,XC241071.ogg,141.32242630385488,0,110.0,5.0,44100,bird,1.0
272,./kaggletest/yertin1/,XC241071.ogg,141.32242630385488,0,115.0,5.0,44100,bird,1.0
273,./kaggletest/yertin1/,XC241071.ogg,141.32242630385488,0,120.0,5.0,44100,bird,1.0
274,./kaggletest/yertin1/,XC241071.ogg,141.32242630385488,0,125.0,5.0,44100,bird,1.0
275,./kaggletest/yertin1/,XC241071.ogg,141.32242630385488,0,130.0,5.0,44100,bird,1.0
276,./kaggletest/yertin1/,XC241071.ogg,141.32242630385488,0,135.0,5.0,44100,bird,1.0
277,./kaggletest/yertin1/,XC634157.ogg,13.943990929705215,0,0.0,5.0,44100,bird,1.0
278,./kaggletest/yertin1/,XC634157.ogg,13.943990929705215,0,5.0,5.0,44100,bird,1.0
279,./kaggletest/yertin1/,XC467158.ogg,39.88798185941043,0,0.0,5.0,44100,bird,1.0
280,./kaggletest/yertin1/,XC467158.ogg,39.88798185941043,0,5.0,5.0,44100,bird,1.0
281,./kaggletest/yertin1/,XC467158.ogg,39.88798185941043,0,10.0,5.0,44100,bird,1.0
282,./kaggletest/yertin1/,XC467158.ogg,39.88798185941043,0,15.0,5.0,44100,bird,1.0
283,./kaggletest/yertin1/,XC467158.ogg,39.88798185941043,0,20.0,5.0,44100,bird,1.0
284,./kaggletest/yertin1/,XC467158.ogg,39.88798185941043,0,25.0,5.0,44100,bird,1.0
285,./kaggletest/yertin1/,XC467158.ogg,39.88798185941043,0,30.0,5.0,44100,bird,1.0
286,./kaggletest/yertin1/,XC400471.ogg,70.16489795918368,0,0.0,5.0,44100,bird,1.0
287,./kaggletest/yertin1/,XC400471.ogg,70.16489795918368,0,5.0,5.0,44100,bird,1.0
288,./kaggletest/yertin1/,XC400471.ogg,70.16489795918368,0,10.0,5.0,44100,bird,1.0
289,./kaggletest/yertin1/,XC400471.ogg,70.16489795918368,0,15.0,5.0,44100,bird,1.0
290,./kaggletest/yertin1/,XC400471.ogg,70.16489795918368,0,20.0,5.0,44100,bird,1.0
291,./kaggletest/yertin1/,XC400471.ogg,70.16489795918368,0,25.0,5.0,44100,bird,1.0
292,./kaggletest/yertin1/,XC400471.ogg,70.16489795918368,0,30.0,5.0,44100,bird,1.0
293,./kaggletest/yertin1/,XC400471.ogg,70.16489795918368,0,35.0,5.0,44100,bird,1.0
294,./kaggletest/yertin1/,XC400471.ogg,70.16489795918368,0,40.0,5.0,44100,bird,1.0
295,./kaggletest/yertin1/,XC400471.ogg,70.16489795918368,0,45.0,5.0,44100,bird,1.0
296,./kaggletest/yertin1/,XC400471.ogg,70.16489795918368,0,50.0,5.0,44100,bird,1.0
297,./kaggletest/yertin1/,XC400471.ogg,70.16489795918368,0,55.0,5.0,44100,bird,1.0
298,./kaggletest/yertin1/,XC400471.ogg,70.16489795918368,0,60.0,5.0,44100,bird,1.0
299,./kaggletest/yertin1/,XC400471.ogg,70.16489795918368,0,65.0,5.0,44100,bird,1.0
300,./kaggletest/yertin1/,XC504171.ogg,20.36045351473923,0,0.0,5.0,44100,bird,1.0
301,./kaggletest/yertin1/,XC504171.ogg,20.36045351473923,0,5.0,5.0,44100,bird,1.0
302,./kaggletest/yertin1/,XC504171.ogg,20.36045351473923,0,10.0,5.0,44100,bird,1.0
303,./kaggletest/yertin1/,XC504171.ogg,20.36045351473923,0,15.0,5.0,44100,bird,1.0
304,./kaggletest/yertin1/,XC131665.ogg,6.191020408163265,0,0.0,5.0,44100,bird,1.0
305,./kaggletest/yertin1/,XC467987.ogg,19.957551020408165,0,5.0,5.0,44100,bird,1.0
306,./kaggletest/yertin1/,XC467987.ogg,19.957551020408165,0,10.0,5.0,44100,bird,1.0
307,./kaggletest/yertin1/,XC498562.ogg,59.83199546485261,0,5.0,5.0,44100,bird,1.0
308,./kaggletest/yertin1/,XC498562.ogg,59.83199546485261,0,10.0,5.0,44100,bird,1.0
309,./kaggletest/yertin1/,XC498562.ogg,59.83199546485261,0,15.0,5.0,44100,bird,1.0
310,./kaggletest/yertin1/,XC498562.ogg,59.83199546485261,0,25.0,5.0,44100,bird,1.0
311,./kaggletest/yertin1/,XC498562.ogg,59.83199546485261,0,30.0,5.0,44100,bird,1.0
312,./kaggletest/yertin1/,XC498562.ogg,59.83199546485261,0,35.0,5.0,44100,bird,1.0
313,./kaggletest/yertin1/,XC498562.ogg,59.83199546485261,0,40.0,5.0,44100,bird,1.0
314,./kaggletest/yertin1/,XC498562.ogg,59.83199546485261,0,45.0,5.0,44100,bird,1.0
315,./kaggletest/yertin1/,XC498562.ogg,59.83199546485261,0,50.0,5.0,44100,bird,1.0
316,./kaggletest/yertin1/,XC241070.ogg,69.30283446712018,0,0.0,5.0,44100,bird,1.0
317,./kaggletest/yertin1/,XC241070.ogg,69.30283446712018,0,5.0,5.0,44100,bird,1.0
318,./kaggletest/yertin1/,XC241070.ogg,69.30283446712018,0,10.0,5.0,44100,bird,1.0
319,./kaggletest/yertin1/,XC241070.ogg,69.30283446712018,0,15.0,5.0,44100,bird,1.0
320,./kaggletest/yertin1/,XC241070.ogg,69.30283446712018,0,20.0,5.0,44100,bird,1.0
321,./kaggletest/yertin1/,XC241070.ogg,69.30283446712018,0,25.0,5.0,44100,bird,1.0
322,./kaggletest/yertin1/,XC241070.ogg,69.30283446712018,0,30.0,5.0,44100,bird,1.0
323,./kaggletest/yertin1/,XC241070.ogg,69.30283446712018,0,35.0,5.0,44100,bird,1.0
324,./kaggletest/yertin1/,XC241070.ogg,69.30283446712018,0,40.0,5.0,44100,bird,1.0
325,./kaggletest/yertin1/,XC241070.ogg,69.30283446712018,0,45.0,5.0,44100,bird,1.0
326,./kaggletest/yertin1/,XC241070.ogg,69.30283446712018,0,50.0,5.0,44100,bird,1.0
327,./kaggletest/yertin1/,XC241070.ogg,69.30283446712018,0,55.0,5.0,44100,bird,1.0
328,./kaggletest/yertin1/,XC241070.ogg,69.30283446712018,0,60.0,5.0,44100,bird,1.0
329,./kaggletest/yertin1/,XC209744.ogg,40.05598639455782,0,0.0,5.0,44100,bird,1.0
330,./kaggletest/yertin1/,XC209744.ogg,40.05598639455782,0,5.0,5.0,44100,bird,1.0
331,./kaggletest/yertin1/,XC209744.ogg,40.05598639455782,0,10.0,5.0,44100,bird,1.0
332,./kaggletest/yertin1/,XC209744.ogg,40.05598639455782,0,15.0,5.0,44100,bird,1.0
333,./kaggletest/yertin1/,XC209744.ogg,40.05598639455782,0,20.0,5.0,44100,bird,1.0
334,./kaggletest/yertin1/,XC209744.ogg,40.05598639455782,0,25.0,5.0,44100,bird,1.0
335,./kaggletest/yertin1/,XC209744.ogg,40.05598639455782,0,30.0,5.0,44100,bird,1.0
336,./kaggletest/yertin1/,XC209744.ogg,40.05598639455782,0,35.0,5.0,44100,bird,1.0
337,./kaggletest/yertin1/,XC361407.ogg,23.326984126984126,0,0.0,5.0,44100,bird,1.0
338,./kaggletest/yertin1/,XC361407.ogg,23.326984126984126,0,5.0,5.0,44100,bird,1.0
339,./kaggletest/yertin1/,XC361407.ogg,23.326984126984126,0,10.0,5.0,44100,bird,1.0
340,./kaggletest/yertin1/,XC361407.ogg,23.326984126984126,0,15.0,5.0,44100,bird,1.0
341,./kaggletest/yertin1/,XC323393.ogg,8.76,0,0.0,5.0,44100,bird,1.0
342,./kaggletest/yertin1/,XC401382.ogg,77.79265306122448,0,0.0,5.0,44100,bird,1.0
343,./kaggletest/yertin1/,XC401382.ogg,77.79265306122448,0,5.0,5.0,44100,bird,1.0
344,./kaggletest/yertin1/,XC401382.ogg,77.79265306122448,0,10.0,5.0,44100,bird,1.0
345,./kaggletest/yertin1/,XC401382.ogg,77.79265306122448,0,15.0,5.0,44100,bird,1.0
346,./kaggletest/yertin1/,XC401382.ogg,77.79265306122448,0,20.0,5.0,44100,bird,1.0
347,./kaggletest/yertin1/,XC401382.ogg,77.79265306122448,0,25.0,5.0,44100,bird,1.0
348,./kaggletest/yertin1/,XC401382.ogg,77.79265306122448,0,30.0,5.0,44100,bird,1.0
349,./kaggletest/yertin1/,XC401382.ogg,77.79265306122448,0,35.0,5.0,44100,bird,1.0
350,./kaggletest/yertin1/,XC401382.ogg,77.79265306122448,0,40.0,5.0,44100,bird,1.0
351,./kaggletest/yertin1/,XC401382.ogg,77.79265306122448,0,45.0,5.0,44100,bird,1.0
352,./kaggletest/yertin1/,XC401382.ogg,77.79265306122448,0,50.0,5.0,44100,bird,1.0
353,./kaggletest/yertin1/,XC401382.ogg,77.79265306122448,0,55.0,5.0,44100,bird,1.0
354,./kaggletest/yertin1/,XC401382.ogg,77.79265306122448,0,60.0,5.0,44100,bird,1.0
355,./kaggletest/yertin1/,XC401382.ogg,77.79265306122448,0,65.0,5.0,44100,bird,1.0
356,./kaggletest/yertin1/,XC401382.ogg,77.79265306122448,0,70.0,5.0,44100,bird,1.0
357,./kaggletest/yertin1/,XC302995.ogg,52.15199546485261,0,0.0,5.0,44100,bird,1.0
358,./kaggletest/yertin1/,XC302995.ogg,52.15199546485261,0,15.0,5.0,44100,bird,1.0
359,./kaggletest/yertin1/,XC302995.ogg,52.15199546485261,0,30.0,5.0,44100,bird,1.0
360,./kaggletest/yertin1/,XC302995.ogg,52.15199546485261,0,40.0,5.0,44100,bird,1.0
361,./kaggletest/yertin1/,XC608040.ogg,82.20732426303854,0,0.0,5.0,44100,bird,1.0
362,./kaggletest/yertin1/,XC608040.ogg,82.20732426303854,0,5.0,5.0,44100,bird,1.0
363,./kaggletest/yertin1/,XC608040.ogg,82.20732426303854,0,10.0,5.0,44100,bird,1.0
364,./kaggletest/yertin1/,XC608040.ogg,82.20732426303854,0,20.0,5.0,44100,bird,1.0
365,./kaggletest/yertin1/,XC608040.ogg,82.20732426303854,0,25.0,5.0,44100,bird,1.0
366,./kaggletest/yertin1/,XC608040.ogg,82.20732426303854,0,30.0,5.0,44100,bird,1.0
367,./kaggletest/yertin1/,XC608040.ogg,82.20732426303854,0,35.0,5.0,44100,bird,1.0
368,./kaggletest/yertin1/,XC608040.ogg,82.20732426303854,0,40.0,5.0,44100,bird,1.0
369,./kaggletest/yertin1/,XC608040.ogg,82.20732426303854,0,45.0,5.0,44100,bird,1.0
370,./kaggletest/yertin1/,XC608040.ogg,82.20732426303854,0,50.0,5.0,44100,bird,1.0
371,./kaggletest/yertin1/,XC608040.ogg,82.20732426303854,0,55.0,5.0,44100,bird,1.0
372,./kaggletest/yertin1/,XC608040.ogg,82.20732426303854,0,60.0,5.0,44100,bird,1.0
373,./kaggletest/yertin1/,XC608040.ogg,82.20732426303854,0,65.0,5.0,44100,bird,1.0
374,./kaggletest/yertin1/,XC608040.ogg,82.20732426303854,0,70.0,5.0,44100,bird,1.0
375,./kaggletest/yertin1/,XC608040.ogg,82.20732426303854,0,75.0,5.0,44100,bird,1.0
376,./kaggletest/yertin1/,XC633772.ogg,92.90399092970522,0,0.0,5.0,44100,bird,1.0
377,./kaggletest/yertin1/,XC633772.ogg,92.90399092970522,0,5.0,5.0,44100,bird,1.0
378,./kaggletest/yertin1/,XC633772.ogg,92.90399092970522,0,10.0,5.0,44100,bird,1.0
379,./kaggletest/yertin1/,XC633772.ogg,92.90399092970522,0,15.0,5.0,44100,bird,1.0
380,./kaggletest/yertin1/,XC633772.ogg,92.90399092970522,0,20.0,5.0,44100,bird,1.0
381,./kaggletest/yertin1/,XC633772.ogg,92.90399092970522,0,25.0,5.0,44100,bird,1.0
382,./kaggletest/yertin1/,XC633772.ogg,92.90399092970522,0,30.0,5.0,44100,bird,1.0
383,./kaggletest/yertin1/,XC633772.ogg,92.90399092970522,0,35.0,5.0,44100,bird,1.0
384,./kaggletest/yertin1/,XC633772.ogg,92.90399092970522,0,40.0,5.0,44100,bird,1.0
385,./kaggletest/yertin1/,XC633772.ogg,92.90399092970522,0,45.0,5.0,44100,bird,1.0
386,./kaggletest/yertin1/,XC633772.ogg,92.90399092970522,0,50.0,5.0,44100,bird,1.0
387,./kaggletest/yertin1/,XC633772.ogg,92.90399092970522,0,55.0,5.0,44100,bird,1.0
388,./kaggletest/yertin1/,XC633772.ogg,92.90399092970522,0,60.0,5.0,44100,bird,1.0
389,./kaggletest/yertin1/,XC633772.ogg,92.90399092970522,0,65.0,5.0,44100,bird,1.0
390,./kaggletest/yertin1/,XC633772.ogg,92.90399092970522,0,70.0,5.0,44100,bird,1.0
391,./kaggletest/yertin1/,XC633772.ogg,92.90399092970522,0,75.0,5.0,44100,bird,1.0
392,./kaggletest/yertin1/,XC633772.ogg,92.90399092970522,0,80.0,5.0,44100,bird,1.0
393,./kaggletest/yertin1/,XC633772.ogg,92.90399092970522,0,85.0,5.0,44100,bird,1.0
394,./kaggletest/yertin1/,XC488148.ogg,89.85598639455782,0,0.0,5.0,44100,bird,1.0
395,./kaggletest/yertin1/,XC488148.ogg,89.85598639455782,0,5.0,5.0,44100,bird,1.0
396,./kaggletest/yertin1/,XC488148.ogg,89.85598639455782,0,10.0,5.0,44100,bird,1.0
397,./kaggletest/yertin1/,XC488148.ogg,89.85598639455782,0,15.0,5.0,44100,bird,1.0
398,./kaggletest/yertin1/,XC488148.ogg,89.85598639455782,0,20.0,5.0,44100,bird,1.0
399,./kaggletest/yertin1/,XC488148.ogg,89.85598639455782,0,25.0,5.0,44100,bird,1.0
400,./kaggletest/yertin1/,XC488148.ogg,89.85598639455782,0,30.0,5.0,44100,bird,1.0
401,./kaggletest/yertin1/,XC488148.ogg,89.85598639455782,0,35.0,5.0,44100,bird,1.0
402,./kaggletest/yertin1/,XC488148.ogg,89.85598639455782,0,40.0,5.0,44100,bird,1.0
403,./kaggletest/yertin1/,XC488148.ogg,89.85598639455782,0,45.0,5.0,44100,bird,1.0
404,./kaggletest/yertin1/,XC488148.ogg,89.85598639455782,0,50.0,5.0,44100,bird,1.0
405,./kaggletest/yertin1/,XC488148.ogg,89.85598639455782,0,55.0,5.0,44100,bird,1.0
406,./kaggletest/yertin1/,XC488148.ogg,89.85598639455782,0,60.0,5.0,44100,bird,1.0
407,./kaggletest/yertin1/,XC488148.ogg,89.85598639455782,0,65.0,5.0,44100,bird,1.0
408,./kaggletest/yertin1/,XC488148.ogg,89.85598639455782,0,70.0,5.0,44100,bird,1.0
409,./kaggletest/yertin1/,XC488148.ogg,89.85598639455782,0,75.0,5.0,44100,bird,1.0
410,./kaggletest/yertin1/,XC488148.ogg,89.85598639455782,0,80.0,5.0,44100,bird,1.0
411,./kaggletest/yertin1/,XC401383.ogg,78.18448979591837,0,0.0,5.0,44100,bird,1.0
412,./kaggletest/yertin1/,XC401383.ogg,78.18448979591837,0,5.0,5.0,44100,bird,1.0
413,./kaggletest/yertin1/,XC401383.ogg,78.18448979591837,0,10.0,5.0,44100,bird,1.0
414,./kaggletest/yertin1/,XC401383.ogg,78.18448979591837,0,15.0,5.0,44100,bird,1.0
415,./kaggletest/yertin1/,XC401383.ogg,78.18448979591837,0,20.0,5.0,44100,bird,1.0
416,./kaggletest/yertin1/,XC401383.ogg,78.18448979591837,0,25.0,5.0,44100,bird,1.0
417,./kaggletest/yertin1/,XC401383.ogg,78.18448979591837,0,30.0,5.0,44100,bird,1.0
418,./kaggletest/yertin1/,XC401383.ogg,78.18448979591837,0,35.0,5.0,44100,bird,1.0
419,./kaggletest/yertin1/,XC401383.ogg,78.18448979591837,0,40.0,5.0,44100,bird,1.0
420,./kaggletest/yertin1/,XC401383.ogg,78.18448979591837,0,45.0,5.0,44100,bird,1.0
421,./kaggletest/yertin1/,XC401383.ogg,78.18448979591837,0,50.0,5.0,44100,bird,1.0
422,./kaggletest/yertin1/,XC401383.ogg,78.18448979591837,0,55.0,5.0,44100,bird,1.0
423,./kaggletest/yertin1/,XC401383.ogg,78.18448979591837,0,60.0,5.0,44100,bird,1.0
424,./kaggletest/yertin1/,XC401383.ogg,78.18448979591837,0,65.0,5.0,44100,bird,1.0
425,./kaggletest/yertin1/,XC401383.ogg,78.18448979591837,0,70.0,5.0,44100,bird,1.0
426,./kaggletest/yertin1/,XC634196.ogg,44.73598639455782,0,0.0,5.0,44100,bird,1.0
427,./kaggletest/yertin1/,XC634196.ogg,44.73598639455782,0,5.0,5.0,44100,bird,1.0
428,./kaggletest/yertin1/,XC634196.ogg,44.73598639455782,0,10.0,5.0,44100,bird,1.0
429,./kaggletest/yertin1/,XC634196.ogg,44.73598639455782,0,15.0,5.0,44100,bird,1.0
430,./kaggletest/yertin1/,XC634196.ogg,44.73598639455782,0,20.0,5.0,44100,bird,1.0
431,./kaggletest/yertin1/,XC634196.ogg,44.73598639455782,0,25.0,5.0,44100,bird,1.0
432,./kaggletest/yertin1/,XC634196.ogg,44.73598639455782,0,30.0,5.0,44100,bird,1.0
433,./kaggletest/yertin1/,XC634196.ogg,44.73598639455782,0,35.0,5.0,44100,bird,1.0
434,./kaggletest/yertin1/,XC633821.ogg,10.847981859410432,0,0.0,5.0,44100,bird,1.0
435,./kaggletest/yertin1/,XC633821.ogg,10.847981859410432,0,5.0,5.0,44100,bird,1.0
436,./kaggletest/yertin1/,XC634155.ogg,14.447981859410431,0,0.0,5.0,44100,bird,1.0
437,./kaggletest/yertin1/,XC634155.ogg,14.447981859410431,0,5.0,5.0,44100,bird,1.0
438,./kaggletest/yertin1/,XC364581.ogg,64.73142857142857,0,0.0,5.0,44100,bird,1.0
439,./kaggletest/yertin1/,XC364581.ogg,64.73142857142857,0,5.0,5.0,44100,bird,1.0
440,./kaggletest/yertin1/,XC364581.ogg,64.73142857142857,0,10.0,5.0,44100,bird,1.0
441,./kaggletest/yertin1/,XC364581.ogg,64.73142857142857,0,15.0,5.0,44100,bird,1.0
442,./kaggletest/yertin1/,XC364581.ogg,64.73142857142857,0,20.0,5.0,44100,bird,1.0
443,./kaggletest/yertin1/,XC364581.ogg,64.73142857142857,0,25.0,5.0,44100,bird,1.0
444,./kaggletest/yertin1/,XC364581.ogg,64.73142857142857,0,30.0,5.0,44100,bird,1.0
445,./kaggletest/yertin1/,XC364581.ogg,64.73142857142857,0,35.0,5.0,44100,bird,1.0
446,./kaggletest/yertin1/,XC364581.ogg,64.73142857142857,0,40.0,5.0,44100,bird,1.0
447,./kaggletest/yertin1/,XC364581.ogg,64.73142857142857,0,45.0,5.0,44100,bird,1.0
448,./kaggletest/yertin1/,XC364581.ogg,64.73142857142857,0,50.0,5.0,44100,bird,1.0
449,./kaggletest/yertin1/,XC364581.ogg,64.73142857142857,0,55.0,5.0,44100,bird,1.0
450,./kaggletest/yertin1/,XC633838.ogg,45.50399092970522,0,0.0,5.0,44100,bird,1.0
451,./kaggletest/yertin1/,XC633838.ogg,45.50399092970522,0,5.0,5.0,44100,bird,1.0
452,./kaggletest/yertin1/,XC633838.ogg,45.50399092970522,0,10.0,5.0,44100,bird,1.0
453,./kaggletest/yertin1/,XC633838.ogg,45.50399092970522,0,15.0,5.0,44100,bird,1.0
454,./kaggletest/yertin1/,XC633838.ogg,45.50399092970522,0,20.0,5.0,44100,bird,1.0
455,./kaggletest/yertin1/,XC633838.ogg,45.50399092970522,0,25.0,5.0,44100,bird,1.0
456,./kaggletest/yertin1/,XC633838.ogg,45.50399092970522,0,30.0,5.0,44100,bird,1.0
457,./kaggletest/yertin1/,XC633838.ogg,45.50399092970522,0,35.0,5.0,44100,bird,1.0
458,./kaggletest/yertin1/,XC633838.ogg,45.50399092970522,0,40.0,5.0,44100,bird,1.0
459,./kaggletest/yertin1/,XC315995.ogg,14.288956916099773,0,0.0,5.0,44100,bird,1.0
460,./kaggletest/yertin1/,XC315995.ogg,14.288956916099773,0,5.0,5.0,44100,bird,1.0
461,./kaggletest/yertin1/,XC467988.ogg,17.327981859410432,0,0.0,5.0,44100,bird,1.0
462,./kaggletest/yertin1/,XC467988.ogg,17.327981859410432,0,5.0,5.0,44100,bird,1.0
463,./kaggletest/yertin1/,XC467988.ogg,17.327981859410432,0,10.0,5.0,44100,bird,1.0
464,./kaggletest/yertin1/,XC156975.ogg,21.647981859410432,0,5.0,5.0,44100,bird,1.0
465,./kaggletest/yertin1/,XC156975.ogg,21.647981859410432,0,10.0,5.0,44100,bird,1.0
466,./kaggletest/yertin1/,XC156975.ogg,21.647981859410432,0,15.0,5.0,44100,bird,1.0
467,./kaggletest/yertin1/,XC481955.ogg,36.93598639455782,0,0.0,5.0,44100,bird,1.0
468,./kaggletest/yertin1/,XC481955.ogg,36.93598639455782,0,10.0,5.0,44100,bird,1.0
469,./kaggletest/yertin1/,XC481955.ogg,36.93598639455782,0,15.0,5.0,44100,bird,1.0
470,./kaggletest/yertin1/,XC481955.ogg,36.93598639455782,0,30.0,5.0,44100,bird,1.0
471,./kaggletest/yertin1/,XC157114.ogg,14.053854875283447,0,0.0,5.0,44100,bird,1.0
472,./kaggletest/yertin1/,XC157114.ogg,14.053854875283447,0,5.0,5.0,44100,bird,1.0
473,./kaggletest/yertin1/,XC634159.ogg,30.743990929705216,0,0.0,5.0,44100,bird,1.0
474,./kaggletest/yertin1/,XC634159.ogg,30.743990929705216,0,5.0,5.0,44100,bird,1.0
475,./kaggletest/yertin1/,XC634159.ogg,30.743990929705216,0,10.0,5.0,44100,bird,1.0
476,./kaggletest/yertin1/,XC634159.ogg,30.743990929705216,0,15.0,5.0,44100,bird,1.0
477,./kaggletest/yertin1/,XC634159.ogg,30.743990929705216,0,20.0,5.0,44100,bird,1.0
478,./kaggletest/yertin1/,XC634159.ogg,30.743990929705216,0,25.0,5.0,44100,bird,1.0
479,./kaggletest/yertin1/,XC406153.ogg,13.766530612244898,0,0.0,5.0,44100,bird,1.0
480,./kaggletest/yertin1/,XC406153.ogg,13.766530612244898,0,5.0,5.0,44100,bird,1.0
481,./kaggletest/yertin1/,XC633813.ogg,27.81598639455782,0,0.0,5.0,44100,bird,1.0
482,./kaggletest/yertin1/,XC633813.ogg,27.81598639455782,0,5.0,5.0,44100,bird,1.0
483,./kaggletest/yertin1/,XC633813.ogg,27.81598639455782,0,10.0,5.0,44100,bird,1.0
484,./kaggletest/yertin1/,XC633813.ogg,27.81598639455782,0,15.0,5.0,44100,bird,1.0
485,./kaggletest/yertin1/,XC633813.ogg,27.81598639455782,0,20.0,5.0,44100,bird,1.0
486,./kaggletest/yertin1/,XC634198.ogg,96.88798185941043,0,0.0,5.0,44100,bird,1.0
487,./kaggletest/yertin1/,XC634198.ogg,96.88798185941043,0,5.0,5.0,44100,bird,1.0
488,./kaggletest/yertin1/,XC634198.ogg,96.88798185941043,0,10.0,5.0,44100,bird,1.0
489,./kaggletest/yertin1/,XC634198.ogg,96.88798185941043,0,15.0,5.0,44100,bird,1.0
490,./kaggletest/yertin1/,XC634198.ogg,96.88798185941043,0,20.0,5.0,44100,bird,1.0
491,./kaggletest/yertin1/,XC634198.ogg,96.88798185941043,0,25.0,5.0,44100,bird,1.0
492,./kaggletest/yertin1/,XC634198.ogg,96.88798185941043,0,30.0,5.0,44100,bird,1.0
493,./kaggletest/yertin1/,XC634198.ogg,96.88798185941043,0,35.0,5.0,44100,bird,1.0
494,./kaggletest/yertin1/,XC634198.ogg,96.88798185941043,0,40.0,5.0,44100,bird,1.0
495,./kaggletest/yertin1/,XC634198.ogg,96.88798185941043,0,45.0,5.0,44100,bird,1.0
496,./kaggletest/yertin1/,XC634198.ogg,96.88798185941043,0,50.0,5.0,44100,bird,1.0
497,./kaggletest/yertin1/,XC634198.ogg,96.88798185941043,0,55.0,5.0,44100,bird,1.0
498,./kaggletest/yertin1/,XC634198.ogg,96.88798185941043,0,60.0,5.0,44100,bird,1.0
499,./kaggletest/yertin1/,XC634198.ogg,96.88798185941043,0,65.0,5.0,44100,bird,1.0
500,./kaggletest/yertin1/,XC634198.ogg,96.88798185941043,0,70.0,5.0,44100,bird,1.0
501,./kaggletest/yertin1/,XC634198.ogg,96.88798185941043,0,75.0,5.0,44100,bird,1.0
502,./kaggletest/yertin1/,XC634198.ogg,96.88798185941043,0,80.0,5.0,44100,bird,1.0
503,./kaggletest/yertin1/,XC634198.ogg,96.88798185941043,0,85.0,5.0,44100,bird,1.0
504,./kaggletest/yertin1/,XC634198.ogg,96.88798185941043,0,90.0,5.0,44100,bird,1.0
505,./kaggletest/yertin1/,XC633768.ogg,15.383990929705215,0,0.0,5.0,44100,bird,1.0
506,./kaggletest/yertin1/,XC633768.ogg,15.383990929705215,0,5.0,5.0,44100,bird,1.0
507,./kaggletest/yertin1/,XC633768.ogg,15.383990929705215,0,10.0,5.0,44100,bird,1.0
508,./kaggletest/yertin1/,XC239716.ogg,21.91673469387755,0,0.0,5.0,44100,bird,1.0
509,./kaggletest/yertin1/,XC239716.ogg,21.91673469387755,0,5.0,5.0,44100,bird,1.0
510,./kaggletest/yertin1/,XC239716.ogg,21.91673469387755,0,10.0,5.0,44100,bird,1.0
511,./kaggletest/yertin1/,XC239716.ogg,21.91673469387755,0,15.0,5.0,44100,bird,1.0
512,./kaggletest/yertin1/,XC120610.ogg,55.92814058956916,0,0.0,5.0,44100,bird,1.0
513,./kaggletest/yertin1/,XC120610.ogg,55.92814058956916,0,5.0,5.0,44100,bird,1.0
514,./kaggletest/yertin1/,XC120610.ogg,55.92814058956916,0,10.0,5.0,44100,bird,1.0
515,./kaggletest/yertin1/,XC120610.ogg,55.92814058956916,0,15.0,5.0,44100,bird,1.0
516,./kaggletest/yertin1/,XC120610.ogg,55.92814058956916,0,20.0,5.0,44100,bird,1.0
517,./kaggletest/yertin1/,XC120610.ogg,55.92814058956916,0,25.0,5.0,44100,bird,1.0
518,./kaggletest/yertin1/,XC120610.ogg,55.92814058956916,0,30.0,5.0,44100,bird,1.0
519,./kaggletest/yertin1/,XC120610.ogg,55.92814058956916,0,35.0,5.0,44100,bird,1.0
520,./kaggletest/yertin1/,XC120610.ogg,55.92814058956916,0,40.0,5.0,44100,bird,1.0
521,./kaggletest/yertin1/,XC120610.ogg,55.92814058956916,0,45.0,5.0,44100,bird,1.0
522,./kaggletest/yertin1/,XC120610.ogg,55.92814058956916,0,50.0,5.0,44100,bird,1.0
523,./kaggletest/yertin1/,XC634199.ogg,41.83199546485261,0,0.0,5.0,44100,bird,1.0
524,./kaggletest/yertin1/,XC634199.ogg,41.83199546485261,0,5.0,5.0,44100,bird,1.0
525,./kaggletest/yertin1/,XC634199.ogg,41.83199546485261,0,10.0,5.0,44100,bird,1.0
526,./kaggletest/yertin1/,XC634199.ogg,41.83199546485261,0,15.0,5.0,44100,bird,1.0
527,./kaggletest/yertin1/,XC634199.ogg,41.83199546485261,0,25.0,5.0,44100,bird,1.0
528,./kaggletest/yertin1/,XC634199.ogg,41.83199546485261,0,30.0,5.0,44100,bird,1.0
529,./kaggletest/yertin1/,XC634199.ogg,41.83199546485261,0,35.0,5.0,44100,bird,1.0
530,./kaggletest/yertin1/,XC633812.ogg,16.2,0,0.0,5.0,44100,bird,1.0
531,./kaggletest/yertin1/,XC633812.ogg,16.2,0,5.0,5.0,44100,bird,1.0
532,./kaggletest/yertin1/,XC633812.ogg,16.2,0,10.0,5.0,44100,bird,1.0
533,./kaggletest/yertin1/,XC301474.ogg,50.02448979591837,0,0.0,5.0,44100,bird,1.0
534,./kaggletest/yertin1/,XC301474.ogg,50.02448979591837,0,5.0,5.0,44100,bird,1.0
535,./kaggletest/yertin1/,XC301474.ogg,50.02448979591837,0,15.0,5.0,44100,bird,1.0
536,./kaggletest/yertin1/,XC301474.ogg,50.02448979591837,0,30.0,5.0,44100,bird,1.0
537,./kaggletest/yertin1/,XC301474.ogg,50.02448979591837,0,35.0,5.0,44100,bird,1.0
538,./kaggletest/yertin1/,XC301474.ogg,50.02448979591837,0,40.0,5.0,44100,bird,1.0
539,./kaggletest/yertin1/,XC301474.ogg,50.02448979591837,0,45.0,5.0,44100,bird,1.0
540,./kaggletest/yertin1/,XC633816.ogg,22.36798185941043,0,0.0,5.0,44100,bird,1.0
541,./kaggletest/yertin1/,XC633816.ogg,22.36798185941043,0,5.0,5.0,44100,bird,1.0
542,./kaggletest/yertin1/,XC633816.ogg,22.36798185941043,0,10.0,5.0,44100,bird,1.0
543,./kaggletest/yertin1/,XC633816.ogg,22.36798185941043,0,15.0,5.0,44100,bird,1.0
544,./kaggletest/yertin1/,XC530155.ogg,26.303990929705215,0,10.0,5.0,44100,bird,1.0
545,./kaggletest/yertin1/,XC530155.ogg,26.303990929705215,0,15.0,5.0,44100,bird,1.0
546,./kaggletest/yertin1/,XC184217.ogg,17.841609977324264,0,0.0,5.0,44100,bird,1.0
547,./kaggletest/yertin1/,XC184217.ogg,17.841609977324264,0,5.0,5.0,44100,bird,1.0
548,./kaggletest/yertin1/,XC184217.ogg,17.841609977324264,0,10.0,5.0,44100,bird,1.0
549,./kaggletest/yertin1/,XC270461.ogg,6.426122448979592,0,0.0,5.0,44100,bird,1.0
550,./kaggletest/yertin1/,XC621156.ogg,30.84,0,0.0,5.0,44100,bird,1.0
551,./kaggletest/yertin1/,XC621156.ogg,30.84,0,5.0,5.0,44100,bird,1.0
552,./kaggletest/yertin1/,XC621156.ogg,30.84,0,10.0,5.0,44100,bird,1.0
553,./kaggletest/yertin1/,XC621156.ogg,30.84,0,15.0,5.0,44100,bird,1.0
554,./kaggletest/yertin1/,XC621156.ogg,30.84,0,20.0,5.0,44100,bird,1.0
555,./kaggletest/yertin1/,XC621156.ogg,30.84,0,25.0,5.0,44100,bird,1.0
556,./kaggletest/yertin1/,XC633815.ogg,53.92798185941043,0,0.0,5.0,44100,bird,1.0
557,./kaggletest/yertin1/,XC633815.ogg,53.92798185941043,0,5.0,5.0,44100,bird,1.0
558,./kaggletest/yertin1/,XC633815.ogg,53.92798185941043,0,10.0,5.0,44100,bird,1.0
559,./kaggletest/yertin1/,XC633815.ogg,53.92798185941043,0,15.0,5.0,44100,bird,1.0
560,./kaggletest/yertin1/,XC633815.ogg,53.92798185941043,0,20.0,5.0,44100,bird,1.0
561,./kaggletest/yertin1/,XC633815.ogg,53.92798185941043,0,25.0,5.0,44100,bird,1.0
562,./kaggletest/yertin1/,XC633815.ogg,53.92798185941043,0,30.0,5.0,44100,bird,1.0
563,./kaggletest/yertin1/,XC633815.ogg,53.92798185941043,0,35.0,5.0,44100,bird,1.0
564,./kaggletest/yertin1/,XC633815.ogg,53.92798185941043,0,40.0,5.0,44100,bird,1.0
565,./kaggletest/yertin1/,XC633815.ogg,53.92798185941043,0,45.0,5.0,44100,bird,1.0
566,./kaggletest/yertin1/,XC239275.ogg,87.95426303854876,0,0.0,5.0,44100,bird,1.0
567,./kaggletest/yertin1/,XC239275.ogg,87.95426303854876,0,5.0,5.0,44100,bird,1.0
568,./kaggletest/yertin1/,XC239275.ogg,87.95426303854876,0,10.0,5.0,44100,bird,1.0
569,./kaggletest/yertin1/,XC239275.ogg,87.95426303854876,0,15.0,5.0,44100,bird,1.0
570,./kaggletest/yertin1/,XC239275.ogg,87.95426303854876,0,20.0,5.0,44100,bird,1.0
571,./kaggletest/yertin1/,XC239275.ogg,87.95426303854876,0,25.0,5.0,44100,bird,1.0
572,./kaggletest/yertin1/,XC239275.ogg,87.95426303854876,0,30.0,5.0,44100,bird,1.0
573,./kaggletest/yertin1/,XC239275.ogg,87.95426303854876,0,35.0,5.0,44100,bird,1.0
574,./kaggletest/yertin1/,XC239275.ogg,87.95426303854876,0,40.0,5.0,44100,bird,1.0
575,./kaggletest/yertin1/,XC239275.ogg,87.95426303854876,0,50.0,5.0,44100,bird,1.0
576,./kaggletest/yertin1/,XC239275.ogg,87.95426303854876,0,55.0,5.0,44100,bird,1.0
577,./kaggletest/yertin1/,XC239275.ogg,87.95426303854876,0,60.0,5.0,44100,bird,1.0
578,./kaggletest/yertin1/,XC239275.ogg,87.95426303854876,0,65.0,5.0,44100,bird,1.0
579,./kaggletest/yertin1/,XC239275.ogg,87.95426303854876,0,70.0,5.0,44100,bird,1.0
580,./kaggletest/yertin1/,XC239275.ogg,87.95426303854876,0,75.0,5.0,44100,bird,1.0
581,./kaggletest/yertin1/,XC239275.ogg,87.95426303854876,0,80.0,5.0,44100,bird,1.0
582,./kaggletest/yertin1/,XC633814.ogg,36.407981859410434,0,0.0,5.0,44100,bird,1.0
583,./kaggletest/yertin1/,XC633814.ogg,36.407981859410434,0,10.0,5.0,44100,bird,1.0
584,./kaggletest/yertin1/,XC633814.ogg,36.407981859410434,0,15.0,5.0,44100,bird,1.0
585,./kaggletest/yertin1/,XC633814.ogg,36.407981859410434,0,20.0,5.0,44100,bird,1.0
586,./kaggletest/yertin1/,XC633814.ogg,36.407981859410434,0,25.0,5.0,44100,bird,1.0
587,./kaggletest/yertin1/,XC633814.ogg,36.407981859410434,0,30.0,5.0,44100,bird,1.0
588,./kaggletest/yertin1/,XC634148.ogg,10.751995464852607,0,0.0,5.0,44100,bird,1.0
589,./kaggletest/yertin1/,XC634148.ogg,10.751995464852607,0,5.0,5.0,44100,bird,1.0
590,./kaggletest/yertin1/,XC633683.ogg,20.76,0,0.0,5.0,44100,bird,1.0
591,./kaggletest/yertin1/,XC633683.ogg,20.76,0,5.0,5.0,44100,bird,1.0
592,./kaggletest/yertin1/,XC633683.ogg,20.76,0,10.0,5.0,44100,bird,1.0
593,./kaggletest/yertin1/,XC633683.ogg,20.76,0,15.0,5.0,44100,bird,1.0
594,./kaggletest/yertin1/,XC234858.ogg,57.52160997732426,0,0.0,5.0,44100,bird,1.0
595,./kaggletest/yertin1/,XC234858.ogg,57.52160997732426,0,5.0,5.0,44100,bird,1.0
596,./kaggletest/yertin1/,XC234858.ogg,57.52160997732426,0,20.0,5.0,44100,bird,1.0
597,./kaggletest/yertin1/,XC234858.ogg,57.52160997732426,0,25.0,5.0,44100,bird,1.0
598,./kaggletest/yertin1/,XC234858.ogg,57.52160997732426,0,30.0,5.0,44100,bird,1.0
599,./kaggletest/yertin1/,XC234858.ogg,57.52160997732426,0,35.0,5.0,44100,bird,1.0
600,./kaggletest/yertin1/,XC234858.ogg,57.52160997732426,0,40.0,5.0,44100,bird,1.0
601,./kaggletest/yertin1/,XC234858.ogg,57.52160997732426,0,45.0,5.0,44100,bird,1.0
602,./kaggletest/yertin1/,XC234858.ogg,57.52160997732426,0,50.0,5.0,44100,bird,1.0
603,./kaggletest/yertin1/,XC303776.ogg,23.44798185941043,0,0.0,5.0,44100,bird,1.0
604,./kaggletest/yertin1/,XC303776.ogg,23.44798185941043,0,5.0,5.0,44100,bird,1.0
605,./kaggletest/yertin1/,XC303776.ogg,23.44798185941043,0,10.0,5.0,44100,bird,1.0
606,./kaggletest/yertin1/,XC303776.ogg,23.44798185941043,0,15.0,5.0,44100,bird,1.0
607,./kaggletest/yertin1/,XC633718.wav,5.0,0,0.0,5.0,44100,bird,1.0
608,./kaggletest/yertin1/,XC476763.ogg,10.083242630385488,0,0.0,5.0,44100,bird,1.0
609,./kaggletest/yertin1/,XC476763.ogg,10.083242630385488,0,5.0,5.0,44100,bird,1.0
610,./kaggletest/yertin1/,XC634073.ogg,20.831995464852607,0,5.0,5.0,44100,bird,1.0
611,./kaggletest/yertin1/,XC634073.ogg,20.831995464852607,0,10.0,5.0,44100,bird,1.0
612,./kaggletest/yertin1/,XC634073.ogg,20.831995464852607,0,15.0,5.0,44100,bird,1.0
613,./kaggletest/yertin1/,XC633720.ogg,17.52,0,0.0,5.0,44100,bird,1.0
614,./kaggletest/yertin1/,XC633720.ogg,17.52,0,5.0,5.0,44100,bird,1.0
615,./kaggletest/yertin1/,XC633720.ogg,17.52,0,10.0,5.0,44100,bird,1.0
616,./kaggletest/yertin1/,XC265020.ogg,21.315895691609978,0,0.0,5.0,44100,bird,1.0
617,./kaggletest/yertin1/,XC265020.ogg,21.315895691609978,0,5.0,5.0,44100,bird,1.0
618,./kaggletest/yertin1/,XC265020.ogg,21.315895691609978,0,10.0,5.0,44100,bird,1.0
619,./kaggletest/yertin1/,XC265020.ogg,21.315895691609978,0,15.0,5.0,44100,bird,1.0
620,./kaggletest/yertin1/,XC344992.ogg,18.36408163265306,0,0.0,5.0,44100,bird,1.0
621,./kaggletest/yertin1/,XC344992.ogg,18.36408163265306,0,5.0,5.0,44100,bird,1.0
622,./kaggletest/yertin1/,XC344992.ogg,18.36408163265306,0,10.0,5.0,44100,bird,1.0
623,./kaggletest/yertin1/,XC633721.ogg,19.00798185941043,0,0.0,5.0,44100,bird,1.0
624,./kaggletest/yertin1/,XC633721.ogg,19.00798185941043,0,5.0,5.0,44100,bird,1.0
625,./kaggletest/yertin1/,XC633721.ogg,19.00798185941043,0,10.0,5.0,44100,bird,1.0
626,./kaggletest/yertin1/,XC634072.ogg,12.72,0,0.0,5.0,44100,bird,1.0
627,./kaggletest/yertin1/,XC634072.ogg,12.72,0,5.0,5.0,44100,bird,1.0
628,./kaggletest/yertin1/,XC335428.ogg,5.355079365079365,0,0.0,5.0,44100,bird,1.0
629,./kaggletest/yertin1/,XC289512.ogg,17.94612244897959,0,0.0,5.0,44100,bird,1.0
630,./kaggletest/yertin1/,XC289512.ogg,17.94612244897959,0,5.0,5.0,44100,bird,1.0
631,./kaggletest/yertin1/,XC289512.ogg,17.94612244897959,0,10.0,5.0,44100,bird,1.0
632,./kaggletest/yertin1/,XC302482.ogg,35.05630385487528,0,0.0,5.0,44100,bird,1.0
633,./kaggletest/yertin1/,XC302482.ogg,35.05630385487528,0,5.0,5.0,44100,bird,1.0
634,./kaggletest/yertin1/,XC302482.ogg,35.05630385487528,0,10.0,5.0,44100,bird,1.0
635,./kaggletest/yertin1/,XC302482.ogg,35.05630385487528,0,15.0,5.0,44100,bird,1.0
636,./kaggletest/yertin1/,XC302482.ogg,35.05630385487528,0,20.0,5.0,44100,bird,1.0
637,./kaggletest/yertin1/,XC302482.ogg,35.05630385487528,0,25.0,5.0,44100,bird,1.0
638,./kaggletest/yertin1/,XC302482.ogg,35.05630385487528,0,30.0,5.0,44100,bird,1.0
639,./kaggletest/yertin1/,XC460510.ogg,6.739591836734694,0,0.0,5.0,44100,bird,1.0
640,./kaggletest/yertin1/,XC633669.ogg,105.81598639455783,0,0.0,5.0,44100,bird,1.0
641,./kaggletest/yertin1/,XC633669.ogg,105.81598639455783,0,5.0,5.0,44100,bird,1.0
642,./kaggletest/yertin1/,XC633669.ogg,105.81598639455783,0,10.0,5.0,44100,bird,1.0
643,./kaggletest/yertin1/,XC633669.ogg,105.81598639455783,0,15.0,5.0,44100,bird,1.0
644,./kaggletest/yertin1/,XC633669.ogg,105.81598639455783,0,20.0,5.0,44100,bird,1.0
645,./kaggletest/yertin1/,XC633669.ogg,105.81598639455783,0,25.0,5.0,44100,bird,1.0
646,./kaggletest/yertin1/,XC633669.ogg,105.81598639455783,0,30.0,5.0,44100,bird,1.0
647,./kaggletest/yertin1/,XC633669.ogg,105.81598639455783,0,35.0,5.0,44100,bird,1.0
648,./kaggletest/yertin1/,XC633669.ogg,105.81598639455783,0,40.0,5.0,44100,bird,1.0
649,./kaggletest/yertin1/,XC633669.ogg,105.81598639455783,0,45.0,5.0,44100,bird,1.0
650,./kaggletest/yertin1/,XC633669.ogg,105.81598639455783,0,50.0,5.0,44100,bird,1.0
651,./kaggletest/yertin1/,XC633669.ogg,105.81598639455783,0,55.0,5.0,44100,bird,1.0
652,./kaggletest/yertin1/,XC633669.ogg,105.81598639455783,0,60.0,5.0,44100,bird,1.0
653,./kaggletest/yertin1/,XC633669.ogg,105.81598639455783,0,65.0,5.0,44100,bird,1.0
654,./kaggletest/yertin1/,XC633669.ogg,105.81598639455783,0,70.0,5.0,44100,bird,1.0
655,./kaggletest/yertin1/,XC633669.ogg,105.81598639455783,0,75.0,5.0,44100,bird,1.0
656,./kaggletest/yertin1/,XC633669.ogg,105.81598639455783,0,80.0,5.0,44100,bird,1.0
657,./kaggletest/yertin1/,XC633669.ogg,105.81598639455783,0,90.0,5.0,44100,bird,1.0
658,./kaggletest/yertin1/,XC633669.ogg,105.81598639455783,0,95.0,5.0,44100,bird,1.0
659,./kaggletest/yertin1/,XC633669.ogg,105.81598639455783,0,100.0,5.0,44100,bird,1.0
660,./kaggletest/yertin1/,XC633858.ogg,29.44798185941043,0,0.0,5.0,44100,bird,1.0
661,./kaggletest/yertin1/,XC633858.ogg,29.44798185941043,0,5.0,5.0,44100,bird,1.0
662,./kaggletest/yertin1/,XC633858.ogg,29.44798185941043,0,10.0,5.0,44100,bird,1.0
663,./kaggletest/yertin1/,XC633858.ogg,29.44798185941043,0,20.0,5.0,44100,bird,1.0
664,./kaggletest/yertin1/,XC633680.ogg,57.431995464852605,0,0.0,5.0,44100,bird,1.0
665,./kaggletest/yertin1/,XC633680.ogg,57.431995464852605,0,5.0,5.0,44100,bird,1.0
666,./kaggletest/yertin1/,XC633680.ogg,57.431995464852605,0,10.0,5.0,44100,bird,1.0
667,./kaggletest/yertin1/,XC633680.ogg,57.431995464852605,0,15.0,5.0,44100,bird,1.0
668,./kaggletest/yertin1/,XC633680.ogg,57.431995464852605,0,20.0,5.0,44100,bird,1.0
669,./kaggletest/yertin1/,XC633680.ogg,57.431995464852605,0,25.0,5.0,44100,bird,1.0
670,./kaggletest/yertin1/,XC633680.ogg,57.431995464852605,0,30.0,5.0,44100,bird,1.0
671,./kaggletest/yertin1/,XC633680.ogg,57.431995464852605,0,35.0,5.0,44100,bird,1.0
672,./kaggletest/yertin1/,XC633680.ogg,57.431995464852605,0,40.0,5.0,44100,bird,1.0
673,./kaggletest/yertin1/,XC633680.ogg,57.431995464852605,0,45.0,5.0,44100,bird,1.0
674,./kaggletest/yertin1/,XC633680.ogg,57.431995464852605,0,50.0,5.0,44100,bird,1.0
675,./kaggletest/yertin1/,XC633684.wav,5.0,0,0.0,5.0,44100,bird,1.0
676,./kaggletest/yertin1/,XC634070.ogg,28.56,0,0.0,5.0,44100,bird,1.0
677,./kaggletest/yertin1/,XC634070.ogg,28.56,0,5.0,5.0,44100,bird,1.0
678,./kaggletest/yertin1/,XC634070.ogg,28.56,0,10.0,5.0,44100,bird,1.0
679,./kaggletest/yertin1/,XC634070.ogg,28.56,0,15.0,5.0,44100,bird,1.0
680,./kaggletest/yertin1/,XC634070.ogg,28.56,0,20.0,5.0,44100,bird,1.0
681,./kaggletest/yertin1/,XC620987.ogg,10.37,0,0.0,5.0,44100,bird,1.0
682,./kaggletest/yertin1/,XC620987.ogg,10.37,0,5.0,5.0,44100,bird,1.0
683,./kaggletest/yertin1/,XC608039.ogg,56.32,0,0.0,5.0,44100,bird,1.0
684,./kaggletest/yertin1/,XC608039.ogg,56.32,0,5.0,5.0,44100,bird,1.0
685,./kaggletest/yertin1/,XC608039.ogg,56.32,0,10.0,5.0,44100,bird,1.0
686,./kaggletest/yertin1/,XC608039.ogg,56.32,0,15.0,5.0,44100,bird,1.0
687,./kaggletest/yertin1/,XC608039.ogg,56.32,0,20.0,5.0,44100,bird,1.0
688,./kaggletest/yertin1/,XC608039.ogg,56.32,0,25.0,5.0,44100,bird,1.0
689,./kaggletest/yertin1/,XC608039.ogg,56.32,0,30.0,5.0,44100,bird,1.0
690,./kaggletest/yertin1/,XC608039.ogg,56.32,0,35.0,5.0,44100,bird,1.0
691,./kaggletest/yertin1/,XC608039.ogg,56.32,0,40.0,5.0,44100,bird,1.0
692,./kaggletest/yertin1/,XC608039.ogg,56.32,0,45.0,5.0,44100,bird,1.0
693,./kaggletest/yertin1/,XC608039.ogg,56.32,0,50.0,5.0,44100,bird,1.0
694,./kaggletest/yertin1/,XC633722.ogg,5.183990929705216,0,0.0,5.0,44100,bird,1.0
695,./kaggletest/yertin1/,XC489010.ogg,6.451995464852608,0,0.0,5.0,44100,bird,1.0
696,./kaggletest/yertin1/,XC302481.ogg,40.933854875283444,0,0.0,5.0,44100,bird,1.0
697,./kaggletest/yertin1/,XC302481.ogg,40.933854875283444,0,5.0,5.0,44100,bird,1.0
698,./kaggletest/yertin1/,XC302481.ogg,40.933854875283444,0,10.0,5.0,44100,bird,1.0
699,./kaggletest/yertin1/,XC302481.ogg,40.933854875283444,0,15.0,5.0,44100,bird,1.0
700,./kaggletest/yertin1/,XC302481.ogg,40.933854875283444,0,20.0,5.0,44100,bird,1.0
701,./kaggletest/yertin1/,XC302481.ogg,40.933854875283444,0,25.0,5.0,44100,bird,1.0
702,./kaggletest/yertin1/,XC302481.ogg,40.933854875283444,0,30.0,5.0,44100,bird,1.0
703,./kaggletest/yertin1/,XC302481.ogg,40.933854875283444,0,35.0,5.0,44100,bird,1.0
704,./kaggletest/yertin1/,XC633871.ogg,6.743990929705215,0,0.0,5.0,44100,bird,1.0
705,./kaggletest/yertin1/,XC56564.ogg,36.54530612244898,0,0.0,5.0,44100,bird,1.0
706,./kaggletest/yertin1/,XC56564.ogg,36.54530612244898,0,5.0,5.0,44100,bird,1.0
707,./kaggletest/yertin1/,XC56564.ogg,36.54530612244898,0,15.0,5.0,44100,bird,1.0
708,./kaggletest/yertin1/,XC56564.ogg,36.54530612244898,0,20.0,5.0,44100,bird,1.0
709,./kaggletest/yertin1/,XC633685.ogg,19.487981859410432,0,10.0,5.0,44100,bird,1.0
710,./kaggletest/yertin1/,XC605848.ogg,13.165714285714285,0,0.0,5.0,44100,bird,1.0
711,./kaggletest/yertin1/,XC605848.ogg,13.165714285714285,0,5.0,5.0,44100,bird,1.0
712,./kaggletest/yertin1/,XC634071.wav,5.0,0,0.0,5.0,44100,bird,1.0
713,./kaggletest/yertin1/,XC371859.ogg,55.065986394557825,0,0.0,5.0,44100,bird,1.0
714,./kaggletest/yertin1/,XC371859.ogg,55.065986394557825,0,5.0,5.0,44100,bird,1.0
715,./kaggletest/yertin1/,XC371859.ogg,55.065986394557825,0,10.0,5.0,44100,bird,1.0
716,./kaggletest/yertin1/,XC371859.ogg,55.065986394557825,0,15.0,5.0,44100,bird,1.0
717,./kaggletest/yertin1/,XC371859.ogg,55.065986394557825,0,20.0,5.0,44100,bird,1.0
718,./kaggletest/yertin1/,XC371859.ogg,55.065986394557825,0,25.0,5.0,44100,bird,1.0
719,./kaggletest/yertin1/,XC371859.ogg,55.065986394557825,0,30.0,5.0,44100,bird,1.0
720,./kaggletest/yertin1/,XC371859.ogg,55.065986394557825,0,35.0,5.0,44100,bird,1.0
721,./kaggletest/yertin1/,XC371859.ogg,55.065986394557825,0,40.0,5.0,44100,bird,1.0
722,./kaggletest/yertin1/,XC371859.ogg,55.065986394557825,0,45.0,5.0,44100,bird,1.0
723,./kaggletest/yertin1/,XC371859.ogg,55.065986394557825,0,50.0,5.0,44100,bird,1.0
724,./kaggletest/yertin1/,XC633679.ogg,70.63199546485261,0,0.0,5.0,44100,bird,1.0
725,./kaggletest/yertin1/,XC633679.ogg,70.63199546485261,0,5.0,5.0,44100,bird,1.0
726,./kaggletest/yertin1/,XC633679.ogg,70.63199546485261,0,10.0,5.0,44100,bird,1.0
727,./kaggletest/yertin1/,XC633679.ogg,70.63199546485261,0,15.0,5.0,44100,bird,1.0
728,./kaggletest/yertin1/,XC633679.ogg,70.63199546485261,0,20.0,5.0,44100,bird,1.0
729,./kaggletest/yertin1/,XC633679.ogg,70.63199546485261,0,25.0,5.0,44100,bird,1.0
730,./kaggletest/yertin1/,XC633679.ogg,70.63199546485261,0,30.0,5.0,44100,bird,1.0
731,./kaggletest/yertin1/,XC633679.ogg,70.63199546485261,0,35.0,5.0,44100,bird,1.0
732,./kaggletest/yertin1/,XC633679.ogg,70.63199546485261,0,40.0,5.0,44100,bird,1.0
733,./kaggletest/yertin1/,XC633679.ogg,70.63199546485261,0,45.0,5.0,44100,bird,1.0
734,./kaggletest/yertin1/,XC633679.ogg,70.63199546485261,0,50.0,5.0,44100,bird,1.0
735,./kaggletest/yertin1/,XC633679.ogg,70.63199546485261,0,55.0,5.0,44100,bird,1.0
736,./kaggletest/yertin1/,XC633679.ogg,70.63199546485261,0,60.0,5.0,44100,bird,1.0
737,./kaggletest/yertin1/,XC633679.ogg,70.63199546485261,0,65.0,5.0,44100,bird,1.0
738,./kaggletest/yertin1/,XC539461.ogg,16.3,0,0.0,5.0,44100,bird,1.0
739,./kaggletest/yertin1/,XC539461.ogg,16.3,0,5.0,5.0,44100,bird,1.0
740,./kaggletest/yertin1/,XC539461.ogg,16.3,0,10.0,5.0,44100,bird,1.0
741,./kaggletest/yertin1/,XC633862.ogg,68.18399092970522,0,0.0,5.0,44100,bird,1.0
742,./kaggletest/yertin1/,XC633862.ogg,68.18399092970522,0,5.0,5.0,44100,bird,1.0
743,./kaggletest/yertin1/,XC633862.ogg,68.18399092970522,0,15.0,5.0,44100,bird,1.0
744,./kaggletest/yertin1/,XC633862.ogg,68.18399092970522,0,20.0,5.0,44100,bird,1.0
745,./kaggletest/yertin1/,XC633862.ogg,68.18399092970522,0,25.0,5.0,44100,bird,1.0
746,./kaggletest/yertin1/,XC633862.ogg,68.18399092970522,0,35.0,5.0,44100,bird,1.0
747,./kaggletest/yertin1/,XC633862.ogg,68.18399092970522,0,40.0,5.0,44100,bird,1.0
748,./kaggletest/yertin1/,XC633862.ogg,68.18399092970522,0,45.0,5.0,44100,bird,1.0
749,./kaggletest/yertin1/,XC633862.ogg,68.18399092970522,0,50.0,5.0,44100,bird,1.0
750,./kaggletest/yertin1/,XC633862.ogg,68.18399092970522,0,55.0,5.0,44100,bird,1.0
751,./kaggletest/yertin1/,XC633862.ogg,68.18399092970522,0,60.0,5.0,44100,bird,1.0
752,./kaggletest/yertin1/,XC28683.ogg,25.260385487528346,0,0.0,5.0,44100,bird,1.0
753,./kaggletest/yertin1/,XC28683.ogg,25.260385487528346,0,5.0,5.0,44100,bird,1.0
754,./kaggletest/yertin1/,XC28683.ogg,25.260385487528346,0,10.0,5.0,44100,bird,1.0
755,./kaggletest/yertin1/,XC28683.ogg,25.260385487528346,0,15.0,5.0,44100,bird,1.0
756,./kaggletest/yertin1/,XC28683.ogg,25.260385487528346,0,20.0,5.0,44100,bird,1.0
757,./kaggletest/yertin1/,XC364475.ogg,9.874263038548753,0,0.0,5.0,44100,bird,1.0
758,./kaggletest/yertin1/,XC468001.ogg,26.783990929705215,0,0.0,5.0,44100,bird,1.0
759,./kaggletest/yertin1/,XC468001.ogg,26.783990929705215,0,5.0,5.0,44100,bird,1.0
760,./kaggletest/yertin1/,XC468001.ogg,26.783990929705215,0,10.0,5.0,44100,bird,1.0
761,./kaggletest/yertin1/,XC468001.ogg,26.783990929705215,0,15.0,5.0,44100,bird,1.0
762,./kaggletest/yertin1/,XC468001.ogg,26.783990929705215,0,20.0,5.0,44100,bird,1.0
763,./kaggletest/yertin1/,XC398630.ogg,16.508979591836734,0,0.0,5.0,44100,bird,1.0
764,./kaggletest/yertin1/,XC398630.ogg,16.508979591836734,0,5.0,5.0,44100,bird,1.0
765,./kaggletest/yertin1/,XC398630.ogg,16.508979591836734,0,10.0,5.0,44100,bird,1.0
766,./kaggletest/yertin1/,XC236859.ogg,24.659591836734695,0,0.0,5.0,44100,bird,1.0
767,./kaggletest/yertin1/,XC236859.ogg,24.659591836734695,0,5.0,5.0,44100,bird,1.0
768,./kaggletest/yertin1/,XC236859.ogg,24.659591836734695,0,10.0,5.0,44100,bird,1.0
769,./kaggletest/yertin1/,XC236859.ogg,24.659591836734695,0,15.0,5.0,44100,bird,1.0
770,./kaggletest/yertin1/,XC263045.ogg,201.84814058956917,0,0.0,5.0,44100,bird,1.0
771,./kaggletest/yertin1/,XC263045.ogg,201.84814058956917,0,5.0,5.0,44100,bird,1.0
772,./kaggletest/yertin1/,XC263045.ogg,201.84814058956917,0,10.0,5.0,44100,bird,1.0
773,./kaggletest/yertin1/,XC263045.ogg,201.84814058956917,0,15.0,5.0,44100,bird,1.0
774,./kaggletest/yertin1/,XC263045.ogg,201.84814058956917,0,20.0,5.0,44100,bird,1.0
775,./kaggletest/yertin1/,XC263045.ogg,201.84814058956917,0,25.0,5.0,44100,bird,1.0
776,./kaggletest/yertin1/,XC263045.ogg,201.84814058956917,0,30.0,5.0,44100,bird,1.0
777,./kaggletest/yertin1/,XC263045.ogg,201.84814058956917,0,35.0,5.0,44100,bird,1.0
778,./kaggletest/yertin1/,XC263045.ogg,201.84814058956917,0,40.0,5.0,44100,bird,1.0
779,./kaggletest/yertin1/,XC263045.ogg,201.84814058956917,0,45.0,5.0,44100,bird,1.0
780,./kaggletest/yertin1/,XC263045.ogg,201.84814058956917,0,50.0,5.0,44100,bird,1.0
781,./kaggletest/yertin1/,XC263045.ogg,201.84814058956917,0,55.0,5.0,44100,bird,1.0
782,./kaggletest/yertin1/,XC263045.ogg,201.84814058956917,0,60.0,5.0,44100,bird,1.0
783,./kaggletest/yertin1/,XC263045.ogg,201.84814058956917,0,65.0,5.0,44100,bird,1.0
784,./kaggletest/yertin1/,XC263045.ogg,201.84814058956917,0,70.0,5.0,44100,bird,1.0
785,./kaggletest/yertin1/,XC263045.ogg,201.84814058956917,0,75.0,5.0,44100,bird,1.0
786,./kaggletest/yertin1/,XC263045.ogg,201.84814058956917,0,80.0,5.0,44100,bird,1.0
787,./kaggletest/yertin1/,XC263045.ogg,201.84814058956917,0,85.0,5.0,44100,bird,1.0
788,./kaggletest/yertin1/,XC263045.ogg,201.84814058956917,0,90.0,5.0,44100,bird,1.0
789,./kaggletest/yertin1/,XC263045.ogg,201.84814058956917,0,95.0,5.0,44100,bird,1.0
790,./kaggletest/yertin1/,XC263045.ogg,201.84814058956917,0,100.0,5.0,44100,bird,1.0
791,./kaggletest/yertin1/,XC263045.ogg,201.84814058956917,0,105.0,5.0,44100,bird,1.0
792,./kaggletest/yertin1/,XC263045.ogg,201.84814058956917,0,110.0,5.0,44100,bird,1.0
793,./kaggletest/yertin1/,XC263045.ogg,201.84814058956917,0,115.0,5.0,44100,bird,1.0
794,./kaggletest/yertin1/,XC263045.ogg,201.84814058956917,0,120.0,5.0,44100,bird,1.0
795,./kaggletest/yertin1/,XC263045.ogg,201.84814058956917,0,125.0,5.0,44100,bird,1.0
796,./kaggletest/yertin1/,XC263045.ogg,201.84814058956917,0,130.0,5.0,44100,bird,1.0
797,./kaggletest/yertin1/,XC263045.ogg,201.84814058956917,0,135.0,5.0,44100,bird,1.0
798,./kaggletest/yertin1/,XC263045.ogg,201.84814058956917,0,140.0,5.0,44100,bird,1.0
799,./kaggletest/yertin1/,XC263045.ogg,201.84814058956917,0,145.0,5.0,44100,bird,1.0
800,./kaggletest/yertin1/,XC263045.ogg,201.84814058956917,0,150.0,5.0,44100,bird,1.0
801,./kaggletest/yertin1/,XC263045.ogg,201.84814058956917,0,155.0,5.0,44100,bird,1.0
802,./kaggletest/yertin1/,XC263045.ogg,201.84814058956917,0,160.0,5.0,44100,bird,1.0
803,./kaggletest/yertin1/,XC263045.ogg,201.84814058956917,0,165.0,5.0,44100,bird,1.0
804,./kaggletest/yertin1/,XC263045.ogg,201.84814058956917,0,170.0,5.0,44100,bird,1.0
805,./kaggletest/yertin1/,XC263045.ogg,201.84814058956917,0,175.0,5.0,44100,bird,1.0
806,./kaggletest/yertin1/,XC263045.ogg,201.84814058956917,0,180.0,5.0,44100,bird,1.0
807,./kaggletest/yertin1/,XC263045.ogg,201.84814058956917,0,185.0,5.0,44100,bird,1.0
808,./kaggletest/yertin1/,XC263045.ogg,201.84814058956917,0,190.0,5.0,44100,bird,1.0
809,./kaggletest/yertin1/,XC263045.ogg,201.84814058956917,0,195.0,5.0,44100,bird,1.0
810,./kaggletest/yertin1/,XC633863.ogg,30.503990929705214,0,0.0,5.0,44100,bird,1.0
811,./kaggletest/yertin1/,XC633863.ogg,30.503990929705214,0,5.0,5.0,44100,bird,1.0
812,./kaggletest/yertin1/,XC633863.ogg,30.503990929705214,0,15.0,5.0,44100,bird,1.0
813,./kaggletest/yertin1/,XC633863.ogg,30.503990929705214,0,20.0,5.0,44100,bird,1.0
814,./kaggletest/yertin1/,XC633863.ogg,30.503990929705214,0,25.0,5.0,44100,bird,1.0
815,./kaggletest/yertin1/,XC633687.ogg,10.511995464852607,0,0.0,5.0,44100,bird,1.0
816,./kaggletest/yertin1/,XC633678.ogg,44.087981859410434,0,0.0,5.0,44100,bird,1.0
817,./kaggletest/yertin1/,XC633678.ogg,44.087981859410434,0,5.0,5.0,44100,bird,1.0
818,./kaggletest/yertin1/,XC633678.ogg,44.087981859410434,0,10.0,5.0,44100,bird,1.0
819,./kaggletest/yertin1/,XC633678.ogg,44.087981859410434,0,15.0,5.0,44100,bird,1.0
820,./kaggletest/yertin1/,XC633678.ogg,44.087981859410434,0,20.0,5.0,44100,bird,1.0
821,./kaggletest/yertin1/,XC633678.ogg,44.087981859410434,0,30.0,5.0,44100,bird,1.0
822,./kaggletest/yertin1/,XC633678.ogg,44.087981859410434,0,35.0,5.0,44100,bird,1.0
