,FOLDER,IN FILE,CLIP LENGTH,CHANNEL,OFFSET,DURATION,SAMPLE RATE,MANUAL ID,CONFIDENCE
0,./kaggletest/yewgre1/,XC479061.ogg,9.690997732426304,0,0.0,5.0,44100,bird,1.0
1,./kaggletest/yewgre1/,XC234851.ogg,68.04895691609977,0,5.0,5.0,44100,bird,1.0
2,./kaggletest/yewgre1/,XC234851.ogg,68.04895691609977,0,15.0,5.0,44100,bird,1.0
3,./kaggletest/yewgre1/,XC234851.ogg,68.04895691609977,0,20.0,5.0,44100,bird,1.0
4,./kaggletest/yewgre1/,XC234851.ogg,68.04895691609977,0,25.0,5.0,44100,bird,1.0
5,./kaggletest/yewgre1/,XC234851.ogg,68.04895691609977,0,30.0,5.0,44100,bird,1.0
6,./kaggletest/yewgre1/,XC234851.ogg,68.04895691609977,0,35.0,5.0,44100,bird,1.0
7,./kaggletest/yewgre1/,XC234851.ogg,68.04895691609977,0,40.0,5.0,44100,bird,1.0
8,./kaggletest/yewgre1/,XC234851.ogg,68.04895691609977,0,45.0,5.0,44100,bird,1.0
9,./kaggletest/yewgre1/,XC234851.ogg,68.04895691609977,0,50.0,5.0,44100,bird,1.0
10,./kaggletest/yewgre1/,XC234851.ogg,68.04895691609977,0,55.0,5.0,44100,bird,1.0
11,./kaggletest/yewgre1/,XC234851.ogg,68.04895691609977,0,60.0,5.0,44100,bird,1.0
12,./kaggletest/yewgre1/,XC239970.ogg,11.990204081632653,0,0.0,5.0,44100,bird,1.0
13,./kaggletest/yewgre1/,XC239970.ogg,11.990204081632653,0,5.0,5.0,44100,bird,1.0
14,./kaggletest/yewgre1/,XC265799.ogg,31.42530612244898,0,0.0,5.0,44100,bird,1.0
15,./kaggletest/yewgre1/,XC265799.ogg,31.42530612244898,0,5.0,5.0,44100,bird,1.0
16,./kaggletest/yewgre1/,XC265799.ogg,31.42530612244898,0,10.0,5.0,44100,bird,1.0
17,./kaggletest/yewgre1/,XC265799.ogg,31.42530612244898,0,15.0,5.0,44100,bird,1.0
18,./kaggletest/yewgre1/,XC265799.ogg,31.42530612244898,0,20.0,5.0,44100,bird,1.0
19,./kaggletest/yewgre1/,XC265799.ogg,31.42530612244898,0,25.0,5.0,44100,bird,1.0
20,./kaggletest/yewgre1/,XC513865.ogg,48.19589569160998,0,0.0,5.0,44100,bird,1.0
21,./kaggletest/yewgre1/,XC513865.ogg,48.19589569160998,0,5.0,5.0,44100,bird,1.0
22,./kaggletest/yewgre1/,XC513865.ogg,48.19589569160998,0,10.0,5.0,44100,bird,1.0
23,./kaggletest/yewgre1/,XC513865.ogg,48.19589569160998,0,15.0,5.0,44100,bird,1.0
24,./kaggletest/yewgre1/,XC513865.ogg,48.19589569160998,0,20.0,5.0,44100,bird,1.0
25,./kaggletest/yewgre1/,XC513865.ogg,48.19589569160998,0,25.0,5.0,44100,bird,1.0
26,./kaggletest/yewgre1/,XC513865.ogg,48.19589569160998,0,30.0,5.0,44100,bird,1.0
27,./kaggletest/yewgre1/,XC513865.ogg,48.19589569160998,0,35.0,5.0,44100,bird,1.0
28,./kaggletest/yewgre1/,XC513865.ogg,48.19589569160998,0,40.0,5.0,44100,bird,1.0
29,./kaggletest/yewgre1/,XC336100.ogg,28.499591836734695,0,0.0,5.0,44100,bird,1.0
30,./kaggletest/yewgre1/,XC336100.ogg,28.499591836734695,0,5.0,5.0,44100,bird,1.0
31,./kaggletest/yewgre1/,XC336100.ogg,28.499591836734695,0,10.0,5.0,44100,bird,1.0
32,./kaggletest/yewgre1/,XC336100.ogg,28.499591836734695,0,15.0,5.0,44100,bird,1.0
33,./kaggletest/yewgre1/,XC336100.ogg,28.499591836734695,0,20.0,5.0,44100,bird,1.0
34,./kaggletest/yewgre1/,XC397731.ogg,51.12160997732426,0,0.0,5.0,44100,bird,1.0
35,./kaggletest/yewgre1/,XC397731.ogg,51.12160997732426,0,5.0,5.0,44100,bird,1.0
36,./kaggletest/yewgre1/,XC397731.ogg,51.12160997732426,0,10.0,5.0,44100,bird,1.0
37,./kaggletest/yewgre1/,XC397731.ogg,51.12160997732426,0,15.0,5.0,44100,bird,1.0
38,./kaggletest/yewgre1/,XC397731.ogg,51.12160997732426,0,20.0,5.0,44100,bird,1.0
39,./kaggletest/yewgre1/,XC397731.ogg,51.12160997732426,0,25.0,5.0,44100,bird,1.0
40,./kaggletest/yewgre1/,XC397731.ogg,51.12160997732426,0,30.0,5.0,44100,bird,1.0
41,./kaggletest/yewgre1/,XC397731.ogg,51.12160997732426,0,35.0,5.0,44100,bird,1.0
42,./kaggletest/yewgre1/,XC397731.ogg,51.12160997732426,0,40.0,5.0,44100,bird,1.0
43,./kaggletest/yewgre1/,XC397731.ogg,51.12160997732426,0,45.0,5.0,44100,bird,1.0
44,./kaggletest/yewgre1/,XC399734.ogg,35.6309977324263,0,0.0,5.0,44100,bird,1.0
45,./kaggletest/yewgre1/,XC399734.ogg,35.6309977324263,0,5.0,5.0,44100,bird,1.0
46,./kaggletest/yewgre1/,XC399734.ogg,35.6309977324263,0,15.0,5.0,44100,bird,1.0
47,./kaggletest/yewgre1/,XC399734.ogg,35.6309977324263,0,20.0,5.0,44100,bird,1.0
48,./kaggletest/yewgre1/,XC399734.ogg,35.6309977324263,0,25.0,5.0,44100,bird,1.0
49,./kaggletest/yewgre1/,XC399734.ogg,35.6309977324263,0,30.0,5.0,44100,bird,1.0
50,./kaggletest/yewgre1/,XC505815.ogg,75.49385487528345,0,5.0,5.0,44100,bird,1.0
51,./kaggletest/yewgre1/,XC505815.ogg,75.49385487528345,0,15.0,5.0,44100,bird,1.0
52,./kaggletest/yewgre1/,XC505815.ogg,75.49385487528345,0,20.0,5.0,44100,bird,1.0
53,./kaggletest/yewgre1/,XC505815.ogg,75.49385487528345,0,25.0,5.0,44100,bird,1.0
54,./kaggletest/yewgre1/,XC505815.ogg,75.49385487528345,0,30.0,5.0,44100,bird,1.0
55,./kaggletest/yewgre1/,XC505815.ogg,75.49385487528345,0,35.0,5.0,44100,bird,1.0
56,./kaggletest/yewgre1/,XC505815.ogg,75.49385487528345,0,40.0,5.0,44100,bird,1.0
57,./kaggletest/yewgre1/,XC505815.ogg,75.49385487528345,0,50.0,5.0,44100,bird,1.0
58,./kaggletest/yewgre1/,XC505815.ogg,75.49385487528345,0,60.0,5.0,44100,bird,1.0
59,./kaggletest/yewgre1/,XC505815.ogg,75.49385487528345,0,65.0,5.0,44100,bird,1.0
60,./kaggletest/yewgre1/,XC505815.ogg,75.49385487528345,0,70.0,5.0,44100,bird,1.0
61,./kaggletest/yewgre1/,XC401867.ogg,25.965714285714284,0,0.0,5.0,44100,bird,1.0
62,./kaggletest/yewgre1/,XC401867.ogg,25.965714285714284,0,5.0,5.0,44100,bird,1.0
63,./kaggletest/yewgre1/,XC401867.ogg,25.965714285714284,0,10.0,5.0,44100,bird,1.0
64,./kaggletest/yewgre1/,XC401867.ogg,25.965714285714284,0,15.0,5.0,44100,bird,1.0
65,./kaggletest/yewgre1/,XC401867.ogg,25.965714285714284,0,20.0,5.0,44100,bird,1.0
66,./kaggletest/yewgre1/,XC236857.ogg,36.46691609977324,0,0.0,5.0,44100,bird,1.0
67,./kaggletest/yewgre1/,XC236857.ogg,36.46691609977324,0,5.0,5.0,44100,bird,1.0
68,./kaggletest/yewgre1/,XC236857.ogg,36.46691609977324,0,10.0,5.0,44100,bird,1.0
69,./kaggletest/yewgre1/,XC236857.ogg,36.46691609977324,0,15.0,5.0,44100,bird,1.0
70,./kaggletest/yewgre1/,XC236857.ogg,36.46691609977324,0,20.0,5.0,44100,bird,1.0
71,./kaggletest/yewgre1/,XC236857.ogg,36.46691609977324,0,25.0,5.0,44100,bird,1.0
72,./kaggletest/yewgre1/,XC236857.ogg,36.46691609977324,0,30.0,5.0,44100,bird,1.0
73,./kaggletest/yewgre1/,XC201221.ogg,28.16,0,0.0,5.0,44100,bird,1.0
74,./kaggletest/yewgre1/,XC201221.ogg,28.16,0,5.0,5.0,44100,bird,1.0
75,./kaggletest/yewgre1/,XC201221.ogg,28.16,0,10.0,5.0,44100,bird,1.0
76,./kaggletest/yewgre1/,XC201221.ogg,28.16,0,15.0,5.0,44100,bird,1.0
77,./kaggletest/yewgre1/,XC201221.ogg,28.16,0,20.0,5.0,44100,bird,1.0
78,./kaggletest/yewgre1/,XC298398.ogg,15.411995464852607,0,0.0,5.0,44100,bird,1.0
79,./kaggletest/yewgre1/,XC298398.ogg,15.411995464852607,0,5.0,5.0,44100,bird,1.0
80,./kaggletest/yewgre1/,XC298398.ogg,15.411995464852607,0,10.0,5.0,44100,bird,1.0
81,./kaggletest/yewgre1/,XC233084.ogg,21.05467120181406,0,0.0,5.0,44100,bird,1.0
82,./kaggletest/yewgre1/,XC233084.ogg,21.05467120181406,0,5.0,5.0,44100,bird,1.0
83,./kaggletest/yewgre1/,XC233084.ogg,21.05467120181406,0,15.0,5.0,44100,bird,1.0
84,./kaggletest/yewgre1/,XC397732.ogg,23.484081632653062,0,0.0,5.0,44100,bird,1.0
85,./kaggletest/yewgre1/,XC397732.ogg,23.484081632653062,0,5.0,5.0,44100,bird,1.0
86,./kaggletest/yewgre1/,XC397732.ogg,23.484081632653062,0,10.0,5.0,44100,bird,1.0
87,./kaggletest/yewgre1/,XC397732.ogg,23.484081632653062,0,15.0,5.0,44100,bird,1.0
88,./kaggletest/yewgre1/,XC365413.ogg,39.78448979591837,0,0.0,5.0,44100,bird,1.0
89,./kaggletest/yewgre1/,XC365413.ogg,39.78448979591837,0,5.0,5.0,44100,bird,1.0
90,./kaggletest/yewgre1/,XC365413.ogg,39.78448979591837,0,10.0,5.0,44100,bird,1.0
91,./kaggletest/yewgre1/,XC365413.ogg,39.78448979591837,0,15.0,5.0,44100,bird,1.0
92,./kaggletest/yewgre1/,XC365413.ogg,39.78448979591837,0,20.0,5.0,44100,bird,1.0
93,./kaggletest/yewgre1/,XC365413.ogg,39.78448979591837,0,25.0,5.0,44100,bird,1.0
94,./kaggletest/yewgre1/,XC365413.ogg,39.78448979591837,0,30.0,5.0,44100,bird,1.0
95,./kaggletest/yewgre1/,XC234853.ogg,79.36,0,0.0,5.0,44100,bird,1.0
96,./kaggletest/yewgre1/,XC234853.ogg,79.36,0,5.0,5.0,44100,bird,1.0
97,./kaggletest/yewgre1/,XC234853.ogg,79.36,0,10.0,5.0,44100,bird,1.0
98,./kaggletest/yewgre1/,XC234853.ogg,79.36,0,15.0,5.0,44100,bird,1.0
99,./kaggletest/yewgre1/,XC234853.ogg,79.36,0,20.0,5.0,44100,bird,1.0
100,./kaggletest/yewgre1/,XC234853.ogg,79.36,0,25.0,5.0,44100,bird,1.0
101,./kaggletest/yewgre1/,XC234853.ogg,79.36,0,30.0,5.0,44100,bird,1.0
102,./kaggletest/yewgre1/,XC234853.ogg,79.36,0,35.0,5.0,44100,bird,1.0
103,./kaggletest/yewgre1/,XC234853.ogg,79.36,0,40.0,5.0,44100,bird,1.0
104,./kaggletest/yewgre1/,XC234853.ogg,79.36,0,45.0,5.0,44100,bird,1.0
105,./kaggletest/yewgre1/,XC234853.ogg,79.36,0,50.0,5.0,44100,bird,1.0
106,./kaggletest/yewgre1/,XC234853.ogg,79.36,0,55.0,5.0,44100,bird,1.0
107,./kaggletest/yewgre1/,XC234853.ogg,79.36,0,60.0,5.0,44100,bird,1.0
108,./kaggletest/yewgre1/,XC234853.ogg,79.36,0,65.0,5.0,44100,bird,1.0
109,./kaggletest/yewgre1/,XC234853.ogg,79.36,0,70.0,5.0,44100,bird,1.0
110,./kaggletest/yewgre1/,XC399131.ogg,18.075986394557823,0,0.0,5.0,44100,bird,1.0
111,./kaggletest/yewgre1/,XC399131.ogg,18.075986394557823,0,5.0,5.0,44100,bird,1.0
112,./kaggletest/yewgre1/,XC399131.ogg,18.075986394557823,0,10.0,5.0,44100,bird,1.0
113,./kaggletest/yewgre1/,XC401866.ogg,44.06854875283447,0,0.0,5.0,44100,bird,1.0
114,./kaggletest/yewgre1/,XC401866.ogg,44.06854875283447,0,5.0,5.0,44100,bird,1.0
115,./kaggletest/yewgre1/,XC401866.ogg,44.06854875283447,0,10.0,5.0,44100,bird,1.0
116,./kaggletest/yewgre1/,XC401866.ogg,44.06854875283447,0,15.0,5.0,44100,bird,1.0
117,./kaggletest/yewgre1/,XC401866.ogg,44.06854875283447,0,20.0,5.0,44100,bird,1.0
118,./kaggletest/yewgre1/,XC401866.ogg,44.06854875283447,0,25.0,5.0,44100,bird,1.0
119,./kaggletest/yewgre1/,XC401866.ogg,44.06854875283447,0,30.0,5.0,44100,bird,1.0
120,./kaggletest/yewgre1/,XC401866.ogg,44.06854875283447,0,35.0,5.0,44100,bird,1.0
121,./kaggletest/yewgre1/,XC429122.ogg,29.492244897959182,0,0.0,5.0,44100,bird,1.0
122,./kaggletest/yewgre1/,XC429122.ogg,29.492244897959182,0,5.0,5.0,44100,bird,1.0
123,./kaggletest/yewgre1/,XC429122.ogg,29.492244897959182,0,10.0,5.0,44100,bird,1.0
124,./kaggletest/yewgre1/,XC429122.ogg,29.492244897959182,0,15.0,5.0,44100,bird,1.0
125,./kaggletest/yewgre1/,XC429122.ogg,29.492244897959182,0,20.0,5.0,44100,bird,1.0
126,./kaggletest/yewgre1/,XC236846.ogg,92.18612244897959,0,0.0,5.0,44100,bird,1.0
127,./kaggletest/yewgre1/,XC236846.ogg,92.18612244897959,0,5.0,5.0,44100,bird,1.0
128,./kaggletest/yewgre1/,XC236846.ogg,92.18612244897959,0,10.0,5.0,44100,bird,1.0
129,./kaggletest/yewgre1/,XC236846.ogg,92.18612244897959,0,15.0,5.0,44100,bird,1.0
130,./kaggletest/yewgre1/,XC236846.ogg,92.18612244897959,0,20.0,5.0,44100,bird,1.0
131,./kaggletest/yewgre1/,XC236846.ogg,92.18612244897959,0,25.0,5.0,44100,bird,1.0
132,./kaggletest/yewgre1/,XC236846.ogg,92.18612244897959,0,30.0,5.0,44100,bird,1.0
133,./kaggletest/yewgre1/,XC236846.ogg,92.18612244897959,0,35.0,5.0,44100,bird,1.0
134,./kaggletest/yewgre1/,XC236846.ogg,92.18612244897959,0,40.0,5.0,44100,bird,1.0
135,./kaggletest/yewgre1/,XC236846.ogg,92.18612244897959,0,45.0,5.0,44100,bird,1.0
136,./kaggletest/yewgre1/,XC236846.ogg,92.18612244897959,0,50.0,5.0,44100,bird,1.0
137,./kaggletest/yewgre1/,XC236846.ogg,92.18612244897959,0,55.0,5.0,44100,bird,1.0
138,./kaggletest/yewgre1/,XC236846.ogg,92.18612244897959,0,65.0,5.0,44100,bird,1.0
139,./kaggletest/yewgre1/,XC236846.ogg,92.18612244897959,0,70.0,5.0,44100,bird,1.0
140,./kaggletest/yewgre1/,XC236846.ogg,92.18612244897959,0,75.0,5.0,44100,bird,1.0
141,./kaggletest/yewgre1/,XC236846.ogg,92.18612244897959,0,80.0,5.0,44100,bird,1.0
142,./kaggletest/yewgre1/,XC236846.ogg,92.18612244897959,0,85.0,5.0,44100,bird,1.0
143,./kaggletest/yewgre1/,XC400188.ogg,62.17142857142857,0,0.0,5.0,44100,bird,1.0
144,./kaggletest/yewgre1/,XC400188.ogg,62.17142857142857,0,5.0,5.0,44100,bird,1.0
145,./kaggletest/yewgre1/,XC400188.ogg,62.17142857142857,0,10.0,5.0,44100,bird,1.0
146,./kaggletest/yewgre1/,XC400188.ogg,62.17142857142857,0,15.0,5.0,44100,bird,1.0
147,./kaggletest/yewgre1/,XC400188.ogg,62.17142857142857,0,25.0,5.0,44100,bird,1.0
148,./kaggletest/yewgre1/,XC400188.ogg,62.17142857142857,0,30.0,5.0,44100,bird,1.0
149,./kaggletest/yewgre1/,XC400188.ogg,62.17142857142857,0,40.0,5.0,44100,bird,1.0
150,./kaggletest/yewgre1/,XC400188.ogg,62.17142857142857,0,45.0,5.0,44100,bird,1.0
151,./kaggletest/yewgre1/,XC400188.ogg,62.17142857142857,0,50.0,5.0,44100,bird,1.0
152,./kaggletest/yewgre1/,XC163357.ogg,24.868548752834467,0,0.0,5.0,44100,bird,1.0
153,./kaggletest/yewgre1/,XC163357.ogg,24.868548752834467,0,5.0,5.0,44100,bird,1.0
154,./kaggletest/yewgre1/,XC163357.ogg,24.868548752834467,0,10.0,5.0,44100,bird,1.0
155,./kaggletest/yewgre1/,XC163357.ogg,24.868548752834467,0,15.0,5.0,44100,bird,1.0
156,./kaggletest/yewgre1/,XC617114.ogg,29.92798185941043,0,5.0,5.0,44100,bird,1.0
157,./kaggletest/yewgre1/,XC617114.ogg,29.92798185941043,0,10.0,5.0,44100,bird,1.0
158,./kaggletest/yewgre1/,XC617114.ogg,29.92798185941043,0,15.0,5.0,44100,bird,1.0
159,./kaggletest/yewgre1/,XC617114.ogg,29.92798185941043,0,20.0,5.0,44100,bird,1.0
160,./kaggletest/yewgre1/,XC236847.ogg,62.01467120181406,0,0.0,5.0,44100,bird,1.0
161,./kaggletest/yewgre1/,XC236847.ogg,62.01467120181406,0,5.0,5.0,44100,bird,1.0
162,./kaggletest/yewgre1/,XC236847.ogg,62.01467120181406,0,10.0,5.0,44100,bird,1.0
163,./kaggletest/yewgre1/,XC236847.ogg,62.01467120181406,0,15.0,5.0,44100,bird,1.0
164,./kaggletest/yewgre1/,XC236847.ogg,62.01467120181406,0,20.0,5.0,44100,bird,1.0
165,./kaggletest/yewgre1/,XC236847.ogg,62.01467120181406,0,30.0,5.0,44100,bird,1.0
166,./kaggletest/yewgre1/,XC236847.ogg,62.01467120181406,0,35.0,5.0,44100,bird,1.0
167,./kaggletest/yewgre1/,XC236847.ogg,62.01467120181406,0,40.0,5.0,44100,bird,1.0
168,./kaggletest/yewgre1/,XC236847.ogg,62.01467120181406,0,45.0,5.0,44100,bird,1.0
169,./kaggletest/yewgre1/,XC236847.ogg,62.01467120181406,0,50.0,5.0,44100,bird,1.0
170,./kaggletest/yewgre1/,XC236847.ogg,62.01467120181406,0,55.0,5.0,44100,bird,1.0
171,./kaggletest/yewgre1/,XC753190.ogg,12.721609977324263,0,0.0,5.0,44100,bird,1.0
172,./kaggletest/yewgre1/,XC753190.ogg,12.721609977324263,0,5.0,5.0,44100,bird,1.0
173,./kaggletest/yewgre1/,XC234854.ogg,11.546122448979592,0,0.0,5.0,44100,bird,1.0
174,./kaggletest/yewgre1/,XC234854.ogg,11.546122448979592,0,5.0,5.0,44100,bird,1.0
175,./kaggletest/yewgre1/,XC236845.ogg,22.439183673469387,0,0.0,5.0,44100,bird,1.0
176,./kaggletest/yewgre1/,XC236845.ogg,22.439183673469387,0,5.0,5.0,44100,bird,1.0
177,./kaggletest/yewgre1/,XC236845.ogg,22.439183673469387,0,10.0,5.0,44100,bird,1.0
178,./kaggletest/yewgre1/,XC236845.ogg,22.439183673469387,0,15.0,5.0,44100,bird,1.0
179,./kaggletest/yewgre1/,XC704433.ogg,80.87507936507936,0,0.0,5.0,44100,bird,1.0
180,./kaggletest/yewgre1/,XC704433.ogg,80.87507936507936,0,10.0,5.0,44100,bird,1.0
181,./kaggletest/yewgre1/,XC704433.ogg,80.87507936507936,0,15.0,5.0,44100,bird,1.0
182,./kaggletest/yewgre1/,XC704433.ogg,80.87507936507936,0,20.0,5.0,44100,bird,1.0
183,./kaggletest/yewgre1/,XC704433.ogg,80.87507936507936,0,25.0,5.0,44100,bird,1.0
184,./kaggletest/yewgre1/,XC704433.ogg,80.87507936507936,0,30.0,5.0,44100,bird,1.0
185,./kaggletest/yewgre1/,XC704433.ogg,80.87507936507936,0,40.0,5.0,44100,bird,1.0
186,./kaggletest/yewgre1/,XC704433.ogg,80.87507936507936,0,50.0,5.0,44100,bird,1.0
187,./kaggletest/yewgre1/,XC704433.ogg,80.87507936507936,0,55.0,5.0,44100,bird,1.0
188,./kaggletest/yewgre1/,XC704433.ogg,80.87507936507936,0,60.0,5.0,44100,bird,1.0
189,./kaggletest/yewgre1/,XC704433.ogg,80.87507936507936,0,65.0,5.0,44100,bird,1.0
190,./kaggletest/yewgre1/,XC704433.ogg,80.87507936507936,0,70.0,5.0,44100,bird,1.0
191,./kaggletest/yewgre1/,XC704433.ogg,80.87507936507936,0,75.0,5.0,44100,bird,1.0
192,./kaggletest/yewgre1/,XC478540.ogg,69.82498866213152,0,0.0,5.0,44100,bird,1.0
193,./kaggletest/yewgre1/,XC478540.ogg,69.82498866213152,0,5.0,5.0,44100,bird,1.0
194,./kaggletest/yewgre1/,XC478540.ogg,69.82498866213152,0,10.0,5.0,44100,bird,1.0
195,./kaggletest/yewgre1/,XC478540.ogg,69.82498866213152,0,15.0,5.0,44100,bird,1.0
196,./kaggletest/yewgre1/,XC478540.ogg,69.82498866213152,0,25.0,5.0,44100,bird,1.0
197,./kaggletest/yewgre1/,XC478540.ogg,69.82498866213152,0,30.0,5.0,44100,bird,1.0
198,./kaggletest/yewgre1/,XC478540.ogg,69.82498866213152,0,35.0,5.0,44100,bird,1.0
199,./kaggletest/yewgre1/,XC478540.ogg,69.82498866213152,0,40.0,5.0,44100,bird,1.0
200,./kaggletest/yewgre1/,XC478540.ogg,69.82498866213152,0,45.0,5.0,44100,bird,1.0
201,./kaggletest/yewgre1/,XC478540.ogg,69.82498866213152,0,50.0,5.0,44100,bird,1.0
202,./kaggletest/yewgre1/,XC478540.ogg,69.82498866213152,0,60.0,5.0,44100,bird,1.0
203,./kaggletest/yewgre1/,XC479059.ogg,32.260997732426304,0,0.0,5.0,44100,bird,1.0
204,./kaggletest/yewgre1/,XC479059.ogg,32.260997732426304,0,5.0,5.0,44100,bird,1.0
205,./kaggletest/yewgre1/,XC479059.ogg,32.260997732426304,0,10.0,5.0,44100,bird,1.0
206,./kaggletest/yewgre1/,XC479059.ogg,32.260997732426304,0,15.0,5.0,44100,bird,1.0
207,./kaggletest/yewgre1/,XC479059.ogg,32.260997732426304,0,20.0,5.0,44100,bird,1.0
208,./kaggletest/yewgre1/,XC479059.ogg,32.260997732426304,0,25.0,5.0,44100,bird,1.0
209,./kaggletest/yewgre1/,XC301453.ogg,88.21548752834467,0,0.0,5.0,44100,bird,1.0
210,./kaggletest/yewgre1/,XC301453.ogg,88.21548752834467,0,5.0,5.0,44100,bird,1.0
211,./kaggletest/yewgre1/,XC301453.ogg,88.21548752834467,0,10.0,5.0,44100,bird,1.0
212,./kaggletest/yewgre1/,XC301453.ogg,88.21548752834467,0,15.0,5.0,44100,bird,1.0
213,./kaggletest/yewgre1/,XC301453.ogg,88.21548752834467,0,20.0,5.0,44100,bird,1.0
214,./kaggletest/yewgre1/,XC301453.ogg,88.21548752834467,0,30.0,5.0,44100,bird,1.0
215,./kaggletest/yewgre1/,XC301453.ogg,88.21548752834467,0,35.0,5.0,44100,bird,1.0
216,./kaggletest/yewgre1/,XC301453.ogg,88.21548752834467,0,40.0,5.0,44100,bird,1.0
217,./kaggletest/yewgre1/,XC301453.ogg,88.21548752834467,0,45.0,5.0,44100,bird,1.0
218,./kaggletest/yewgre1/,XC301453.ogg,88.21548752834467,0,50.0,5.0,44100,bird,1.0
219,./kaggletest/yewgre1/,XC301453.ogg,88.21548752834467,0,55.0,5.0,44100,bird,1.0
220,./kaggletest/yewgre1/,XC301453.ogg,88.21548752834467,0,60.0,5.0,44100,bird,1.0
221,./kaggletest/yewgre1/,XC301453.ogg,88.21548752834467,0,65.0,5.0,44100,bird,1.0
222,./kaggletest/yewgre1/,XC301453.ogg,88.21548752834467,0,70.0,5.0,44100,bird,1.0
223,./kaggletest/yewgre1/,XC301453.ogg,88.21548752834467,0,80.0,5.0,44100,bird,1.0
224,./kaggletest/yewgre1/,XC700545.ogg,10.553446712018141,0,0.0,5.0,44100,bird,1.0
225,./kaggletest/yewgre1/,XC700545.ogg,10.553446712018141,0,5.0,5.0,44100,bird,1.0
226,./kaggletest/yewgre1/,XC18465.ogg,8.932993197278911,0,0.0,5.0,44100,bird,1.0
227,./kaggletest/yewgre1/,XC432176.ogg,19.04299319727891,0,0.0,5.0,44100,bird,1.0
228,./kaggletest/yewgre1/,XC432176.ogg,19.04299319727891,0,5.0,5.0,44100,bird,1.0
229,./kaggletest/yewgre1/,XC432176.ogg,19.04299319727891,0,10.0,5.0,44100,bird,1.0
230,./kaggletest/yewgre1/,XC237453.ogg,95.13795918367347,0,0.0,5.0,44100,bird,1.0
231,./kaggletest/yewgre1/,XC237453.ogg,95.13795918367347,0,5.0,5.0,44100,bird,1.0
232,./kaggletest/yewgre1/,XC237453.ogg,95.13795918367347,0,10.0,5.0,44100,bird,1.0
233,./kaggletest/yewgre1/,XC237453.ogg,95.13795918367347,0,15.0,5.0,44100,bird,1.0
234,./kaggletest/yewgre1/,XC237453.ogg,95.13795918367347,0,20.0,5.0,44100,bird,1.0
235,./kaggletest/yewgre1/,XC237453.ogg,95.13795918367347,0,25.0,5.0,44100,bird,1.0
236,./kaggletest/yewgre1/,XC237453.ogg,95.13795918367347,0,30.0,5.0,44100,bird,1.0
237,./kaggletest/yewgre1/,XC237453.ogg,95.13795918367347,0,35.0,5.0,44100,bird,1.0
238,./kaggletest/yewgre1/,XC237453.ogg,95.13795918367347,0,40.0,5.0,44100,bird,1.0
239,./kaggletest/yewgre1/,XC237453.ogg,95.13795918367347,0,45.0,5.0,44100,bird,1.0
240,./kaggletest/yewgre1/,XC237453.ogg,95.13795918367347,0,50.0,5.0,44100,bird,1.0
241,./kaggletest/yewgre1/,XC237453.ogg,95.13795918367347,0,55.0,5.0,44100,bird,1.0
242,./kaggletest/yewgre1/,XC237453.ogg,95.13795918367347,0,60.0,5.0,44100,bird,1.0
243,./kaggletest/yewgre1/,XC237453.ogg,95.13795918367347,0,65.0,5.0,44100,bird,1.0
244,./kaggletest/yewgre1/,XC237453.ogg,95.13795918367347,0,70.0,5.0,44100,bird,1.0
245,./kaggletest/yewgre1/,XC237453.ogg,95.13795918367347,0,75.0,5.0,44100,bird,1.0
246,./kaggletest/yewgre1/,XC237453.ogg,95.13795918367347,0,80.0,5.0,44100,bird,1.0
247,./kaggletest/yewgre1/,XC237453.ogg,95.13795918367347,0,85.0,5.0,44100,bird,1.0
248,./kaggletest/yewgre1/,XC237453.ogg,95.13795918367347,0,90.0,5.0,44100,bird,1.0
249,./kaggletest/yewgre1/,XC205780.ogg,174.18448979591838,0,0.0,5.0,44100,bird,1.0
250,./kaggletest/yewgre1/,XC205780.ogg,174.18448979591838,0,5.0,5.0,44100,bird,1.0
251,./kaggletest/yewgre1/,XC205780.ogg,174.18448979591838,0,10.0,5.0,44100,bird,1.0
252,./kaggletest/yewgre1/,XC205780.ogg,174.18448979591838,0,15.0,5.0,44100,bird,1.0
253,./kaggletest/yewgre1/,XC205780.ogg,174.18448979591838,0,20.0,5.0,44100,bird,1.0
254,./kaggletest/yewgre1/,XC205780.ogg,174.18448979591838,0,30.0,5.0,44100,bird,1.0
255,./kaggletest/yewgre1/,XC205780.ogg,174.18448979591838,0,35.0,5.0,44100,bird,1.0
256,./kaggletest/yewgre1/,XC205780.ogg,174.18448979591838,0,40.0,5.0,44100,bird,1.0
257,./kaggletest/yewgre1/,XC205780.ogg,174.18448979591838,0,45.0,5.0,44100,bird,1.0
258,./kaggletest/yewgre1/,XC205780.ogg,174.18448979591838,0,50.0,5.0,44100,bird,1.0
259,./kaggletest/yewgre1/,XC205780.ogg,174.18448979591838,0,55.0,5.0,44100,bird,1.0
260,./kaggletest/yewgre1/,XC205780.ogg,174.18448979591838,0,60.0,5.0,44100,bird,1.0
261,./kaggletest/yewgre1/,XC205780.ogg,174.18448979591838,0,65.0,5.0,44100,bird,1.0
262,./kaggletest/yewgre1/,XC205780.ogg,174.18448979591838,0,70.0,5.0,44100,bird,1.0
263,./kaggletest/yewgre1/,XC205780.ogg,174.18448979591838,0,75.0,5.0,44100,bird,1.0
264,./kaggletest/yewgre1/,XC205780.ogg,174.18448979591838,0,80.0,5.0,44100,bird,1.0
265,./kaggletest/yewgre1/,XC205780.ogg,174.18448979591838,0,85.0,5.0,44100,bird,1.0
266,./kaggletest/yewgre1/,XC205780.ogg,174.18448979591838,0,90.0,5.0,44100,bird,1.0
267,./kaggletest/yewgre1/,XC205780.ogg,174.18448979591838,0,95.0,5.0,44100,bird,1.0
268,./kaggletest/yewgre1/,XC205780.ogg,174.18448979591838,0,100.0,5.0,44100,bird,1.0
269,./kaggletest/yewgre1/,XC205780.ogg,174.18448979591838,0,105.0,5.0,44100,bird,1.0
270,./kaggletest/yewgre1/,XC205780.ogg,174.18448979591838,0,110.0,5.0,44100,bird,1.0
271,./kaggletest/yewgre1/,XC205780.ogg,174.18448979591838,0,115.0,5.0,44100,bird,1.0
272,./kaggletest/yewgre1/,XC205780.ogg,174.18448979591838,0,120.0,5.0,44100,bird,1.0
273,./kaggletest/yewgre1/,XC205780.ogg,174.18448979591838,0,125.0,5.0,44100,bird,1.0
274,./kaggletest/yewgre1/,XC205780.ogg,174.18448979591838,0,130.0,5.0,44100,bird,1.0
275,./kaggletest/yewgre1/,XC205780.ogg,174.18448979591838,0,135.0,5.0,44100,bird,1.0
276,./kaggletest/yewgre1/,XC205780.ogg,174.18448979591838,0,140.0,5.0,44100,bird,1.0
277,./kaggletest/yewgre1/,XC205780.ogg,174.18448979591838,0,145.0,5.0,44100,bird,1.0
278,./kaggletest/yewgre1/,XC205780.ogg,174.18448979591838,0,150.0,5.0,44100,bird,1.0
279,./kaggletest/yewgre1/,XC205780.ogg,174.18448979591838,0,155.0,5.0,44100,bird,1.0
280,./kaggletest/yewgre1/,XC205780.ogg,174.18448979591838,0,160.0,5.0,44100,bird,1.0
281,./kaggletest/yewgre1/,XC205780.ogg,174.18448979591838,0,165.0,5.0,44100,bird,1.0
282,./kaggletest/yewgre1/,XC235870.ogg,46.52408163265306,0,0.0,5.0,44100,bird,1.0
283,./kaggletest/yewgre1/,XC235870.ogg,46.52408163265306,0,5.0,5.0,44100,bird,1.0
284,./kaggletest/yewgre1/,XC235870.ogg,46.52408163265306,0,10.0,5.0,44100,bird,1.0
285,./kaggletest/yewgre1/,XC235870.ogg,46.52408163265306,0,15.0,5.0,44100,bird,1.0
286,./kaggletest/yewgre1/,XC235870.ogg,46.52408163265306,0,20.0,5.0,44100,bird,1.0
287,./kaggletest/yewgre1/,XC235870.ogg,46.52408163265306,0,25.0,5.0,44100,bird,1.0
288,./kaggletest/yewgre1/,XC235870.ogg,46.52408163265306,0,40.0,5.0,44100,bird,1.0
289,./kaggletest/yewgre1/,XC284895.ogg,15.96079365079365,0,0.0,5.0,44100,bird,1.0
290,./kaggletest/yewgre1/,XC284895.ogg,15.96079365079365,0,5.0,5.0,44100,bird,1.0
291,./kaggletest/yewgre1/,XC284895.ogg,15.96079365079365,0,10.0,5.0,44100,bird,1.0
292,./kaggletest/yewgre1/,XC237454.ogg,44.042426303854874,0,0.0,5.0,44100,bird,1.0
293,./kaggletest/yewgre1/,XC237454.ogg,44.042426303854874,0,5.0,5.0,44100,bird,1.0
294,./kaggletest/yewgre1/,XC237454.ogg,44.042426303854874,0,10.0,5.0,44100,bird,1.0
295,./kaggletest/yewgre1/,XC237454.ogg,44.042426303854874,0,20.0,5.0,44100,bird,1.0
296,./kaggletest/yewgre1/,XC237454.ogg,44.042426303854874,0,25.0,5.0,44100,bird,1.0
297,./kaggletest/yewgre1/,XC237454.ogg,44.042426303854874,0,35.0,5.0,44100,bird,1.0
298,./kaggletest/yewgre1/,XC233785.ogg,38.42612244897959,0,0.0,5.0,44100,bird,1.0
299,./kaggletest/yewgre1/,XC233785.ogg,38.42612244897959,0,5.0,5.0,44100,bird,1.0
300,./kaggletest/yewgre1/,XC233785.ogg,38.42612244897959,0,10.0,5.0,44100,bird,1.0
301,./kaggletest/yewgre1/,XC233785.ogg,38.42612244897959,0,15.0,5.0,44100,bird,1.0
302,./kaggletest/yewgre1/,XC233785.ogg,38.42612244897959,0,20.0,5.0,44100,bird,1.0
303,./kaggletest/yewgre1/,XC233785.ogg,38.42612244897959,0,25.0,5.0,44100,bird,1.0
304,./kaggletest/yewgre1/,XC233785.ogg,38.42612244897959,0,30.0,5.0,44100,bird,1.0
305,./kaggletest/yewgre1/,XC703472.ogg,20.92408163265306,0,0.0,5.0,44100,bird,1.0
306,./kaggletest/yewgre1/,XC703472.ogg,20.92408163265306,0,5.0,5.0,44100,bird,1.0
307,./kaggletest/yewgre1/,XC703472.ogg,20.92408163265306,0,10.0,5.0,44100,bird,1.0
308,./kaggletest/yewgre1/,XC703472.ogg,20.92408163265306,0,15.0,5.0,44100,bird,1.0
309,./kaggletest/yewgre1/,XC302982.ogg,84.98399092970521,0,0.0,5.0,44100,bird,1.0
310,./kaggletest/yewgre1/,XC302982.ogg,84.98399092970521,0,5.0,5.0,44100,bird,1.0
311,./kaggletest/yewgre1/,XC302982.ogg,84.98399092970521,0,10.0,5.0,44100,bird,1.0
312,./kaggletest/yewgre1/,XC302982.ogg,84.98399092970521,0,15.0,5.0,44100,bird,1.0
313,./kaggletest/yewgre1/,XC302982.ogg,84.98399092970521,0,20.0,5.0,44100,bird,1.0
314,./kaggletest/yewgre1/,XC302982.ogg,84.98399092970521,0,25.0,5.0,44100,bird,1.0
315,./kaggletest/yewgre1/,XC302982.ogg,84.98399092970521,0,30.0,5.0,44100,bird,1.0
316,./kaggletest/yewgre1/,XC302982.ogg,84.98399092970521,0,35.0,5.0,44100,bird,1.0
317,./kaggletest/yewgre1/,XC302982.ogg,84.98399092970521,0,40.0,5.0,44100,bird,1.0
318,./kaggletest/yewgre1/,XC302982.ogg,84.98399092970521,0,45.0,5.0,44100,bird,1.0
319,./kaggletest/yewgre1/,XC302982.ogg,84.98399092970521,0,50.0,5.0,44100,bird,1.0
320,./kaggletest/yewgre1/,XC302982.ogg,84.98399092970521,0,55.0,5.0,44100,bird,1.0
321,./kaggletest/yewgre1/,XC302982.ogg,84.98399092970521,0,60.0,5.0,44100,bird,1.0
322,./kaggletest/yewgre1/,XC302982.ogg,84.98399092970521,0,65.0,5.0,44100,bird,1.0
323,./kaggletest/yewgre1/,XC302982.ogg,84.98399092970521,0,70.0,5.0,44100,bird,1.0
324,./kaggletest/yewgre1/,XC302982.ogg,84.98399092970521,0,75.0,5.0,44100,bird,1.0
325,./kaggletest/yewgre1/,XC302981.ogg,26.4,0,5.0,5.0,44100,bird,1.0
326,./kaggletest/yewgre1/,XC302981.ogg,26.4,0,10.0,5.0,44100,bird,1.0
327,./kaggletest/yewgre1/,XC302981.ogg,26.4,0,15.0,5.0,44100,bird,1.0
328,./kaggletest/yewgre1/,XC302981.ogg,26.4,0,20.0,5.0,44100,bird,1.0
329,./kaggletest/yewgre1/,XC287948.ogg,36.127324263038545,0,0.0,5.0,44100,bird,1.0
330,./kaggletest/yewgre1/,XC287948.ogg,36.127324263038545,0,5.0,5.0,44100,bird,1.0
331,./kaggletest/yewgre1/,XC287948.ogg,36.127324263038545,0,10.0,5.0,44100,bird,1.0
332,./kaggletest/yewgre1/,XC287948.ogg,36.127324263038545,0,15.0,5.0,44100,bird,1.0
333,./kaggletest/yewgre1/,XC287948.ogg,36.127324263038545,0,20.0,5.0,44100,bird,1.0
334,./kaggletest/yewgre1/,XC287948.ogg,36.127324263038545,0,25.0,5.0,44100,bird,1.0
335,./kaggletest/yewgre1/,XC287948.ogg,36.127324263038545,0,30.0,5.0,44100,bird,1.0
336,./kaggletest/yewgre1/,XC246126.ogg,30.04079365079365,0,0.0,5.0,44100,bird,1.0
337,./kaggletest/yewgre1/,XC246126.ogg,30.04079365079365,0,5.0,5.0,44100,bird,1.0
338,./kaggletest/yewgre1/,XC246126.ogg,30.04079365079365,0,10.0,5.0,44100,bird,1.0
339,./kaggletest/yewgre1/,XC246126.ogg,30.04079365079365,0,15.0,5.0,44100,bird,1.0
340,./kaggletest/yewgre1/,XC246126.ogg,30.04079365079365,0,20.0,5.0,44100,bird,1.0
341,./kaggletest/yewgre1/,XC246126.ogg,30.04079365079365,0,25.0,5.0,44100,bird,1.0
342,./kaggletest/yewgre1/,XC374341.ogg,40.07099773242631,0,0.0,5.0,44100,bird,1.0
343,./kaggletest/yewgre1/,XC374341.ogg,40.07099773242631,0,5.0,5.0,44100,bird,1.0
344,./kaggletest/yewgre1/,XC374341.ogg,40.07099773242631,0,10.0,5.0,44100,bird,1.0
345,./kaggletest/yewgre1/,XC374341.ogg,40.07099773242631,0,15.0,5.0,44100,bird,1.0
346,./kaggletest/yewgre1/,XC374341.ogg,40.07099773242631,0,20.0,5.0,44100,bird,1.0
347,./kaggletest/yewgre1/,XC374341.ogg,40.07099773242631,0,25.0,5.0,44100,bird,1.0
348,./kaggletest/yewgre1/,XC374341.ogg,40.07099773242631,0,30.0,5.0,44100,bird,1.0
349,./kaggletest/yewgre1/,XC374341.ogg,40.07099773242631,0,35.0,5.0,44100,bird,1.0
350,./kaggletest/yewgre1/,XC157118.ogg,18.07673469387755,0,0.0,5.0,44100,bird,1.0
351,./kaggletest/yewgre1/,XC157118.ogg,18.07673469387755,0,5.0,5.0,44100,bird,1.0
352,./kaggletest/yewgre1/,XC157118.ogg,18.07673469387755,0,10.0,5.0,44100,bird,1.0
353,./kaggletest/yewgre1/,XC144141.ogg,8.711995464852608,0,0.0,5.0,44100,bird,1.0
354,./kaggletest/yewgre1/,XC487128.ogg,34.40299319727891,0,0.0,5.0,44100,bird,1.0
355,./kaggletest/yewgre1/,XC487128.ogg,34.40299319727891,0,5.0,5.0,44100,bird,1.0
356,./kaggletest/yewgre1/,XC487128.ogg,34.40299319727891,0,15.0,5.0,44100,bird,1.0
357,./kaggletest/yewgre1/,XC487128.ogg,34.40299319727891,0,20.0,5.0,44100,bird,1.0
358,./kaggletest/yewgre1/,XC487128.ogg,34.40299319727891,0,25.0,5.0,44100,bird,1.0
359,./kaggletest/yewgre1/,XC113435.ogg,37.12,0,0.0,5.0,44100,bird,1.0
360,./kaggletest/yewgre1/,XC113435.ogg,37.12,0,5.0,5.0,44100,bird,1.0
361,./kaggletest/yewgre1/,XC113435.ogg,37.12,0,10.0,5.0,44100,bird,1.0
362,./kaggletest/yewgre1/,XC113435.ogg,37.12,0,15.0,5.0,44100,bird,1.0
363,./kaggletest/yewgre1/,XC113435.ogg,37.12,0,20.0,5.0,44100,bird,1.0
364,./kaggletest/yewgre1/,XC113435.ogg,37.12,0,25.0,5.0,44100,bird,1.0
365,./kaggletest/yewgre1/,XC113435.ogg,37.12,0,30.0,5.0,44100,bird,1.0
366,./kaggletest/yewgre1/,XC266006.ogg,13.50530612244898,0,0.0,5.0,44100,bird,1.0
367,./kaggletest/yewgre1/,XC266006.ogg,13.50530612244898,0,5.0,5.0,44100,bird,1.0
368,./kaggletest/yewgre1/,XC470576.ogg,135.0530612244898,0,0.0,5.0,44100,bird,1.0
369,./kaggletest/yewgre1/,XC470576.ogg,135.0530612244898,0,5.0,5.0,44100,bird,1.0
370,./kaggletest/yewgre1/,XC470576.ogg,135.0530612244898,0,10.0,5.0,44100,bird,1.0
371,./kaggletest/yewgre1/,XC470576.ogg,135.0530612244898,0,15.0,5.0,44100,bird,1.0
372,./kaggletest/yewgre1/,XC470576.ogg,135.0530612244898,0,20.0,5.0,44100,bird,1.0
373,./kaggletest/yewgre1/,XC470576.ogg,135.0530612244898,0,30.0,5.0,44100,bird,1.0
374,./kaggletest/yewgre1/,XC470576.ogg,135.0530612244898,0,35.0,5.0,44100,bird,1.0
375,./kaggletest/yewgre1/,XC470576.ogg,135.0530612244898,0,40.0,5.0,44100,bird,1.0
376,./kaggletest/yewgre1/,XC470576.ogg,135.0530612244898,0,45.0,5.0,44100,bird,1.0
377,./kaggletest/yewgre1/,XC470576.ogg,135.0530612244898,0,50.0,5.0,44100,bird,1.0
378,./kaggletest/yewgre1/,XC470576.ogg,135.0530612244898,0,60.0,5.0,44100,bird,1.0
379,./kaggletest/yewgre1/,XC470576.ogg,135.0530612244898,0,65.0,5.0,44100,bird,1.0
380,./kaggletest/yewgre1/,XC470576.ogg,135.0530612244898,0,70.0,5.0,44100,bird,1.0
381,./kaggletest/yewgre1/,XC470576.ogg,135.0530612244898,0,75.0,5.0,44100,bird,1.0
382,./kaggletest/yewgre1/,XC470576.ogg,135.0530612244898,0,80.0,5.0,44100,bird,1.0
383,./kaggletest/yewgre1/,XC470576.ogg,135.0530612244898,0,85.0,5.0,44100,bird,1.0
384,./kaggletest/yewgre1/,XC470576.ogg,135.0530612244898,0,95.0,5.0,44100,bird,1.0
385,./kaggletest/yewgre1/,XC470576.ogg,135.0530612244898,0,100.0,5.0,44100,bird,1.0
386,./kaggletest/yewgre1/,XC470576.ogg,135.0530612244898,0,105.0,5.0,44100,bird,1.0
387,./kaggletest/yewgre1/,XC470576.ogg,135.0530612244898,0,110.0,5.0,44100,bird,1.0
388,./kaggletest/yewgre1/,XC470576.ogg,135.0530612244898,0,115.0,5.0,44100,bird,1.0
389,./kaggletest/yewgre1/,XC470576.ogg,135.0530612244898,0,120.0,5.0,44100,bird,1.0
390,./kaggletest/yewgre1/,XC470576.ogg,135.0530612244898,0,125.0,5.0,44100,bird,1.0
391,./kaggletest/yewgre1/,XC470576.ogg,135.0530612244898,0,130.0,5.0,44100,bird,1.0
392,./kaggletest/yewgre1/,XC752974.ogg,51.80079365079365,0,0.0,5.0,44100,bird,1.0
393,./kaggletest/yewgre1/,XC752974.ogg,51.80079365079365,0,5.0,5.0,44100,bird,1.0
394,./kaggletest/yewgre1/,XC752974.ogg,51.80079365079365,0,10.0,5.0,44100,bird,1.0
395,./kaggletest/yewgre1/,XC752974.ogg,51.80079365079365,0,15.0,5.0,44100,bird,1.0
396,./kaggletest/yewgre1/,XC752974.ogg,51.80079365079365,0,30.0,5.0,44100,bird,1.0
397,./kaggletest/yewgre1/,XC752974.ogg,51.80079365079365,0,35.0,5.0,44100,bird,1.0
398,./kaggletest/yewgre1/,XC752974.ogg,51.80079365079365,0,40.0,5.0,44100,bird,1.0
399,./kaggletest/yewgre1/,XC752974.ogg,51.80079365079365,0,45.0,5.0,44100,bird,1.0
400,./kaggletest/yewgre1/,XC284889.ogg,7.54936507936508,0,0.0,5.0,44100,bird,1.0
401,./kaggletest/yewgre1/,XC120611.ogg,19.696303854875282,0,0.0,5.0,44100,bird,1.0
402,./kaggletest/yewgre1/,XC120611.ogg,19.696303854875282,0,5.0,5.0,44100,bird,1.0
403,./kaggletest/yewgre1/,XC120611.ogg,19.696303854875282,0,10.0,5.0,44100,bird,1.0
404,./kaggletest/yewgre1/,XC537944.ogg,58.01795918367347,0,0.0,5.0,44100,bird,1.0
405,./kaggletest/yewgre1/,XC537944.ogg,58.01795918367347,0,5.0,5.0,44100,bird,1.0
406,./kaggletest/yewgre1/,XC537944.ogg,58.01795918367347,0,10.0,5.0,44100,bird,1.0
407,./kaggletest/yewgre1/,XC537944.ogg,58.01795918367347,0,15.0,5.0,44100,bird,1.0
408,./kaggletest/yewgre1/,XC537944.ogg,58.01795918367347,0,20.0,5.0,44100,bird,1.0
409,./kaggletest/yewgre1/,XC537944.ogg,58.01795918367347,0,25.0,5.0,44100,bird,1.0
410,./kaggletest/yewgre1/,XC537944.ogg,58.01795918367347,0,30.0,5.0,44100,bird,1.0
411,./kaggletest/yewgre1/,XC537944.ogg,58.01795918367347,0,35.0,5.0,44100,bird,1.0
412,./kaggletest/yewgre1/,XC537944.ogg,58.01795918367347,0,40.0,5.0,44100,bird,1.0
413,./kaggletest/yewgre1/,XC537944.ogg,58.01795918367347,0,45.0,5.0,44100,bird,1.0
414,./kaggletest/yewgre1/,XC537944.ogg,58.01795918367347,0,50.0,5.0,44100,bird,1.0
415,./kaggletest/yewgre1/,XC246128.ogg,85.08079365079365,0,0.0,5.0,44100,bird,1.0
416,./kaggletest/yewgre1/,XC246128.ogg,85.08079365079365,0,5.0,5.0,44100,bird,1.0
417,./kaggletest/yewgre1/,XC246128.ogg,85.08079365079365,0,10.0,5.0,44100,bird,1.0
418,./kaggletest/yewgre1/,XC246128.ogg,85.08079365079365,0,15.0,5.0,44100,bird,1.0
419,./kaggletest/yewgre1/,XC246128.ogg,85.08079365079365,0,20.0,5.0,44100,bird,1.0
420,./kaggletest/yewgre1/,XC246128.ogg,85.08079365079365,0,25.0,5.0,44100,bird,1.0
421,./kaggletest/yewgre1/,XC246128.ogg,85.08079365079365,0,30.0,5.0,44100,bird,1.0
422,./kaggletest/yewgre1/,XC246128.ogg,85.08079365079365,0,35.0,5.0,44100,bird,1.0
423,./kaggletest/yewgre1/,XC246128.ogg,85.08079365079365,0,40.0,5.0,44100,bird,1.0
424,./kaggletest/yewgre1/,XC246128.ogg,85.08079365079365,0,45.0,5.0,44100,bird,1.0
425,./kaggletest/yewgre1/,XC246128.ogg,85.08079365079365,0,50.0,5.0,44100,bird,1.0
426,./kaggletest/yewgre1/,XC246128.ogg,85.08079365079365,0,55.0,5.0,44100,bird,1.0
427,./kaggletest/yewgre1/,XC246128.ogg,85.08079365079365,0,60.0,5.0,44100,bird,1.0
428,./kaggletest/yewgre1/,XC246128.ogg,85.08079365079365,0,65.0,5.0,44100,bird,1.0
429,./kaggletest/yewgre1/,XC246128.ogg,85.08079365079365,0,70.0,5.0,44100,bird,1.0
430,./kaggletest/yewgre1/,XC246128.ogg,85.08079365079365,0,75.0,5.0,44100,bird,1.0
431,./kaggletest/yewgre1/,XC246128.ogg,85.08079365079365,0,80.0,5.0,44100,bird,1.0
432,./kaggletest/yewgre1/,XC122417.ogg,50.78201814058957,0,0.0,5.0,44100,bird,1.0
433,./kaggletest/yewgre1/,XC122417.ogg,50.78201814058957,0,10.0,5.0,44100,bird,1.0
434,./kaggletest/yewgre1/,XC122417.ogg,50.78201814058957,0,30.0,5.0,44100,bird,1.0
435,./kaggletest/yewgre1/,XC122417.ogg,50.78201814058957,0,45.0,5.0,44100,bird,1.0
436,./kaggletest/yewgre1/,XC48477.ogg,19.304489795918368,0,0.0,5.0,44100,bird,1.0
437,./kaggletest/yewgre1/,XC48477.ogg,19.304489795918368,0,5.0,5.0,44100,bird,1.0
438,./kaggletest/yewgre1/,XC48477.ogg,19.304489795918368,0,10.0,5.0,44100,bird,1.0
439,./kaggletest/yewgre1/,XC347627.ogg,76.66936507936508,0,0.0,5.0,44100,bird,1.0
440,./kaggletest/yewgre1/,XC347627.ogg,76.66936507936508,0,5.0,5.0,44100,bird,1.0
441,./kaggletest/yewgre1/,XC347627.ogg,76.66936507936508,0,15.0,5.0,44100,bird,1.0
442,./kaggletest/yewgre1/,XC347627.ogg,76.66936507936508,0,20.0,5.0,44100,bird,1.0
443,./kaggletest/yewgre1/,XC347627.ogg,76.66936507936508,0,25.0,5.0,44100,bird,1.0
444,./kaggletest/yewgre1/,XC347627.ogg,76.66936507936508,0,30.0,5.0,44100,bird,1.0
445,./kaggletest/yewgre1/,XC347627.ogg,76.66936507936508,0,40.0,5.0,44100,bird,1.0
446,./kaggletest/yewgre1/,XC347627.ogg,76.66936507936508,0,45.0,5.0,44100,bird,1.0
447,./kaggletest/yewgre1/,XC347627.ogg,76.66936507936508,0,55.0,5.0,44100,bird,1.0
448,./kaggletest/yewgre1/,XC347627.ogg,76.66936507936508,0,60.0,5.0,44100,bird,1.0
449,./kaggletest/yewgre1/,XC347627.ogg,76.66936507936508,0,65.0,5.0,44100,bird,1.0
450,./kaggletest/yewgre1/,XC347627.ogg,76.66936507936508,0,70.0,5.0,44100,bird,1.0
451,./kaggletest/yewgre1/,XC675466.ogg,7.08,0,0.0,5.0,44100,bird,1.0
452,./kaggletest/yewgre1/,XC325878.ogg,18.729773242630387,0,10.0,5.0,44100,bird,1.0
453,./kaggletest/yewgre1/,XC235869.ogg,30.04079365079365,0,5.0,5.0,44100,bird,1.0
454,./kaggletest/yewgre1/,XC235869.ogg,30.04079365079365,0,10.0,5.0,44100,bird,1.0
455,./kaggletest/yewgre1/,XC235869.ogg,30.04079365079365,0,15.0,5.0,44100,bird,1.0
456,./kaggletest/yewgre1/,XC235869.ogg,30.04079365079365,0,20.0,5.0,44100,bird,1.0
457,./kaggletest/yewgre1/,XC235869.ogg,30.04079365079365,0,25.0,5.0,44100,bird,1.0
458,./kaggletest/yewgre1/,XC530236.ogg,69.6,0,0.0,5.0,44100,bird,1.0
459,./kaggletest/yewgre1/,XC530236.ogg,69.6,0,15.0,5.0,44100,bird,1.0
460,./kaggletest/yewgre1/,XC530236.ogg,69.6,0,20.0,5.0,44100,bird,1.0
461,./kaggletest/yewgre1/,XC530236.ogg,69.6,0,25.0,5.0,44100,bird,1.0
462,./kaggletest/yewgre1/,XC530236.ogg,69.6,0,30.0,5.0,44100,bird,1.0
463,./kaggletest/yewgre1/,XC530236.ogg,69.6,0,35.0,5.0,44100,bird,1.0
464,./kaggletest/yewgre1/,XC530236.ogg,69.6,0,45.0,5.0,44100,bird,1.0
465,./kaggletest/yewgre1/,XC530236.ogg,69.6,0,55.0,5.0,44100,bird,1.0
466,./kaggletest/yewgre1/,XC530236.ogg,69.6,0,60.0,5.0,44100,bird,1.0
467,./kaggletest/yewgre1/,XC397563.ogg,27.062834467120183,0,0.0,5.0,44100,bird,1.0
468,./kaggletest/yewgre1/,XC397563.ogg,27.062834467120183,0,5.0,5.0,44100,bird,1.0
469,./kaggletest/yewgre1/,XC397563.ogg,27.062834467120183,0,10.0,5.0,44100,bird,1.0
470,./kaggletest/yewgre1/,XC397563.ogg,27.062834467120183,0,15.0,5.0,44100,bird,1.0
471,./kaggletest/yewgre1/,XC397563.ogg,27.062834467120183,0,20.0,5.0,44100,bird,1.0
472,./kaggletest/yewgre1/,XC700615.ogg,40.56814058956916,0,0.0,5.0,44100,bird,1.0
473,./kaggletest/yewgre1/,XC700615.ogg,40.56814058956916,0,5.0,5.0,44100,bird,1.0
474,./kaggletest/yewgre1/,XC700615.ogg,40.56814058956916,0,10.0,5.0,44100,bird,1.0
475,./kaggletest/yewgre1/,XC700615.ogg,40.56814058956916,0,15.0,5.0,44100,bird,1.0
476,./kaggletest/yewgre1/,XC700615.ogg,40.56814058956916,0,20.0,5.0,44100,bird,1.0
477,./kaggletest/yewgre1/,XC700615.ogg,40.56814058956916,0,25.0,5.0,44100,bird,1.0
478,./kaggletest/yewgre1/,XC700615.ogg,40.56814058956916,0,30.0,5.0,44100,bird,1.0
479,./kaggletest/yewgre1/,XC700615.ogg,40.56814058956916,0,35.0,5.0,44100,bird,1.0
480,./kaggletest/yewgre1/,XC309411.ogg,17.136303854875283,0,0.0,5.0,44100,bird,1.0
481,./kaggletest/yewgre1/,XC309411.ogg,17.136303854875283,0,10.0,5.0,44100,bird,1.0
482,./kaggletest/yewgre1/,XC703485.ogg,21.707732426303856,0,0.0,5.0,44100,bird,1.0
483,./kaggletest/yewgre1/,XC675467.ogg,30.48,0,0.0,5.0,44100,bird,1.0
484,./kaggletest/yewgre1/,XC675467.ogg,30.48,0,5.0,5.0,44100,bird,1.0
485,./kaggletest/yewgre1/,XC675467.ogg,30.48,0,10.0,5.0,44100,bird,1.0
486,./kaggletest/yewgre1/,XC675467.ogg,30.48,0,15.0,5.0,44100,bird,1.0
487,./kaggletest/yewgre1/,XC675467.ogg,30.48,0,20.0,5.0,44100,bird,1.0
488,./kaggletest/yewgre1/,XC675467.ogg,30.48,0,25.0,5.0,44100,bird,1.0
489,./kaggletest/yewgre1/,XC397165.ogg,24.973061224489797,0,0.0,5.0,44100,bird,1.0
490,./kaggletest/yewgre1/,XC397165.ogg,24.973061224489797,0,5.0,5.0,44100,bird,1.0
491,./kaggletest/yewgre1/,XC397165.ogg,24.973061224489797,0,10.0,5.0,44100,bird,1.0
492,./kaggletest/yewgre1/,XC397165.ogg,24.973061224489797,0,15.0,5.0,44100,bird,1.0
493,./kaggletest/yewgre1/,XC318287.ogg,53.76,0,0.0,5.0,44100,bird,1.0
494,./kaggletest/yewgre1/,XC318287.ogg,53.76,0,5.0,5.0,44100,bird,1.0
495,./kaggletest/yewgre1/,XC318287.ogg,53.76,0,10.0,5.0,44100,bird,1.0
496,./kaggletest/yewgre1/,XC318287.ogg,53.76,0,15.0,5.0,44100,bird,1.0
497,./kaggletest/yewgre1/,XC318287.ogg,53.76,0,20.0,5.0,44100,bird,1.0
498,./kaggletest/yewgre1/,XC318287.ogg,53.76,0,25.0,5.0,44100,bird,1.0
499,./kaggletest/yewgre1/,XC318287.ogg,53.76,0,30.0,5.0,44100,bird,1.0
500,./kaggletest/yewgre1/,XC318287.ogg,53.76,0,35.0,5.0,44100,bird,1.0
501,./kaggletest/yewgre1/,XC318287.ogg,53.76,0,40.0,5.0,44100,bird,1.0
502,./kaggletest/yewgre1/,XC318287.ogg,53.76,0,45.0,5.0,44100,bird,1.0
503,./kaggletest/yewgre1/,XC236966.ogg,72.17630385487529,0,0.0,5.0,44100,bird,1.0
504,./kaggletest/yewgre1/,XC236966.ogg,72.17630385487529,0,5.0,5.0,44100,bird,1.0
505,./kaggletest/yewgre1/,XC236966.ogg,72.17630385487529,0,10.0,5.0,44100,bird,1.0
506,./kaggletest/yewgre1/,XC236966.ogg,72.17630385487529,0,15.0,5.0,44100,bird,1.0
507,./kaggletest/yewgre1/,XC236966.ogg,72.17630385487529,0,20.0,5.0,44100,bird,1.0
508,./kaggletest/yewgre1/,XC236966.ogg,72.17630385487529,0,25.0,5.0,44100,bird,1.0
509,./kaggletest/yewgre1/,XC236966.ogg,72.17630385487529,0,35.0,5.0,44100,bird,1.0
510,./kaggletest/yewgre1/,XC236966.ogg,72.17630385487529,0,40.0,5.0,44100,bird,1.0
511,./kaggletest/yewgre1/,XC236966.ogg,72.17630385487529,0,45.0,5.0,44100,bird,1.0
512,./kaggletest/yewgre1/,XC236966.ogg,72.17630385487529,0,50.0,5.0,44100,bird,1.0
513,./kaggletest/yewgre1/,XC236966.ogg,72.17630385487529,0,55.0,5.0,44100,bird,1.0
514,./kaggletest/yewgre1/,XC236966.ogg,72.17630385487529,0,60.0,5.0,44100,bird,1.0
515,./kaggletest/yewgre1/,XC236966.ogg,72.17630385487529,0,65.0,5.0,44100,bird,1.0
516,./kaggletest/yewgre1/,XC397164.ogg,28.656303854875283,0,0.0,5.0,44100,bird,1.0
517,./kaggletest/yewgre1/,XC397164.ogg,28.656303854875283,0,5.0,5.0,44100,bird,1.0
518,./kaggletest/yewgre1/,XC397164.ogg,28.656303854875283,0,10.0,5.0,44100,bird,1.0
519,./kaggletest/yewgre1/,XC397164.ogg,28.656303854875283,0,15.0,5.0,44100,bird,1.0
520,./kaggletest/yewgre1/,XC397164.ogg,28.656303854875283,0,20.0,5.0,44100,bird,1.0
521,./kaggletest/yewgre1/,XC235944.ogg,44.17306122448979,0,0.0,5.0,44100,bird,1.0
522,./kaggletest/yewgre1/,XC235944.ogg,44.17306122448979,0,5.0,5.0,44100,bird,1.0
523,./kaggletest/yewgre1/,XC235944.ogg,44.17306122448979,0,10.0,5.0,44100,bird,1.0
524,./kaggletest/yewgre1/,XC235944.ogg,44.17306122448979,0,15.0,5.0,44100,bird,1.0
525,./kaggletest/yewgre1/,XC235944.ogg,44.17306122448979,0,20.0,5.0,44100,bird,1.0
526,./kaggletest/yewgre1/,XC235944.ogg,44.17306122448979,0,25.0,5.0,44100,bird,1.0
527,./kaggletest/yewgre1/,XC235944.ogg,44.17306122448979,0,30.0,5.0,44100,bird,1.0
528,./kaggletest/yewgre1/,XC235944.ogg,44.17306122448979,0,35.0,5.0,44100,bird,1.0
529,./kaggletest/yewgre1/,XC401892.ogg,33.828548752834465,0,0.0,5.0,44100,bird,1.0
530,./kaggletest/yewgre1/,XC401892.ogg,33.828548752834465,0,5.0,5.0,44100,bird,1.0
531,./kaggletest/yewgre1/,XC401892.ogg,33.828548752834465,0,10.0,5.0,44100,bird,1.0
532,./kaggletest/yewgre1/,XC401892.ogg,33.828548752834465,0,15.0,5.0,44100,bird,1.0
533,./kaggletest/yewgre1/,XC401892.ogg,33.828548752834465,0,20.0,5.0,44100,bird,1.0
534,./kaggletest/yewgre1/,XC401892.ogg,33.828548752834465,0,25.0,5.0,44100,bird,1.0
535,./kaggletest/yewgre1/,XC164153.ogg,8.015986394557823,0,0.0,5.0,44100,bird,1.0
536,./kaggletest/yewgre1/,XC293991.ogg,32.47020408163265,0,0.0,5.0,44100,bird,1.0
537,./kaggletest/yewgre1/,XC293991.ogg,32.47020408163265,0,5.0,5.0,44100,bird,1.0
538,./kaggletest/yewgre1/,XC293991.ogg,32.47020408163265,0,10.0,5.0,44100,bird,1.0
539,./kaggletest/yewgre1/,XC293991.ogg,32.47020408163265,0,15.0,5.0,44100,bird,1.0
540,./kaggletest/yewgre1/,XC293991.ogg,32.47020408163265,0,25.0,5.0,44100,bird,1.0
541,./kaggletest/yewgre1/,XC343780.ogg,6.373854875283446,0,0.0,5.0,44100,bird,1.0
542,./kaggletest/yewgre1/,XC400186.ogg,34.14201814058957,0,0.0,5.0,44100,bird,1.0
543,./kaggletest/yewgre1/,XC400186.ogg,34.14201814058957,0,5.0,5.0,44100,bird,1.0
544,./kaggletest/yewgre1/,XC400186.ogg,34.14201814058957,0,10.0,5.0,44100,bird,1.0
545,./kaggletest/yewgre1/,XC400186.ogg,34.14201814058957,0,15.0,5.0,44100,bird,1.0
546,./kaggletest/yewgre1/,XC400186.ogg,34.14201814058957,0,20.0,5.0,44100,bird,1.0
547,./kaggletest/yewgre1/,XC400186.ogg,34.14201814058957,0,25.0,5.0,44100,bird,1.0
548,./kaggletest/yewgre1/,XC476762.ogg,25.652244897959182,0,0.0,5.0,44100,bird,1.0
549,./kaggletest/yewgre1/,XC476762.ogg,25.652244897959182,0,5.0,5.0,44100,bird,1.0
550,./kaggletest/yewgre1/,XC476762.ogg,25.652244897959182,0,20.0,5.0,44100,bird,1.0
551,./kaggletest/yewgre1/,XC235945.ogg,28.63020408163265,0,0.0,5.0,44100,bird,1.0
552,./kaggletest/yewgre1/,XC235945.ogg,28.63020408163265,0,5.0,5.0,44100,bird,1.0
553,./kaggletest/yewgre1/,XC235945.ogg,28.63020408163265,0,10.0,5.0,44100,bird,1.0
554,./kaggletest/yewgre1/,XC235945.ogg,28.63020408163265,0,15.0,5.0,44100,bird,1.0
555,./kaggletest/yewgre1/,XC235945.ogg,28.63020408163265,0,20.0,5.0,44100,bird,1.0
556,./kaggletest/yewgre1/,XC235947.ogg,59.21959183673469,0,0.0,5.0,44100,bird,1.0
557,./kaggletest/yewgre1/,XC235947.ogg,59.21959183673469,0,5.0,5.0,44100,bird,1.0
558,./kaggletest/yewgre1/,XC235947.ogg,59.21959183673469,0,10.0,5.0,44100,bird,1.0
559,./kaggletest/yewgre1/,XC235947.ogg,59.21959183673469,0,15.0,5.0,44100,bird,1.0
560,./kaggletest/yewgre1/,XC235947.ogg,59.21959183673469,0,20.0,5.0,44100,bird,1.0
561,./kaggletest/yewgre1/,XC235947.ogg,59.21959183673469,0,25.0,5.0,44100,bird,1.0
562,./kaggletest/yewgre1/,XC235947.ogg,59.21959183673469,0,30.0,5.0,44100,bird,1.0
563,./kaggletest/yewgre1/,XC235947.ogg,59.21959183673469,0,35.0,5.0,44100,bird,1.0
564,./kaggletest/yewgre1/,XC235947.ogg,59.21959183673469,0,40.0,5.0,44100,bird,1.0
565,./kaggletest/yewgre1/,XC235947.ogg,59.21959183673469,0,45.0,5.0,44100,bird,1.0
566,./kaggletest/yewgre1/,XC235947.ogg,59.21959183673469,0,50.0,5.0,44100,bird,1.0
567,./kaggletest/yewgre1/,XC429112.ogg,16.169773242630384,0,0.0,5.0,44100,bird,1.0
568,./kaggletest/yewgre1/,XC429112.ogg,16.169773242630384,0,5.0,5.0,44100,bird,1.0
569,./kaggletest/yewgre1/,XC429112.ogg,16.169773242630384,0,10.0,5.0,44100,bird,1.0
570,./kaggletest/yewgre1/,XC126612.ogg,13.322426303854876,0,0.0,5.0,44100,bird,1.0
571,./kaggletest/yewgre1/,XC126612.ogg,13.322426303854876,0,5.0,5.0,44100,bird,1.0
572,./kaggletest/yewgre1/,XC400185.ogg,43.2065306122449,0,0.0,5.0,44100,bird,1.0
573,./kaggletest/yewgre1/,XC400185.ogg,43.2065306122449,0,5.0,5.0,44100,bird,1.0
574,./kaggletest/yewgre1/,XC400185.ogg,43.2065306122449,0,10.0,5.0,44100,bird,1.0
575,./kaggletest/yewgre1/,XC400185.ogg,43.2065306122449,0,15.0,5.0,44100,bird,1.0
576,./kaggletest/yewgre1/,XC400185.ogg,43.2065306122449,0,20.0,5.0,44100,bird,1.0
577,./kaggletest/yewgre1/,XC400185.ogg,43.2065306122449,0,25.0,5.0,44100,bird,1.0
578,./kaggletest/yewgre1/,XC400185.ogg,43.2065306122449,0,30.0,5.0,44100,bird,1.0
579,./kaggletest/yewgre1/,XC400185.ogg,43.2065306122449,0,35.0,5.0,44100,bird,1.0
580,./kaggletest/yewgre1/,XC641613.ogg,31.242426303854874,0,0.0,5.0,44100,bird,1.0
581,./kaggletest/yewgre1/,XC641613.ogg,31.242426303854874,0,5.0,5.0,44100,bird,1.0
582,./kaggletest/yewgre1/,XC641613.ogg,31.242426303854874,0,10.0,5.0,44100,bird,1.0
583,./kaggletest/yewgre1/,XC641613.ogg,31.242426303854874,0,15.0,5.0,44100,bird,1.0
584,./kaggletest/yewgre1/,XC641613.ogg,31.242426303854874,0,20.0,5.0,44100,bird,1.0
585,./kaggletest/yewgre1/,XC209729.ogg,30.07199546485261,0,0.0,5.0,44100,bird,1.0
586,./kaggletest/yewgre1/,XC209729.ogg,30.07199546485261,0,20.0,5.0,44100,bird,1.0
587,./kaggletest/yewgre1/,XC235946.ogg,32.235079365079365,0,0.0,5.0,44100,bird,1.0
588,./kaggletest/yewgre1/,XC235946.ogg,32.235079365079365,0,5.0,5.0,44100,bird,1.0
589,./kaggletest/yewgre1/,XC235946.ogg,32.235079365079365,0,10.0,5.0,44100,bird,1.0
590,./kaggletest/yewgre1/,XC235946.ogg,32.235079365079365,0,15.0,5.0,44100,bird,1.0
591,./kaggletest/yewgre1/,XC235946.ogg,32.235079365079365,0,20.0,5.0,44100,bird,1.0
592,./kaggletest/yewgre1/,XC235946.ogg,32.235079365079365,0,25.0,5.0,44100,bird,1.0
593,./kaggletest/yewgre1/,XC371862.ogg,120.05798185941043,0,0.0,5.0,44100,bird,1.0
594,./kaggletest/yewgre1/,XC371862.ogg,120.05798185941043,0,5.0,5.0,44100,bird,1.0
595,./kaggletest/yewgre1/,XC371862.ogg,120.05798185941043,0,15.0,5.0,44100,bird,1.0
596,./kaggletest/yewgre1/,XC371862.ogg,120.05798185941043,0,20.0,5.0,44100,bird,1.0
597,./kaggletest/yewgre1/,XC371862.ogg,120.05798185941043,0,25.0,5.0,44100,bird,1.0
598,./kaggletest/yewgre1/,XC371862.ogg,120.05798185941043,0,30.0,5.0,44100,bird,1.0
599,./kaggletest/yewgre1/,XC371862.ogg,120.05798185941043,0,35.0,5.0,44100,bird,1.0
600,./kaggletest/yewgre1/,XC371862.ogg,120.05798185941043,0,40.0,5.0,44100,bird,1.0
601,./kaggletest/yewgre1/,XC371862.ogg,120.05798185941043,0,55.0,5.0,44100,bird,1.0
602,./kaggletest/yewgre1/,XC371862.ogg,120.05798185941043,0,60.0,5.0,44100,bird,1.0
603,./kaggletest/yewgre1/,XC371862.ogg,120.05798185941043,0,75.0,5.0,44100,bird,1.0
604,./kaggletest/yewgre1/,XC371862.ogg,120.05798185941043,0,90.0,5.0,44100,bird,1.0
605,./kaggletest/yewgre1/,XC371862.ogg,120.05798185941043,0,95.0,5.0,44100,bird,1.0
606,./kaggletest/yewgre1/,XC371862.ogg,120.05798185941043,0,105.0,5.0,44100,bird,1.0
607,./kaggletest/yewgre1/,XC371862.ogg,120.05798185941043,0,110.0,5.0,44100,bird,1.0
608,./kaggletest/yewgre1/,XC371862.ogg,120.05798185941043,0,115.0,5.0,44100,bird,1.0
609,./kaggletest/yewgre1/,XC113256.ogg,30.850022675736962,0,0.0,5.0,44100,bird,1.0
610,./kaggletest/yewgre1/,XC113256.ogg,30.850022675736962,0,5.0,5.0,44100,bird,1.0
611,./kaggletest/yewgre1/,XC113256.ogg,30.850022675736962,0,10.0,5.0,44100,bird,1.0
612,./kaggletest/yewgre1/,XC113256.ogg,30.850022675736962,0,15.0,5.0,44100,bird,1.0
613,./kaggletest/yewgre1/,XC113256.ogg,30.850022675736962,0,20.0,5.0,44100,bird,1.0
614,./kaggletest/yewgre1/,XC113256.ogg,30.850022675736962,0,25.0,5.0,44100,bird,1.0
615,./kaggletest/yewgre1/,XC397065.ogg,13.139591836734693,0,0.0,5.0,44100,bird,1.0
616,./kaggletest/yewgre1/,XC397065.ogg,13.139591836734693,0,5.0,5.0,44100,bird,1.0
617,./kaggletest/yewgre1/,XC240503.ogg,69.95589569160998,0,0.0,5.0,44100,bird,1.0
618,./kaggletest/yewgre1/,XC240503.ogg,69.95589569160998,0,5.0,5.0,44100,bird,1.0
619,./kaggletest/yewgre1/,XC240503.ogg,69.95589569160998,0,10.0,5.0,44100,bird,1.0
620,./kaggletest/yewgre1/,XC240503.ogg,69.95589569160998,0,20.0,5.0,44100,bird,1.0
621,./kaggletest/yewgre1/,XC240503.ogg,69.95589569160998,0,25.0,5.0,44100,bird,1.0
622,./kaggletest/yewgre1/,XC240503.ogg,69.95589569160998,0,30.0,5.0,44100,bird,1.0
623,./kaggletest/yewgre1/,XC240503.ogg,69.95589569160998,0,35.0,5.0,44100,bird,1.0
624,./kaggletest/yewgre1/,XC240503.ogg,69.95589569160998,0,55.0,5.0,44100,bird,1.0
625,./kaggletest/yewgre1/,XC240503.ogg,69.95589569160998,0,60.0,5.0,44100,bird,1.0
626,./kaggletest/yewgre1/,XC263443.ogg,8.124081632653061,0,0.0,5.0,44100,bird,1.0
627,./kaggletest/yewgre1/,XC236324.ogg,66.69061224489796,0,0.0,5.0,44100,bird,1.0
628,./kaggletest/yewgre1/,XC236324.ogg,66.69061224489796,0,5.0,5.0,44100,bird,1.0
629,./kaggletest/yewgre1/,XC236324.ogg,66.69061224489796,0,15.0,5.0,44100,bird,1.0
630,./kaggletest/yewgre1/,XC236324.ogg,66.69061224489796,0,20.0,5.0,44100,bird,1.0
631,./kaggletest/yewgre1/,XC236324.ogg,66.69061224489796,0,25.0,5.0,44100,bird,1.0
632,./kaggletest/yewgre1/,XC236324.ogg,66.69061224489796,0,30.0,5.0,44100,bird,1.0
633,./kaggletest/yewgre1/,XC236324.ogg,66.69061224489796,0,35.0,5.0,44100,bird,1.0
634,./kaggletest/yewgre1/,XC236324.ogg,66.69061224489796,0,45.0,5.0,44100,bird,1.0
635,./kaggletest/yewgre1/,XC236324.ogg,66.69061224489796,0,50.0,5.0,44100,bird,1.0
636,./kaggletest/yewgre1/,XC236324.ogg,66.69061224489796,0,55.0,5.0,44100,bird,1.0
637,./kaggletest/yewgre1/,XC236324.ogg,66.69061224489796,0,60.0,5.0,44100,bird,1.0
638,./kaggletest/yewgre1/,XC240502.ogg,80.79673469387755,0,0.0,5.0,44100,bird,1.0
639,./kaggletest/yewgre1/,XC240502.ogg,80.79673469387755,0,10.0,5.0,44100,bird,1.0
640,./kaggletest/yewgre1/,XC240502.ogg,80.79673469387755,0,15.0,5.0,44100,bird,1.0
641,./kaggletest/yewgre1/,XC240502.ogg,80.79673469387755,0,20.0,5.0,44100,bird,1.0
642,./kaggletest/yewgre1/,XC240502.ogg,80.79673469387755,0,25.0,5.0,44100,bird,1.0
643,./kaggletest/yewgre1/,XC240502.ogg,80.79673469387755,0,30.0,5.0,44100,bird,1.0
644,./kaggletest/yewgre1/,XC240502.ogg,80.79673469387755,0,35.0,5.0,44100,bird,1.0
645,./kaggletest/yewgre1/,XC240502.ogg,80.79673469387755,0,40.0,5.0,44100,bird,1.0
646,./kaggletest/yewgre1/,XC240502.ogg,80.79673469387755,0,45.0,5.0,44100,bird,1.0
647,./kaggletest/yewgre1/,XC240502.ogg,80.79673469387755,0,55.0,5.0,44100,bird,1.0
648,./kaggletest/yewgre1/,XC240502.ogg,80.79673469387755,0,75.0,5.0,44100,bird,1.0
649,./kaggletest/yewgre1/,XC514644.ogg,80.27399092970522,0,0.0,5.0,44100,bird,1.0
650,./kaggletest/yewgre1/,XC514644.ogg,80.27399092970522,0,5.0,5.0,44100,bird,1.0
651,./kaggletest/yewgre1/,XC514644.ogg,80.27399092970522,0,10.0,5.0,44100,bird,1.0
652,./kaggletest/yewgre1/,XC514644.ogg,80.27399092970522,0,15.0,5.0,44100,bird,1.0
653,./kaggletest/yewgre1/,XC514644.ogg,80.27399092970522,0,25.0,5.0,44100,bird,1.0
654,./kaggletest/yewgre1/,XC514644.ogg,80.27399092970522,0,35.0,5.0,44100,bird,1.0
655,./kaggletest/yewgre1/,XC514644.ogg,80.27399092970522,0,40.0,5.0,44100,bird,1.0
656,./kaggletest/yewgre1/,XC514644.ogg,80.27399092970522,0,45.0,5.0,44100,bird,1.0
657,./kaggletest/yewgre1/,XC514644.ogg,80.27399092970522,0,50.0,5.0,44100,bird,1.0
658,./kaggletest/yewgre1/,XC514644.ogg,80.27399092970522,0,60.0,5.0,44100,bird,1.0
659,./kaggletest/yewgre1/,XC514644.ogg,80.27399092970522,0,65.0,5.0,44100,bird,1.0
660,./kaggletest/yewgre1/,XC514644.ogg,80.27399092970522,0,70.0,5.0,44100,bird,1.0
661,./kaggletest/yewgre1/,XC514644.ogg,80.27399092970522,0,75.0,5.0,44100,bird,1.0
662,./kaggletest/yewgre1/,XC301602.ogg,15.56798185941043,0,0.0,5.0,44100,bird,1.0
663,./kaggletest/yewgre1/,XC301602.ogg,15.56798185941043,0,5.0,5.0,44100,bird,1.0
664,./kaggletest/yewgre1/,XC301602.ogg,15.56798185941043,0,10.0,5.0,44100,bird,1.0
665,./kaggletest/yewgre1/,XC397066.ogg,19.33061224489796,0,0.0,5.0,44100,bird,1.0
666,./kaggletest/yewgre1/,XC397066.ogg,19.33061224489796,0,5.0,5.0,44100,bird,1.0
667,./kaggletest/yewgre1/,XC397066.ogg,19.33061224489796,0,10.0,5.0,44100,bird,1.0
668,./kaggletest/yewgre1/,XC236870.ogg,21.995079365079366,0,0.0,5.0,44100,bird,1.0
669,./kaggletest/yewgre1/,XC236870.ogg,21.995079365079366,0,5.0,5.0,44100,bird,1.0
670,./kaggletest/yewgre1/,XC236870.ogg,21.995079365079366,0,10.0,5.0,44100,bird,1.0
671,./kaggletest/yewgre1/,XC236870.ogg,21.995079365079366,0,15.0,5.0,44100,bird,1.0
672,./kaggletest/yewgre1/,XC506518.ogg,28.969773242630385,0,5.0,5.0,44100,bird,1.0
673,./kaggletest/yewgre1/,XC506518.ogg,28.969773242630385,0,10.0,5.0,44100,bird,1.0
674,./kaggletest/yewgre1/,XC506518.ogg,28.969773242630385,0,15.0,5.0,44100,bird,1.0
675,./kaggletest/yewgre1/,XC506518.ogg,28.969773242630385,0,20.0,5.0,44100,bird,1.0
676,./kaggletest/yewgre1/,XC344996.ogg,28.47344671201814,0,0.0,5.0,44100,bird,1.0
677,./kaggletest/yewgre1/,XC344996.ogg,28.47344671201814,0,5.0,5.0,44100,bird,1.0
678,./kaggletest/yewgre1/,XC344996.ogg,28.47344671201814,0,10.0,5.0,44100,bird,1.0
679,./kaggletest/yewgre1/,XC344996.ogg,28.47344671201814,0,15.0,5.0,44100,bird,1.0
680,./kaggletest/yewgre1/,XC344996.ogg,28.47344671201814,0,20.0,5.0,44100,bird,1.0
681,./kaggletest/yewgre1/,XC396379.ogg,38.321609977324265,0,0.0,5.0,44100,bird,1.0
682,./kaggletest/yewgre1/,XC396379.ogg,38.321609977324265,0,5.0,5.0,44100,bird,1.0
683,./kaggletest/yewgre1/,XC396379.ogg,38.321609977324265,0,10.0,5.0,44100,bird,1.0
684,./kaggletest/yewgre1/,XC396379.ogg,38.321609977324265,0,15.0,5.0,44100,bird,1.0
685,./kaggletest/yewgre1/,XC396379.ogg,38.321609977324265,0,20.0,5.0,44100,bird,1.0
686,./kaggletest/yewgre1/,XC396379.ogg,38.321609977324265,0,25.0,5.0,44100,bird,1.0
687,./kaggletest/yewgre1/,XC396379.ogg,38.321609977324265,0,30.0,5.0,44100,bird,1.0
688,./kaggletest/yewgre1/,XC236865.ogg,34.06367346938776,0,0.0,5.0,44100,bird,1.0
689,./kaggletest/yewgre1/,XC236865.ogg,34.06367346938776,0,5.0,5.0,44100,bird,1.0
690,./kaggletest/yewgre1/,XC236865.ogg,34.06367346938776,0,10.0,5.0,44100,bird,1.0
691,./kaggletest/yewgre1/,XC236865.ogg,34.06367346938776,0,25.0,5.0,44100,bird,1.0
692,./kaggletest/yewgre1/,XC126589.ogg,18.599183673469387,0,0.0,5.0,44100,bird,1.0
693,./kaggletest/yewgre1/,XC126589.ogg,18.599183673469387,0,5.0,5.0,44100,bird,1.0
694,./kaggletest/yewgre1/,XC126589.ogg,18.599183673469387,0,10.0,5.0,44100,bird,1.0
695,./kaggletest/yewgre1/,XC301603.ogg,112.61299319727891,0,0.0,5.0,44100,bird,1.0
696,./kaggletest/yewgre1/,XC301603.ogg,112.61299319727891,0,5.0,5.0,44100,bird,1.0
697,./kaggletest/yewgre1/,XC301603.ogg,112.61299319727891,0,10.0,5.0,44100,bird,1.0
698,./kaggletest/yewgre1/,XC301603.ogg,112.61299319727891,0,15.0,5.0,44100,bird,1.0
699,./kaggletest/yewgre1/,XC301603.ogg,112.61299319727891,0,20.0,5.0,44100,bird,1.0
700,./kaggletest/yewgre1/,XC301603.ogg,112.61299319727891,0,25.0,5.0,44100,bird,1.0
701,./kaggletest/yewgre1/,XC301603.ogg,112.61299319727891,0,30.0,5.0,44100,bird,1.0
702,./kaggletest/yewgre1/,XC301603.ogg,112.61299319727891,0,35.0,5.0,44100,bird,1.0
703,./kaggletest/yewgre1/,XC301603.ogg,112.61299319727891,0,40.0,5.0,44100,bird,1.0
704,./kaggletest/yewgre1/,XC301603.ogg,112.61299319727891,0,45.0,5.0,44100,bird,1.0
705,./kaggletest/yewgre1/,XC301603.ogg,112.61299319727891,0,50.0,5.0,44100,bird,1.0
706,./kaggletest/yewgre1/,XC301603.ogg,112.61299319727891,0,55.0,5.0,44100,bird,1.0
707,./kaggletest/yewgre1/,XC301603.ogg,112.61299319727891,0,60.0,5.0,44100,bird,1.0
708,./kaggletest/yewgre1/,XC301603.ogg,112.61299319727891,0,65.0,5.0,44100,bird,1.0
709,./kaggletest/yewgre1/,XC301603.ogg,112.61299319727891,0,75.0,5.0,44100,bird,1.0
710,./kaggletest/yewgre1/,XC301603.ogg,112.61299319727891,0,80.0,5.0,44100,bird,1.0
711,./kaggletest/yewgre1/,XC301603.ogg,112.61299319727891,0,85.0,5.0,44100,bird,1.0
712,./kaggletest/yewgre1/,XC301603.ogg,112.61299319727891,0,90.0,5.0,44100,bird,1.0
713,./kaggletest/yewgre1/,XC301603.ogg,112.61299319727891,0,95.0,5.0,44100,bird,1.0
714,./kaggletest/yewgre1/,XC301603.ogg,112.61299319727891,0,100.0,5.0,44100,bird,1.0
715,./kaggletest/yewgre1/,XC301603.ogg,112.61299319727891,0,105.0,5.0,44100,bird,1.0
